wall_ms,stamp_sec,event,lidar_hz,imu_hz,odom_hz,lidar_points,lidar_scan_ms,imu_dt_sec,imu_max_gap_sec,imu_acc_norm,imu_gyro_norm_dps,odom_x,odom_y,odom_z,odom_yaw_deg,odom_dt_sec,odom_step_xy,odom_speed_mps,odom_yaw_rate_dps,relative_x,relative_y,relative_yaw_deg,relative_dist,localization_valid,cause
946686404335,946686401.981914997,odom,,,,,,,,,,0.007423,0.013058,0.004936,0.031068,0.000000,0.000000,0.000000,0.000000,0.000000,0.000000,0.000000,0.000000,0,lidar missing
946686404401,946686403.481869698,odom,,,,,,,,,,0.005509,0.008526,0.004222,0.024026,1.499955,0.004920,0.003280,0.004694,-0.000000,0.000000,0.000000,0.000000,0,lidar missing
946686404463,946686403.581927419,odom,,,,,,,,,,0.006214,0.012137,0.004148,0.024557,0.100058,0.003680,0.036776,0.005307,0.001916,-0.004531,-0.007041,0.004920,0,relative pose invalid or blocked
946686404515,946686403.681976795,odom,,,,,,,,,,0.006091,0.013366,0.005170,0.018638,0.100049,0.001235,0.012346,0.059162,0.001210,-0.000920,-0.006510,0.001520,0,relative pose invalid or blocked
946686404565,946686403.782033920,odom,,,,,,,,,,0.004554,0.012074,0.005639,0.027768,0.100057,0.002007,0.020062,0.091245,0.001332,0.000309,-0.012430,0.001368,0,relative pose invalid or blocked
946686404677,946686403.881998539,odom,,,,,,,,,,0.006974,0.010024,0.006400,0.002633,0.099965,0.003171,0.031725,0.251442,0.002869,-0.000982,-0.003300,0.003033,0,relative pose invalid or blocked
946686404774,946686403.981981516,odom,,,,,,,,,,0.006757,0.010301,0.003663,0.022715,0.099983,0.000352,0.003521,0.200858,0.000451,-0.003034,-0.028435,0.003067,0,relative pose invalid or blocked
946686404821,946686404.080990791,odom,,,,,,,,,,0.008415,0.009756,0.003161,0.015160,0.099009,0.001746,0.017632,0.076309,0.000668,-0.002757,-0.008353,0.002837,0,relative pose invalid or blocked
946686404877,946686404.186870813,odom,,,,,,,,,,0.010218,0.011597,0.005393,0.004293,0.105880,0.002577,0.024340,0.102627,-0.000990,-0.003303,-0.015908,0.003448,0,relative pose invalid or blocked
946686404899,946686404.281921506,odom,,,,,,,,,,0.017715,0.015239,0.006288,0.220950,0.095051,0.008335,0.087689,2.279379,-0.002794,-0.001462,-0.026774,0.003154,0,relative pose invalid or blocked
946686404975,946686404.382883787,odom,,,,,,,,,,0.011505,0.014139,0.007013,0.021639,0.100962,0.006307,0.062466,1.974119,-0.010293,0.002176,0.189882,0.010521,0,relative pose invalid or blocked
946686405028,946686404.481920481,odom,,,,,,,,,,0.009084,0.013835,0.006267,0.049005,0.099037,0.002440,0.024641,0.276328,-0.004083,0.001079,-0.009429,0.004223,0,relative pose invalid or blocked
946686405084,946686404.582025170,odom,,,,,,,,,,0.008498,0.014678,0.004393,0.016774,0.100105,0.001026,0.010254,0.321975,-0.001661,0.000776,0.017938,0.001834,0,relative pose invalid or blocked
946686405141,946686404.681871653,odom,,,,,,,,,,0.008876,0.011784,0.003124,0.043812,0.099846,0.002919,0.029234,0.270800,-0.001076,0.001620,-0.014294,0.001944,0,relative pose invalid or blocked
946686405197,946686404.782035351,odom,,,,,,,,,,0.008503,0.013376,0.004914,0.043035,0.100164,0.001635,0.016326,0.007766,-0.001452,-0.001275,0.012745,0.001932,0,relative pose invalid or blocked
946686405259,946686404.882050514,odom,,,,,,,,,,0.008538,0.012415,0.005553,0.024671,0.100015,0.000962,0.009619,0.183612,-0.001080,0.000317,0.011967,0.001126,0,relative pose invalid or blocked
946686405318,946686404.981943965,odom,,,,,,,,,,0.011123,0.010356,0.005941,-0.004766,0.099893,0.003305,0.033083,0.294681,-0.001114,-0.000644,-0.006397,0.001287,0,relative pose invalid or blocked
946686405334,0.000000000,summary,9.188,189.277,15.620,19680,100.467,0.006,0.012,1.003,0.814,0.011123,0.010356,0.005941,-0.004766,0,0.008335,0.087689,2.279379,-0.003698,-0.002705,-0.035834,0.004582,0,relative pose invalid or blocked
946686405370,946686405.081908464,odom,,,,,,,,,,0.010150,0.010861,0.004507,0.018104,0.099964,0.001097,0.010972,0.228782,-0.003698,-0.002705,-0.035834,0.004582,0,relative pose invalid or blocked
946686405429,946686405.181981564,odom,,,,,,,,,,0.010407,0.012373,0.004295,0.023174,0.100073,0.001533,0.015322,0.050658,-0.002725,-0.002198,-0.012964,0.003501,0,relative pose invalid or blocked
946686405486,946686405.281912684,odom,,,,,,,,,,0.011103,0.014168,0.004071,0.029010,0.099931,0.001925,0.019267,0.058408,-0.002984,-0.000687,-0.007894,0.003062,0,relative pose invalid or blocked
946686405542,946686405.381980062,odom,,,,,,,,,,0.010087,0.013517,0.004104,0.023854,0.100067,0.001207,0.012059,0.051526,-0.003680,0.001108,-0.002057,0.003844,0,relative pose invalid or blocked
946686405597,946686405.482071042,odom,,,,,,,,,,0.011232,0.014489,0.003799,0.030726,0.100091,0.001502,0.015005,0.068650,-0.002664,0.000457,-0.007213,0.002703,0,relative pose invalid or blocked
946686405653,946686405.581928968,odom,,,,,,,,,,0.009767,0.015326,0.005666,0.037145,0.099858,0.001686,0.016887,0.064288,-0.003809,0.001429,-0.000342,0.004069,0,relative pose invalid or blocked
946686405754,946686405.681856990,odom,,,,,,,,,,0.010430,0.013908,0.004129,0.024732,0.099928,0.001565,0.015657,0.124221,-0.002346,0.002266,0.006078,0.003262,0,relative pose invalid or blocked
946686405871,946686405.782013416,odom,,,,,,,,,,0.012791,0.013102,0.005688,0.010658,0.100156,0.002496,0.024916,0.140517,-0.003007,0.000849,-0.006336,0.003125,0,relative pose invalid or blocked
946686405958,946686405.881748080,odom,,,,,,,,,,0.009939,0.012563,0.006254,0.033107,0.099735,0.002902,0.029102,0.225082,-0.005369,0.000041,-0.020409,0.005369,0,relative pose invalid or blocked
946686406057,946686405.981901169,odom,,,,,,,,,,0.010751,0.013470,0.006614,0.023218,0.100153,0.001217,0.012152,0.098736,-0.002516,-0.000496,0.002039,0.002565,0,relative pose invalid or blocked
946686406156,946686406.081178665,odom,,,,,,,,,,0.010050,0.013655,0.005973,0.060869,0.099277,0.000724,0.007297,0.379252,-0.003328,0.000411,-0.007849,0.003353,0,relative pose invalid or blocked
946686406269,946686406.182047844,odom,,,,,,,,,,0.010571,0.013573,0.004306,0.032344,0.100869,0.000527,0.005228,0.282795,-0.002627,0.000596,0.029802,0.002694,0,relative pose invalid or blocked
946686406334,0.000000000,summary,10.003,200.062,12.004,19872,99.281,0.006,0.006,0.997,0.739,0.010571,0.013573,0.004306,0.032344,0,0.002902,0.029102,0.379252,-0.003148,0.000514,0.001276,0.003190,0,relative pose invalid or blocked
946686406357,946686406.281898975,odom,,,,,,,,,,0.010577,0.012452,0.003542,0.027369,0.099851,0.001121,0.011227,0.049826,-0.003148,0.000514,0.001276,0.003190,0,relative pose invalid or blocked
946686406455,946686406.381925106,odom,,,,,,,,,,0.010470,0.011514,0.002122,0.006772,0.100026,0.000945,0.009444,0.205916,-0.003153,-0.000607,-0.003699,0.003211,1,OK
946686406558,946686406.481954455,odom,,,,,,,,,,0.010926,0.011700,0.002555,0.033359,0.100029,0.000493,0.004926,0.265792,-0.003046,-0.001546,-0.024296,0.003416,1,OK
946686406666,946686406.581863880,odom,,,,,,,,,,0.013040,0.012166,0.003835,0.043561,0.099909,0.002165,0.021671,0.102112,-0.003502,-0.001360,0.002291,0.003757,1,OK
946686406773,946686406.682027221,odom,,,,,,,,,,0.011931,0.013640,0.005134,0.005147,0.100163,0.001844,0.018413,0.383510,-0.005617,-0.000895,0.012493,0.005687,1,OK
946686406859,946686406.781942725,odom,,,,,,,,,,0.012020,0.013292,0.006079,-0.031412,0.099916,0.000359,0.003596,0.365906,-0.004508,0.000579,-0.025920,0.004545,1,OK
946686406956,946686406.882023811,odom,,,,,,,,,,0.011639,0.013985,0.004805,0.025476,0.100081,0.000791,0.007900,0.568427,-0.004597,0.000231,-0.062480,0.004603,1,OK
946686407061,946686406.981727004,odom,,,,,,,,,,0.010399,0.014109,0.005032,0.008389,0.099703,0.001246,0.012496,0.171379,-0.004216,0.000924,-0.005591,0.004317,1,OK
946686407160,946686407.081965804,odom,,,,,,,,,,0.009943,0.014038,0.004479,0.037512,0.100239,0.000462,0.004606,0.290529,-0.002977,0.001049,-0.022678,0.003156,1,OK
946686407257,946686407.182055593,odom,,,,,,,,,,0.009760,0.014646,0.003362,0.049917,0.100090,0.000635,0.006344,0.123939,-0.002521,0.000979,0.006444,0.002704,1,OK
946686407334,0.000000000,summary,10.006,200.118,10.006,19968,100.235,0.006,0.006,1.007,0.663,0.009760,0.014646,0.003362,0.049917,0,0.002165,0.021671,0.568427,-0.002338,0.001587,0.018849,0.002826,1,OK
946686407363,946686407.282036781,odom,,,,,,,,,,0.010181,0.015074,0.004361,0.026273,0.099981,0.000600,0.006000,0.236479,-0.002338,0.001587,0.018849,0.002826,1,OK
946686407458,946686407.382900715,odom,,,,,,,,,,0.010401,0.013305,0.003399,0.022929,0.100864,0.001782,0.017666,0.033153,-0.002759,0.002014,-0.004794,0.003416,1,OK
946686407561,946686407.481891990,odom,,,,,,,,,,0.010473,0.012892,0.003523,0.047224,0.098991,0.000420,0.004239,0.245421,-0.002978,0.000246,-0.008138,0.002988,1,OK
946686407661,946686407.581987619,odom,,,,,,,,,,0.011186,0.012638,0.003725,0.032084,0.100096,0.000757,0.007566,0.151250,-0.003050,-0.000168,0.016156,0.003054,1,OK
946686407762,946686407.681926727,odom,,,,,,,,,,0.012028,0.014189,0.002994,0.023143,0.099939,0.001764,0.017653,0.089463,-0.003763,-0.000422,0.001017,0.003787,1,OK
946686407862,946686407.781792283,odom,,,,,,,,,,0.011507,0.012142,0.003066,0.001871,0.099866,0.002112,0.021153,0.213014,-0.004605,0.001129,-0.007924,0.004742,1,OK
946686407965,946686407.881998062,odom,,,,,,,,,,0.012215,0.012157,0.003530,0.014015,0.100206,0.000708,0.007067,0.121196,-0.004084,-0.000918,-0.029197,0.004186,1,OK
946686408065,946686407.981872439,odom,,,,,,,,,,0.012654,0.012267,0.003401,-0.003467,0.099874,0.000453,0.004531,0.175038,-0.004792,-0.000904,-0.017052,0.004876,1,OK
946686408162,946686408.082062960,odom,,,,,,,,,,0.013296,0.012593,0.004291,-0.008795,0.100191,0.000720,0.007190,0.053187,-0.005231,-0.000794,-0.034534,0.005291,1,OK
946686408267,946686408.181983948,odom,,,,,,,,,,0.013151,0.013046,0.003400,0.034160,0.099921,0.000476,0.004765,0.429894,-0.005873,-0.000468,-0.039863,0.005892,1,OK
946686408333,0.000000000,summary,10.011,200.214,10.011,19968,100.216,0.006,0.006,1.000,0.570,0.013151,0.013046,0.003400,0.034160,0,0.002112,0.021153,0.429894,-0.005728,-0.000015,0.003092,0.005728,1,OK
946686408362,946686408.281956792,odom,,,,,,,,,,0.011790,0.014190,0.003352,0.011647,0.099973,0.001777,0.017776,0.225196,-0.005728,-0.000015,0.003092,0.005728,1,OK
946686408465,946686408.381906033,odom,,,,,,,,,,0.011442,0.015212,0.004381,0.044012,0.099949,0.001080,0.010804,0.323824,-0.004368,0.001129,-0.019421,0.004512,1,OK
946686408562,946686408.481968284,odom,,,,,,,,,,0.011885,0.015495,0.006511,0.053239,0.100062,0.000525,0.005248,0.092210,-0.004021,0.002152,0.012945,0.004560,1,OK
946686408663,946686408.581822991,odom,,,,,,,,,,0.011636,0.015071,0.006676,0.036829,0.099855,0.000492,0.004922,0.164339,-0.004463,0.002435,0.022172,0.005084,1,OK
946686408765,946686408.681798577,odom,,,,,,,,,,0.011950,0.015357,0.006532,0.000787,0.099976,0.000424,0.004242,0.360506,-0.004215,0.002011,0.005762,0.004670,1,OK
946686408868,946686408.781740665,odom,,,,,,,,,,0.012279,0.016233,0.005219,0.059070,0.099942,0.000936,0.009368,0.583160,-0.004528,0.002296,-0.030280,0.005077,1,OK
946686408973,946686408.882005811,odom,,,,,,,,,,0.012445,0.015777,0.004917,0.015032,0.100265,0.000485,0.004841,0.439209,-0.004858,0.003173,0.028002,0.005802,1,OK
946686409062,946686408.982041240,odom,,,,,,,,,,0.013739,0.014546,0.003598,0.008923,0.100035,0.001786,0.017854,0.061069,-0.005023,0.002716,-0.016035,0.005711,1,OK
946686409162,946686409.081977844,odom,,,,,,,,,,0.014850,0.014681,0.002972,0.027283,0.099937,0.001119,0.011196,0.183712,-0.006317,0.001485,-0.022144,0.006489,1,OK
946686409260,946686409.181963086,odom,,,,,,,,,,0.013260,0.014869,0.003624,0.010439,0.099985,0.001601,0.016015,0.168461,-0.007428,0.001619,-0.003785,0.007602,1,OK
946686409333,0.000000000,summary,10.004,200.083,10.004,20064,100.331,0.006,0.006,1.008,0.663,0.013260,0.014869,0.003624,0.010439,0,0.001786,0.017854,0.583160,-0.005838,0.001807,-0.020628,0.006111,1,OK
946686409365,946686409.282053590,odom,,,,,,,,,,0.011817,0.014908,0.003003,0.015717,0.100091,0.001443,0.014421,0.052731,-0.005838,0.001807,-0.020628,0.006111,1,OK
946686409470,946686409.381728530,odom,,,,,,,,,,0.013495,0.013805,0.003458,-0.001834,0.099675,0.002008,0.020146,0.176082,-0.004395,0.001848,-0.015351,0.004767,1,OK
946686409570,946686409.481972575,odom,,,,,,,,,,0.013555,0.013000,0.002062,0.021527,0.100244,0.000808,0.008058,0.233040,-0.006072,0.000744,-0.032902,0.006117,1,OK
946686409664,946686409.581957817,odom,,,,,,,,,,0.011948,0.012973,0.002856,0.033280,0.099985,0.001607,0.016074,0.117542,-0.006132,-0.000062,-0.009541,0.006132,1,OK
946686409765,946686409.681942225,odom,,,,,,,,,,0.010131,0.014210,0.004351,0.039971,0.099984,0.002197,0.021977,0.066928,-0.004525,-0.000088,0.002212,0.004525,1,OK
946686409866,946686409.781889319,odom,,,,,,,,,,0.011024,0.014246,0.003563,0.009807,0.099947,0.000893,0.008938,0.301807,-0.002709,0.001150,0.008904,0.002943,1,OK
946686409961,946686409.881843686,odom,,,,,,,,,,0.012971,0.013637,0.002598,0.025213,0.099954,0.002040,0.020411,0.154131,-0.003601,0.001186,-0.021261,0.003792,1,OK
946686410065,946686409.981997371,odom,,,,,,,,,,0.014094,0.013113,0.005194,-0.006602,0.100154,0.001240,0.012376,0.317663,-0.005548,0.000576,-0.005855,0.005578,1,OK
946686410163,946686410.081964016,odom,,,,,,,,,,0.013178,0.013332,0.005899,0.007330,0.099967,0.000942,0.009423,0.139372,-0.006671,0.000051,-0.037670,0.006671,1,OK
946686410265,946686410.181955338,odom,,,,,,,,,,0.013365,0.012566,0.005345,0.019224,0.099991,0.000788,0.007883,0.118951,-0.005755,0.000270,-0.023738,0.005761,1,OK
946686410333,0.000000000,summary,10.003,200.064,10.003,20064,100.269,0.006,0.006,0.992,0.645,0.013365,0.012566,0.005345,0.019224,0,0.002197,0.021977,0.317663,-0.005942,-0.000495,-0.011843,0.005963,1,OK
946686410367,946686410.281983852,odom,,,,,,,,,,0.011860,0.012178,0.004860,0.030075,0.100029,0.001555,0.015543,0.108476,-0.005942,-0.000495,-0.011843,0.005963,1,OK
946686410470,946686410.382040262,odom,,,,,,,,,,0.011889,0.013431,0.005433,0.014265,0.100056,0.001254,0.012530,0.158012,-0.004436,-0.000883,-0.000993,0.004523,1,OK
946686410566,946686410.481902719,odom,,,,,,,,,,0.012361,0.013357,0.006562,-0.004375,0.099862,0.000478,0.004787,0.186654,-0.004466,0.000371,-0.016803,0.004481,1,OK
946686410673,946686410.582012415,odom,,,,,,,,,,0.013970,0.011752,0.003864,0.008398,0.100110,0.002273,0.022702,0.127587,-0.004938,0.000296,-0.035443,0.004947,1,OK
946686410762,946686410.681761384,odom,,,,,,,,,,0.013848,0.012752,0.002622,-0.000827,0.099749,0.001008,0.010101,0.092476,-0.006546,-0.001310,-0.022670,0.006676,1,OK
946686410865,946686410.781725407,odom,,,,,,,,,,0.013481,0.014129,0.002973,0.019599,0.099964,0.001425,0.014255,0.204333,-0.006425,-0.000310,-0.031894,0.006433,1,OK
946686410957,946686410.882016897,odom,,,,,,,,,,0.014009,0.013210,0.002383,0.018183,0.100291,0.001059,0.010562,0.014122,-0.006058,0.001067,-0.011468,0.006151,1,OK
946686411069,946686410.981924653,odom,,,,,,,,,,0.013912,0.013552,0.002492,0.031199,0.099908,0.000355,0.003550,0.130284,-0.006586,0.000149,-0.012885,0.006588,1,OK
946686411163,946686411.081956506,odom,,,,,,,,,,0.013829,0.015258,0.003342,0.011055,0.100032,0.001708,0.017074,0.201376,-0.006490,0.000490,0.000132,0.006508,1,OK
946686411263,946686411.182027221,odom,,,,,,,,,,0.014452,0.012616,0.003708,-0.009689,0.100071,0.002715,0.027126,0.207294,-0.006407,0.002196,-0.020012,0.006773,1,OK
946686411333,0.000000000,summary,10.004,200.082,10.004,19968,100.115,0.006,0.006,1.004,0.859,0.014452,0.012616,0.003708,-0.009689,0,0.002715,0.027126,0.207294,-0.007028,-0.000446,-0.040756,0.007043,1,OK
946686411369,946686411.281903625,odom,,,,,,,,,,0.012831,0.012191,0.004777,0.025337,0.099876,0.001675,0.016770,0.350689,-0.007028,-0.000446,-0.040756,0.007043,1,OK
946686411459,946686411.381921291,odom,,,,,,,,,,0.012201,0.011010,0.004498,0.024390,0.100018,0.001339,0.013388,0.009471,-0.005408,-0.000870,-0.005731,0.005477,1,OK
946686411570,946686411.482000351,odom,,,,,,,,,,0.011377,0.011752,0.004184,0.024658,0.100079,0.001108,0.011076,0.002684,-0.004777,-0.002051,-0.006678,0.005198,1,OK
946686411662,946686411.581674457,odom,,,,,,,,,,0.011152,0.012433,0.004674,0.010125,0.099674,0.000718,0.007199,0.145808,-0.003953,-0.001308,-0.006410,0.004164,1,OK
946686411762,946686411.681865692,odom,,,,,,,,,,0.014509,0.012951,0.004929,0.017471,0.100191,0.003397,0.033905,0.073319,-0.003729,-0.000627,-0.020943,0.003781,1,OK
946686411861,946686411.781990767,odom,,,,,,,,,,0.014885,0.012238,0.005158,0.011818,0.100125,0.000806,0.008050,0.056457,-0.007086,-0.000111,-0.013597,0.007087,1,OK
946686411969,946686411.882006288,odom,,,,,,,,,,0.016154,0.012919,0.003968,-0.003195,0.100016,0.001440,0.014396,0.150104,-0.007462,-0.000824,-0.019250,0.007507,1,OK
946686412067,946686411.981922388,odom,,,,,,,,,,0.014856,0.014032,0.003672,0.018261,0.099916,0.001709,0.017108,0.214734,-0.008731,-0.000144,-0.034262,0.008732,1,OK
946686412164,946686412.082040906,odom,,,,,,,,,,0.013173,0.012839,0.003214,-0.015776,0.100119,0.002063,0.020604,0.339962,-0.007434,0.000970,-0.012807,0.007497,1,OK
946686412271,946686412.181941867,odom,,,,,,,,,,0.014852,0.011810,0.003581,0.000127,0.099901,0.001969,0.019714,0.159185,-0.005750,-0.000222,-0.046843,0.005754,1,OK
946686412333,0.000000000,summary,10.004,200.088,10.004,20064,100.392,0.006,0.006,0.991,0.609,0.014852,0.011810,0.003581,0.000127,0,0.003397,0.033905,0.350689,-0.007428,-0.001252,-0.030941,0.007533,1,OK
946686412362,946686412.282085538,odom,,,,,,,,,,0.014711,0.011788,0.004664,0.010262,0.100144,0.000143,0.001426,0.101210,-0.007428,-0.001252,-0.030941,0.007533,1,OK
946686412465,946686412.382043123,odom,,,,,,,,,,0.011979,0.013876,0.004221,0.048186,0.099958,0.003439,0.034401,0.379395,-0.007287,-0.001274,-0.020805,0.007398,1,OK
946686412563,946686412.481977820,odom,,,,,,,,,,0.012100,0.015770,0.003461,0.017694,0.099935,0.001898,0.018991,0.305118,-0.004557,0.000816,0.017118,0.004629,1,OK
946686412662,946686412.581935883,odom,,,,,,,,,,0.012048,0.015095,0.002534,0.001962,0.099958,0.000677,0.006775,0.157388,-0.004678,0.002710,-0.013374,0.005406,1,OK
946686412768,946686412.681972384,odom,,,,,,,,,,0.013006,0.014353,0.003146,0.026348,0.100037,0.001211,0.012110,0.243777,-0.004626,0.002035,-0.029106,0.005054,1,OK
946686412862,946686412.781962514,odom,,,,,,,,,,0.013319,0.015270,0.004365,0.049705,0.099990,0.000969,0.009688,0.233592,-0.005584,0.001292,-0.004719,0.005731,1,OK
946686412964,946686412.881939173,odom,,,,,,,,,,0.013926,0.014371,0.004894,0.004413,0.099977,0.001084,0.010845,0.453033,-0.005897,0.002209,0.018638,0.006297,1,OK
946686413068,946686412.981980801,odom,,,,,,,,,,0.013218,0.013538,0.005022,-0.004898,0.100042,0.001094,0.010932,0.093068,-0.006503,0.001310,-0.026655,0.006634,1,OK
946686413163,946686413.082101703,odom,,,,,,,,,,0.013054,0.013116,0.004737,0.021267,0.100121,0.000453,0.004520,0.261335,-0.005795,0.000477,-0.035966,0.005815,1,OK
946686413260,946686413.182082772,odom,,,,,,,,,,0.012995,0.013843,0.004076,-0.008851,0.099981,0.000730,0.007300,0.301242,-0.005632,0.000055,-0.009801,0.005632,1,OK
946686413333,0.000000000,summary,10.002,200.041,10.002,19968,99.535,0.006,0.006,0.997,0.740,0.012995,0.013843,0.004076,-0.008851,0,0.003439,0.034401,0.453033,-0.005573,0.000782,-0.039919,0.005627,1,OK
946686413363,946686413.282043338,odom,,,,,,,,,,0.012073,0.013713,0.003738,0.011941,0.099961,0.000931,0.009315,0.208010,-0.005573,0.000782,-0.039919,0.005627,1,OK
946686413465,946686413.381990552,odom,,,,,,,,,,0.013475,0.012749,0.003663,-0.002715,0.099947,0.001702,0.017027,0.146639,-0.004651,0.000652,-0.019126,0.004696,1,OK
946686413563,946686413.481917977,odom,,,,,,,,,,0.013844,0.011745,0.003543,-0.008007,0.099927,0.001069,0.010699,0.052961,-0.006052,-0.000313,-0.033783,0.006060,1,OK
946686413667,946686413.581977367,odom,,,,,,,,,,0.014127,0.011220,0.003962,-0.001704,0.100059,0.000597,0.005966,0.062991,-0.006421,-0.001316,-0.039075,0.006554,1,OK
946686413761,946686413.681987166,odom,,,,,,,,,,0.014386,0.011297,0.003817,0.031072,0.100010,0.000270,0.002700,0.327731,-0.006704,-0.001842,-0.032772,0.006952,1,OK
946686413868,946686413.781928182,odom,,,,,,,,,,0.015125,0.011461,0.003917,0.008423,0.099941,0.000756,0.007568,0.226624,-0.006962,-0.001765,0.000004,0.007183,1,OK
946686413962,946686413.882001638,odom,,,,,,,,,,0.017256,0.013827,0.004177,0.002855,0.100073,0.003184,0.031821,0.055643,-0.007701,-0.001601,-0.022645,0.007866,1,OK
946686414065,946686413.981908321,odom,,,,,,,,,,0.015693,0.014033,0.003691,0.011222,0.099907,0.001576,0.015779,0.083749,-0.009833,0.000763,-0.028213,0.009863,1,OK
946686414170,946686414.082120538,odom,,,,,,,,,,0.014643,0.013792,0.002667,0.031354,0.100212,0.001077,0.010749,0.200897,-0.008271,0.000971,-0.019846,0.008327,1,OK
946686414273,946686414.182089210,odom,,,,,,,,,,0.013767,0.013470,0.002585,0.025363,0.099969,0.000933,0.009336,0.059934,-0.007221,0.000730,0.000286,0.007257,1,OK
946686414333,0.000000000,summary,10.004,200.078,10.004,19968,100.205,0.006,0.006,1.006,0.609,0.013767,0.013470,0.002585,0.025363,0,0.003184,0.031821,0.327731,-0.006345,0.000408,-0.005705,0.006358,1,OK
946686414361,946686414.282025576,odom,,,,,,,,,,0.014012,0.013605,0.003801,-0.005801,0.099936,0.000279,0.002796,0.311832,-0.006345,0.000408,-0.005705,0.006358,1,OK
946686414467,946686414.382099152,odom,,,,,,,,,,0.014582,0.013747,0.004781,0.027909,0.100074,0.000587,0.005870,0.336847,-0.006589,0.000544,-0.036868,0.006611,1,OK
946686414566,946686414.482026696,odom,,,,,,,,,,0.015818,0.013220,0.004367,-0.000482,0.099928,0.001344,0.013454,0.284113,-0.007159,0.000685,-0.003159,0.007192,1,OK
946686414663,946686414.582099557,odom,,,,,,,,,,0.015959,0.012911,0.004747,-0.003720,0.100073,0.000339,0.003392,0.032353,-0.008395,0.000157,-0.031550,0.008397,1,OK
946686414763,946686414.681946278,odom,,,,,,,,,,0.015714,0.012803,0.003363,0.009690,0.099847,0.000268,0.002688,0.134303,-0.008536,-0.000151,-0.034787,0.008537,1,OK
946686414864,946686414.782004595,odom,,,,,,,,,,0.014198,0.014094,0.003342,0.047418,0.100058,0.001991,0.019900,0.377058,-0.008291,-0.000260,-0.021378,0.008295,1,OK
946686414966,946686414.882035971,odom,,,,,,,,,,0.014507,0.014008,0.003180,0.003983,0.100031,0.000321,0.003211,0.434215,-0.006776,0.001032,0.016350,0.006854,1,OK
946686415067,946686414.982127309,odom,,,,,,,,,,0.016046,0.014236,0.004297,0.001291,0.100091,0.001556,0.015542,0.026894,-0.007085,0.000946,-0.027085,0.007148,1,OK
946686415166,946686415.082067013,odom,,,,,,,,,,0.017757,0.013039,0.004126,0.007711,0.099940,0.002088,0.020895,0.064240,-0.008624,0.001174,-0.029777,0.008703,1,OK
946686415269,946686415.182107091,odom,,,,,,,,,,0.016691,0.012603,0.003503,-0.000572,0.100040,0.001152,0.011515,0.082791,-0.010334,-0.000025,-0.023357,0.010334,1,OK
946686415333,0.000000000,summary,10.004,200.074,10.004,19968,99.434,0.006,0.006,0.993,0.663,0.016691,0.012603,0.003503,-0.000572,0,0.002088,0.020895,0.434215,-0.009268,-0.000460,-0.031639,0.009279,1,OK
946686415366,946686415.281715870,odom,,,,,,,,,,0.015026,0.012994,0.003627,0.009383,0.099609,0.001711,0.017174,0.099932,-0.009268,-0.000460,-0.031639,0.009279,1,OK
946686415466,946686415.382027745,odom,,,,,,,,,,0.013652,0.013701,0.003851,0.015765,0.100312,0.001544,0.015396,0.063621,-0.007603,-0.000068,-0.021685,0.007603,1,OK
946686415562,946686415.482037902,odom,,,,,,,,,,0.013997,0.012975,0.002959,0.009945,0.100010,0.000803,0.008033,0.058188,-0.006230,0.000639,-0.015303,0.006262,1,OK
946686415662,946686415.581971049,odom,,,,,,,,,,0.015737,0.013827,0.004174,0.031464,0.099933,0.001937,0.019382,0.215334,-0.006574,-0.000087,-0.021122,0.006574,1,OK
946686415760,946686415.682019711,odom,,,,,,,,,,0.015998,0.014031,0.004364,0.002809,0.100049,0.000331,0.003313,0.286410,-0.008314,0.000764,0.000397,0.008349,1,OK
946686415867,946686415.781953812,odom,,,,,,,,,,0.016444,0.014219,0.005323,0.018555,0.099934,0.000484,0.004848,0.157566,-0.008575,0.000968,-0.028258,0.008630,1,OK
946686415965,946686415.881982565,odom,,,,,,,,,,0.016348,0.014044,0.004245,0.033445,0.100029,0.000199,0.001991,0.148857,-0.009022,0.001156,-0.012512,0.009096,1,OK
946686416066,946686415.982128263,odom,,,,,,,,,,0.015518,0.012226,0.004653,-0.018319,0.100146,0.001999,0.019959,0.516890,-0.008926,0.000981,0.002378,0.008979,1,OK
946686416169,946686416.081397653,odom,,,,,,,,,,0.016038,0.011254,0.004642,-0.013391,0.099269,0.001102,0.011104,0.049641,-0.008095,-0.000836,-0.049387,0.008138,1,OK
946686416264,946686416.181740999,odom,,,,,,,,,,0.017633,0.011138,0.003443,0.004403,0.100343,0.001599,0.015933,0.177328,-0.008614,-0.001809,-0.044459,0.008802,1,OK
946686416333,0.000000000,summary,10.002,200.047,10.002,19968,99.440,0.006,0.006,1.006,0.621,0.017633,0.011138,0.003443,0.004403,0,0.001999,0.019959,0.516890,-0.010209,-0.001925,-0.026665,0.010389,1,OK
946686416365,946686416.282029033,odom,,,,,,,,,,0.018481,0.011574,0.003119,0.013928,0.100288,0.000953,0.009506,0.094979,-0.010209,-0.001925,-0.026665,0.010389,1,OK
946686416463,946686416.381965876,odom,,,,,,,,,,0.015685,0.013102,0.004600,-0.002878,0.099937,0.003186,0.031881,0.168161,-0.011057,-0.001491,-0.017140,0.011157,1,OK
946686416562,946686416.481981158,odom,,,,,,,,,,0.016227,0.013013,0.004238,0.003693,0.100015,0.000549,0.005488,0.065695,-0.008262,0.000039,-0.033945,0.008262,1,OK
946686416665,946686416.582095146,odom,,,,,,,,,,0.013837,0.013562,0.003508,0.023046,0.100114,0.002452,0.024492,0.193316,-0.008804,-0.000050,-0.027375,0.008804,1,OK
946686416773,946686416.682025313,odom,,,,,,,,,,0.015508,0.013038,0.003005,-0.019145,0.099930,0.001751,0.017526,0.422211,-0.006414,0.000500,-0.008021,0.006434,1,OK
946686416866,946686416.782006621,odom,,,,,,,,,,0.014922,0.011986,0.003814,-0.003439,0.099981,0.001204,0.012039,0.157091,-0.008085,-0.000025,-0.050213,0.008085,1,OK
946686416965,946686416.882109523,odom,,,,,,,,,,0.015333,0.011339,0.005226,-0.004830,0.100103,0.000767,0.007662,0.013891,-0.007499,-0.001076,-0.034507,0.007575,1,OK
946686417069,946686416.981742382,odom,,,,,,,,,,0.016417,0.012584,0.005694,-0.006274,0.099633,0.001651,0.016571,0.014494,-0.007909,-0.001723,-0.035897,0.008095,1,OK
946686417162,946686417.082029700,odom,,,,,,,,,,0.016221,0.013433,0.006228,0.015035,0.100287,0.000871,0.008684,0.212473,-0.008994,-0.000479,-0.037341,0.009007,1,OK
946686417266,946686417.182007074,odom,,,,,,,,,,0.015986,0.013616,0.005386,-0.020523,0.099977,0.000298,0.002977,0.355654,-0.008798,0.000370,-0.016033,0.008806,1,OK
946686417333,0.000000000,summary,10.003,200.069,10.003,19968,100.165,0.006,0.006,0.997,0.588,0.015986,0.013616,0.005386,-0.020523,0,0.003186,0.031881,0.422211,-0.008564,0.000553,-0.051590,0.008581,1,OK
946686417367,946686417.281950951,odom,,,,,,,,,,0.016476,0.014246,0.005230,0.011380,0.099944,0.000798,0.007985,0.319201,-0.008564,0.000553,-0.051590,0.008581,1,OK
946686417461,946686417.381949306,odom,,,,,,,,,,0.014935,0.012424,0.005866,-0.003757,0.099998,0.002386,0.023859,0.151367,-0.009054,0.001183,-0.019688,0.009131,1,OK
946686417566,946686417.482113957,odom,,,,,,,,,,0.015613,0.012615,0.004264,0.012551,0.100165,0.000705,0.007035,0.162814,-0.007512,-0.000638,-0.034825,0.007539,1,OK
946686417662,946686417.582007408,odom,,,,,,,,,,0.015636,0.011518,0.004945,-0.016923,0.099893,0.001098,0.010989,0.295059,-0.008190,-0.000447,-0.018516,0.008202,1,OK
946686417763,946686417.681973219,odom,,,,,,,,,,0.016642,0.012764,0.004445,-0.004335,0.099966,0.001602,0.016022,0.125924,-0.008213,-0.001545,-0.047991,0.008357,1,OK
946686417865,946686417.782036662,odom,,,,,,,,,,0.016028,0.012255,0.005472,-0.003403,0.100063,0.000798,0.007974,0.009319,-0.009219,-0.000299,-0.035403,0.009224,1,OK
946686417965,946686417.881791949,odom,,,,,,,,,,0.017288,0.012394,0.005204,-0.020393,0.099755,0.001268,0.012710,0.170325,-0.008604,-0.000808,-0.034470,0.008642,1,OK
946686418067,946686417.982074976,odom,,,,,,,,,,0.015896,0.013253,0.003212,0.014019,0.100283,0.001636,0.016318,0.343157,-0.009865,-0.000670,-0.051461,0.009887,1,OK
946686418164,946686418.081906796,odom,,,,,,,,,,0.014657,0.014037,0.001859,0.034267,0.099832,0.001465,0.014678,0.202815,-0.008473,0.000191,-0.017048,0.008475,1,OK
946686418269,946686418.181974411,odom,,,,,,,,,,0.016639,0.014111,0.002389,-0.011747,0.100068,0.001983,0.019818,0.459823,-0.007235,0.000975,0.003199,0.007300,1,OK
946686418333,0.000000000,summary,10.003,200.062,10.003,20064,100.390,0.006,0.006,1.005,0.547,0.016639,0.014111,0.002389,-0.011747,0,0.002386,0.023859,0.459823,-0.009217,0.001048,-0.042814,0.009276,1,OK
946686418365,946686418.282126427,odom,,,,,,,,,,0.017536,0.014360,0.005213,-0.007230,0.100152,0.000931,0.009299,0.045092,-0.009217,0.001048,-0.042814,0.009276,1,OK
946686418466,946686418.382013083,odom,,,,,,,,,,0.017268,0.014166,0.005710,0.003727,0.099887,0.000331,0.003313,0.109697,-0.010114,0.001296,-0.038298,0.010197,1,OK
946686418564,946686418.482055783,odom,,,,,,,,,,0.016135,0.015083,0.006770,0.008402,0.100043,0.001458,0.014572,0.046731,-0.009846,0.001102,-0.027341,0.009907,1,OK
946686418661,946686418.582087040,odom,,,,,,,,,,0.016489,0.014214,0.005032,0.016928,0.100031,0.000938,0.009380,0.085237,-0.008713,0.002020,-0.022666,0.008945,1,OK
946686418764,946686418.682062507,odom,,,,,,,,,,0.017415,0.013789,0.004809,0.006595,0.099975,0.001018,0.010185,0.103361,-0.009067,0.001151,-0.014139,0.009140,1,OK
946686418862,946686418.781976342,odom,,,,,,,,,,0.016610,0.013669,0.005157,-0.001245,0.099914,0.000814,0.008145,0.078463,-0.009992,0.000726,-0.024473,0.010018,1,OK
946686418967,946686418.881964922,odom,,,,,,,,,,0.016482,0.013558,0.004881,-0.025208,0.099989,0.000169,0.001692,0.239657,-0.009187,0.000606,-0.032312,0.009207,1,OK
946686419063,946686418.982073426,odom,,,,,,,,,,0.015502,0.012819,0.005947,-0.009231,0.100109,0.001227,0.012260,0.159591,-0.009059,0.000495,-0.056275,0.009073,1,OK
946686419174,946686419.081863165,odom,,,,,,,,,,0.014766,0.013292,0.005953,-0.007956,0.099790,0.000876,0.008774,0.012785,-0.008079,-0.000244,-0.040299,0.008083,1,OK
946686419259,946686419.182105780,odom,,,,,,,,,,0.017393,0.014552,0.005196,-0.002568,0.100243,0.002913,0.029064,0.053746,-0.007343,0.000230,-0.039023,0.007347,1,OK
946686419333,0.000000000,summary,10.004,200.073,10.004,19968,100.202,0.006,0.006,0.999,0.627,0.017393,0.014552,0.005196,-0.002568,0,0.002913,0.029064,0.239657,-0.009971,0.001488,-0.033636,0.010081,1,OK
946686419371,946686419.282061815,odom,,,,,,,,,,0.018217,0.015002,0.003827,0.005921,0.099956,0.000939,0.009391,0.084924,-0.009971,0.001488,-0.033636,0.010081,1,OK
946686419466,946686419.381952763,odom,,,,,,,,,,0.016073,0.014572,0.003880,-0.012018,0.099891,0.002186,0.021884,0.179579,-0.010795,0.001938,-0.025147,0.010967,1,OK
946686419566,946686419.482125640,odom,,,,,,,,,,0.015901,0.014081,0.005231,0.004683,0.100173,0.000521,0.005197,0.166718,-0.008651,0.001509,-0.043085,0.008782,1,OK
946686419668,946686419.582079291,odom,,,,,,,,,,0.017382,0.013204,0.003872,0.004675,0.099954,0.001721,0.017214,0.000075,-0.008479,0.001018,-0.026385,0.008540,1,OK
946686419770,946686419.681973457,odom,,,,,,,,,,0.015178,0.011930,0.004967,0.016275,0.099894,0.002546,0.025491,0.116120,-0.009959,0.000141,-0.026392,0.009960,1,OK
946686419862,946686419.782070160,odom,,,,,,,,,,0.016334,0.011381,0.005167,0.009224,0.100097,0.001280,0.012792,0.070441,-0.007754,-0.001133,-0.014793,0.007836,1,OK
946686419966,946686419.881820798,odom,,,,,,,,,,0.017721,0.012491,0.005120,-0.000556,0.099751,0.001777,0.017813,0.098043,-0.008911,-0.001682,-0.021843,0.009068,1,OK
946686420070,946686419.981972456,odom,,,,,,,,,,0.017729,0.013727,0.004730,0.014018,0.100152,0.001236,0.012337,0.145515,-0.010298,-0.000572,-0.031623,0.010314,1,OK
946686420164,946686420.082158208,odom,,,,,,,,,,0.016479,0.014252,0.006216,-0.002697,0.100186,0.001356,0.013532,0.166843,-0.010306,0.000663,-0.017050,0.010328,1,OK
946686420262,946686420.182040691,odom,,,,,,,,,,0.015773,0.014125,0.006504,0.023073,0.099882,0.000718,0.007184,0.258006,-0.009057,0.001189,-0.033765,0.009135,1,OK
946686420334,0.000000000,summary,10.003,200.058,10.003,19968,100.269,0.006,0.006,1.002,0.548,0.015773,0.014125,0.006504,0.023073,0,0.002546,0.025491,0.258006,-0.008351,0.001062,-0.007995,0.008418,1,OK
946686420362,946686420.282064438,odom,,,,,,,,,,0.015510,0.014311,0.006684,-0.007560,0.100024,0.000322,0.003217,0.306258,-0.008351,0.001062,-0.007995,0.008418,1,OK
946686420463,946686420.381976962,odom,,,,,,,,,,0.016618,0.012396,0.006300,-0.004162,0.099913,0.002212,0.022138,0.034013,-0.008088,0.001248,-0.038628,0.008184,1,OK
946686420571,946686420.482014298,odom,,,,,,,,,,0.016727,0.012766,0.005672,-0.004795,0.100037,0.000385,0.003852,0.006325,-0.009195,-0.000667,-0.035229,0.009219,1,OK
946686420661,946686420.582291245,odom,,,,,,,,,,0.016918,0.011990,0.004586,-0.005588,0.100277,0.000799,0.007964,0.007909,-0.009304,-0.000297,-0.035862,0.009309,1,OK
946686420774,946686420.681784272,odom,,,,,,,,,,0.017808,0.012659,0.005330,-0.009419,0.099493,0.001113,0.011190,0.038508,-0.009495,-0.001073,-0.036655,0.009555,1,OK
946686420865,946686420.782085776,odom,,,,,,,,,,0.016589,0.012826,0.005884,-0.018508,0.100302,0.001231,0.012272,0.090614,-0.010385,-0.000404,-0.040487,0.010393,1,OK
946686420972,946686420.881655455,odom,,,,,,,,,,0.016679,0.012850,0.006235,0.004666,0.099570,0.000093,0.000933,0.232742,-0.009166,-0.000237,-0.049575,0.009169,1,OK
946686421062,946686420.982100129,odom,,,,,,,,,,0.015516,0.013651,0.005794,0.004837,0.100445,0.001412,0.014059,0.001703,-0.009255,-0.000213,-0.026401,0.009258,1,OK
946686421164,946686421.082060218,odom,,,,,,,,,,0.016150,0.013811,0.006006,-0.005452,0.099960,0.000654,0.006544,0.102930,-0.008093,0.000588,-0.026230,0.008114,1,OK
946686421258,946686421.182000279,odom,,,,,,,,,,0.017409,0.013662,0.005463,-0.006175,0.099940,0.001268,0.012683,0.007243,-0.008727,0.000748,-0.036519,0.008759,1,OK
946686421333,0.000000000,summary,10.004,200.078,10.004,19968,100.276,0.006,0.009,1.007,0.761,0.017409,0.013662,0.005463,-0.006175,0,0.002212,0.022138,0.306258,-0.009986,0.000599,-0.037243,0.010004,1,OK
946686421359,946686421.282034278,odom,,,,,,,,,,0.017275,0.013739,0.004650,0.020370,0.100034,0.000155,0.001545,0.265365,-0.009986,0.000599,-0.037243,0.010004,1,OK
946686421472,946686421.382089138,odom,,,,,,,,,,0.016430,0.015538,0.006578,-0.003452,0.100055,0.001987,0.019862,0.238092,-0.009852,0.000675,-0.010698,0.009875,1,OK
946686421568,946686421.482056141,odom,,,,,,,,,,0.017303,0.014942,0.006759,0.009970,0.099967,0.001057,0.010576,0.134262,-0.009008,0.002475,-0.034520,0.009342,1,OK
946686421655,946686421.582158446,odom,,,,,,,,,,0.017980,0.013372,0.005884,-0.004065,0.100102,0.001710,0.017080,0.140200,-0.009882,0.001879,-0.021098,0.010059,1,OK
946686421762,946686421.682100534,odom,,,,,,,,,,0.017220,0.013058,0.005462,-0.009006,0.099942,0.000823,0.008234,0.049439,-0.010558,0.000308,-0.035132,0.010562,1,OK
946686421862,946686421.782102585,odom,,,,,,,,,,0.017041,0.013082,0.003928,0.006443,0.100002,0.000181,0.001807,0.154481,-0.009797,-0.000006,-0.040073,0.009797,1,OK
946686421962,946686421.881647944,odom,,,,,,,,,,0.017562,0.012400,0.004216,0.017741,0.099545,0.000858,0.008617,0.113498,-0.009618,0.000018,-0.024625,0.009618,1,OK
946686422058,946686421.982072473,odom,,,,,,,,,,0.015820,0.012798,0.003585,-0.014961,0.100425,0.001787,0.017791,0.325631,-0.010138,-0.000663,-0.013327,0.010160,1,OK
946686422162,946686422.082062006,odom,,,,,,,,,,0.014750,0.013176,0.003965,0.002155,0.099990,0.001135,0.011347,0.171170,-0.008397,-0.000264,-0.046028,0.008401,1,OK
946686422263,946686422.181996107,odom,,,,,,,,,,0.014718,0.013189,0.004397,0.009552,0.099934,0.000034,0.000342,0.074024,-0.007327,0.000114,-0.028913,0.007328,1,OK
946686422333,0.000000000,summary,10.004,200.075,10.004,20064,100.373,0.006,0.006,0.990,0.628,0.014718,0.013189,0.004397,0.009552,0,0.001987,0.019862,0.325631,-0.007295,0.000127,-0.021515,0.007297,1,OK
946686422358,946686422.282121778,odom,,,,,,,,,,0.015198,0.013008,0.005913,-0.014822,0.100126,0.000512,0.005117,0.243433,-0.007295,0.000127,-0.021515,0.007297,1,OK
946686422463,946686422.382037878,odom,,,,,,,,,,0.014636,0.015353,0.004883,0.026722,0.099916,0.002411,0.024133,0.415786,-0.007775,-0.000054,-0.045889,0.007775,1,OK
946686422567,946686422.482144952,odom,,,,,,,,,,0.015448,0.015422,0.005252,0.008782,0.100107,0.000815,0.008141,0.179205,-0.007214,0.002291,-0.004346,0.007569,1,OK
946686422664,946686422.582144022,odom,,,,,,,,,,0.015131,0.014392,0.004442,-0.000440,0.099999,0.001078,0.010776,0.092224,-0.008026,0.002360,-0.022285,0.008366,1,OK
946686422758,946686422.682098508,odom,,,,,,,,,,0.015163,0.013813,0.003384,0.021902,0.099954,0.000580,0.005800,0.223520,-0.007709,0.001330,-0.031508,0.007823,1,OK
946686422869,946686422.782047749,odom,,,,,,,,,,0.017223,0.013232,0.003518,-0.011928,0.099949,0.002141,0.021417,0.338474,-0.007741,0.000751,-0.009166,0.007777,1,OK
946686422955,946686422.882107854,odom,,,,,,,,,,0.016337,0.013366,0.005545,0.031294,0.100060,0.000896,0.008958,0.431960,-0.009801,0.000168,-0.042996,0.009802,1,OK
946686423062,946686422.982066154,odom,,,,,,,,,,0.015053,0.013627,0.006589,0.017878,0.099958,0.001310,0.013106,0.134206,-0.008914,0.000303,0.000226,0.008920,1,OK
946686423154,946686423.082137465,odom,,,,,,,,,,0.014504,0.015472,0.007121,0.008581,0.100071,0.001925,0.019232,0.092911,-0.007631,0.000565,-0.013189,0.007652,1,OK
946686423259,946686423.182031512,odom,,,,,,,,,,0.014015,0.014914,0.007972,0.025963,0.099894,0.000741,0.007419,0.174005,-0.007082,0.002410,-0.022487,0.007481,1,OK
946686423333,0.000000000,summary,10.002,200.048,10.002,19968,100.210,0.006,0.012,1.009,0.680,0.014015,0.014914,0.007972,0.025963,0,0.002411,0.024133,0.431960,-0.006593,0.001853,-0.005105,0.006848,1,OK
946686423354,946686423.282029152,odom,,,,,,,,,,0.014378,0.015276,0.007594,-0.005142,0.099998,0.000512,0.005122,0.311056,-0.006593,0.001853,-0.005105,0.006848,1,OK
946686423460,946686423.382171512,odom,,,,,,,,,,0.017529,0.013935,0.006799,-0.014851,0.100142,0.003424,0.034194,0.096947,-0.006956,0.002214,-0.036210,0.007300,1,OK
946686423558,946686423.482141733,odom,,,,,,,,,,0.020109,0.014143,0.006321,0.008760,0.099970,0.002588,0.025892,0.236176,-0.010106,0.000872,-0.045918,0.010144,1,OK
946686423660,946686423.582099319,odom,,,,,,,,,,0.020025,0.014655,0.007524,-0.031576,0.099958,0.000519,0.005189,0.403532,-0.012686,0.001078,-0.022308,0.012732,1,OK
946686423758,946686423.682190418,odom,,,,,,,,,,0.019468,0.015024,0.008162,0.005458,0.100091,0.000668,0.006677,0.370000,-0.012603,0.001590,-0.062644,0.012703,1,OK
946686423873,946686423.782051206,odom,,,,,,,,,,0.018491,0.015456,0.007511,-0.023603,0.099861,0.001067,0.010690,0.291008,-0.012046,0.001959,-0.025610,0.012204,1,OK
946686423974,946686423.882077456,odom,,,,,,,,,,0.016145,0.015481,0.007552,0.011992,0.100026,0.002346,0.023455,0.355856,-0.011070,0.002392,-0.054670,0.011325,1,OK
946686424062,946686423.982092977,odom,,,,,,,,,,0.016887,0.014806,0.007278,-0.011955,0.100016,0.001003,0.010029,0.239439,-0.008724,0.002418,-0.019075,0.009053,1,OK
946686424166,946686424.082009912,odom,,,,,,,,,,0.016875,0.013888,0.007213,0.001110,0.099917,0.000918,0.009186,0.130762,-0.009465,0.001743,-0.043023,0.009624,1,OK
946686424255,946686424.182057500,odom,,,,,,,,,,0.015102,0.014510,0.005494,0.006995,0.100048,0.001878,0.018776,0.058822,-0.009453,0.000825,-0.029958,0.009488,1,OK
946686424334,0.000000000,summary,10.003,200.066,10.003,20064,100.350,0.006,0.006,1.000,0.676,0.015102,0.014510,0.005494,0.006995,0,0.003424,0.034194,0.403532,-0.007680,0.001447,-0.024073,0.007815,1,OK
946686424361,946686424.282168508,odom,,,,,,,,,,0.013343,0.013502,0.006120,0.026580,0.100111,0.002028,0.020256,0.195630,-0.007680,0.001447,-0.024073,0.007815,1,OK
946686424467,946686424.382125497,odom,,,,,,,,,,0.014550,0.014162,0.006330,0.003421,0.099957,0.001376,0.013769,0.231684,-0.005920,0.000441,-0.004488,0.005936,1,OK
946686424558,946686424.482088089,odom,,,,,,,,,,0.014717,0.014584,0.006305,0.026161,0.099963,0.000454,0.004539,0.227488,-0.007128,0.001100,-0.027646,0.007212,1,OK
946686424660,946686424.582140923,odom,,,,,,,,,,0.014762,0.014005,0.007173,-0.008517,0.100053,0.000581,0.005803,0.346600,-0.007295,0.001522,-0.004906,0.007452,1,OK
946686424761,946686424.682093024,odom,,,,,,,,,,0.013964,0.014657,0.006863,0.000929,0.099952,0.001030,0.010310,0.094505,-0.007340,0.000943,-0.039584,0.007400,1,OK
946686424858,946686424.782079577,odom,,,,,,,,,,0.014723,0.013060,0.006047,0.010271,0.099987,0.001767,0.017677,0.093432,-0.006541,0.001595,-0.030138,0.006733,1,OK
946686424974,946686424.882028937,odom,,,,,,,,,,0.014714,0.012933,0.005293,0.001540,0.099949,0.000128,0.001280,0.087354,-0.007300,-0.000002,-0.020796,0.007300,1,OK
946686425057,946686424.982004166,odom,,,,,,,,,,0.014445,0.013502,0.005546,0.013798,0.099975,0.000630,0.006303,0.122612,-0.007291,-0.000129,-0.029527,0.007292,1,OK
946686425159,946686425.082086086,odom,,,,,,,,,,0.015114,0.013934,0.007001,-0.011806,0.100082,0.000797,0.007959,0.255835,-0.007022,0.000441,-0.017269,0.007036,1,OK
946686425255,946686425.182042599,odom,,,,,,,,,,0.016351,0.014769,0.007277,-0.005456,0.099957,0.001492,0.014925,0.063526,-0.007691,0.000872,-0.042874,0.007741,1,OK
946686425333,0.000000000,summary,10.004,200.070,10.004,20064,100.362,0.006,0.006,0.998,0.608,0.016351,0.014769,0.007277,-0.005456,0,0.002028,0.020256,0.346600,-0.008929,0.001706,-0.036524,0.009090,1,OK
946686425377,946686425.282144070,odom,,,,,,,,,,0.017142,0.014107,0.006505,-0.007986,0.100101,0.001032,0.010305,0.025267,-0.008929,0.001706,-0.036524,0.009090,1,OK
946686425463,946686425.382006645,odom,,,,,,,,,,0.017694,0.015079,0.006326,-0.011020,0.099863,0.001117,0.011190,0.030384,-0.009720,0.001044,-0.039053,0.009775,1,OK
946686425562,946686425.482164025,odom,,,,,,,,,,0.018415,0.015253,0.006538,0.018915,0.100157,0.000742,0.007409,0.298874,-0.010272,0.002015,-0.042087,0.010468,1,OK
946686425658,946686425.582091451,odom,,,,,,,,,,0.018849,0.013601,0.006285,-0.027683,0.099927,0.001709,0.017099,0.466314,-0.010993,0.002189,-0.012153,0.011209,1,OK
946686425762,946686425.682085395,odom,,,,,,,,,,0.018623,0.014144,0.005880,-0.012885,0.099994,0.000588,0.005882,0.147992,-0.011426,0.000536,-0.058751,0.011438,1,OK
946686425858,946686425.782188535,odom,,,,,,,,,,0.017849,0.012936,0.005260,-0.035434,0.100103,0.001434,0.014327,0.225265,-0.011200,0.001080,-0.043952,0.011252,1,OK
946686425963,946686425.882074952,odom,,,,,,,,,,0.016048,0.013952,0.004807,0.011974,0.099886,0.002068,0.020707,0.474624,-0.010426,-0.000128,-0.066502,0.010427,1,OK
946686426063,946686425.982079268,odom,,,,,,,,,,0.016923,0.012591,0.005636,0.000330,0.100004,0.001618,0.016179,0.116441,-0.008625,0.000889,-0.019093,0.008671,1,OK
946686426154,946686426.082021832,odom,,,,,,,,,,0.016609,0.011729,0.005441,-0.000092,0.099943,0.000918,0.009183,0.004221,-0.009500,-0.000472,-0.030738,0.009511,1,OK
946686426264,946686426.181804061,odom,,,,,,,,,,0.017523,0.011748,0.005454,0.004950,0.099782,0.000915,0.009168,0.050532,-0.009185,-0.001334,-0.031160,0.009281,1,OK
946686426333,0.000000000,summary,10.004,200.071,10.004,20064,100.322,0.006,0.006,1.005,0.745,0.017523,0.011748,0.005454,0.004950,0,0.002068,0.020707,0.474624,-0.010100,-0.001316,-0.026118,0.010185,1,OK
946686426358,946686426.282074094,odom,,,,,,,,,,0.015130,0.013157,0.004899,-0.001972,0.100270,0.002777,0.027700,0.069037,-0.010100,-0.001316,-0.026118,0.010185,1,OK
946686426458,946686426.382153988,odom,,,,,,,,,,0.016264,0.015301,0.005638,0.003378,0.100080,0.002426,0.024244,0.053466,-0.007707,0.000095,-0.033040,0.007707,1,OK
946686426558,946686426.482118964,odom,,,,,,,,,,0.016398,0.015395,0.006609,0.004885,0.099965,0.000164,0.001636,0.015074,-0.008842,0.002239,-0.027689,0.009121,1,OK
946686426657,946686426.582106471,odom,,,,,,,,,,0.014653,0.014851,0.005727,0.018685,0.099988,0.001828,0.018284,0.138014,-0.008976,0.002333,-0.026182,0.009274,1,OK
946686426758,946686426.682065010,odom,,,,,,,,,,0.015297,0.014193,0.005503,0.001742,0.099959,0.000921,0.009212,0.169496,-0.007231,0.001789,-0.012383,0.007449,1,OK
946686426856,946686426.782081842,odom,,,,,,,,,,0.015488,0.013568,0.004613,0.013757,0.100017,0.000654,0.006536,0.120126,-0.007875,0.001131,-0.029325,0.007956,1,OK
946686426969,946686426.882118583,odom,,,,,,,,,,0.016156,0.013068,0.005366,-0.015359,0.100037,0.000834,0.008333,0.291052,-0.008066,0.000505,-0.017310,0.008081,1,OK
946686427055,946686426.982012391,odom,,,,,,,,,,0.015205,0.013621,0.004786,0.024114,0.099894,0.001100,0.011010,0.395152,-0.008733,0.000005,-0.046426,0.008733,1,OK
946686427155,946686427.082130671,odom,,,,,,,,,,0.017689,0.013435,0.005517,-0.006261,0.100118,0.002491,0.024885,0.303398,-0.007782,0.000559,-0.006953,0.007802,1,OK
946686427264,946686427.182179928,odom,,,,,,,,,,0.017701,0.015164,0.006529,-0.006855,0.100049,0.001729,0.017277,0.005931,-0.010266,0.000372,-0.037329,0.010273,1,OK
946686427333,0.000000000,summary,10.003,200.067,10.003,19968,99.496,0.006,0.006,0.996,0.570,0.017701,0.015164,0.006529,-0.006855,0,0.002777,0.027700,0.395152,-0.010279,0.002100,-0.037922,0.010491,1,OK
946686427365,946686427.281930089,odom,,,,,,,,,,0.017660,0.016582,0.005848,-0.001369,0.099750,0.001418,0.014217,0.054998,-0.010279,0.002100,-0.037922,0.010491,1,OK
946686427459,946686427.382091999,odom,,,,,,,,,,0.017401,0.015017,0.005779,-0.015642,0.100162,0.001586,0.015832,0.142508,-0.010239,0.003518,-0.032436,0.010826,1,OK
946686427561,946686427.482087851,odom,,,,,,,,,,0.018604,0.013594,0.005842,-0.011044,0.099996,0.001863,0.018633,0.045986,-0.009979,0.001954,-0.046710,0.010169,1,OK
946686427661,946686427.582175851,odom,,,,,,,,,,0.018764,0.012879,0.005704,0.010000,0.100088,0.000732,0.007316,0.210252,-0.011181,0.000530,-0.042112,0.011194,1,OK
946686427756,946686427.682131410,odom,,,,,,,,,,0.018209,0.012247,0.005247,-0.017736,0.099956,0.000842,0.008422,0.277480,-0.011341,-0.000185,-0.021068,0.011342,1,OK
946686427855,946686427.782042980,odom,,,,,,,,,,0.018124,0.011908,0.005941,-0.024922,0.099912,0.000349,0.003491,0.071922,-0.010785,-0.000817,-0.048804,0.010816,1,OK
946686427975,946686427.882050991,odom,,,,,,,,,,0.020178,0.012360,0.006758,-0.011452,0.100008,0.002103,0.021027,0.134684,-0.010700,-0.001156,-0.055989,0.010763,1,OK
946686428059,946686427.982105732,odom,,,,,,,,,,0.020150,0.011476,0.005999,-0.001381,0.100055,0.000885,0.008845,0.100660,-0.012754,-0.000704,-0.042520,0.012774,1,OK
946686428155,946686428.081977963,odom,,,,,,,,,,0.018552,0.013315,0.006096,-0.005009,0.099872,0.002436,0.024395,0.036331,-0.012727,-0.001589,-0.032448,0.012825,1,OK
946686428256,946686428.182159543,odom,,,,,,,,,,0.019197,0.014694,0.005665,-0.009960,0.100182,0.001522,0.015191,0.049418,-0.011130,0.000251,-0.036077,0.011132,1,OK
946686428333,0.000000000,summary,10.003,200.059,10.003,19968,100.168,0.006,0.010,1.004,0.590,0.019197,0.014694,0.005665,-0.009960,0,0.002436,0.024395,0.277480,-0.011775,0.001629,-0.041028,0.011887,1,OK
946686428358,946686428.281725883,odom,,,,,,,,,,0.018238,0.015500,0.005497,-0.010976,0.099566,0.001253,0.012586,0.010200,-0.011775,0.001629,-0.041028,0.011887,1,OK
946686428462,946686428.382225633,odom,,,,,,,,,,0.016646,0.016653,0.005446,0.003429,0.100500,0.001965,0.019557,0.143326,-0.010817,0.002437,-0.042043,0.011088,1,OK
946686428558,946686428.482193708,odom,,,,,,,,,,0.016808,0.015512,0.005449,0.003014,0.099968,0.001152,0.011528,0.004147,-0.009225,0.003590,-0.027639,0.009900,1,OK
946686428664,946686428.582116604,odom,,,,,,,,,,0.016434,0.014507,0.005197,0.021296,0.099923,0.001073,0.010735,0.182956,-0.009386,0.002449,-0.028054,0.009701,1,OK
946686428760,946686428.682103992,odom,,,,,,,,,,0.017164,0.014997,0.005221,0.013196,0.099987,0.000879,0.008788,0.081003,-0.009012,0.001444,-0.009772,0.009127,1,OK
946686428871,946686428.782180905,odom,,,,,,,,,,0.017262,0.013899,0.005228,-0.008089,0.100077,0.001102,0.011012,0.212685,-0.009742,0.001933,-0.017871,0.009932,1,OK
946686428954,946686428.882134438,odom,,,,,,,,,,0.017497,0.014903,0.005424,0.003181,0.099954,0.001031,0.010320,0.112751,-0.009839,0.000835,-0.039156,0.009875,1,OK
946686429055,946686428.982175350,odom,,,,,,,,,,0.017933,0.014436,0.005698,-0.009177,0.100041,0.000639,0.006384,0.123532,-0.010075,0.001840,-0.027886,0.010242,1,OK
946686429158,946686429.081848145,odom,,,,,,,,,,0.018605,0.013483,0.005726,-0.011865,0.099673,0.001166,0.011698,0.026969,-0.010510,0.001372,-0.040245,0.010600,1,OK
946686429266,946686429.182101130,odom,,,,,,,,,,0.018574,0.013441,0.005846,-0.001302,0.100253,0.000052,0.000519,0.105362,-0.011182,0.000419,-0.042933,0.011190,1,OK
946686429334,0.000000000,summary,10.003,200.061,10.003,19968,100.246,0.005,0.006,0.995,0.680,0.018574,0.013441,0.005846,-0.001302,0,0.001965,0.019557,0.212685,-0.011152,0.000377,-0.032370,0.011158,1,OK
946686429356,946686429.282083631,odom,,,,,,,,,,0.017970,0.013521,0.006135,-0.006093,0.099983,0.000610,0.006100,0.047914,-0.011152,0.000377,-0.032370,0.011158,1,OK
946686429458,946686429.382162571,odom,,,,,,,,,,0.014818,0.013831,0.006323,0.013800,0.100079,0.003167,0.031648,0.198774,-0.010547,0.000457,-0.037160,0.010557,1,OK
946686429559,946686429.482152939,odom,,,,,,,,,,0.016209,0.014018,0.005539,-0.026289,0.099990,0.001403,0.014036,0.400930,-0.007395,0.000769,-0.017267,0.007435,1,OK
946686429656,946686429.582041860,odom,,,,,,,,,,0.016518,0.014334,0.004701,0.006169,0.099889,0.000442,0.004425,0.324936,-0.008786,0.000956,-0.057356,0.008838,1,OK
946686429768,946686429.682202220,odom,,,,,,,,,,0.017194,0.014033,0.003974,0.015218,0.100160,0.000740,0.007392,0.090345,-0.009096,0.001271,-0.024899,0.009184,1,OK
946686429856,946686429.782159686,odom,,,,,,,,,,0.017048,0.013222,0.004743,0.002469,0.099957,0.000825,0.008249,0.127542,-0.009772,0.000970,-0.015850,0.009820,1,OK
946686429961,946686429.882128477,odom,,,,,,,,,,0.016798,0.013396,0.005547,-0.016073,0.099969,0.000304,0.003045,0.185478,-0.009625,0.000159,-0.028599,0.009626,1,OK
946686430057,946686429.982130527,odom,,,,,,,,,,0.019647,0.013951,0.005722,-0.014864,0.100002,0.002903,0.029024,0.012087,-0.009375,0.000333,-0.047141,0.009381,1,OK
946686430173,946686430.082080126,odom,,,,,,,,,,0.018974,0.015073,0.006002,0.000128,0.099950,0.001309,0.013093,0.149998,-0.012225,0.000886,-0.045932,0.012257,1,OK
946686430260,946686430.181966305,odom,,,,,,,,,,0.018379,0.016229,0.005099,0.030145,0.099886,0.001301,0.013023,0.300516,-0.011552,0.002009,-0.030940,0.011725,1,OK
946686430334,0.000000000,summary,10.003,200.067,10.003,20064,100.300,0.006,0.006,1.008,0.799,0.018379,0.016229,0.005099,0.030145,0,0.003167,0.031648,0.400930,-0.010957,0.003165,-0.000922,0.011405,1,OK
946686430358,946686430.282173038,odom,,,,,,,,,,0.018430,0.013427,0.004973,-0.006410,0.100207,0.002803,0.027969,0.364799,-0.010957,0.003165,-0.000922,0.011405,1,OK
946686430456,946686430.382133484,odom,,,,,,,,,,0.017519,0.012587,0.003086,0.018131,0.099960,0.001239,0.012391,0.245510,-0.011007,0.000363,-0.037478,0.011013,1,OK
946686430569,946686430.482079625,odom,,,,,,,,,,0.017357,0.012022,0.003638,-0.009859,0.099946,0.000588,0.005887,0.280049,-0.010096,-0.000476,-0.012936,0.010107,1,OK
946686430656,946686430.582138896,odom,,,,,,,,,,0.018998,0.013037,0.005212,0.004397,0.100059,0.001929,0.019283,0.142466,-0.009933,-0.001042,-0.040926,0.009988,1,OK
946686430759,946686430.682121158,odom,,,,,,,,,,0.017297,0.012755,0.004469,0.022761,0.099982,0.001724,0.017244,0.183673,-0.011575,-0.000027,-0.026671,0.011575,1,OK
946686430865,946686430.782098651,odom,,,,,,,,,,0.016241,0.013860,0.005542,0.001192,0.099977,0.001529,0.015290,0.215730,-0.009874,-0.000309,-0.008307,0.009878,1,OK
946686430960,946686430.882089496,odom,,,,,,,,,,0.018154,0.015261,0.006031,0.007662,0.099991,0.002371,0.023714,0.064704,-0.008819,0.000798,-0.029875,0.008855,1,OK
946686431054,946686430.981943846,odom,,,,,,,,,,0.018780,0.016121,0.005925,0.023543,0.099854,0.001063,0.010650,0.159043,-0.010732,0.002197,-0.023405,0.010955,1,OK
946686431156,946686431.081143141,odom,,,,,,,,,,0.018657,0.015326,0.007219,-0.020297,0.099199,0.000805,0.008116,0.441944,-0.011359,0.003057,-0.007524,0.011763,1,OK
946686431263,946686431.182196736,odom,,,,,,,,,,0.017134,0.014292,0.007996,-0.001796,0.101054,0.001840,0.018211,0.183078,-0.011235,0.002261,-0.051365,0.011460,1,OK
946686431334,0.000000000,summary,10.004,200.084,10.004,19968,100.194,0.006,0.010,0.996,0.640,0.017134,0.014292,0.007996,-0.001796,0,0.002803,0.027969,0.441944,-0.009712,0.001228,-0.032864,0.009789,1,OK
946686431355,946686431.282145619,odom,,,,,,,,,,0.018809,0.014960,0.006827,-0.023484,0.099949,0.001803,0.018037,0.216982,-0.009712,0.001228,-0.032864,0.009789,1,OK
946686431473,946686431.382170796,odom,,,,,,,,,,0.019855,0.014572,0.004002,-0.014302,0.100025,0.001116,0.011157,0.091791,-0.011387,0.001896,-0.054551,0.011543,1,OK
946686431567,946686431.482058287,odom,,,,,,,,,,0.019811,0.013661,0.004598,-0.005144,0.099887,0.000912,0.009129,0.091682,-0.012433,0.001507,-0.045370,0.012524,1,OK
946686431659,946686431.582112312,odom,,,,,,,,,,0.016796,0.013723,0.004251,0.022323,0.100054,0.003015,0.030133,0.274528,-0.012388,0.000596,-0.036212,0.012402,1,OK
946686431759,946686431.682147741,odom,,,,,,,,,,0.018039,0.012546,0.004295,-0.009717,0.100035,0.001711,0.017104,0.320294,-0.009374,0.000660,-0.008744,0.009397,1,OK
946686431891,946686431.781318188,odom,,,,,,,,,,0.018891,0.013421,0.005616,-0.014150,0.099170,0.001221,0.012314,0.044695,-0.010616,-0.000518,-0.040785,0.010628,1,OK
946686431956,946686431.882114887,odom,,,,,,,,,,0.017363,0.013598,0.006028,-0.004793,0.100797,0.001538,0.015256,0.092832,-0.011468,0.000357,-0.045217,0.011473,1,OK
946686432072,946686431.981972933,odom,,,,,,,,,,0.018173,0.014772,0.004763,0.007276,0.099858,0.001426,0.014285,0.120858,-0.009940,0.000534,-0.035860,0.009955,1,OK
946686432154,946686432.082174063,odom,,,,,,,,,,0.017803,0.015588,0.004634,-0.024631,0.100201,0.000896,0.008942,0.318430,-0.010751,0.001708,-0.023792,0.010886,1,OK
946686432262,946686432.182154655,odom,,,,,,,,,,0.019321,0.014991,0.005133,-0.013913,0.099981,0.001631,0.016317,0.107203,-0.010381,0.002524,-0.055699,0.010684,1,OK
946686432334,0.000000000,summary,10.004,200.071,10.004,19968,100.245,0.006,0.010,0.998,0.783,0.019321,0.014991,0.005133,-0.013913,0,0.003015,0.030133,0.320294,-0.011899,0.001926,-0.044980,0.012054,1,OK
946686432355,946686432.282105446,odom,,,,,,,,,,0.019133,0.014036,0.004815,-0.011818,0.099951,0.000973,0.009734,0.020955,-0.011899,0.001926,-0.044980,0.012054,1,OK
946686432461,946686432.382228494,odom,,,,,,,,,,0.016727,0.013901,0.003914,0.018907,0.100123,0.002410,0.024067,0.306872,-0.011710,0.000972,-0.042886,0.011751,1,OK
946686432560,946686432.482150435,odom,,,,,,,,,,0.018265,0.013263,0.005062,0.002382,0.099922,0.001666,0.016670,0.165378,-0.009304,0.000838,-0.012161,0.009342,1,OK
946686432669,946686432.582105398,odom,,,,,,,,,,0.018077,0.014188,0.006092,-0.005173,0.099955,0.000944,0.009442,0.075585,-0.010843,0.000199,-0.028686,0.010844,1,OK
946686432759,946686432.682198167,odom,,,,,,,,,,0.019194,0.014175,0.006998,-0.009221,0.100093,0.001117,0.011160,0.040435,-0.010654,0.001124,-0.036241,0.010714,1,OK
946686432854,946686432.782186508,odom,,,,,,,,,,0.017621,0.015077,0.006069,0.002314,0.099988,0.001813,0.018131,0.115356,-0.011771,0.001110,-0.040288,0.011824,1,OK
946686432956,946686432.882172585,odom,,,,,,,,,,0.018138,0.014756,0.005569,-0.008509,0.099986,0.000608,0.006085,0.108238,-0.010200,0.002013,-0.028754,0.010396,1,OK
946686433067,946686432.982225299,odom,,,,,,,,,,0.018075,0.012676,0.005086,-0.028288,0.100053,0.002080,0.020791,0.197694,-0.010716,0.001692,-0.039576,0.010849,1,OK
946686433166,946686433.082145452,odom,,,,,,,,,,0.018836,0.011489,0.005499,-0.027240,0.099920,0.001411,0.014117,0.010488,-0.010652,-0.000387,-0.059356,0.010659,1,OK
946686433259,946686433.182104826,odom,,,,,,,,,,0.018102,0.012906,0.006502,0.021310,0.099959,0.001596,0.015971,0.485701,-0.011412,-0.001575,-0.058308,0.011520,1,OK
946686433333,0.000000000,summary,10.004,200.081,10.004,20064,100.362,0.006,0.006,1.003,0.675,0.018102,0.012906,0.006502,0.021310,0,0.002410,0.024067,0.485701,-0.010679,-0.000157,-0.009758,0.010680,1,OK
946686433367,946686433.282250166,odom,,,,,,,,,,0.017602,0.012970,0.007534,-0.014525,0.100145,0.000504,0.005030,0.357830,-0.010679,-0.000157,-0.009758,0.010680,1,OK
946686433454,946686433.382125020,odom,,,,,,,,,,0.018422,0.011808,0.006631,-0.012546,0.099875,0.001422,0.014238,0.019817,-0.010179,-0.000093,-0.045593,0.010180,1,OK
946686433559,946686433.482273579,odom,,,,,,,,,,0.017646,0.013027,0.005997,-0.011023,0.100149,0.001445,0.014428,0.015210,-0.010998,-0.001256,-0.043613,0.011070,1,OK
946686433656,946686433.582225561,odom,,,,,,,,,,0.018450,0.014050,0.006253,-0.015320,0.099952,0.001301,0.013016,0.042992,-0.010223,-0.000036,-0.042090,0.010223,1,OK
946686433759,946686433.682201147,odom,,,,,,,,,,0.018741,0.015153,0.006305,-0.009882,0.099976,0.001140,0.011405,0.054391,-0.011028,0.000986,-0.046387,0.011072,1,OK
946686433868,946686433.782135844,odom,,,,,,,,,,0.016892,0.014785,0.006271,0.004403,0.099935,0.001885,0.018861,0.142943,-0.011319,0.002088,-0.040950,0.011510,1,OK
946686433964,946686433.882215261,odom,,,,,,,,,,0.016436,0.014112,0.005909,-0.028818,0.100079,0.000813,0.008123,0.331944,-0.009470,0.001721,-0.026665,0.009625,1,OK
946686434062,946686433.982167482,odom,,,,,,,,,,0.016166,0.011672,0.006306,-0.004196,0.099952,0.002455,0.024560,0.246335,-0.009014,0.001049,-0.059885,0.009074,1,OK
946686434163,946686434.082150459,odom,,,,,,,,,,0.018043,0.012076,0.006005,-0.005746,0.099983,0.001920,0.019201,0.015499,-0.008743,-0.001391,-0.035264,0.008852,1,OK
946686434255,946686434.182179809,odom,,,,,,,,,,0.019867,0.012763,0.005381,-0.023370,0.100029,0.001949,0.019489,0.176194,-0.010619,-0.000988,-0.036813,0.010665,1,OK
946686434336,0.000000000,summary,9.976,195.536,9.976,19392,102.236,0.010,0.014,1.005,0.584,0.019867,0.012763,0.005381,-0.023370,0,0.002455,0.024560,0.357830,-0.012444,-0.000302,-0.054438,0.012448,1,OK
946686434389,946686434.284192443,odom,,,,,,,,,,0.019489,0.012784,0.005201,0.003692,0.102013,0.000379,0.003718,0.265283,-0.012444,-0.000302,-0.054438,0.012448,1,OK
946686434457,946686434.382090569,odom,,,,,,,,,,0.018543,0.013295,0.004991,0.009466,0.097898,0.001075,0.010985,0.058986,-0.012066,-0.000281,-0.027376,0.012069,1,OK
946686434559,946686434.482104301,odom,,,,,,,,,,0.019758,0.014028,0.005017,-0.029482,0.100014,0.001419,0.014189,0.389429,-0.011120,0.000231,-0.021601,0.011122,1,OK
946686434665,946686434.582206011,odom,,,,,,,,,,0.020485,0.016069,0.005346,0.007483,0.100102,0.002167,0.021647,0.369276,-0.012336,0.000963,-0.060549,0.012373,1,OK
946686434766,946686434.682163715,odom,,,,,,,,,,0.019753,0.014669,0.006143,-0.020143,0.099958,0.001580,0.015803,0.276379,-0.013063,0.003004,-0.023584,0.013404,1,OK
946686434866,946686434.782200813,odom,,,,,,,,,,0.019726,0.015090,0.005974,0.015319,0.100037,0.000422,0.004219,0.354484,-0.012331,0.001604,-0.051210,0.012435,1,OK
946686434956,946686434.882215261,odom,,,,,,,,,,0.019763,0.015171,0.006331,-0.002481,0.100014,0.000089,0.000889,0.177968,-0.012304,0.002025,-0.015749,0.012470,1,OK
946686435055,946686434.982195258,odom,,,,,,,,,,0.020333,0.014909,0.006485,-0.031627,0.099980,0.000627,0.006276,0.291520,-0.012341,0.002106,-0.033548,0.012519,1,OK
946686435166,946686435.082179189,odom,,,,,,,,,,0.018801,0.013187,0.006371,-0.022467,0.099984,0.002306,0.023059,0.091615,-0.012911,0.001844,-0.062694,0.013042,1,OK
946686435262,946686435.182151437,odom,,,,,,,,,,0.019481,0.012594,0.006043,-0.006706,0.099972,0.000902,0.009023,0.157653,-0.011378,0.000122,-0.053534,0.011379,1,OK
946686435333,0.000000000,summary,10.030,204.605,10.030,19968,100.240,0.006,0.010,1.008,0.645,0.019481,0.012594,0.006043,-0.006706,0,0.002306,0.023059,0.389429,-0.012058,-0.000470,-0.037773,0.012067,1,OK
946686435368,946686435.282145262,odom,,,,,,,,,,0.018834,0.013138,0.006437,-0.035922,0.099994,0.000846,0.008457,0.292178,-0.012058,-0.000470,-0.037773,0.012067,1,OK
946686435461,946686435.382264733,odom,,,,,,,,,,0.018836,0.013042,0.005573,-0.027019,0.100119,0.000096,0.000956,0.088919,-0.011411,0.000074,-0.066989,0.011411,1,OK
946686435554,946686435.481807828,odom,,,,,,,,,,0.019035,0.012095,0.005482,-0.058998,0.099543,0.000968,0.009722,0.321256,-0.011413,-0.000022,-0.058087,0.011413,1,OK
946686435670,946686435.582232594,odom,,,,,,,,,,0.016560,0.013569,0.003917,0.015356,0.100425,0.002881,0.028685,0.740399,-0.011611,-0.000969,-0.090066,0.011652,1,OK
946686435760,946686435.682240367,odom,,,,,,,,,,0.017133,0.014907,0.006020,0.007961,0.100008,0.001455,0.014552,0.073942,-0.009137,0.000506,-0.015711,0.009152,1,OK
946686435867,946686435.782175303,odom,,,,,,,,,,0.018475,0.014635,0.007375,-0.027383,0.099935,0.001369,0.013702,0.353677,-0.009711,0.001844,-0.023106,0.009885,1,OK
946686435963,946686435.882187963,odom,,,,,,,,,,0.017329,0.015206,0.006193,-0.002023,0.100013,0.001281,0.012805,0.253566,-0.011053,0.001571,-0.058451,0.011164,1,OK
946686436062,946686435.982210040,odom,,,,,,,,,,0.019102,0.013752,0.005747,-0.026562,0.100022,0.002293,0.022925,0.245330,-0.009907,0.002143,-0.033091,0.010136,1,OK
946686436173,946686436.082159758,odom,,,,,,,,,,0.019521,0.013358,0.005582,-0.021091,0.099950,0.000575,0.005753,0.054734,-0.011679,0.000688,-0.057630,0.011700,1,OK
946686436259,946686436.182131290,odom,,,,,,,,,,0.020525,0.014144,0.006093,-0.008502,0.099972,0.001275,0.012752,0.125928,-0.012098,0.000293,-0.052159,0.012101,1,OK
946686436333,0.000000000,summary,10.004,200.075,10.004,19968,100.197,0.006,0.006,0.997,0.756,0.020525,0.014144,0.006093,-0.008502,0,0.002881,0.028685,0.740399,-0.013102,0.001078,-0.039570,0.013147,1,OK
946686436365,946686436.282086968,odom,,,,,,,,,,0.020702,0.014030,0.005154,-0.027909,0.099956,0.000210,0.002103,0.194160,-0.013102,0.001078,-0.039570,0.013147,1,OK
946686436461,946686436.381998539,odom,,,,,,,,,,0.019471,0.014134,0.004501,-0.018725,0.099912,0.001235,0.012364,0.091926,-0.013279,0.000965,-0.058977,0.013314,1,OK
946686436568,946686436.481929779,odom,,,,,,,,,,0.019392,0.014642,0.005019,-0.023329,0.099931,0.000514,0.005143,0.046073,-0.012048,0.001069,-0.049793,0.012096,1,OK
946686436663,946686436.582247138,odom,,,,,,,,,,0.019680,0.015235,0.004787,-0.023863,0.100317,0.000660,0.006577,0.005323,-0.011970,0.001577,-0.054397,0.012073,1,OK
946686436771,946686436.682193518,odom,,,,,,,,,,0.018151,0.013675,0.005089,-0.027176,0.099946,0.002185,0.021862,0.033144,-0.012259,0.002170,-0.054931,0.012449,1,OK
946686436871,946686436.782184839,odom,,,,,,,,,,0.018093,0.014090,0.005541,0.002169,0.099991,0.000420,0.004197,0.293468,-0.010728,0.000611,-0.058243,0.010746,1,OK
946686436973,946686436.882185340,odom,,,,,,,,,,0.018182,0.013973,0.004516,0.008406,0.100001,0.000147,0.001472,0.062377,-0.010671,0.001027,-0.028899,0.010720,1,OK
946686437067,946686436.982175112,odom,,,,,,,,,,0.018161,0.013744,0.003602,-0.024459,0.099990,0.000229,0.002295,0.328685,-0.010759,0.000909,-0.022661,0.010798,1,OK
946686437161,946686437.082177758,odom,,,,,,,,,,0.017799,0.014521,0.005072,-0.004542,0.100003,0.000857,0.008569,0.199162,-0.010738,0.000680,-0.055526,0.010760,1,OK
946686437265,946686437.182255149,odom,,,,,,,,,,0.018990,0.014022,0.005465,-0.012648,0.100077,0.001291,0.012900,0.080991,-0.010377,0.001457,-0.035610,0.010479,1,OK
946686437333,0.000000000,summary,10.003,200.065,10.003,19968,100.106,0.006,0.006,1.006,0.588,0.018990,0.014022,0.005465,-0.012648,0,0.002185,0.021862,0.328685,-0.011567,0.000957,-0.043715,0.011607,1,OK
946686437367,946686437.282037258,odom,,,,,,,,,,0.020469,0.013128,0.004988,-0.007459,0.099782,0.001728,0.017320,0.051994,-0.011567,0.000957,-0.043715,0.011607,1,OK
946686437463,946686437.382201672,odom,,,,,,,,,,0.016703,0.013979,0.004843,0.005403,0.100164,0.003861,0.038544,0.128414,-0.013046,0.000063,-0.038527,0.013046,1,OK
946686437563,946686437.482198715,odom,,,,,,,,,,0.017323,0.014940,0.005342,-0.000642,0.099997,0.001143,0.011432,0.060450,-0.009281,0.000916,-0.025665,0.009326,1,OK
946686437662,946686437.582157254,odom,,,,,,,,,,0.019356,0.015026,0.004289,-0.012407,0.099959,0.002035,0.020357,0.117706,-0.009901,0.001876,-0.031709,0.010077,1,OK
946686437769,946686437.682145119,odom,,,,,,,,,,0.019292,0.015377,0.005794,-0.001039,0.099988,0.000357,0.003573,0.113694,-0.011934,0.001961,-0.043475,0.012094,1,OK
946686437864,946686437.782266617,odom,,,,,,,,,,0.017856,0.013237,0.006801,-0.016955,0.100121,0.002578,0.025746,0.158966,-0.011871,0.002313,-0.032107,0.012094,1,OK
946686437963,946686437.882182479,odom,,,,,,,,,,0.018757,0.013152,0.007147,-0.004823,0.099916,0.000906,0.009064,0.121427,-0.010433,0.000173,-0.048023,0.010434,1,OK
946686438067,946686437.982282758,odom,,,,,,,,,,0.018118,0.011950,0.004508,-0.011185,0.100100,0.001362,0.013604,0.063555,-0.011335,0.000088,-0.035891,0.011335,1,OK
946686438161,946686438.082250476,odom,,,,,,,,,,0.018964,0.012255,0.005050,-0.000905,0.099968,0.000899,0.008996,0.102835,-0.010694,-0.001114,-0.042252,0.010752,1,OK
946686438260,946686438.182129502,odom,,,,,,,,,,0.018868,0.013574,0.006009,-0.014380,0.099879,0.001322,0.013240,0.134912,-0.011540,-0.000810,-0.031972,0.011569,1,OK
946686438334,0.000000000,summary,10.003,200.059,10.003,19968,100.278,0.006,0.006,0.993,0.640,0.018868,0.013574,0.006009,-0.014380,0,0.003861,0.038544,0.158966,-0.011446,0.000509,-0.045447,0.011457,1,OK
946686438360,946686438.282147050,odom,,,,,,,,,,0.018104,0.013551,0.003758,-0.030489,0.100018,0.000764,0.007642,0.161064,-0.011446,0.000509,-0.045447,0.011457,1,OK
946686438461,946686438.382094264,odom,,,,,,,,,,0.018610,0.014670,0.003831,-0.026711,0.099947,0.001229,0.012294,0.037801,-0.010682,0.000487,-0.061556,0.010693,1,OK
946686438565,946686438.482178926,odom,,,,,,,,,,0.020732,0.015084,0.004567,-0.024985,0.100085,0.002162,0.021598,0.017241,-0.011188,0.001606,-0.057778,0.011303,1,OK
946686438668,946686438.582230806,odom,,,,,,,,,,0.019506,0.014601,0.005561,-0.001842,0.100052,0.001317,0.013162,0.231313,-0.013310,0.002018,-0.056053,0.013462,1,OK
946686438762,946686438.682198644,odom,,,,,,,,,,0.018782,0.014379,0.005056,-0.035681,0.099968,0.000758,0.007580,0.338504,-0.012084,0.001537,-0.032909,0.012182,1,OK
946686438867,946686438.782161593,odom,,,,,,,,,,0.017484,0.013682,0.005429,-0.014198,0.099963,0.001473,0.014738,0.214918,-0.011360,0.001315,-0.066749,0.011436,1,OK
946686438970,946686438.882176518,odom,,,,,,,,,,0.018774,0.014403,0.006571,0.005067,0.100015,0.001478,0.014775,0.192620,-0.010061,0.000619,-0.045265,0.010080,1,OK
946686439073,946686438.982277513,odom,,,,,,,,,,0.019738,0.014141,0.006492,-0.034798,0.100101,0.000999,0.009980,0.398255,-0.011352,0.001338,-0.026000,0.011430,1,OK
946686439174,946686439.082214117,odom,,,,,,,,,,0.019177,0.014604,0.006982,-0.006909,0.099937,0.000727,0.007278,0.279074,-0.012316,0.001076,-0.065866,0.012363,1,OK
946686439268,946686439.182070971,odom,,,,,,,,,,0.019498,0.013978,0.007041,-0.039974,0.099857,0.000703,0.007043,0.331123,-0.011755,0.001539,-0.037976,0.011855,1,OK
946686439333,0.000000000,summary,10.004,200.076,10.004,19968,99.380,0.005,0.006,1.004,0.548,0.019498,0.013978,0.007041,-0.039974,0,0.002162,0.021598,0.398255,-0.012076,0.000913,-0.071041,0.012110,1,OK
946686439360,946686439.282234311,odom,,,,,,,,,,0.019172,0.014038,0.005928,-0.026742,0.100163,0.000332,0.003312,0.132100,-0.012076,0.000913,-0.071041,0.012110,1,OK
946686439462,946686439.382165551,odom,,,,,,,,,,0.020900,0.014287,0.004417,-0.005561,0.099931,0.001746,0.017470,0.211953,-0.011750,0.000973,-0.057810,0.011790,1,OK
946686439569,946686439.482128382,odom,,,,,,,,,,0.020680,0.013458,0.005051,-0.045156,0.099963,0.000857,0.008578,0.396090,-0.013478,0.001221,-0.036629,0.013533,1,OK
946686439663,946686439.582260251,odom,,,,,,,,,,0.020566,0.012724,0.005257,-0.016849,0.100132,0.000743,0.007418,0.282690,-0.013257,0.000393,-0.076223,0.013263,1,OK
946686439762,946686439.682227015,odom,,,,,,,,,,0.021548,0.012261,0.004075,-0.018372,0.099967,0.001085,0.010854,0.015233,-0.013143,-0.000341,-0.047917,0.013148,1,OK
946686439865,946686439.782196760,odom,,,,,,,,,,0.020924,0.012941,0.005933,-0.000259,0.099970,0.000923,0.009228,0.181188,-0.014124,-0.000805,-0.049440,0.014147,1,OK
946686439968,946686439.882257819,odom,,,,,,,,,,0.019255,0.013267,0.005896,-0.002681,0.100061,0.001701,0.017000,0.024211,-0.013501,-0.000125,-0.031326,0.013502,1,OK
946686440062,946686439.982203245,odom,,,,,,,,,,0.020015,0.014689,0.005618,0.009589,0.099945,0.001612,0.016130,0.122773,-0.011832,0.000203,-0.033749,0.011834,1,OK
946686440163,946686440.082192659,odom,,,,,,,,,,0.018650,0.014856,0.004467,0.009155,0.099989,0.001375,0.013753,0.004342,-0.012593,0.001624,-0.021478,0.012697,1,OK
946686440265,946686440.181979775,odom,,,,,,,,,,0.018635,0.015329,0.006026,0.002672,0.099787,0.000474,0.004747,0.064971,-0.011228,0.001791,-0.021912,0.011370,1,OK
946686440333,0.000000000,summary,10.003,200.068,10.003,19968,100.163,0.006,0.006,1.001,0.697,0.018635,0.015329,0.006026,0.002672,0,0.001746,0.017470,0.396090,-0.011214,0.002265,-0.028396,0.011440,1,OK
946686440366,946686440.282132983,odom,,,,,,,,,,0.017377,0.014030,0.006327,-0.000506,0.100153,0.001809,0.018059,0.031731,-0.011214,0.002265,-0.028396,0.011440,1,OK
946686440462,946686440.381785393,odom,,,,,,,,,,0.017989,0.014660,0.006008,-0.017841,0.099652,0.000879,0.008817,0.173954,-0.009954,0.000966,-0.031574,0.010001,1,OK
946686440568,946686440.482275844,odom,,,,,,,,,,0.018704,0.012725,0.006060,-0.013665,0.100490,0.002063,0.020528,0.041556,-0.010567,0.001596,-0.048909,0.010687,1,OK
946686440662,946686440.582257152,odom,,,,,,,,,,0.019159,0.012774,0.006765,-0.015366,0.099981,0.000458,0.004581,0.017013,-0.011281,-0.000339,-0.044733,0.011286,1,OK
946686440761,946686440.682227612,odom,,,,,,,,,,0.020418,0.011801,0.005254,-0.040595,0.099970,0.001591,0.015910,0.252364,-0.011736,-0.000291,-0.046434,0.011740,1,OK
946686440869,946686440.782223463,odom,,,,,,,,,,0.021622,0.011333,0.003343,-0.002712,0.099996,0.001292,0.012924,0.378846,-0.012994,-0.001264,-0.071663,0.013055,1,OK
946686440967,946686440.882236958,odom,,,,,,,,,,0.022378,0.012007,0.003720,-0.041547,0.100013,0.001013,0.010125,0.388298,-0.014198,-0.001733,-0.033780,0.014304,1,OK
946686441066,946686440.982190609,odom,,,,,,,,,,0.023418,0.013100,0.004200,-0.026900,0.099954,0.001508,0.015091,0.146539,-0.014954,-0.001059,-0.072615,0.014992,1,OK
946686441170,946686441.082142234,odom,,,,,,,,,,0.021179,0.012766,0.005059,-0.029854,0.099952,0.002264,0.022651,0.029555,-0.015995,0.000033,-0.057967,0.015995,1,OK
946686441264,946686441.181723833,odom,,,,,,,,,,0.018729,0.014525,0.006238,0.001449,0.099582,0.003016,0.030284,0.314347,-0.013755,-0.000300,-0.060922,0.013759,1,OK
946686441333,0.000000000,summary,10.003,200.052,10.003,19968,100.311,0.006,0.006,0.999,0.668,0.018729,0.014525,0.006238,0.001449,0,0.003016,0.030284,0.388298,-0.011307,0.001461,-0.029618,0.011401,1,OK
946686441372,946686441.282052398,odom,,,,,,,,,,0.019525,0.016434,0.006788,-0.011998,0.100329,0.002068,0.020614,0.134033,-0.011307,0.001461,-0.029618,0.011401,1,OK
946686441462,946686441.382282972,odom,,,,,,,,,,0.018573,0.015325,0.005737,-0.001776,0.100231,0.001461,0.014577,0.101988,-0.012104,0.003369,-0.043066,0.012564,1,OK
946686441563,946686441.482225537,odom,,,,,,,,,,0.018323,0.016602,0.006709,-0.008486,0.099943,0.001301,0.013020,0.067136,-0.011151,0.002261,-0.032844,0.011378,1,OK
946686441664,946686441.582178473,odom,,,,,,,,,,0.018642,0.017033,0.006817,-0.027094,0.099953,0.000536,0.005366,0.186173,-0.010902,0.003538,-0.039553,0.011462,1,OK
946686441754,946686441.682281256,odom,,,,,,,,,,0.018261,0.017112,0.007118,-0.026424,0.100103,0.000390,0.003893,0.006699,-0.011222,0.003969,-0.058162,0.011903,1,OK
946686441865,946686441.782217145,odom,,,,,,,,,,0.020835,0.015176,0.004602,-0.023809,0.099936,0.003221,0.032228,0.026161,-0.010840,0.004048,-0.057491,0.011571,1,OK
946686441975,946686441.882228851,odom,,,,,,,,,,0.022766,0.012992,0.005920,-0.067026,0.100012,0.002915,0.029149,0.432116,-0.013413,0.002111,-0.054877,0.013578,1,OK
946686442061,946686441.982263684,odom,,,,,,,,,,0.021787,0.013272,0.005588,-0.034323,0.100035,0.001018,0.010179,0.326917,-0.015343,-0.000074,-0.098093,0.015343,1,OK
946686442161,946686442.081880927,odom,,,,,,,,,,0.020338,0.013792,0.005230,-0.016556,0.099617,0.001539,0.015450,0.178354,-0.014364,0.000206,-0.065390,0.014365,1,OK
946686442266,946686442.182195544,odom,,,,,,,,,,0.018935,0.014396,0.005192,-0.012826,0.100315,0.001528,0.015231,0.037182,-0.012916,0.000727,-0.047623,0.012936,1,OK
946686442333,0.000000000,summary,10.004,200.070,10.004,19968,99.370,0.006,0.006,1.010,0.628,0.018935,0.014396,0.005192,-0.012826,0,0.003221,0.032228,0.432116,-0.011513,0.001332,-0.043893,0.011589,1,OK
946686442363,946686442.282242894,odom,,,,,,,,,,0.019176,0.013238,0.005938,-0.037122,0.100047,0.001184,0.011830,0.242849,-0.011513,0.001332,-0.043893,0.011589,1,OK
946686442471,946686442.382216334,odom,,,,,,,,,,0.018952,0.012910,0.005689,-0.048704,0.099973,0.000397,0.003968,0.115845,-0.011754,0.000173,-0.068190,0.011755,1,OK
946686442566,946686442.482187986,odom,,,,,,,,,,0.020205,0.013958,0.005485,-0.021664,0.099972,0.001633,0.016334,0.270468,-0.011529,-0.000154,-0.079771,0.011530,1,OK
946686442667,946686442.582284808,odom,,,,,,,,,,0.019502,0.015834,0.004303,-0.004103,0.100097,0.002004,0.020016,0.175446,-0.012782,0.000893,-0.052732,0.012814,1,OK
946686442761,946686442.682229638,odom,,,,,,,,,,0.019116,0.014547,0.003964,-0.032328,0.099945,0.001344,0.013445,0.282405,-0.012081,0.002770,-0.035170,0.012394,1,OK
946686442871,946686442.782315731,odom,,,,,,,,,,0.019826,0.014093,0.004696,-0.025765,0.100086,0.000843,0.008427,0.065573,-0.011694,0.001483,-0.063395,0.011787,1,OK
946686442966,946686442.882160664,odom,,,,,,,,,,0.020181,0.014749,0.004670,-0.045223,0.099845,0.000746,0.007469,0.194880,-0.012404,0.001028,-0.056832,0.012447,1,OK
946686443067,946686442.982281327,odom,,,,,,,,,,0.018488,0.014688,0.005401,-0.013032,0.100121,0.001693,0.016914,0.321515,-0.012759,0.001684,-0.076290,0.012869,1,OK
946686443164,946686443.082326174,odom,,,,,,,,,,0.019727,0.014043,0.005956,-0.021943,0.100045,0.001396,0.013958,0.089068,-0.011066,0.001624,-0.044100,0.011185,1,OK
946686443265,946686443.182305694,odom,,,,,,,,,,0.019219,0.014673,0.004774,-0.010702,0.099980,0.000809,0.008096,0.112434,-0.012304,0.000978,-0.053011,0.012343,1,OK
946686443333,0.000000000,summary,10.003,200.062,10.003,19968,100.210,0.006,0.006,0.992,0.421,0.019219,0.014673,0.004774,-0.010702,0,0.002004,0.020016,0.321515,-0.011797,0.001608,-0.041770,0.011906,1,OK
946686443364,946686443.282246113,odom,,,,,,,,,,0.019231,0.014668,0.005887,-0.013702,0.099940,0.000013,0.000125,0.030019,-0.011797,0.001608,-0.041770,0.011906,1,OK
946686443457,946686443.382306337,odom,,,,,,,,,,0.018854,0.015156,0.006067,-0.022774,0.100060,0.000616,0.006161,0.090667,-0.011808,0.001604,-0.044770,0.011917,1,OK
946686443558,946686443.482254386,odom,,,,,,,,,,0.019245,0.015168,0.005579,-0.025547,0.099948,0.000391,0.003916,0.027741,-0.011432,0.002092,-0.053842,0.011622,1,OK
946686443663,946686443.582238555,odom,,,,,,,,,,0.017474,0.014086,0.005078,0.005560,0.099984,0.002075,0.020755,0.311114,-0.011823,0.002104,-0.056615,0.012009,1,OK
946686443763,946686443.682156205,odom,,,,,,,,,,0.016370,0.013726,0.005046,-0.007948,0.099918,0.001162,0.011629,0.135183,-0.010052,0.001022,-0.025508,0.010104,1,OK
946686443862,946686443.782114506,odom,,,,,,,,,,0.017276,0.013075,0.004867,-0.023012,0.099958,0.001116,0.011167,0.150705,-0.008947,0.000663,-0.039015,0.008971,1,OK
946686443969,946686443.882271409,odom,,,,,,,,,,0.017242,0.013463,0.006248,0.007897,0.100157,0.000390,0.003892,0.308601,-0.009853,0.000011,-0.054079,0.009853,1,OK
946686444064,946686443.981777191,odom,,,,,,,,,,0.019331,0.014064,0.006324,-0.012609,0.099506,0.002174,0.021850,0.206074,-0.009819,0.000400,-0.023171,0.009827,1,OK
946686444161,946686444.082281947,odom,,,,,,,,,,0.020603,0.012734,0.005046,-0.053523,0.100505,0.001840,0.018312,0.407086,-0.011909,0.001000,-0.043676,0.011951,1,OK
946686444263,946686444.182242632,odom,,,,,,,,,,0.019123,0.013834,0.003892,-0.004267,0.099961,0.001844,0.018447,0.492756,-0.013180,-0.000332,-0.084591,0.013184,1,OK
946686444333,0.000000000,summary,10.004,200.075,10.004,20064,100.341,0.006,0.006,1.005,0.609,0.019123,0.013834,0.003892,-0.004267,0,0.002174,0.021850,0.492756,-0.011701,0.000770,-0.035334,0.011726,1,OK
946686444371,946686444.282322526,odom,,,,,,,,,,0.018729,0.015340,0.003938,-0.010679,0.100080,0.001557,0.015555,0.064073,-0.011701,0.000770,-0.035334,0.011726,1,OK
946686444460,946686444.382250309,odom,,,,,,,,,,0.019980,0.016420,0.004066,0.000322,0.099928,0.001652,0.016536,0.110094,-0.011308,0.002276,-0.041747,0.011534,1,OK
946686444557,946686444.482183218,odom,,,,,,,,,,0.021025,0.015576,0.004192,0.003491,0.099933,0.001344,0.013447,0.031707,-0.012559,0.003355,-0.030745,0.012999,1,OK
946686444668,946686444.582181573,odom,,,,,,,,,,0.020143,0.015740,0.005467,-0.004195,0.099998,0.000898,0.008980,0.076863,-0.013604,0.002510,-0.027577,0.013833,1,OK
946686444768,946686444.682321310,odom,,,,,,,,,,0.018371,0.014769,0.005432,-0.015523,0.100140,0.002020,0.020173,0.113124,-0.012721,0.002675,-0.035263,0.012999,1,OK
946686444862,946686444.782254457,odom,,,,,,,,,,0.018874,0.013634,0.005338,-0.018178,0.099933,0.001241,0.012420,0.026561,-0.010949,0.001705,-0.046591,0.011081,1,OK
946686444964,946686444.882150650,odom,,,,,,,,,,0.018539,0.012405,0.004264,-0.009677,0.099896,0.001274,0.012753,0.085096,-0.011451,0.000570,-0.049245,0.011465,1,OK
946686445064,946686444.982292533,odom,,,,,,,,,,0.019800,0.012728,0.004659,-0.019860,0.100142,0.001302,0.013002,0.101686,-0.011115,-0.000659,-0.040745,0.011135,1,OK
946686445161,946686445.082321286,odom,,,,,,,,,,0.019583,0.013719,0.004949,-0.023244,0.100029,0.001014,0.010138,0.033828,-0.012377,-0.000337,-0.050928,0.012381,1,OK
946686445270,946686445.182166457,odom,,,,,,,,,,0.017971,0.014177,0.004139,-0.020345,0.099845,0.001676,0.016786,0.029029,-0.012161,0.000654,-0.054311,0.012178,1,OK
946686445333,0.000000000,summary,10.004,200.077,10.004,20064,100.252,0.006,0.006,1.001,0.676,0.017971,0.014177,0.004139,-0.020345,0,0.002020,0.020173,0.113124,-0.010548,0.001113,-0.051413,0.010607,1,OK
946686445367,946686445.282179952,odom,,,,,,,,,,0.018954,0.015572,0.003733,-0.011771,0.100013,0.001707,0.017070,0.085729,-0.010548,0.001113,-0.051413,0.010607,1,OK
946686445466,946686445.382256150,odom,,,,,,,,,,0.017180,0.015907,0.003758,0.017791,0.100076,0.001805,0.018041,0.295398,-0.011533,0.002508,-0.042839,0.011802,1,OK
946686445564,946686445.482253790,odom,,,,,,,,,,0.018861,0.013279,0.004588,-0.026413,0.099998,0.003120,0.031200,0.442047,-0.009759,0.002844,-0.013277,0.010165,1,OK
946686445664,946686445.582178593,odom,,,,,,,,,,0.021142,0.013545,0.005788,-0.045742,0.099925,0.002297,0.022985,0.193437,-0.011438,0.000214,-0.057480,0.011440,1,OK
946686445761,946686445.681461453,odom,,,,,,,,,,0.020916,0.012600,0.005985,-0.038747,0.099283,0.000973,0.009795,0.070455,-0.013720,0.000480,-0.076810,0.013728,1,OK
946686445867,946686445.781955481,odom,,,,,,,,,,0.020703,0.011551,0.006400,-0.035416,0.100494,0.001070,0.010644,0.033143,-0.013493,-0.000466,-0.069815,0.013501,1,OK
946686445962,946686445.882289648,odom,,,,,,,,,,0.019884,0.011974,0.006311,-0.018276,0.100334,0.000922,0.009190,0.170835,-0.013279,-0.001514,-0.066484,0.013365,1,OK
946686446071,946686445.982304215,odom,,,,,,,,,,0.018717,0.013403,0.007032,0.002173,0.100015,0.001845,0.018443,0.204462,-0.012460,-0.001091,-0.049343,0.012508,1,OK
946686446165,946686446.082231045,odom,,,,,,,,,,0.020180,0.014777,0.005522,-0.023545,0.099927,0.002007,0.020086,0.257373,-0.011294,0.000339,-0.028894,0.011300,1,OK
946686446263,946686446.182272792,odom,,,,,,,,,,0.020081,0.015537,0.005451,-0.014546,0.100042,0.000766,0.007657,0.089953,-0.012758,0.001712,-0.054613,0.012873,1,OK
946686446333,0.000000000,summary,10.003,200.060,10.003,19968,100.221,0.006,0.006,1.001,0.628,0.020081,0.015537,0.005451,-0.014546,0,0.003120,0.031200,0.442047,-0.012659,0.002472,-0.045614,0.012898,1,OK
946686446360,946686446.282255054,odom,,,,,,,,,,0.018651,0.015196,0.005746,-0.013446,0.099982,0.001470,0.014699,0.011001,-0.012659,0.002472,-0.045614,0.012898,1,OK
946686446462,946686446.382217884,odom,,,,,,,,,,0.018679,0.014465,0.004386,-0.014862,0.099963,0.000732,0.007322,0.014170,-0.011229,0.002132,-0.044514,0.011430,1,OK
946686446563,946686446.482197523,odom,,,,,,,,,,0.016946,0.014153,0.004557,-0.003716,0.099980,0.001761,0.017609,0.111486,-0.011256,0.001400,-0.045930,0.011343,1,OK
946686446665,946686446.581783652,odom,,,,,,,,,,0.016203,0.014521,0.004870,-0.015041,0.099586,0.000829,0.008324,0.113722,-0.009524,0.001090,-0.034784,0.009586,1,OK
946686446767,946686446.682087302,odom,,,,,,,,,,0.017213,0.014675,0.004890,0.009859,0.100304,0.001021,0.010182,0.248246,-0.008781,0.001459,-0.046109,0.008901,1,OK
946686446866,946686446.782302499,odom,,,,,,,,,,0.019150,0.013865,0.005282,-0.021063,0.100215,0.002099,0.020947,0.308553,-0.009791,0.001612,-0.021209,0.009923,1,OK
946686446965,946686446.882314682,odom,,,,,,,,,,0.020582,0.014018,0.006515,-0.028128,0.100012,0.001440,0.014401,0.070638,-0.011727,0.000801,-0.052131,0.011754,1,OK
946686447071,946686446.982270002,odom,,,,,,,,,,0.018933,0.014757,0.006586,0.014488,0.099955,0.001806,0.018070,0.426351,-0.013159,0.000953,-0.059195,0.013194,1,OK
946686447161,946686447.082350850,odom,,,,,,,,,,0.017729,0.015338,0.005825,0.001537,0.100081,0.001337,0.013360,0.129414,-0.011511,0.001692,-0.016579,0.011635,1,OK
946686447265,946686447.182248354,odom,,,,,,,,,,0.019188,0.014764,0.005725,-0.017812,0.099898,0.001568,0.015694,0.193686,-0.010307,0.002274,-0.029531,0.010555,1,OK
946686447333,0.000000000,summary,10.003,200.059,10.003,19968,100.155,0.006,0.006,1.004,0.676,0.019188,0.014764,0.005725,-0.017812,0,0.002099,0.020947,0.426351,-0.011766,0.001699,-0.048880,0.011888,1,OK
946686447366,946686447.282157898,odom,,,,,,,,,,0.017752,0.014771,0.005518,-0.003428,0.099910,0.001436,0.014371,0.143971,-0.011766,0.001699,-0.048880,0.011888,1,OK
946686447466,946686447.382234216,odom,,,,,,,,,,0.018436,0.013205,0.005558,-0.013904,0.100076,0.001709,0.017076,0.104678,-0.010330,0.001707,-0.034496,0.010470,1,OK
946686447563,946686447.482100010,odom,,,,,,,,,,0.020638,0.012911,0.005762,-0.024205,0.099866,0.002222,0.022250,0.103150,-0.011013,0.000141,-0.044972,0.011014,1,OK
946686447661,946686447.582165718,odom,,,,,,,,,,0.023163,0.012284,0.006160,-0.042900,0.100066,0.002602,0.026001,0.186830,-0.013215,-0.000155,-0.055273,0.013216,1,OK
946686447762,946686447.682326198,odom,,,,,,,,,,0.022287,0.013333,0.004898,-0.027091,0.100160,0.001367,0.013645,0.157843,-0.015740,-0.000783,-0.073968,0.015759,1,OK
946686447866,946686447.782287598,odom,,,,,,,,,,0.021628,0.014498,0.003921,0.016302,0.099961,0.001338,0.013388,0.434090,-0.014864,0.000266,-0.058158,0.014866,1,OK
946686447968,946686447.882187963,odom,,,,,,,,,,0.019969,0.014303,0.004289,-0.032428,0.099900,0.001671,0.016722,0.487779,-0.014206,0.001432,-0.014766,0.014278,1,OK
946686448063,946686447.982296348,odom,,,,,,,,,,0.020662,0.014433,0.004916,-0.042253,0.100108,0.000705,0.007045,0.098145,-0.012547,0.001238,-0.063495,0.012608,1,OK
946686448164,946686448.082231164,odom,,,,,,,,,,0.020722,0.014571,0.004695,-0.047851,0.099935,0.000151,0.001506,0.056015,-0.013240,0.001368,-0.073321,0.013311,1,OK
946686448261,946686448.182234883,odom,,,,,,,,,,0.020791,0.012632,0.005099,-0.021170,0.100004,0.001940,0.019401,0.266799,-0.013300,0.001506,-0.078918,0.013385,1,OK
946686448333,0.000000000,summary,10.003,200.060,10.003,20064,100.295,0.006,0.006,1.000,0.720,0.020791,0.012632,0.005099,-0.021170,0,0.002602,0.026001,0.487779,-0.013368,-0.000433,-0.052237,0.013375,1,OK
946686448362,946686448.282235861,odom,,,,,,,,,,0.020135,0.012119,0.004809,-0.011126,0.100001,0.000833,0.008327,0.100439,-0.013368,-0.000433,-0.052237,0.013375,1,OK
946686448467,946686448.382055163,odom,,,,,,,,,,0.021982,0.013717,0.006385,-0.002765,0.099819,0.002442,0.024463,0.083762,-0.012712,-0.000946,-0.042193,0.012747,1,OK
946686448567,946686448.482007980,odom,,,,,,,,,,0.022144,0.012654,0.004383,-0.026795,0.099953,0.001075,0.010753,0.240412,-0.014559,0.000651,-0.033832,0.014574,1,OK
946686448667,946686448.581954122,odom,,,,,,,,,,0.024291,0.011461,0.005666,-0.062940,0.099946,0.002457,0.024581,0.361647,-0.014721,-0.000412,-0.057862,0.014726,1,OK
946686448766,946686448.682249188,odom,,,,,,,,,,0.022957,0.014375,0.005158,-0.021084,0.100295,0.003206,0.031962,0.417324,-0.016867,-0.001607,-0.094007,0.016944,1,OK
946686448876,946686448.782295346,odom,,,,,,,,,,0.022900,0.013952,0.005877,-0.055310,0.100046,0.000427,0.004270,0.342094,-0.015534,0.001309,-0.052152,0.015589,1,OK
946686448965,946686448.882358551,odom,,,,,,,,,,0.021351,0.013192,0.005616,-0.010653,0.100063,0.001726,0.017245,0.446285,-0.015477,0.000885,-0.086377,0.015503,1,OK
946686449067,946686448.982266426,odom,,,,,,,,,,0.020518,0.012901,0.005791,-0.030005,0.099908,0.000882,0.008827,0.193705,-0.013928,0.000126,-0.041720,0.013928,1,OK
946686449162,946686449.082196236,odom,,,,,,,,,,0.020262,0.015347,0.005512,-0.017589,0.099930,0.002459,0.024605,0.124255,-0.013095,-0.000164,-0.061073,0.013096,1,OK
946686449263,946686449.182320595,odom,,,,,,,,,,0.017952,0.014786,0.005493,0.003635,0.100124,0.002377,0.023742,0.211969,-0.012840,0.002282,-0.048656,0.013042,1,OK
946686449333,0.000000000,summary,10.004,200.075,10.004,19968,100.188,0.006,0.006,1.006,1.098,0.017952,0.014786,0.005493,0.003635,0,0.003206,0.031962,0.446285,-0.010530,0.001722,-0.027433,0.010670,1,OK
946686449369,946686449.282235980,odom,,,,,,,,,,0.016695,0.012920,0.005170,-0.018914,0.099915,0.002249,0.022513,0.225680,-0.010530,0.001722,-0.027433,0.010670,1,OK
946686449461,946686449.381488442,odom,,,,,,,,,,0.018315,0.013118,0.005993,-0.012744,0.099252,0.001631,0.016435,0.062165,-0.009272,-0.000143,-0.049982,0.009274,1,OK
946686449567,946686449.482256532,odom,,,,,,,,,,0.018358,0.013806,0.005128,-0.013976,0.100768,0.000690,0.006844,0.012219,-0.010892,0.000054,-0.043812,0.010892,1,OK
946686449667,946686449.582311511,odom,,,,,,,,,,0.018609,0.012529,0.005891,-0.011884,0.100055,0.001302,0.013010,0.020901,-0.010936,0.000742,-0.045043,0.010961,1,OK
946686449764,946686449.682323813,odom,,,,,,,,,,0.019709,0.014957,0.005870,-0.005243,0.100012,0.002666,0.026657,0.066407,-0.011186,-0.000536,-0.042952,0.011199,1,OK
946686449865,946686449.782338381,odom,,,,,,,,,,0.019491,0.016861,0.006023,-0.003282,0.100015,0.001917,0.019166,0.019607,-0.012287,0.001892,-0.036310,0.012432,1,OK
946686449970,946686449.882306218,odom,,,,,,,,,,0.019525,0.014454,0.004718,-0.030753,0.099968,0.002408,0.024086,0.274801,-0.012070,0.003797,-0.034349,0.012653,1,OK
946686450063,946686449.982363462,odom,,,,,,,,,,0.019884,0.015472,0.004440,-0.016138,0.100057,0.001080,0.010792,0.146069,-0.012102,0.001389,-0.061821,0.012182,1,OK
946686450165,946686450.082344294,odom,,,,,,,,,,0.022181,0.017314,0.004654,-0.007821,0.099981,0.002945,0.029452,0.083185,-0.012462,0.002407,-0.047205,0.012692,1,OK
946686450264,946686450.182279944,odom,,,,,,,,,,0.021694,0.016894,0.004204,0.006046,0.099936,0.000643,0.006436,0.138758,-0.014760,0.004248,-0.038888,0.015359,1,OK
946686450333,0.000000000,summary,10.003,200.067,10.003,20064,100.338,0.006,0.006,0.993,0.739,0.021694,0.016894,0.004204,0.006046,0,0.002945,0.029452,0.274801,-0.014273,0.003828,-0.025022,0.014778,1,OK
946686450363,946686450.282259941,odom,,,,,,,,,,0.020449,0.014628,0.005349,-0.017694,0.099980,0.002585,0.025859,0.237452,-0.014273,0.003828,-0.025022,0.014778,1,OK
946686450462,946686450.382275105,odom,,,,,,,,,,0.020964,0.015392,0.005491,-0.011312,0.100015,0.000921,0.009213,0.063814,-0.013027,0.001563,-0.048762,0.013121,1,OK
946686450556,946686450.482079387,odom,,,,,,,,,,0.021206,0.014396,0.005693,-0.034317,0.099804,0.001025,0.010274,0.230501,-0.013542,0.002327,-0.042380,0.013741,1,OK
946686450667,946686450.582348824,odom,,,,,,,,,,0.021195,0.014579,0.005384,-0.017028,0.100269,0.000183,0.001830,0.172430,-0.013783,0.001330,-0.065385,0.013847,1,OK
946686450761,946686450.682354569,odom,,,,,,,,,,0.021090,0.014752,0.006111,-0.035726,0.100006,0.000202,0.002020,0.186970,-0.013773,0.001514,-0.048095,0.013856,1,OK
946686450864,946686450.782278776,odom,,,,,,,,,,0.021708,0.013581,0.005822,-0.049622,0.099924,0.001323,0.013244,0.139069,-0.013668,0.001686,-0.066793,0.013772,1,OK
946686450961,946686450.882227659,odom,,,,,,,,,,0.021520,0.013149,0.004762,-0.032920,0.099949,0.000472,0.004718,0.167104,-0.014286,0.000516,-0.080690,0.014295,1,OK
946686451064,946686450.982298136,odom,,,,,,,,,,0.021969,0.011843,0.005777,-0.041180,0.100070,0.001381,0.013797,0.082538,-0.014097,0.000083,-0.063988,0.014098,1,OK
946686451161,946686451.082287073,odom,,,,,,,,,,0.022882,0.012558,0.005869,-0.025350,0.099989,0.001160,0.011596,0.158315,-0.014546,-0.001223,-0.072248,0.014597,1,OK
946686451255,946686451.182271123,odom,,,,,,,,,,0.021825,0.012500,0.003303,-0.041035,0.099984,0.001059,0.010591,0.156869,-0.015459,-0.000508,-0.056418,0.015467,1,OK
946686451333,0.000000000,summary,10.004,200.075,10.004,20064,100.284,0.006,0.006,1.009,0.734,0.021825,0.012500,0.003303,-0.041035,0,0.002585,0.025859,0.237452,-0.014402,-0.000566,-0.072102,0.014413,1,OK
946686451367,946686451.282073379,odom,,,,,,,,,,0.020323,0.013119,0.004347,-0.014296,0.099802,0.001624,0.016274,0.267919,-0.014402,-0.000566,-0.072102,0.014413,1,OK
946686451461,946686451.382151842,odom,,,,,,,,,,0.020193,0.014178,0.005677,-0.012695,0.100078,0.001067,0.010660,0.015995,-0.012900,0.000054,-0.045363,0.012900,1,OK
946686451558,946686451.481838346,odom,,,,,,,,,,0.018565,0.013523,0.005087,-0.007989,0.099687,0.001754,0.017598,0.047210,-0.012770,0.001113,-0.043763,0.012819,1,OK
946686451669,946686451.582361698,odom,,,,,,,,,,0.019733,0.013352,0.005230,-0.010459,0.100523,0.001181,0.011746,0.024569,-0.011142,0.000459,-0.039056,0.011152,1,OK
946686451765,946686451.682346821,odom,,,,,,,,,,0.020087,0.014203,0.005739,0.000954,0.099985,0.000921,0.009215,0.114142,-0.012311,0.000288,-0.041526,0.012314,1,OK
946686451866,946686451.782213211,odom,,,,,,,,,,0.019289,0.012647,0.004835,-0.019091,0.099866,0.001749,0.017516,0.200718,-0.012664,0.001139,-0.030114,0.012715,1,OK
946686451970,946686451.882381320,odom,,,,,,,,,,0.018925,0.012222,0.003857,-0.000010,0.100168,0.000559,0.005581,0.190487,-0.011866,-0.000418,-0.050159,0.011873,1,OK
946686452058,946686451.982279062,odom,,,,,,,,,,0.018738,0.012414,0.003837,-0.007656,0.099898,0.000267,0.002676,0.076531,-0.011502,-0.000842,-0.031078,0.011532,1,OK
946686452162,946686452.082237720,odom,,,,,,,,,,0.018236,0.011706,0.004143,-0.024085,0.099959,0.000868,0.008680,0.164366,-0.011315,-0.000651,-0.038723,0.011333,1,OK
946686452272,946686452.182192802,odom,,,,,,,,,,0.017945,0.013800,0.003968,0.000201,0.099955,0.002114,0.021145,0.242973,-0.010812,-0.001358,-0.055153,0.010897,1,OK
946686452333,0.000000000,summary,10.003,200.064,10.003,20064,100.269,0.006,0.006,0.999,0.588,0.017945,0.013800,0.003968,0.000201,0,0.002114,0.021145,0.267919,-0.010522,0.000736,-0.030867,0.010548,1,OK
946686452365,946686452.282193065,odom,,,,,,,,,,0.018659,0.015443,0.004978,-0.010606,0.100000,0.001792,0.017917,0.108067,-0.010522,0.000736,-0.030867,0.010548,1,OK
946686452458,946686452.381793141,odom,,,,,,,,,,0.018675,0.016429,0.005945,-0.004357,0.099600,0.000987,0.009907,0.062742,-0.011237,0.002379,-0.041673,0.011486,1,OK
946686452571,946686452.482289672,odom,,,,,,,,,,0.018493,0.016104,0.006698,-0.001720,0.100497,0.000372,0.003706,0.026237,-0.011254,0.003365,-0.035424,0.011746,1,OK
946686452663,946686452.582312107,odom,,,,,,,,,,0.018081,0.015674,0.006108,0.004617,0.100022,0.000596,0.005958,0.063355,-0.011072,0.003040,-0.032787,0.011482,1,OK
946686452762,946686452.682290077,odom,,,,,,,,,,0.018928,0.015702,0.004784,-0.035234,0.099978,0.000847,0.008474,0.398602,-0.010660,0.002610,-0.026451,0.010975,1,OK
946686452864,946686452.782323599,odom,,,,,,,,,,0.020021,0.013232,0.004715,-0.022748,0.100034,0.002701,0.026996,0.124827,-0.011507,0.002637,-0.066302,0.011805,1,OK
946686452975,946686452.882294536,odom,,,,,,,,,,0.020109,0.012538,0.004640,-0.028997,0.099971,0.000700,0.007001,0.062512,-0.012598,0.000167,-0.053815,0.012600,1,OK
946686453063,946686452.982283115,odom,,,,,,,,,,0.021673,0.013409,0.005356,-0.015233,0.099989,0.001790,0.017906,0.137655,-0.012686,-0.000527,-0.060065,0.012697,1,OK
946686453163,946686453.082386374,odom,,,,,,,,,,0.020400,0.015628,0.005132,0.015907,0.100103,0.002558,0.025553,0.311083,-0.014251,0.000343,-0.046301,0.014255,1,OK
946686453268,946686453.182239890,odom,,,,,,,,,,0.019485,0.016706,0.006065,-0.006589,0.099854,0.001414,0.014162,0.225290,-0.012978,0.002562,-0.015160,0.013229,1,OK
946686453333,0.000000000,summary,10.004,200.076,10.004,19968,99.776,0.006,0.006,1.004,0.621,0.019485,0.016706,0.006065,-0.006589,0,0.002701,0.026996,0.398602,-0.012064,0.003641,-0.037656,0.012602,1,OK
946686453359,946686453.281767964,odom,,,,,,,,,,0.019362,0.017214,0.006385,0.021205,0.099528,0.000523,0.005255,0.279252,-0.012064,0.003641,-0.037656,0.012602,1,OK
946686453469,946686453.382335305,odom,,,,,,,,,,0.019829,0.016808,0.005078,-0.013255,0.100567,0.000619,0.006157,0.342654,-0.011941,0.004150,-0.009863,0.012642,1,OK
946686453573,946686453.482323408,odom,,,,,,,,,,0.017262,0.015400,0.004758,0.012868,0.099988,0.002928,0.029283,0.261260,-0.012408,0.003743,-0.044323,0.012961,1,OK
946686453663,946686453.582226157,odom,,,,,,,,,,0.016352,0.015057,0.004779,0.002153,0.099903,0.000973,0.009737,0.107251,-0.009840,0.002337,-0.018200,0.010114,1,OK
946686453762,946686453.682358623,odom,,,,,,,,,,0.018912,0.014656,0.005079,-0.008793,0.100132,0.002591,0.025879,0.109320,-0.008930,0.001994,-0.028914,0.009150,1,OK
946686453866,946686453.782273650,odom,,,,,,,,,,0.021135,0.012018,0.005322,-0.031396,0.099915,0.003450,0.034528,0.226216,-0.011490,0.001591,-0.039861,0.011599,1,OK
946686453968,946686453.882290959,odom,,,,,,,,,,0.019238,0.012495,0.003797,0.014775,0.100017,0.001956,0.019561,0.461624,-0.013712,-0.001048,-0.062463,0.013752,1,OK
946686454066,946686453.982200146,odom,,,,,,,,,,0.020986,0.013878,0.004804,-0.025025,0.099909,0.002229,0.022310,0.398359,-0.011815,-0.000569,-0.016293,0.011828,1,OK
946686454164,946686454.082306266,odom,,,,,,,,,,0.020717,0.013897,0.005777,-0.024150,0.100106,0.000270,0.002698,0.008743,-0.013564,0.000813,-0.056093,0.013588,1,OK
946686454267,946686454.182196379,odom,,,,,,,,,,0.020462,0.014483,0.005369,-0.034255,0.099890,0.000639,0.006393,0.101158,-0.013294,0.000832,-0.055217,0.013320,1,OK
946686454333,0.000000000,summary,10.004,200.073,10.004,20064,100.370,0.006,0.006,1.004,0.505,0.020462,0.014483,0.005369,-0.034255,0,0.003450,0.034528,0.461624,-0.013040,0.001417,-0.065322,0.013117,1,OK
946686454370,946686454.282330990,odom,,,,,,,,,,0.020312,0.015225,0.004762,-0.007106,0.100135,0.000757,0.007561,0.271118,-0.013040,0.001417,-0.065322,0.013117,1,OK
946686454470,946686454.382303715,odom,,,,,,,,,,0.018311,0.015757,0.005348,-0.013807,0.099973,0.002070,0.020708,0.067025,-0.012890,0.002159,-0.038174,0.013069,1,OK
946686454566,946686454.482277513,odom,,,,,,,,,,0.019408,0.014438,0.004977,-0.032532,0.099974,0.001715,0.017159,0.187303,-0.010889,0.002693,-0.044875,0.011217,1,OK
946686454663,946686454.582333922,odom,,,,,,,,,,0.018866,0.014497,0.004351,-0.012008,0.100056,0.000545,0.005449,0.205126,-0.011986,0.001374,-0.063600,0.012064,1,OK
946686454766,946686454.682339549,odom,,,,,,,,,,0.018837,0.014997,0.004331,-0.021103,0.100006,0.000502,0.005015,0.090940,-0.011444,0.001432,-0.043076,0.011533,1,OK
946686454857,946686454.782294393,odom,,,,,,,,,,0.018664,0.016160,0.005740,-0.005427,0.099955,0.001176,0.011764,0.156823,-0.011415,0.001933,-0.052170,0.011578,1,OK
946686454966,946686454.881647587,odom,,,,,,,,,,0.020271,0.014932,0.005456,-0.023029,0.099353,0.002022,0.020352,0.177157,-0.011243,0.003096,-0.036495,0.011661,1,OK
946686455069,946686454.982261062,odom,,,,,,,,,,0.019681,0.013232,0.005228,-0.025955,0.100613,0.001799,0.017884,0.029090,-0.012849,0.001867,-0.054096,0.012984,1,OK
946686455162,946686455.081740379,odom,,,,,,,,,,0.020562,0.013107,0.005500,-0.028059,0.099479,0.000890,0.008947,0.021149,-0.012258,0.000168,-0.057023,0.012259,1,OK
946686455262,946686455.182366490,odom,,,,,,,,,,0.021129,0.014389,0.005631,-0.006408,0.100626,0.001403,0.013939,0.215165,-0.013139,0.000041,-0.059127,0.013139,1,OK
946686455333,0.000000000,summary,10.003,200.059,10.003,19968,100.193,0.006,0.006,0.996,0.799,0.021129,0.014389,0.005631,-0.006408,0,0.002070,0.020708,0.271118,-0.013707,0.001324,-0.037476,0.013771,1,OK
946686455363,946686455.282338977,odom,,,,,,,,,,0.021147,0.014643,0.004047,-0.030806,0.099972,0.000255,0.002548,0.244049,-0.013707,0.001324,-0.037476,0.013771,1,OK
946686455469,946686455.382220030,odom,,,,,,,,,,0.021525,0.013070,0.003904,-0.038753,0.099881,0.001618,0.016197,0.079559,-0.013725,0.001578,-0.061874,0.013815,1,OK
946686455567,946686455.482354283,odom,,,,,,,,,,0.022354,0.014164,0.004073,-0.013220,0.100134,0.001372,0.013698,0.254982,-0.014102,0.000005,-0.069820,0.014102,1,OK
946686455661,946686455.582350612,odom,,,,,,,,,,0.021464,0.013473,0.004662,-0.031303,0.099996,0.001126,0.011265,0.180830,-0.014931,0.001098,-0.044288,0.014972,1,OK
946686455775,946686455.682300925,odom,,,,,,,,,,0.019335,0.014597,0.005229,-0.004210,0.099950,0.002408,0.024089,0.271062,-0.014041,0.000407,-0.062370,0.014047,1,OK
946686455876,946686455.781886101,odom,,,,,,,,,,0.017639,0.014433,0.005286,0.015614,0.099585,0.001704,0.017109,0.199070,-0.011913,0.001532,-0.035278,0.012011,1,OK
946686455960,946686455.882202625,odom,,,,,,,,,,0.018493,0.014098,0.004114,-0.021220,0.100317,0.000917,0.009137,0.367177,-0.010217,0.001370,-0.015453,0.010308,1,OK
946686456066,946686455.982274055,odom,,,,,,,,,,0.019268,0.014786,0.005538,-0.002879,0.100071,0.001037,0.010359,0.183273,-0.011070,0.001034,-0.052287,0.011118,1,OK
946686456167,946686456.082389235,odom,,,,,,,,,,0.019838,0.014534,0.005724,-0.001487,0.100115,0.000624,0.006229,0.013906,-0.011846,0.001722,-0.033947,0.011971,1,OK
946686456263,946686456.182315469,odom,,,,,,,,,,0.020472,0.013891,0.006238,-0.014318,0.099926,0.000903,0.009037,0.128409,-0.012416,0.001470,-0.032554,0.012503,1,OK
946686456333,0.000000000,summary,10.004,200.073,10.004,19968,99.635,0.006,0.006,1.004,0.755,0.020472,0.013891,0.006238,-0.014318,0,0.002408,0.024089,0.367177,-0.013049,0.000825,-0.045386,0.013075,1,OK
946686456367,946686456.281755567,odom,,,,,,,,,,0.019515,0.013396,0.005569,-0.054629,0.099440,0.001077,0.010829,0.405380,-0.013049,0.000825,-0.045386,0.013075,1,OK
946686456468,946686456.382344007,odom,,,,,,,,,,0.019644,0.014419,0.004506,0.013044,0.100588,0.001031,0.010249,0.672777,-0.012093,0.000331,-0.085697,0.012097,1,OK
946686456567,946686456.482354760,odom,,,,,,,,,,0.020420,0.013881,0.003724,-0.020737,0.100011,0.000944,0.009441,0.337779,-0.012221,0.001354,-0.018023,0.012296,1,OK
946686456667,946686456.582321644,odom,,,,,,,,,,0.020829,0.014287,0.003622,-0.021507,0.099967,0.000577,0.005774,0.007704,-0.012997,0.000815,-0.051805,0.013023,1,OK
946686456762,946686456.682132363,odom,,,,,,,,,,0.020567,0.013959,0.005412,-0.029655,0.099811,0.000420,0.004209,0.081629,-0.013407,0.001222,-0.052575,0.013462,1,OK
946686456867,946686456.781881690,odom,,,,,,,,,,0.019585,0.013574,0.005798,-0.017464,0.099749,0.001055,0.010574,0.122216,-0.013145,0.000894,-0.060722,0.013175,1,OK
946686456961,946686456.881994486,odom,,,,,,,,,,0.021002,0.013117,0.005771,-0.040743,0.100113,0.001488,0.014867,0.232532,-0.012162,0.000510,-0.048532,0.012173,1,OK
946686457063,946686456.982363224,odom,,,,,,,,,,0.021931,0.014048,0.005410,-0.034360,0.100369,0.001315,0.013099,0.063595,-0.013579,0.000052,-0.071811,0.013579,1,OK
946686457168,946686457.082355618,odom,,,,,,,,,,0.021915,0.014491,0.005533,-0.018937,0.099992,0.000444,0.004440,0.154243,-0.014508,0.000982,-0.065428,0.014541,1,OK
946686457268,946686457.182360888,odom,,,,,,,,,,0.021065,0.014870,0.004160,0.003622,0.100005,0.000931,0.009309,0.225578,-0.014493,0.001425,-0.050005,0.014563,1,OK
946686457333,0.000000000,summary,10.006,200.113,10.006,20064,100.273,0.006,0.006,0.998,0.609,0.021065,0.014870,0.004160,0.003622,0,0.001488,0.014867,0.672777,-0.013643,0.001805,-0.027446,0.013762,1,OK
946686457364,946686457.282374144,odom,,,,,,,,,,0.021858,0.013572,0.004264,-0.057390,0.100013,0.001521,0.015209,0.610036,-0.013643,0.001805,-0.027446,0.013762,1,OK
946686457464,946686457.382354617,odom,,,,,,,,,,0.020522,0.014184,0.004975,-0.030429,0.099980,0.001469,0.014697,0.269664,-0.014435,0.000507,-0.088458,0.014444,1,OK
946686457568,946686457.481803417,odom,,,,,,,,,,0.019307,0.014615,0.004780,0.012342,0.099449,0.001289,0.012960,0.430080,-0.013099,0.001119,-0.061496,0.013147,1,OK
946686457667,946686457.582142591,odom,,,,,,,,,,0.020460,0.015035,0.005332,-0.030548,0.100339,0.001227,0.012228,0.427456,-0.011885,0.001551,-0.018725,0.011986,1,OK
946686457763,946686457.682284951,odom,,,,,,,,,,0.019345,0.014944,0.005510,0.006143,0.100142,0.001119,0.011179,0.366389,-0.013039,0.001969,-0.061616,0.013186,1,OK
946686457861,946686457.782401919,odom,,,,,,,,,,0.018597,0.014747,0.006007,0.020375,0.100117,0.000774,0.007726,0.142157,-0.011923,0.001879,-0.024925,0.012070,1,OK
946686457969,946686457.882356167,odom,,,,,,,,,,0.021481,0.014633,0.005585,-0.051747,0.099954,0.002886,0.028876,0.721551,-0.011175,0.001682,-0.010693,0.011301,1,OK
946686458062,946686457.982285142,odom,,,,,,,,,,0.023884,0.012639,0.005107,-0.050801,0.099929,0.003123,0.031251,0.009472,-0.014059,0.001567,-0.082815,0.014146,1,OK
946686458166,946686458.082251787,odom,,,,,,,,,,0.022687,0.013519,0.006325,-0.031256,0.099967,0.001486,0.014865,0.195509,-0.016461,-0.000428,-0.081868,0.016466,1,OK
946686458258,946686458.182370424,odom,,,,,,,,,,0.020401,0.012943,0.004974,-0.023244,0.100119,0.002358,0.023549,0.080026,-0.015264,0.000452,-0.062324,0.015271,1,OK
946686458333,0.000000000,summary,10.003,200.060,10.003,19968,100.164,0.006,0.006,1.005,0.692,0.020401,0.012943,0.004974,-0.023244,0,0.003123,0.031251,0.721551,-0.012978,-0.000122,-0.054312,0.012978,1,OK
946686458368,946686458.282270789,odom,,,,,,,,,,0.020822,0.013444,0.004610,-0.028026,0.099900,0.000655,0.006556,0.047867,-0.012978,-0.000122,-0.054312,0.012978,1,OK
946686458461,946686458.381725907,odom,,,,,,,,,,0.019773,0.015212,0.004356,-0.019712,0.099455,0.002056,0.020674,0.083597,-0.013400,0.000379,-0.059094,0.013405,1,OK
946686458567,946686458.482363820,odom,,,,,,,,,,0.019385,0.014997,0.003933,0.004843,0.100638,0.000443,0.004403,0.243990,-0.012351,0.002147,-0.050780,0.012536,1,OK
946686458663,946686458.582317710,odom,,,,,,,,,,0.020913,0.015065,0.004738,-0.013113,0.099954,0.001530,0.015303,0.179638,-0.011963,0.001933,-0.026225,0.012119,1,OK
946686458773,946686458.682294726,odom,,,,,,,,,,0.020347,0.015031,0.006400,-0.028862,0.099977,0.000568,0.005677,0.157523,-0.013492,0.002000,-0.044180,0.013639,1,OK
946686458862,946686458.782388091,odom,,,,,,,,,,0.020271,0.014901,0.004746,-0.022173,0.100093,0.000151,0.001507,0.066821,-0.012925,0.001966,-0.059929,0.013074,1,OK
946686458966,946686458.882289410,odom,,,,,,,,,,0.020932,0.013992,0.006059,-0.025858,0.099901,0.001125,0.011257,0.036889,-0.012849,0.001836,-0.053241,0.012979,1,OK
946686459074,946686458.982248902,odom,,,,,,,,,,0.019899,0.013378,0.007027,-0.042171,0.099959,0.001202,0.012027,0.163191,-0.013510,0.000927,-0.056926,0.013542,1,OK
946686459161,946686459.082388282,odom,,,,,,,,,,0.021133,0.013745,0.006913,-0.030720,0.100139,0.001288,0.012858,0.114349,-0.012476,0.000313,-0.073238,0.012480,1,OK
946686459263,946686459.182279587,odom,,,,,,,,,,0.021671,0.012401,0.006101,-0.032815,0.099891,0.001448,0.014495,0.020973,-0.013710,0.000680,-0.061788,0.013727,1,OK
946686459333,0.000000000,summary,10.003,200.055,10.003,19968,100.223,0.006,0.006,0.996,0.614,0.021671,0.012401,0.006101,-0.032815,0,0.002056,0.020674,0.243990,-0.014248,-0.000664,-0.063883,0.014264,1,OK
946686459365,946686459.282258868,odom,,,,,,,,,,0.021792,0.013256,0.005794,-0.030757,0.099979,0.000863,0.008630,0.020587,-0.014248,-0.000664,-0.063883,0.014264,1,OK
946686459466,946686459.382413745,odom,,,,,,,,,,0.022224,0.014512,0.005583,-0.011696,0.100155,0.001329,0.013267,0.190316,-0.014369,0.000190,-0.061824,0.014371,1,OK
946686459561,946686459.482247472,odom,,,,,,,,,,0.020349,0.014690,0.004780,-0.011765,0.099834,0.001883,0.018866,0.000698,-0.014801,0.001446,-0.042763,0.014872,1,OK
946686459666,946686459.582418442,odom,,,,,,,,,,0.018531,0.014726,0.005054,-0.015590,0.100171,0.001818,0.018151,0.038179,-0.012926,0.001625,-0.042833,0.013028,1,OK
946686459762,946686459.682398319,odom,,,,,,,,,,0.018787,0.015085,0.006197,-0.034194,0.099980,0.000441,0.004408,0.186079,-0.011109,0.001662,-0.046657,0.011232,1,OK
946686459871,946686459.782330394,odom,,,,,,,,,,0.020116,0.013668,0.005772,-0.036122,0.099932,0.001942,0.019429,0.019298,-0.011366,0.002020,-0.065262,0.011544,1,OK
946686459964,946686459.882281542,odom,,,,,,,,,,0.021955,0.013736,0.005971,-0.024367,0.099951,0.001840,0.018410,0.117611,-0.012693,0.000604,-0.067190,0.012707,1,OK
946686460065,946686459.982437611,odom,,,,,,,,,,0.022933,0.015059,0.006696,-0.043604,0.100156,0.001646,0.016429,0.192072,-0.014532,0.000670,-0.055435,0.014547,1,OK
946686460162,946686460.082335353,odom,,,,,,,,,,0.023300,0.014644,0.006355,-0.020403,0.099898,0.000554,0.005547,0.232253,-0.015511,0.001992,-0.074672,0.015639,1,OK
946686460266,946686460.182257295,odom,,,,,,,,,,0.020120,0.014636,0.005676,-0.028371,0.099922,0.003180,0.031825,0.079745,-0.015878,0.001577,-0.051470,0.015956,1,OK
946686460333,0.000000000,summary,10.004,200.071,10.004,20064,100.394,0.006,0.006,1.001,0.783,0.020120,0.014636,0.005676,-0.028371,0,0.003180,0.031825,0.232253,-0.012698,0.001571,-0.059439,0.012795,1,OK
946686460364,946686460.282426834,odom,,,,,,,,,,0.021236,0.013813,0.005228,-0.047656,0.100170,0.001386,0.013840,0.192520,-0.012698,0.001571,-0.059439,0.012795,1,OK
946686460458,946686460.382340193,odom,,,,,,,,,,0.020453,0.012894,0.004992,-0.024564,0.099913,0.001207,0.012085,0.231116,-0.013814,0.000748,-0.078723,0.013834,1,OK
946686460566,946686460.481760144,odom,,,,,,,,,,0.021058,0.013441,0.004237,-0.037052,0.099420,0.000816,0.008208,0.125614,-0.013030,-0.000171,-0.055632,0.013031,1,OK
946686460665,946686460.582301617,odom,,,,,,,,,,0.020195,0.014491,0.004762,-0.012844,0.100541,0.001359,0.013517,0.240780,-0.013636,0.000376,-0.068120,0.013641,1,OK
946686460764,946686460.682377338,odom,,,,,,,,,,0.018803,0.014518,0.005217,-0.020537,0.100076,0.001393,0.013916,0.076871,-0.012773,0.001426,-0.043912,0.012853,1,OK
946686460857,946686460.782252908,odom,,,,,,,,,,0.019019,0.016140,0.005640,-0.015006,0.099876,0.001636,0.016378,0.055380,-0.011381,0.001454,-0.051605,0.011473,1,OK
946686460967,946686460.882439494,odom,,,,,,,,,,0.019810,0.015642,0.004458,-0.020775,0.100187,0.000935,0.009332,0.057583,-0.011597,0.003075,-0.046074,0.011998,1,OK
946686461062,946686460.982336044,odom,,,,,,,,,,0.019164,0.015222,0.005432,0.012427,0.099897,0.000770,0.007709,0.332364,-0.012389,0.002577,-0.051843,0.012654,1,OK
946686461170,946686461.081795692,odom,,,,,,,,,,0.019363,0.015278,0.006174,-0.034491,0.099460,0.000206,0.002070,0.471733,-0.011743,0.002158,-0.018640,0.011939,1,OK
946686461262,946686461.182376623,odom,,,,,,,,,,0.020001,0.012265,0.005965,-0.038727,0.100581,0.003079,0.030616,0.042111,-0.011941,0.002213,-0.065559,0.012144,1,OK
946686461333,0.000000000,summary,10.004,200.071,10.004,19968,99.479,0.006,0.006,1.008,0.503,0.020001,0.012265,0.005965,-0.038727,0,0.003079,0.030616,0.471733,-0.012578,-0.000800,-0.069794,0.012603,1,OK
946686461367,946686461.282365799,odom,,,,,,,,,,0.018777,0.012584,0.005354,-0.025965,0.099989,0.001265,0.012653,0.127629,-0.012578,-0.000800,-0.069794,0.012603,1,OK
946686461466,946686461.382331014,odom,,,,,,,,,,0.018514,0.012866,0.005300,-0.037391,0.099965,0.000385,0.003856,0.114298,-0.011353,-0.000480,-0.057033,0.011364,1,OK
946686461564,946686461.481908679,odom,,,,,,,,,,0.020561,0.014274,0.006005,-0.039945,0.099578,0.002484,0.024949,0.025646,-0.011091,-0.000198,-0.068459,0.011093,1,OK
946686461656,946686461.581679463,odom,,,,,,,,,,0.021976,0.014360,0.005834,-0.029860,0.099771,0.001418,0.014210,0.101077,-0.013139,0.001209,-0.071012,0.013194,1,OK
946686461771,946686461.682324886,odom,,,,,,,,,,0.020923,0.012772,0.006207,-0.026462,0.100645,0.001906,0.018936,0.033770,-0.014554,0.001294,-0.060928,0.014611,1,OK
946686461867,946686461.782378554,odom,,,,,,,,,,0.018310,0.013297,0.005011,0.010459,0.100054,0.002665,0.026638,0.369011,-0.013499,-0.000293,-0.057529,0.013503,1,OK
946686461961,946686461.882402778,odom,,,,,,,,,,0.018907,0.015113,0.004936,-0.010147,0.100024,0.001911,0.019109,0.206011,-0.010887,0.000233,-0.020608,0.010889,1,OK
946686462058,946686461.982307911,odom,,,,,,,,,,0.019903,0.014438,0.005413,-0.032385,0.099905,0.001203,0.012042,0.222590,-0.011485,0.002049,-0.041214,0.011666,1,OK
946686462166,946686462.082399368,odom,,,,,,,,,,0.020670,0.012929,0.006237,-0.043084,0.100091,0.001693,0.016915,0.106894,-0.012481,0.001373,-0.063452,0.012556,1,OK
946686462269,946686462.182334304,odom,,,,,,,,,,0.021935,0.012570,0.006092,-0.031322,0.099935,0.001315,0.013160,0.117699,-0.013247,-0.000137,-0.074151,0.013248,1,OK
946686462333,0.000000000,summary,10.004,200.073,10.004,19968,100.235,0.006,0.006,0.993,0.726,0.021935,0.012570,0.006092,-0.031322,0,0.002665,0.026638,0.369011,-0.014512,-0.000496,-0.062389,0.014521,1,OK
946686462361,946686462.282321095,odom,,,,,,,,,,0.021373,0.013151,0.006496,-0.016369,0.099987,0.000808,0.008084,0.149544,-0.014512,-0.000496,-0.062389,0.014521,1,OK
946686462466,946686462.382441401,odom,,,,,,,,,,0.020354,0.014463,0.005437,-0.009736,0.100120,0.001662,0.016596,0.066251,-0.013950,0.000086,-0.047437,0.013951,1,OK
946686462567,946686462.482266784,odom,,,,,,,,,,0.019877,0.013763,0.005222,-0.052711,0.099825,0.000847,0.008486,0.430506,-0.012931,0.001398,-0.040804,0.013007,1,OK
946686462666,946686462.581780434,odom,,,,,,,,,,0.019397,0.013935,0.003764,-0.010502,0.099514,0.000510,0.005121,0.424152,-0.012454,0.000698,-0.083779,0.012474,1,OK
946686462762,946686462.682444572,odom,,,,,,,,,,0.019435,0.015396,0.003346,0.016670,0.100664,0.001462,0.014519,0.269934,-0.011975,0.000871,-0.041570,0.012006,1,OK
946686462865,946686462.782321692,odom,,,,,,,,,,0.019863,0.015431,0.003458,-0.010184,0.099877,0.000430,0.004304,0.268872,-0.012013,0.002332,-0.014397,0.012237,1,OK
946686462969,946686462.882343054,odom,,,,,,,,,,0.021002,0.013622,0.004378,-0.041733,0.100021,0.002138,0.021371,0.315421,-0.012442,0.002366,-0.041252,0.012665,1,OK
946686463067,946686462.982400894,odom,,,,,,,,,,0.020087,0.015851,0.003764,-0.009132,0.100058,0.002410,0.024088,0.325824,-0.013580,0.000556,-0.072800,0.013591,1,OK
946686463164,946686463.082323790,odom,,,,,,,,,,0.019820,0.016179,0.004137,-0.019119,0.099923,0.000423,0.004232,0.099947,-0.012665,0.002786,-0.040199,0.012968,1,OK
946686463264,946686463.182340026,odom,,,,,,,,,,0.021455,0.014670,0.004930,-0.055046,0.100016,0.002225,0.022247,0.359213,-0.012399,0.003115,-0.050186,0.012784,1,OK
946686463334,0.000000000,summary,10.002,200.049,10.002,20064,100.360,0.006,0.006,1.009,0.813,0.021455,0.014670,0.004930,-0.055046,0,0.002410,0.024088,0.430506,-0.014033,0.001604,-0.086113,0.014124,1,OK
946686463366,946686463.282447100,odom,,,,,,,,,,0.018870,0.013671,0.005497,-0.018253,0.100107,0.002771,0.027683,0.367532,-0.014033,0.001604,-0.086113,0.014124,1,OK
946686463467,946686463.381929040,odom,,,,,,,,,,0.018416,0.015027,0.004926,0.004223,0.099482,0.001430,0.014373,0.225937,-0.011447,0.000607,-0.049321,0.011463,1,OK
946686463563,946686463.481791019,odom,,,,,,,,,,0.020345,0.013441,0.005272,-0.029181,0.099862,0.002497,0.025004,0.334509,-0.010994,0.001963,-0.026844,0.011168,1,OK
946686463666,946686463.582401395,odom,,,,,,,,,,0.021812,0.012550,0.005231,-0.035702,0.100610,0.001717,0.017064,0.064814,-0.012922,0.000376,-0.060249,0.012927,1,OK
946686463761,946686463.682340980,odom,,,,,,,,,,0.021330,0.013490,0.004459,-0.024574,0.099940,0.001056,0.010571,0.111350,-0.014389,-0.000516,-0.066770,0.014398,1,OK
946686463866,946686463.781717062,odom,,,,,,,,,,0.020022,0.013380,0.005868,-0.029300,0.099376,0.001313,0.013210,0.047556,-0.013908,0.000425,-0.055642,0.013914,1,OK
946686463967,946686463.882280707,odom,,,,,,,,,,0.020255,0.014546,0.007200,-0.035051,0.100564,0.001188,0.011817,0.057186,-0.012600,0.000316,-0.060368,0.012604,1,OK
946686464071,946686463.982324719,odom,,,,,,,,,,0.019938,0.014807,0.006212,-0.005441,0.100044,0.000411,0.004112,0.295972,-0.012833,0.001481,-0.066118,0.012918,1,OK
946686464165,946686464.082357168,odom,,,,,,,,,,0.020159,0.013687,0.005106,-0.021973,0.100032,0.001142,0.011417,0.165266,-0.012516,0.001742,-0.036508,0.012637,1,OK
946686464264,946686464.182453513,odom,,,,,,,,,,0.018952,0.012668,0.004907,-0.008512,0.100096,0.001579,0.015779,0.134480,-0.012736,0.000622,-0.053040,0.012751,1,OK
946686464333,0.000000000,summary,10.005,200.100,10.005,19968,100.083,0.006,0.006,0.996,0.609,0.018952,0.012668,0.004907,-0.008512,0,0.002771,0.027683,0.367532,-0.011528,-0.000396,-0.039579,0.011535,1,OK
946686464357,946686464.282299757,odom,,,,,,,,,,0.019339,0.013275,0.004700,0.004541,0.099846,0.000720,0.007212,0.130727,-0.011528,-0.000396,-0.039579,0.011535,1,OK
946686464464,946686464.381833673,odom,,,,,,,,,,0.020808,0.012371,0.005286,-0.039621,0.099534,0.001726,0.017337,0.443688,-0.011916,0.000211,-0.026527,0.011918,1,OK
946686464565,946686464.482461572,odom,,,,,,,,,,0.021833,0.013973,0.005750,-0.017017,0.100628,0.001902,0.018900,0.224633,-0.013385,-0.000694,-0.070689,0.013403,1,OK
946686464663,946686464.582408071,odom,,,,,,,,,,0.021037,0.014302,0.005893,-0.009393,0.099946,0.000862,0.008620,0.076271,-0.014411,0.000907,-0.048084,0.014439,1,OK
946686464759,946686464.681855559,odom,,,,,,,,,,0.020461,0.014939,0.005592,-0.017412,0.099447,0.000859,0.008633,0.080632,-0.013615,0.001236,-0.040461,0.013671,1,OK
946686464868,946686464.782431841,odom,,,,,,,,,,0.022363,0.015258,0.006192,-0.046119,0.100576,0.001928,0.019169,0.285420,-0.013039,0.001873,-0.048480,0.013173,1,OK
946686464963,946686464.882465243,odom,,,,,,,,,,0.021007,0.014707,0.005996,-0.002041,0.100033,0.001464,0.014633,0.440634,-0.014941,0.002192,-0.077186,0.015101,1,OK
946686465063,946686464.981812477,odom,,,,,,,,,,0.020959,0.012334,0.006177,-0.029685,0.099347,0.002373,0.023889,0.278263,-0.013584,0.001642,-0.033108,0.013683,1,OK
946686465163,946686465.082256079,odom,,,,,,,,,,0.022189,0.011756,0.005967,-0.061483,0.100444,0.001359,0.013529,0.316574,-0.013535,-0.000731,-0.060753,0.013555,1,OK
946686465266,946686465.182329655,odom,,,,,,,,,,0.021077,0.012594,0.005544,-0.028404,0.100074,0.001392,0.013907,0.330548,-0.014765,-0.001310,-0.092551,0.014823,1,OK
946686465333,0.000000000,summary,10.003,200.061,10.003,20064,100.374,0.006,0.006,0.998,0.562,0.021077,0.012594,0.005544,-0.028404,0,0.002373,0.023889,0.443688,-0.013654,-0.000472,-0.059472,0.013662,1,OK
946686465362,946686465.282456160,odom,,,,,,,,,,0.021770,0.011722,0.004619,-0.025960,0.100127,0.001113,0.011120,0.024408,-0.013654,-0.000472,-0.059472,0.013662,1,OK
946686465471,946686465.382438540,odom,,,,,,,,,,0.022284,0.013156,0.003727,-0.021394,0.099982,0.001524,0.015242,0.045667,-0.014346,-0.001344,-0.057028,0.014409,1,OK
946686465561,946686465.482375622,odom,,,,,,,,,,0.023451,0.013611,0.004073,-0.039217,0.099937,0.001252,0.012531,0.178345,-0.014861,0.000090,-0.052462,0.014861,1,OK
946686465663,946686465.582295060,odom,,,,,,,,,,0.022274,0.013526,0.004496,-0.045976,0.099919,0.001180,0.011808,0.067642,-0.016028,0.000545,-0.070285,0.016037,1,OK
946686465762,946686465.682445645,odom,,,,,,,,,,0.020793,0.012273,0.004449,-0.031165,0.100151,0.001940,0.019366,0.147890,-0.014851,0.000460,-0.077044,0.014858,1,OK
946686465866,946686465.782391906,odom,,,,,,,,,,0.019414,0.012208,0.004559,-0.017322,0.099946,0.001381,0.013817,0.138498,-0.013370,-0.000792,-0.062232,0.013393,1,OK
946686465968,946686465.881795764,odom,,,,,,,,,,0.020230,0.013839,0.006003,-0.042832,0.099404,0.001824,0.018352,0.256630,-0.011990,-0.000857,-0.048390,0.012021,1,OK
946686466060,946686465.981630087,odom,,,,,,,,,,0.021661,0.013416,0.006216,-0.021031,0.099834,0.001493,0.014956,0.218381,-0.012807,0.000774,-0.073900,0.012830,1,OK
946686466160,946686466.082075834,odom,,,,,,,,,,0.021473,0.014412,0.005938,-0.035438,0.100446,0.001014,0.010092,0.143437,-0.014239,0.000350,-0.052098,0.014243,1,OK
946686466265,946686466.182341576,odom,,,,,,,,,,0.022113,0.014506,0.007224,-0.011823,0.100266,0.000647,0.006452,0.235523,-0.014050,0.001347,-0.066506,0.014115,1,OK
946686466333,0.000000000,summary,10.004,200.074,10.004,20064,100.367,0.006,0.006,1.001,1.613,0.022113,0.014506,0.007224,-0.011823,0,0.001940,0.019366,0.256630,-0.014691,0.001440,-0.042891,0.014761,1,OK
946686466365,946686466.282468915,odom,,,,,,,,,,0.020665,0.015571,0.007509,0.011829,0.100127,0.001798,0.017954,0.236221,-0.014691,0.001440,-0.042891,0.014761,1,OK
946686466466,946686466.382411480,odom,,,,,,,,,,0.022007,0.015502,0.006408,-0.033947,0.099943,0.001343,0.013442,0.458018,-0.013243,0.002506,-0.019239,0.013479,1,OK
946686466563,946686466.482329130,odom,,,,,,,,,,0.022292,0.016073,0.005948,-0.024217,0.099918,0.000638,0.006384,0.097380,-0.014585,0.002436,-0.065014,0.014787,1,OK
946686466667,946686466.582447648,odom,,,,,,,,,,0.020616,0.014944,0.005611,-0.035955,0.100119,0.002020,0.020179,0.117246,-0.014870,0.003007,-0.055284,0.015171,1,OK
946686466766,946686466.682413340,odom,,,,,,,,,,0.019705,0.013989,0.004578,-0.025063,0.099966,0.001320,0.013208,0.108958,-0.013195,0.001879,-0.067023,0.013328,1,OK
946686466865,946686466.782308578,odom,,,,,,,,,,0.018171,0.013217,0.004250,-0.001861,0.099895,0.001717,0.017184,0.232261,-0.012282,0.000924,-0.056131,0.012317,1,OK
946686466966,946686466.882379889,odom,,,,,,,,,,0.018324,0.013691,0.005241,-0.008753,0.100071,0.000498,0.004981,0.068871,-0.010749,0.000153,-0.032929,0.010750,1,OK
946686467066,946686466.981820941,odom,,,,,,,,,,0.018174,0.012804,0.005875,-0.033683,0.099441,0.000900,0.009050,0.250694,-0.010901,0.000627,-0.039821,0.010919,1,OK
946686467162,946686467.082331419,odom,,,,,,,,,,0.020092,0.012641,0.005941,-0.015994,0.100510,0.001926,0.019157,0.175989,-0.010751,-0.000260,-0.064750,0.010754,1,OK
946686467261,946686467.182458639,odom,,,,,,,,,,0.021128,0.012125,0.007345,-0.002380,0.100127,0.001157,0.011558,0.135970,-0.012669,-0.000424,-0.047061,0.012676,1,OK
946686467334,0.000000000,summary,10.004,200.075,10.004,19968,100.184,0.006,0.006,1.000,0.931,0.021128,0.012125,0.007345,-0.002380,0,0.002020,0.020179,0.458018,-0.013705,-0.000940,-0.033447,0.013737,1,OK
946686467362,946686467.282406092,odom,,,,,,,,,,0.022750,0.013233,0.007435,-0.044243,0.099947,0.001964,0.019654,0.418857,-0.013705,-0.000940,-0.033447,0.013737,1,OK
946686467457,946686467.381802797,odom,,,,,,,,,,0.023420,0.011830,0.006784,-0.054061,0.099397,0.001554,0.015636,0.098769,-0.015328,0.000166,-0.075311,0.015328,1,OK
946686467570,946686467.482485533,odom,,,,,,,,,,0.023830,0.013159,0.007897,-0.042574,0.100683,0.001390,0.013808,0.114090,-0.015996,-0.001236,-0.085128,0.016044,1,OK
946686467672,946686467.582406163,odom,,,,,,,,,,0.023735,0.013933,0.008221,-0.050794,0.099921,0.000780,0.007803,0.082268,-0.016407,0.000092,-0.073641,0.016407,1,OK
946686467756,946686467.682371497,odom,,,,,,,,,,0.023111,0.014048,0.008132,-0.049067,0.099965,0.000634,0.006346,0.017276,-0.016312,0.000866,-0.081862,0.016335,1,OK
946686467864,946686467.782340407,odom,,,,,,,,,,0.022817,0.013918,0.007289,-0.031296,0.099969,0.000321,0.003212,0.177767,-0.015689,0.000981,-0.080134,0.015719,1,OK
946686467970,946686467.882410765,odom,,,,,,,,,,0.021704,0.015342,0.007487,-0.025404,0.100070,0.001807,0.018053,0.058875,-0.015395,0.000852,-0.062363,0.015418,1,OK
946686468060,946686467.982141137,odom,,,,,,,,,,0.021039,0.015122,0.006550,-0.025783,0.099730,0.000700,0.007023,0.003799,-0.014283,0.002276,-0.056472,0.014463,1,OK
946686468176,946686468.082487822,odom,,,,,,,,,,0.019832,0.014431,0.005108,0.016451,0.100347,0.001391,0.013862,0.420876,-0.013617,0.002057,-0.056851,0.013772,1,OK
946686468262,946686468.182391405,odom,,,,,,,,,,0.019446,0.013011,0.005494,-0.007954,0.099904,0.001472,0.014730,0.244278,-0.012409,0.001367,-0.014617,0.012485,1,OK
946686468333,0.000000000,summary,10.005,200.095,10.005,19968,100.177,0.006,0.006,1.004,0.668,0.019446,0.013011,0.005494,-0.007954,0,0.001964,0.019654,0.420876,-0.012023,-0.000053,-0.039021,0.012023,1,OK
946686468371,946686468.282193899,odom,,,,,,,,,,0.020185,0.012352,0.007217,-0.037223,0.099802,0.000990,0.009918,0.293276,-0.012023,-0.000053,-0.039021,0.012023,1,OK
946686468460,946686468.382431149,odom,,,,,,,,,,0.021288,0.011777,0.008474,-0.033504,0.100237,0.001244,0.012415,0.037106,-0.012761,-0.000713,-0.068291,0.012781,1,OK
946686468568,946686468.482426286,odom,,,,,,,,,,0.022195,0.013477,0.007452,-0.031524,0.099995,0.001926,0.019262,0.019800,-0.013865,-0.001288,-0.064572,0.013924,1,OK
946686468664,946686468.581688404,odom,,,,,,,,,,0.021889,0.014433,0.008136,-0.028017,0.099262,0.001004,0.010114,0.035327,-0.014772,0.000411,-0.062592,0.014778,1,OK
946686468764,946686468.682269812,odom,,,,,,,,,,0.021885,0.015209,0.008399,-0.040811,0.100581,0.000776,0.007714,0.127200,-0.014467,0.001367,-0.059085,0.014532,1,OK
946686468876,946686468.782173514,odom,,,,,,,,,,0.022690,0.014180,0.006173,-0.051692,0.099904,0.001306,0.013074,0.108913,-0.014463,0.002143,-0.071879,0.014621,1,OK
946686468968,946686468.882362962,odom,,,,,,,,,,0.021719,0.013006,0.006378,-0.028210,0.100189,0.001523,0.015203,0.234377,-0.015267,0.001114,-0.082760,0.015308,1,OK
946686469062,946686468.982416272,odom,,,,,,,,,,0.020125,0.014126,0.006893,-0.014092,0.100053,0.001948,0.019474,0.141103,-0.014296,-0.000060,-0.059278,0.014296,1,OK
946686469167,946686469.082396984,odom,,,,,,,,,,0.021751,0.013536,0.005550,-0.047177,0.099981,0.001730,0.017305,0.330909,-0.012702,0.001061,-0.045160,0.012747,1,OK
946686469272,946686469.182338357,odom,,,,,,,,,,0.021517,0.013337,0.005513,-0.049977,0.099941,0.000308,0.003084,0.028021,-0.014329,0.000471,-0.078244,0.014336,1,OK
946686469334,0.000000000,summary,10.003,200.055,10.003,20064,100.333,0.006,0.006,0.996,0.775,0.021517,0.013337,0.005513,-0.049977,0,0.001948,0.019474,0.330909,-0.014094,0.000271,-0.081045,0.014096,1,OK
946686469362,946686469.282413483,odom,,,,,,,,,,0.021647,0.014100,0.005965,-0.028607,0.100075,0.000774,0.007739,0.213538,-0.014094,0.000271,-0.081045,0.014096,1,OK
946686469464,946686469.382384300,odom,,,,,,,,,,0.019882,0.014820,0.007117,-0.012516,0.099971,0.001906,0.019067,0.160960,-0.014225,0.001035,-0.059675,0.014262,1,OK
946686469562,946686469.482328296,odom,,,,,,,,,,0.022539,0.013790,0.006210,-0.039376,0.099944,0.002849,0.028510,0.268753,-0.012460,0.001755,-0.043584,0.012583,1,OK
946686469665,946686469.582408309,odom,,,,,,,,,,0.021167,0.013551,0.007112,-0.027488,0.100080,0.001393,0.013915,0.118785,-0.015116,0.000723,-0.070444,0.015133,1,OK
946686469770,946686469.681793928,odom,,,,,,,,,,0.021048,0.013552,0.006759,-0.034884,0.099386,0.000118,0.001192,0.074413,-0.013744,0.000485,-0.058556,0.013752,1,OK
946686469856,946686469.781561852,odom,,,,,,,,,,0.021680,0.013466,0.006659,-0.034945,0.099768,0.000637,0.006388,0.000607,-0.013625,0.000486,-0.065952,0.013634,1,OK
946686469971,946686469.881632090,odom,,,,,,,,,,0.020353,0.013478,0.006147,-0.024169,0.100070,0.001326,0.013253,0.107681,-0.014257,0.000400,-0.066012,0.014262,1,OK
946686470062,946686469.982366204,odom,,,,,,,,,,0.020590,0.015343,0.007473,-0.025005,0.100734,0.001880,0.018664,0.008300,-0.012931,0.000412,-0.055237,0.012937,1,OK
946686470161,946686470.082358599,odom,,,,,,,,,,0.020610,0.014493,0.008489,-0.035033,0.099992,0.000850,0.008498,0.100289,-0.013168,0.002277,-0.056073,0.013364,1,OK
946686470269,946686470.182328939,odom,,,,,,,,,,0.021858,0.013977,0.007323,-0.037650,0.099970,0.001350,0.013503,0.026175,-0.013188,0.001428,-0.066101,0.013265,1,OK
946686470333,0.000000000,summary,10.005,200.092,10.005,20064,100.292,0.006,0.006,1.009,0.780,0.021858,0.013977,0.007323,-0.037650,0,0.002849,0.028510,0.268753,-0.014435,0.000911,-0.068717,0.014464,1,OK
946686470367,946686470.282361984,odom,,,,,,,,,,0.021525,0.015533,0.007751,-0.020497,0.100033,0.001591,0.015906,0.171476,-0.014435,0.000911,-0.068717,0.014464,1,OK
946686470460,946686470.382381439,odom,,,,,,,,,,0.022243,0.015535,0.008323,-0.042276,0.100019,0.000718,0.007176,0.217756,-0.014104,0.002467,-0.051564,0.014318,1,OK
946686470568,946686470.482509136,odom,,,,,,,,,,0.021344,0.014951,0.006394,-0.017525,0.100128,0.001072,0.010710,0.247204,-0.014821,0.002469,-0.073344,0.015026,1,OK
946686470663,946686470.582441568,odom,,,,,,,,,,0.020498,0.014626,0.005357,-0.010114,0.099932,0.000906,0.009063,0.074156,-0.013922,0.001885,-0.048592,0.014049,1,OK
946686470762,946686470.681775451,odom,,,,,,,,,,0.017773,0.014912,0.005730,0.003857,0.099334,0.002740,0.027582,0.140651,-0.013076,0.001561,-0.041182,0.013169,1,OK
946686470871,946686470.782161236,odom,,,,,,,,,,0.019756,0.014278,0.006955,-0.028302,0.100386,0.002081,0.020729,0.320359,-0.010352,0.001848,-0.027210,0.010515,1,OK
946686470961,946686470.882424235,odom,,,,,,,,,,0.018557,0.013944,0.005729,-0.014626,0.100263,0.001245,0.012415,0.136404,-0.012333,0.001214,-0.059370,0.012393,1,OK
946686471070,946686470.982324004,odom,,,,,,,,,,0.018871,0.013167,0.007728,-0.014152,0.099900,0.000838,0.008388,0.004739,-0.011134,0.000880,-0.045693,0.011169,1,OK
946686471164,946686471.082296848,odom,,,,,,,,,,0.021234,0.014424,0.007965,-0.036629,0.099973,0.002676,0.026768,0.224829,-0.011448,0.000103,-0.045220,0.011448,1,OK
946686471276,946686471.182411313,odom,,,,,,,,,,0.022721,0.013554,0.006210,-0.041473,0.100114,0.001723,0.017210,0.048383,-0.013811,0.001358,-0.067697,0.013878,1,OK
946686471333,0.000000000,summary,10.003,200.064,10.003,19968,99.754,0.006,0.006,0.993,0.609,0.022721,0.013554,0.006210,-0.041473,0,0.002740,0.027582,0.320359,-0.015298,0.000487,-0.072541,0.015306,1,OK
946686471361,946686471.281909943,odom,,,,,,,,,,0.022116,0.014979,0.004686,-0.007082,0.099499,0.001549,0.015566,0.345645,-0.015298,0.000487,-0.072541,0.015306,1,OK
946686471465,946686471.381775737,odom,,,,,,,,,,0.020928,0.015311,0.005498,0.004711,0.099866,0.001233,0.012343,0.118085,-0.014694,0.001913,-0.038149,0.014818,1,OK
946686471569,946686471.482415199,odom,,,,,,,,,,0.021347,0.016281,0.005152,-0.006323,0.100639,0.001057,0.010504,0.109636,-0.013506,0.002245,-0.026357,0.013692,1,OK
946686471662,946686471.581846476,odom,,,,,,,,,,0.020740,0.015169,0.005037,-0.029316,0.099431,0.001267,0.012740,0.231246,-0.013926,0.003216,-0.037390,0.014292,1,OK
946686471765,946686471.682348013,odom,,,,,,,,,,0.024245,0.013854,0.005687,-0.034334,0.100502,0.003743,0.037246,0.049936,-0.013318,0.002104,-0.060383,0.013484,1,OK
946686471875,946686471.782375097,odom,,,,,,,,,,0.024904,0.014068,0.006670,-0.037933,0.100027,0.000693,0.006931,0.035972,-0.016822,0.000787,-0.065402,0.016841,1,OK
946686471960,946686471.882422566,odom,,,,,,,,,,0.023760,0.013484,0.007499,-0.056596,0.100047,0.001285,0.012843,0.186545,-0.017482,0.001000,-0.069000,0.017510,1,OK
946686472061,946686471.982515335,odom,,,,,,,,,,0.020413,0.015035,0.007210,-0.023858,0.100093,0.003689,0.036856,0.327073,-0.016337,0.000417,-0.087664,0.016342,1,OK
946686472166,946686472.082449794,odom,,,,,,,,,,0.019880,0.013700,0.007100,-0.027538,0.099934,0.001437,0.014384,0.036821,-0.012991,0.001970,-0.054926,0.013139,1,OK
946686472264,946686472.182349801,odom,,,,,,,,,,0.020674,0.015425,0.007812,-0.050933,0.099900,0.001899,0.019013,0.234181,-0.012458,0.000635,-0.058606,0.012474,1,OK
946686472333,0.000000000,summary,10.003,200.055,10.003,19968,99.667,0.006,0.006,1.004,0.739,0.020674,0.015425,0.007812,-0.050933,0,0.003743,0.037246,0.345645,-0.013253,0.002360,-0.082000,0.013461,1,OK
946686472370,946686472.281773090,odom,,,,,,,,,,0.022719,0.015602,0.006163,-0.048563,0.099423,0.002053,0.020645,0.023837,-0.013253,0.002360,-0.082000,0.013461,1,OK
946686472467,946686472.382394314,odom,,,,,,,,,,0.021725,0.015573,0.005937,0.003627,0.100621,0.000995,0.009885,0.518675,-0.015298,0.002536,-0.079630,0.015506,1,OK
946686472568,946686472.482416153,odom,,,,,,,,,,0.023629,0.015158,0.005843,-0.033869,0.100022,0.001948,0.019479,0.374878,-0.014303,0.002507,-0.027441,0.014522,1,OK
946686472665,946686472.581748486,odom,,,,,,,,,,0.024640,0.014174,0.006839,-0.068326,0.099332,0.001411,0.014208,0.346888,-0.016207,0.002091,-0.064937,0.016341,1,OK
946686472762,946686472.681746125,odom,,,,,,,,,,0.024820,0.013471,0.006546,-0.036386,0.099998,0.000726,0.007258,0.319412,-0.017218,0.001107,-0.099394,0.017254,1,OK
946686472868,946686472.782360196,odom,,,,,,,,,,0.024201,0.012971,0.006364,-0.063355,0.100614,0.000795,0.007904,0.268050,-0.017397,0.000403,-0.067453,0.017402,1,OK
946686472962,946686472.882342815,odom,,,,,,,,,,0.023569,0.012261,0.005820,-0.045516,0.099983,0.000951,0.009507,0.178421,-0.016778,-0.000096,-0.094423,0.016778,1,OK
946686473058,946686472.982414961,odom,,,,,,,,,,0.020720,0.013120,0.005358,-0.024402,0.100072,0.002976,0.029740,0.210986,-0.016146,-0.000806,-0.076584,0.016166,1,OK
946686473168,946686473.082352400,odom,,,,,,,,,,0.020970,0.012589,0.006240,-0.040496,0.099937,0.000586,0.005866,0.161031,-0.013297,0.000055,-0.055470,0.013297,1,OK
946686473261,946686473.181764364,odom,,,,,,,,,,0.020527,0.013114,0.007369,-0.039080,0.099412,0.000687,0.006909,0.014242,-0.013547,-0.000476,-0.071563,0.013555,1,OK
946686473333,0.000000000,summary,10.004,200.083,10.004,20064,100.489,0.006,0.006,1.005,0.680,0.020527,0.013114,0.007369,-0.039080,0,0.002976,0.029740,0.518675,-0.013104,0.000049,-0.070147,0.013104,1,OK
946686473363,946686473.282467246,odom,,,,,,,,,,0.020899,0.012856,0.007473,-0.036302,0.100703,0.000453,0.004502,0.027584,-0.013104,0.000049,-0.070147,0.013104,1,OK
946686473458,946686473.382380843,odom,,,,,,,,,,0.020609,0.015062,0.006280,-0.020384,0.099914,0.002225,0.022266,0.159316,-0.013476,-0.000209,-0.067370,0.013478,1,OK
946686473565,946686473.481781960,odom,,,,,,,,,,0.022178,0.014079,0.006263,-0.037720,0.099401,0.001851,0.018622,0.174400,-0.013187,0.001996,-0.051452,0.013337,1,OK
946686473661,946686473.581902385,odom,,,,,,,,,,0.021121,0.014368,0.005785,-0.022869,0.100120,0.001095,0.010939,0.148332,-0.014755,0.001013,-0.068787,0.014790,1,OK
946686473768,946686473.682459950,odom,,,,,,,,,,0.019753,0.014197,0.006011,-0.014424,0.100558,0.001379,0.013714,0.083975,-0.013699,0.001303,-0.053936,0.013761,1,OK
946686473867,946686473.782522917,odom,,,,,,,,,,0.020174,0.013385,0.005336,-0.041381,0.100063,0.000915,0.009142,0.269395,-0.012331,0.001132,-0.045492,0.012383,1,OK
946686473957,946686473.879994154,odom,,,,,,,,,,0.022062,0.013702,0.003999,-0.021104,0.097471,0.001915,0.019645,0.208031,-0.012751,0.000320,-0.072448,0.012755,1,OK
946686474058,946686473.981869578,odom,,,,,,,,,,0.022424,0.014160,0.004777,-0.033766,0.101875,0.000584,0.005729,0.124290,-0.014640,0.000636,-0.052171,0.014654,1,OK
946686474163,946686474.082490683,odom,,,,,,,,,,0.021110,0.015156,0.005469,-0.014582,0.100621,0.001648,0.016380,0.190649,-0.015002,0.001094,-0.064833,0.015041,1,OK
946686474269,946686474.182456136,odom,,,,,,,,,,0.021281,0.015176,0.006725,-0.055414,0.099965,0.000172,0.001722,0.408461,-0.013689,0.002090,-0.045650,0.013847,1,OK
946686474333,0.000000000,summary,10.003,200.062,10.003,19968,100.205,0.006,0.008,0.996,0.621,0.021281,0.015176,0.006725,-0.055414,0,0.002225,0.022266,0.408461,-0.013860,0.002110,-0.086482,0.014019,1,OK
946686474363,946686474.282398343,odom,,,,,,,,,,0.021882,0.015695,0.006517,-0.019553,0.099942,0.000795,0.007951,0.358821,-0.013860,0.002110,-0.086482,0.014019,1,OK
946686474463,946686474.381819725,odom,,,,,,,,,,0.020637,0.014778,0.005925,-0.040547,0.099421,0.001547,0.015560,0.211157,-0.014461,0.002630,-0.050621,0.014698,1,OK
946686474572,946686474.482389212,odom,,,,,,,,,,0.022740,0.013055,0.006514,-0.047992,0.100569,0.002718,0.027031,0.074036,-0.013215,0.001713,-0.071614,0.013326,1,OK
946686474661,946686474.581914067,odom,,,,,,,,,,0.023063,0.011925,0.006871,-0.070681,0.099525,0.001175,0.011806,0.227968,-0.015317,-0.000011,-0.079060,0.015317,1,OK
946686474762,946686474.682512999,odom,,,,,,,,,,0.022639,0.012047,0.006759,-0.043369,0.100599,0.000441,0.004381,0.271491,-0.015639,-0.001141,-0.101748,0.015680,1,OK
946686474861,946686474.782392502,odom,,,,,,,,,,0.019794,0.012579,0.005195,-0.037067,0.099880,0.002894,0.028975,0.063094,-0.015215,-0.001019,-0.074437,0.015250,1,OK
946686474963,946686474.881876945,odom,,,,,,,,,,0.019201,0.013173,0.005407,-0.006875,0.099484,0.000840,0.008440,0.303487,-0.012371,-0.000486,-0.068135,0.012380,1,OK
946686475063,946686474.982511759,odom,,,,,,,,,,0.020388,0.014403,0.007328,-0.028426,0.100635,0.001710,0.016992,0.214147,-0.011778,0.000108,-0.037943,0.011778,1,OK
946686475165,946686475.082446218,odom,,,,,,,,,,0.019885,0.014928,0.005729,-0.029823,0.099934,0.000728,0.007280,0.013982,-0.012966,0.001338,-0.059493,0.013035,1,OK
946686475264,946686475.181852698,odom,,,,,,,,,,0.022348,0.013585,0.006037,-0.053104,0.099406,0.002806,0.028228,0.234198,-0.012463,0.001864,-0.060891,0.012601,1,OK
946686475333,0.000000000,summary,10.004,200.071,10.004,19968,99.755,0.006,0.006,1.009,0.756,0.022348,0.013585,0.006037,-0.053104,0,0.002894,0.028975,0.358821,-0.014925,0.000519,-0.084171,0.014934,1,OK
946686475367,946686475.281823158,odom,,,,,,,,,,0.022739,0.013330,0.004958,-0.051938,0.099970,0.000467,0.004667,0.011662,-0.014925,0.000519,-0.084171,0.014934,1,OK
946686475464,946686475.382389426,odom,,,,,,,,,,0.022814,0.013290,0.005989,-0.037320,0.100566,0.000086,0.000851,0.145352,-0.015316,0.000263,-0.083005,0.015318,1,OK
946686475566,946686475.482353687,odom,,,,,,,,,,0.021752,0.015649,0.006074,-0.018687,0.099964,0.002587,0.025882,0.186400,-0.015392,0.000223,-0.068388,0.015393,1,OK
946686475664,946686475.582565069,odom,,,,,,,,,,0.020368,0.014402,0.008221,-0.020934,0.100211,0.001863,0.018588,0.022425,-0.014331,0.002583,-0.049755,0.014562,1,OK
946686475758,946686475.682424188,odom,,,,,,,,,,0.020332,0.012299,0.008057,-0.064115,0.099859,0.002103,0.021057,0.432420,-0.012946,0.001337,-0.052002,0.013015,1,OK
946686475867,946686475.781899333,odom,,,,,,,,,,0.019338,0.013891,0.007485,-0.047733,0.099475,0.001876,0.018860,0.164690,-0.012909,-0.000766,-0.095183,0.012932,1,OK
946686475966,946686475.882369876,odom,,,,,,,,,,0.020416,0.014958,0.005685,-0.020779,0.100471,0.001517,0.015100,0.268277,-0.011916,0.000826,-0.078800,0.011945,1,OK
946686476065,946686475.982380629,odom,,,,,,,,,,0.020935,0.014770,0.006352,-0.033843,0.100011,0.000552,0.005516,0.130625,-0.012994,0.001893,-0.051847,0.013132,1,OK
946686476169,946686476.082376480,odom,,,,,,,,,,0.021552,0.013201,0.006649,-0.049538,0.099996,0.001685,0.016855,0.156954,-0.013513,0.001704,-0.064910,0.013620,1,OK
946686476267,946686476.181411624,odom,,,,,,,,,,0.023293,0.014525,0.006826,-0.012596,0.099035,0.002187,0.022088,0.373015,-0.014129,0.000136,-0.080605,0.014130,1,OK
946686476333,0.000000000,summary,10.004,200.074,10.004,20064,100.532,0.006,0.006,0.998,0.627,0.023293,0.014525,0.006826,-0.012596,0,0.002587,0.025882,0.432420,-0.015871,0.001458,-0.043664,0.015938,1,OK
946686476368,946686476.282469153,odom,,,,,,,,,,0.024943,0.015192,0.007939,-0.049015,0.101058,0.001779,0.017606,0.360375,-0.015871,0.001458,-0.043664,0.015938,1,OK
946686476466,946686476.382366419,odom,,,,,,,,,,0.023632,0.012654,0.007543,-0.059307,0.099897,0.002856,0.028589,0.103025,-0.017521,0.002124,-0.080082,0.017649,1,OK
946686476561,946686476.482388616,odom,,,,,,,,,,0.021592,0.014320,0.007310,-0.004873,0.100022,0.002633,0.026327,0.544214,-0.016209,-0.000412,-0.090374,0.016214,1,OK
946686476666,946686476.582437396,odom,,,,,,,,,,0.020793,0.012802,0.006282,-0.012012,0.100049,0.001715,0.017140,0.071358,-0.014170,0.001254,-0.035941,0.014225,1,OK
946686476768,946686476.682437539,odom,,,,,,,,,,0.020708,0.012597,0.005076,-0.025854,0.100000,0.000222,0.002219,0.138416,-0.013370,-0.000263,-0.043080,0.013372,1,OK
946686476866,946686476.781795025,odom,,,,,,,,,,0.021026,0.013214,0.006464,-0.042970,0.099357,0.000694,0.006984,0.172261,-0.013284,-0.000468,-0.056922,0.013293,1,OK
946686476968,946686476.882511854,odom,,,,,,,,,,0.021258,0.013645,0.005122,0.001126,0.100717,0.000490,0.004861,0.437813,-0.013603,0.000149,-0.074037,0.013604,1,OK
946686477071,946686476.981908083,odom,,,,,,,,,,0.020602,0.014428,0.005795,-0.050321,0.099396,0.001021,0.010268,0.517587,-0.013835,0.000580,-0.029942,0.013847,1,OK
946686477162,946686477.081624985,odom,,,,,,,,,,0.022124,0.013780,0.006598,-0.066905,0.099717,0.001654,0.016582,0.166317,-0.013180,0.001362,-0.081388,0.013250,1,OK
946686477266,946686477.181991220,odom,,,,,,,,,,0.022501,0.013231,0.006084,-0.035660,0.100366,0.000666,0.006634,0.311308,-0.014701,0.000714,-0.097973,0.014719,1,OK
946686477333,0.000000000,summary,10.003,200.066,10.003,19968,100.239,0.005,0.006,1.004,0.720,0.022501,0.013231,0.006084,-0.035660,0,0.002856,0.028589,0.544214,-0.015078,0.000165,-0.066728,0.015079,1,OK
946686477372,946686477.282369733,odom,,,,,,,,,,0.023310,0.013012,0.006320,-0.028699,0.100379,0.000838,0.008349,0.069356,-0.015078,0.000165,-0.066728,0.015079,1,OK
946686477468,946686477.381784081,odom,,,,,,,,,,0.022241,0.014452,0.006141,-0.035967,0.099414,0.001793,0.018036,0.073110,-0.015887,-0.000054,-0.059766,0.015887,1,OK
946686477560,946686477.482490182,odom,,,,,,,,,,0.021220,0.015377,0.006230,-0.014243,0.100706,0.001377,0.013678,0.215718,-0.014819,0.001386,-0.067034,0.014883,1,OK
946686477661,946686477.581893086,odom,,,,,,,,,,0.021518,0.015316,0.005971,-0.003823,0.099403,0.000305,0.003064,0.104827,-0.013798,0.002311,-0.045310,0.013990,1,OK
946686477764,946686477.682548761,odom,,,,,,,,,,0.021973,0.015818,0.006586,-0.038092,0.100656,0.000677,0.006728,0.340464,-0.014097,0.002251,-0.034890,0.014275,1,OK
946686477861,946686477.781776667,odom,,,,,,,,,,0.024508,0.015567,0.007495,-0.059949,0.099228,0.002547,0.025668,0.220272,-0.014552,0.002752,-0.069160,0.014810,1,OK
946686477964,946686477.882409930,odom,,,,,,,,,,0.024748,0.014412,0.006305,-0.040454,0.100633,0.001181,0.011732,0.193730,-0.017086,0.002500,-0.091017,0.017268,1,OK
946686478063,946686477.981640100,odom,,,,,,,,,,0.025661,0.013888,0.006602,-0.056482,0.099230,0.001053,0.010607,0.161530,-0.017326,0.001344,-0.071521,0.017378,1,OK
946686478167,946686478.082425475,odom,,,,,,,,,,0.022399,0.014627,0.006155,-0.030219,0.100785,0.003345,0.033192,0.260589,-0.018238,0.000820,-0.087550,0.018257,1,OK
946686478263,946686478.181857586,odom,,,,,,,,,,0.021720,0.015116,0.005730,-0.048058,0.099432,0.000836,0.008410,0.179415,-0.014976,0.001561,-0.061286,0.015058,1,OK
946686478333,0.000000000,summary,10.004,200.083,10.004,20064,100.365,0.006,0.006,0.996,0.608,0.021720,0.015116,0.005730,-0.048058,0,0.003345,0.033192,0.340464,-0.014298,0.002050,-0.079126,0.014444,1,OK
946686478364,946686478.282509565,odom,,,,,,,,,,0.021274,0.014334,0.005029,-0.046908,0.100652,0.000899,0.008936,0.011433,-0.014298,0.002050,-0.079126,0.014444,1,OK
946686478470,946686478.382483482,odom,,,,,,,,,,0.022141,0.013451,0.006095,-0.030789,0.099974,0.001237,0.012374,0.161231,-0.013852,0.001269,-0.077975,0.013910,1,OK
946686478573,946686478.482401848,odom,,,,,,,,,,0.022163,0.013967,0.006796,-0.063990,0.099918,0.000516,0.005168,0.332281,-0.014718,0.000385,-0.061856,0.014723,1,OK
946686478666,946686478.581739187,odom,,,,,,,,,,0.022153,0.014357,0.005985,-0.017382,0.099337,0.000390,0.003928,0.469187,-0.014740,0.000901,-0.095057,0.014768,1,OK
946686478763,946686478.682500005,odom,,,,,,,,,,0.022783,0.015678,0.006498,-0.038175,0.100761,0.001463,0.014522,0.206358,-0.014731,0.001291,-0.048449,0.014787,1,OK
946686478860,946686478.781776786,odom,,,,,,,,,,0.023351,0.014715,0.006495,-0.054877,0.099277,0.001118,0.011265,0.168243,-0.015361,0.002612,-0.069242,0.015582,1,OK
946686478965,946686478.882447243,odom,,,,,,,,,,0.023181,0.015094,0.006583,-0.052500,0.100670,0.000415,0.004126,0.023613,-0.015928,0.001648,-0.085945,0.016013,1,OK
946686479067,946686478.982449532,odom,,,,,,,,,,0.022428,0.013506,0.005914,-0.052982,0.100002,0.001757,0.017574,0.004819,-0.015759,0.002027,-0.083568,0.015889,1,OK
946686479166,946686479.082299471,odom,,,,,,,,,,0.021593,0.014252,0.007503,-0.046190,0.099850,0.001120,0.011216,0.068027,-0.015006,0.000440,-0.084050,0.015012,1,OK
946686479265,946686479.181772947,odom,,,,,,,,,,0.024808,0.012614,0.008484,-0.048752,0.099473,0.003608,0.036269,0.025761,-0.014171,0.001186,-0.077257,0.014220,1,OK
946686479333,0.000000000,summary,10.004,200.076,10.004,19968,99.678,0.006,0.006,1.006,0.876,0.024808,0.012614,0.008484,-0.048752,0,0.003608,0.036269,0.469187,-0.017384,-0.000453,-0.079820,0.017390,1,OK
946686479367,946686479.281758189,odom,,,,,,,,,,0.023738,0.012544,0.006402,-0.035610,0.099985,0.001072,0.010723,0.131440,-0.017384,-0.000453,-0.079820,0.017390,1,OK
946686479468,946686479.382385969,odom,,,,,,,,,,0.023187,0.013536,0.005457,-0.041624,0.100628,0.001135,0.011275,0.059765,-0.016315,-0.000523,-0.066678,0.016323,1,OK
946686479566,946686479.481782913,odom,,,,,,,,,,0.023681,0.014100,0.006506,-0.071588,0.099397,0.000750,0.007543,0.301458,-0.015764,0.000469,-0.072692,0.015771,1,OK
946686479666,946686479.581757069,odom,,,,,,,,,,0.024195,0.014316,0.005107,-0.026931,0.099974,0.000558,0.005582,0.446684,-0.016258,0.001033,-0.102656,0.016291,1,OK
946686479757,946686479.682401180,odom,,,,,,,,,,0.023071,0.015850,0.005938,-0.048067,0.100644,0.001902,0.018896,0.210002,-0.016773,0.001249,-0.057999,0.016819,1,OK
946686479861,946686479.781791210,odom,,,,,,,,,,0.022025,0.015191,0.005474,-0.021080,0.099390,0.001236,0.012440,0.271526,-0.015650,0.002784,-0.079134,0.015895,1,OK
946686479969,946686479.882298827,odom,,,,,,,,,,0.023566,0.013839,0.005759,-0.034096,0.100508,0.002050,0.020394,0.129506,-0.014603,0.002125,-0.052147,0.014757,1,OK
946686480065,946686479.981898427,odom,,,,,,,,,,0.022280,0.013766,0.006999,-0.026893,0.099600,0.001288,0.012934,0.072323,-0.016143,0.000772,-0.065164,0.016162,1,OK
946686480160,946686480.082527399,odom,,,,,,,,,,0.023506,0.014226,0.008749,-0.015864,0.100629,0.001310,0.013021,0.109597,-0.014857,0.000700,-0.057960,0.014873,1,OK
946686480266,946686480.181769729,odom,,,,,,,,,,0.023931,0.013467,0.006709,-0.058238,0.099242,0.000870,0.008764,0.426977,-0.016084,0.001159,-0.046932,0.016126,1,OK
946686480333,0.000000000,summary,10.004,200.072,10.004,20064,100.502,0.006,0.006,1.002,0.542,0.023931,0.013467,0.006709,-0.058238,0,0.002050,0.020394,0.446684,-0.016508,0.000400,-0.089306,0.016513,1,OK
946686480362,946686480.282468557,odom,,,,,,,,,,0.022321,0.015497,0.006241,-0.027063,0.100699,0.002591,0.025731,0.309592,-0.016508,0.000400,-0.089306,0.016513,1,OK
946686480465,946686480.382550359,odom,,,,,,,,,,0.021134,0.015348,0.006346,-0.027322,0.100082,0.001196,0.011954,0.002589,-0.014899,0.002431,-0.058130,0.015096,1,OK
946686480561,946686480.481781721,odom,,,,,,,,,,0.020773,0.015091,0.006662,-0.043437,0.099231,0.000443,0.004463,0.162398,-0.013712,0.002282,-0.058389,0.013901,1,OK
946686480666,946686480.581949949,odom,,,,,,,,,,0.020004,0.014463,0.005141,-0.015353,0.100168,0.000993,0.009910,0.280362,-0.013351,0.002025,-0.074504,0.013504,1,OK
946686480758,946686480.681758642,odom,,,,,,,,,,0.021319,0.014828,0.005178,-0.040589,0.099809,0.001365,0.013674,0.252838,-0.012581,0.001399,-0.046421,0.012659,1,OK
946686480865,946686480.781778812,odom,,,,,,,,,,0.021683,0.014279,0.004756,-0.048364,0.100020,0.000660,0.006594,0.077730,-0.013897,0.001763,-0.071657,0.014008,1,OK
946686480960,946686480.881630301,odom,,,,,,,,,,0.020344,0.012456,0.005082,-0.057734,0.099851,0.002262,0.022650,0.093845,-0.014261,0.001213,-0.079431,0.014312,1,OK
946686481070,946686480.981706142,odom,,,,,,,,,,0.021172,0.012983,0.006429,-0.046677,0.100076,0.000982,0.009810,0.110484,-0.012921,-0.000609,-0.088802,0.012935,1,OK
946686481169,946686481.082503796,odom,,,,,,,,,,0.022069,0.012818,0.006833,-0.051961,0.100798,0.000912,0.009052,0.052418,-0.013749,-0.000082,-0.077745,0.013749,1,OK
946686481266,946686481.181656480,odom,,,,,,,,,,0.024224,0.012826,0.005667,-0.060172,0.099153,0.002155,0.021732,0.082817,-0.014646,-0.000248,-0.083029,0.014648,1,OK
946686481334,0.000000000,summary,10.003,200.056,10.003,20160,100.602,0.006,0.006,0.996,0.794,0.024224,0.012826,0.005667,-0.060172,0,0.002591,0.025731,0.309592,-0.016801,-0.000241,-0.091240,0.016803,1,OK
946686481364,946686481.282586217,odom,,,,,,,,,,0.023503,0.013780,0.004930,-0.056628,0.100930,0.001196,0.011847,0.035122,-0.016801,-0.000241,-0.091240,0.016803,1,OK
946686481473,946686481.381788015,odom,,,,,,,,,,0.024028,0.013372,0.005457,-0.049899,0.099202,0.000665,0.006706,0.067825,-0.016080,0.000713,-0.087695,0.016096,1,OK
946686481563,946686481.482426524,odom,,,,,,,,,,0.023975,0.012967,0.005249,-0.049487,0.100639,0.000408,0.004057,0.004101,-0.016605,0.000305,-0.080967,0.016608,1,OK
946686481669,946686481.581834197,odom,,,,,,,,,,0.023692,0.012200,0.005478,-0.051890,0.099408,0.000818,0.008226,0.024180,-0.016552,-0.000100,-0.080554,0.016552,1,OK
946686481763,946686481.682497978,odom,,,,,,,,,,0.023050,0.012539,0.005863,-0.051626,0.100664,0.000726,0.007217,0.002629,-0.016268,-0.000867,-0.082958,0.016291,1,OK
946686481866,946686481.781870723,odom,,,,,,,,,,0.023140,0.014133,0.005706,-0.050203,0.099373,0.001596,0.016065,0.014314,-0.015626,-0.000527,-0.082693,0.015635,1,OK
946686481970,946686481.881576657,odom,,,,,,,,,,0.022153,0.013542,0.006672,-0.033970,0.099706,0.001150,0.011535,0.162814,-0.015717,0.001067,-0.081271,0.015754,1,OK
946686482062,946686481.982502937,odom,,,,,,,,,,0.020960,0.011914,0.006178,-0.039793,0.100926,0.002018,0.019999,0.057700,-0.014731,0.000476,-0.065037,0.014738,1,OK
946686482163,946686482.082414865,odom,,,,,,,,,,0.020815,0.012621,0.007239,-0.026679,0.099912,0.000721,0.007220,0.131253,-0.013536,-0.001151,-0.070861,0.013585,1,OK
946686482261,946686482.181756020,odom,,,,,,,,,,0.023239,0.012421,0.006785,-0.066194,0.099341,0.002432,0.024484,0.397763,-0.013392,-0.000445,-0.057747,0.013399,1,OK
946686482333,0.000000000,summary,10.004,200.090,10.004,20064,100.396,0.006,0.006,1.007,0.669,0.023239,0.012421,0.006785,-0.066194,0,0.002432,0.024484,0.397763,-0.015816,-0.000645,-0.097261,0.015829,1,OK
946686482362,946686482.282521486,odom,,,,,,,,,,0.023733,0.012559,0.005361,-0.044318,0.100765,0.000513,0.005095,0.217098,-0.015816,-0.000645,-0.097261,0.015829,1,OK
946686482470,946686482.382414341,odom,,,,,,,,,,0.022352,0.013377,0.004650,-0.004994,0.099893,0.001605,0.016066,0.393658,-0.016310,-0.000507,-0.075385,0.016318,1,OK
946686482563,946686482.481830359,odom,,,,,,,,,,0.020305,0.014586,0.005185,-0.033000,0.099416,0.002378,0.023917,0.281709,-0.014929,0.000311,-0.036062,0.014933,1,OK
946686482674,946686482.582545638,odom,,,,,,,,,,0.019794,0.013951,0.004379,-0.041279,0.100715,0.000815,0.008088,0.082198,-0.012882,0.001520,-0.064068,0.012972,1,OK
946686482765,946686482.682483912,odom,,,,,,,,,,0.019082,0.014234,0.005084,-0.000500,0.099938,0.000765,0.007659,0.408040,-0.012371,0.000886,-0.072347,0.012403,1,OK
946686482867,946686482.781868219,odom,,,,,,,,,,0.021545,0.013882,0.006330,-0.042692,0.099384,0.002488,0.025034,0.424531,-0.011660,0.001170,-0.031568,0.011719,1,OK
946686482964,946686482.882507682,odom,,,,,,,,,,0.022676,0.013415,0.006828,-0.052203,0.100639,0.001223,0.012153,0.094507,-0.014123,0.000816,-0.073759,0.014146,1,OK
946686483060,946686482.982420325,odom,,,,,,,,,,0.023097,0.013185,0.006089,-0.042042,0.099913,0.000480,0.004802,0.101694,-0.015253,0.000348,-0.083271,0.015257,1,OK
946686483164,946686483.081758022,odom,,,,,,,,,,0.022933,0.012920,0.006382,-0.036497,0.099338,0.000312,0.003140,0.055827,-0.015674,0.000119,-0.073110,0.015674,1,OK
946686483267,946686483.182435155,odom,,,,,,,,,,0.023305,0.014573,0.006318,-0.046547,0.100677,0.001695,0.016833,0.099824,-0.015510,-0.000147,-0.067564,0.015511,1,OK
946686483333,0.000000000,summary,10.003,200.069,10.003,19968,100.235,0.006,0.006,0.994,0.694,0.023305,0.014573,0.006318,-0.046547,0,0.002488,0.025034,0.424531,-0.015883,0.001506,-0.077614,0.015954,1,OK
946686483363,946686483.282426000,odom,,,,,,,,,,0.021849,0.015060,0.006673,-0.037151,0.099991,0.001535,0.015355,0.093964,-0.015883,0.001506,-0.077614,0.015954,1,OK
946686483463,946686483.381785274,odom,,,,,,,,,,0.021389,0.013868,0.006715,-0.026885,0.099359,0.001278,0.012859,0.103320,-0.014427,0.001994,-0.068219,0.014564,1,OK
946686483565,946686483.482522011,odom,,,,,,,,,,0.021664,0.014071,0.007652,-0.069325,0.100737,0.000342,0.003395,0.421293,-0.013967,0.000802,-0.057953,0.013990,1,OK
946686483667,946686483.582468748,odom,,,,,,,,,,0.022872,0.013816,0.007833,-0.047610,0.099947,0.001235,0.012354,0.217266,-0.014242,0.001005,-0.100393,0.014277,1,OK
946686483774,946686483.681852102,odom,,,,,,,,,,0.023945,0.012620,0.007104,-0.045902,0.099383,0.001607,0.016169,0.017185,-0.015450,0.000750,-0.078678,0.015468,1,OK
946686483858,946686483.781808972,odom,,,,,,,,,,0.022140,0.012517,0.006091,-0.044960,0.099957,0.001808,0.018085,0.009425,-0.016522,-0.000447,-0.076970,0.016528,1,OK
946686483964,946686483.882486939,odom,,,,,,,,,,0.020951,0.013329,0.006072,-0.043975,0.100678,0.001440,0.014304,0.009784,-0.014717,-0.000549,-0.076028,0.014727,1,OK
946686484079,946686483.981825948,odom,,,,,,,,,,0.019685,0.013490,0.005848,-0.054205,0.099339,0.001276,0.012845,0.102977,-0.013528,0.000264,-0.075043,0.013531,1,OK
946686484164,946686484.081757069,odom,,,,,,,,,,0.019554,0.014198,0.006215,-0.042156,0.099931,0.000720,0.007203,0.120569,-0.012263,0.000425,-0.085272,0.012270,1,OK
946686484262,946686484.182437420,odom,,,,,,,,,,0.018691,0.015049,0.005548,-0.015774,0.100680,0.001213,0.012046,0.262032,-0.012132,0.001133,-0.073224,0.012185,1,OK
946686484333,0.000000000,summary,10.003,200.066,10.003,19968,99.604,0.006,0.006,1.007,0.792,0.018691,0.015049,0.005548,-0.015774,0,0.001808,0.018085,0.421293,-0.011269,0.001985,-0.046842,0.011442,1,OK
946686484362,946686484.281810164,odom,,,,,,,,,,0.020068,0.014692,0.005133,-0.025672,0.099373,0.001423,0.014318,0.099596,-0.011269,0.001985,-0.046842,0.011442,1,OK
946686484467,946686484.382506967,odom,,,,,,,,,,0.019068,0.013270,0.004066,-0.021019,0.100697,0.001739,0.017267,0.046203,-0.012646,0.001627,-0.056739,0.012750,1,OK
946686484567,946686484.482438445,odom,,,,,,,,,,0.020324,0.013229,0.004519,-0.023540,0.099931,0.001257,0.012583,0.025226,-0.011645,0.000206,-0.052087,0.011646,1,OK
946686484665,946686484.581840396,odom,,,,,,,,,,0.023569,0.013554,0.005362,-0.040490,0.099402,0.003261,0.032804,0.170525,-0.012901,0.000164,-0.054608,0.012902,1,OK
946686484759,946686484.681863666,odom,,,,,,,,,,0.023559,0.013665,0.006054,-0.042584,0.100023,0.000111,0.001113,0.020928,-0.016146,0.000488,-0.071558,0.016153,1,OK
946686484870,946686484.782528043,odom,,,,,,,,,,0.019185,0.014820,0.005388,0.005253,0.100664,0.004524,0.044943,0.475213,-0.016137,0.000599,-0.073651,0.016148,1,OK
946686484969,946686484.881758332,odom,,,,,,,,,,0.019756,0.014300,0.005274,-0.037766,0.099230,0.000772,0.007782,0.433532,-0.011763,0.001756,-0.025814,0.011893,1,OK
946686485064,946686484.981833935,odom,,,,,,,,,,0.021653,0.013309,0.006491,-0.044713,0.100076,0.002140,0.021388,0.069417,-0.012334,0.001235,-0.068834,0.012395,1,OK
946686485167,946686485.082482457,odom,,,,,,,,,,0.022608,0.014755,0.006686,-0.030511,0.100649,0.001732,0.017208,0.141109,-0.014231,0.000244,-0.075781,0.014233,1,OK
946686485264,946686485.181829929,odom,,,,,,,,,,0.021155,0.014313,0.006543,-0.019429,0.099347,0.001518,0.015283,0.111549,-0.015186,0.001688,-0.061578,0.015280,1,OK
946686485333,0.000000000,summary,10.003,200.065,10.003,19968,99.639,0.006,0.006,0.999,0.720,0.021155,0.014313,0.006543,-0.019429,0,0.004524,0.044943,0.475213,-0.013733,0.001248,-0.050496,0.013790,1,OK
946686485364,946686485.281798840,odom,,,,,,,,,,0.021618,0.011911,0.007448,-0.088337,0.099969,0.002446,0.024465,0.689303,-0.013733,0.001248,-0.050496,0.013790,1,OK
946686485462,946686485.381633878,odom,,,,,,,,,,0.022432,0.011868,0.006686,-0.042835,0.099835,0.000815,0.008163,0.455778,-0.014194,-0.001154,-0.119405,0.014241,1,OK
946686485569,946686485.482542872,odom,,,,,,,,,,0.020631,0.014655,0.005814,-0.032115,0.100909,0.003318,0.032881,0.106229,-0.015008,-0.001198,-0.073902,0.015056,1,OK
946686485661,946686485.581791639,odom,,,,,,,,,,0.020354,0.015699,0.005277,-0.005626,0.099249,0.001080,0.010882,0.266902,-0.013209,0.001590,-0.063183,0.013305,1,OK
946686485758,946686485.682481170,odom,,,,,,,,,,0.021036,0.016053,0.004866,-0.015267,0.100690,0.000768,0.007630,0.095757,-0.012932,0.002634,-0.036693,0.013198,1,OK
946686485865,946686485.781775117,odom,,,,,,,,,,0.021248,0.014775,0.005358,-0.033987,0.099294,0.001296,0.013051,0.188528,-0.013614,0.002987,-0.046335,0.013938,1,OK
946686485963,946686485.881790757,odom,,,,,,,,,,0.021730,0.013389,0.005373,-0.043091,0.100016,0.001467,0.014664,0.091023,-0.013826,0.001709,-0.065055,0.013931,1,OK
946686486064,946686485.982447386,odom,,,,,,,,,,0.021556,0.013211,0.006657,-0.023204,0.100657,0.000249,0.002471,0.197567,-0.014307,0.000324,-0.074158,0.014311,1,OK
946686486164,946686486.081775308,odom,,,,,,,,,,0.022522,0.012928,0.006988,-0.052314,0.099328,0.001007,0.010135,0.293067,-0.014134,0.000146,-0.054272,0.014134,1,OK
946686486263,946686486.181859612,odom,,,,,,,,,,0.022656,0.013040,0.006655,-0.022287,0.100084,0.000175,0.001746,0.300016,-0.015099,-0.000138,-0.083382,0.015100,1,OK
946686486333,0.000000000,summary,10.004,200.078,10.004,20064,99.933,0.006,0.006,1.001,0.833,0.022656,0.013040,0.006655,-0.022287,0,0.003318,0.032881,0.689303,-0.015233,-0.000026,-0.053355,0.015233,1,OK
946686486363,946686486.281766415,odom,,,,,,,,,,0.021193,0.013640,0.006236,-0.025995,0.099907,0.001581,0.015827,0.037109,-0.015233,-0.000026,-0.053355,0.015233,1,OK
946686486462,946686486.381688476,odom,,,,,,,,,,0.021563,0.013949,0.006726,-0.039774,0.099922,0.000482,0.004821,0.137903,-0.013771,0.000575,-0.057062,0.013783,1,OK
946686486568,946686486.482556343,odom,,,,,,,,,,0.021388,0.013726,0.006911,-0.013968,0.100868,0.000284,0.002816,0.255843,-0.014141,0.000883,-0.070842,0.014168,1,OK
946686486662,946686486.582471609,odom,,,,,,,,,,0.021093,0.014075,0.006554,-0.035752,0.099915,0.000457,0.004576,0.218023,-0.013965,0.000660,-0.045035,0.013981,1,OK
946686486764,946686486.682429790,odom,,,,,,,,,,0.020445,0.014283,0.007614,-0.027577,0.099958,0.000680,0.006804,0.081780,-0.013670,0.001010,-0.066819,0.013708,1,OK
946686486867,946686486.781817675,odom,,,,,,,,,,0.019726,0.015014,0.006482,-0.011034,0.099388,0.001025,0.010316,0.166451,-0.013023,0.001218,-0.058645,0.013080,1,OK
946686486968,946686486.882463098,odom,,,,,,,,,,0.019267,0.013798,0.005251,-0.029533,0.100645,0.001300,0.012919,0.183810,-0.012304,0.001949,-0.042101,0.012458,1,OK
946686487063,946686486.981898189,odom,,,,,,,,,,0.021585,0.013312,0.005507,-0.035469,0.099435,0.002368,0.023818,0.059694,-0.011844,0.000733,-0.060601,0.011867,1,OK
946686487161,946686487.081800222,odom,,,,,,,,,,0.021718,0.013040,0.004688,-0.052529,0.099902,0.000303,0.003030,0.170767,-0.014162,0.000247,-0.066537,0.014164,1,OK
946686487265,946686487.181937337,odom,,,,,,,,,,0.022708,0.012651,0.004808,-0.048261,0.100137,0.001063,0.010620,0.042628,-0.014295,-0.000026,-0.083597,0.014295,1,OK
946686487333,0.000000000,summary,10.003,200.061,10.003,19968,99.687,0.006,0.006,1.002,0.645,0.022708,0.012651,0.004808,-0.048261,0,0.002368,0.023818,0.255843,-0.015284,-0.000415,-0.079328,0.015290,1,OK
946686487361,946686487.281802535,odom,,,,,,,,,,0.021155,0.013430,0.005327,-0.045910,0.099865,0.001737,0.017390,0.023538,-0.015284,-0.000415,-0.079328,0.015290,1,OK
946686487469,946686487.382452369,odom,,,,,,,,,,0.021075,0.012449,0.005256,-0.054703,0.100650,0.000983,0.009770,0.087358,-0.013732,0.000364,-0.076978,0.013737,1,OK
946686487565,946686487.482457042,odom,,,,,,,,,,0.020869,0.013300,0.006804,-0.022754,0.100005,0.000875,0.008751,0.319466,-0.013652,-0.000616,-0.085770,0.013666,1,OK
946686487658,946686487.581836939,odom,,,,,,,,,,0.020326,0.014559,0.005883,-0.003340,0.099380,0.001372,0.013802,0.195356,-0.013446,0.000235,-0.053822,0.013448,1,OK
946686487765,946686487.681753993,odom,,,,,,,,,,0.021067,0.014268,0.006035,-0.010937,0.099917,0.000796,0.007971,0.076035,-0.012903,0.001494,-0.034408,0.012990,1,OK
946686487868,946686487.782458425,odom,,,,,,,,,,0.022328,0.014919,0.006158,-0.059100,0.100704,0.001419,0.014090,0.478260,-0.013645,0.001203,-0.042005,0.013697,1,OK
946686487960,946686487.881780744,odom,,,,,,,,,,0.022180,0.014736,0.005783,-0.036485,0.099322,0.000235,0.002363,0.227698,-0.014906,0.001853,-0.090168,0.015021,1,OK
946686488060,946686487.982499003,odom,,,,,,,,,,0.021244,0.013923,0.005425,-0.043499,0.100718,0.001241,0.012319,0.069643,-0.014758,0.001670,-0.067552,0.014852,1,OK
946686488166,946686488.081837893,odom,,,,,,,,,,0.020344,0.014756,0.005804,-0.028022,0.099339,0.001226,0.012343,0.155799,-0.013821,0.000857,-0.074567,0.013848,1,OK
946686488269,946686488.181770205,odom,,,,,,,,,,0.021220,0.013880,0.006293,-0.017752,0.099932,0.001239,0.012396,0.102769,-0.012922,0.001691,-0.059090,0.013032,1,OK
946686488333,0.000000000,summary,10.004,200.073,10.004,19968,99.664,0.006,0.006,0.997,0.676,0.021220,0.013880,0.006293,-0.017752,0,0.001737,0.017390,0.478260,-0.013798,0.000815,-0.048820,0.013822,1,OK
946686488370,946686488.281747103,odom,,,,,,,,,,0.020553,0.014208,0.006484,-0.029626,0.099977,0.000743,0.007434,0.118766,-0.013798,0.000815,-0.048820,0.013822,1,OK
946686488463,946686488.381626010,odom,,,,,,,,,,0.021104,0.013311,0.006187,-0.048832,0.099879,0.001053,0.010544,0.192289,-0.013131,0.001143,-0.060694,0.013180,1,OK
946686488564,946686488.481810331,odom,,,,,,,,,,0.019867,0.013203,0.005824,-0.012405,0.100184,0.001242,0.012397,0.363592,-0.013682,0.000245,-0.079899,0.013684,1,OK
946686488665,946686488.582564116,odom,,,,,,,,,,0.020239,0.013066,0.005409,-0.015430,0.100754,0.000397,0.003939,0.030022,-0.012444,0.000139,-0.043473,0.012445,1,OK
946686488766,946686488.682480335,odom,,,,,,,,,,0.023282,0.012427,0.006016,-0.065565,0.099916,0.003109,0.031111,0.501772,-0.012816,0.000001,-0.046498,0.012816,1,OK
946686488861,946686488.781830430,odom,,,,,,,,,,0.023000,0.014601,0.006106,-0.052613,0.099350,0.002192,0.022062,0.130370,-0.015858,-0.000639,-0.096633,0.015871,1,OK
946686488970,946686488.882410645,odom,,,,,,,,,,0.022795,0.015822,0.004883,-0.022260,0.100580,0.001238,0.012311,0.301779,-0.015578,0.001535,-0.083681,0.015654,1,OK
946686489063,946686488.981937647,odom,,,,,,,,,,0.021424,0.014685,0.004122,-0.022014,0.099527,0.001781,0.017896,0.002472,-0.015374,0.002756,-0.053328,0.015619,1,OK
946686489168,946686489.081656098,odom,,,,,,,,,,0.021596,0.013285,0.006325,-0.039433,0.099718,0.001411,0.014147,0.174680,-0.014002,0.001619,-0.053082,0.014095,1,OK
946686489265,946686489.182556987,odom,,,,,,,,,,0.021876,0.014300,0.007271,-0.039589,0.100901,0.001053,0.010438,0.001549,-0.014173,0.000219,-0.070500,0.014175,1,OK
946686489333,0.000000000,summary,10.003,200.067,10.003,19968,100.147,0.006,0.006,1.006,0.419,0.021876,0.014300,0.007271,-0.039589,0,0.003109,0.031111,0.501772,-0.014454,0.001234,-0.070657,0.014506,1,OK
946686489366,946686489.282178521,odom,,,,,,,,,,0.023080,0.013114,0.004890,-0.079251,0.099622,0.001690,0.016964,0.398123,-0.014454,0.001234,-0.070657,0.014506,1,OK
946686489465,946686489.381864190,odom,,,,,,,,,,0.023446,0.013745,0.005126,-0.047928,0.099686,0.000729,0.007311,0.314221,-0.015657,0.000048,-0.110318,0.015657,1,OK
946686489564,946686489.482559562,odom,,,,,,,,,,0.021901,0.012708,0.006916,-0.033740,0.100695,0.001860,0.018473,0.140893,-0.016023,0.000678,-0.078995,0.016037,1,OK
946686489662,946686489.582518816,odom,,,,,,,,,,0.022271,0.011521,0.007748,-0.045876,0.099959,0.001243,0.012440,0.121404,-0.014478,-0.000358,-0.064808,0.014483,1,OK
946686489762,946686489.681853533,odom,,,,,,,,,,0.023044,0.012319,0.004964,-0.049360,0.099335,0.001111,0.011180,0.035075,-0.014847,-0.001546,-0.076943,0.014928,1,OK
946686489870,946686489.782529831,odom,,,,,,,,,,0.021216,0.013062,0.005083,-0.034064,0.100676,0.001973,0.019594,0.151931,-0.015620,-0.000748,-0.080427,0.015638,1,OK
946686489967,946686489.882471204,odom,,,,,,,,,,0.019833,0.014178,0.005377,-0.065878,0.099941,0.001777,0.017782,0.318331,-0.013793,-0.000003,-0.065132,0.013793,1,OK
946686490064,946686489.981825352,odom,,,,,,,,,,0.022032,0.015249,0.004034,-0.047801,0.099354,0.002446,0.024621,0.181953,-0.012411,0.001113,-0.096946,0.012460,1,OK
946686490162,946686490.081784248,odom,,,,,,,,,,0.022660,0.016336,0.005328,-0.032710,0.099959,0.001255,0.012553,0.150968,-0.014610,0.002183,-0.078868,0.014773,1,OK
946686490270,946686490.181831956,odom,,,,,,,,,,0.023044,0.017241,0.006375,-0.036313,0.100048,0.000983,0.009825,0.036012,-0.015239,0.003269,-0.063778,0.015586,1,OK
946686490333,0.000000000,summary,10.003,200.068,10.003,19968,99.667,0.006,0.006,0.999,0.849,0.023044,0.017241,0.006375,-0.036313,0,0.002446,0.024621,0.398123,-0.015623,0.004174,-0.067381,0.016171,1,OK
946686490367,946686490.281843543,odom,,,,,,,,,,0.022459,0.016002,0.006880,-0.020421,0.100012,0.001370,0.013694,0.158906,-0.015623,0.004174,-0.067381,0.016171,1,OK
946686490463,946686490.381799936,odom,,,,,,,,,,0.023251,0.016391,0.006326,-0.045767,0.099956,0.000882,0.008828,0.253577,-0.015038,0.002936,-0.051488,0.015322,1,OK
946686490569,946686490.482510448,odom,,,,,,,,,,0.021860,0.014382,0.007078,-0.054940,0.100711,0.002444,0.024266,0.091083,-0.015830,0.003324,-0.076835,0.016175,1,OK
946686490676,946686490.581905723,odom,,,,,,,,,,0.020551,0.015500,0.007029,-0.012401,0.099395,0.001722,0.017321,0.427979,-0.014438,0.001316,-0.086008,0.014498,1,OK
946686490764,946686490.681748271,odom,,,,,,,,,,0.021436,0.014771,0.007068,-0.040233,0.099843,0.001147,0.011487,0.278758,-0.013129,0.002435,-0.043469,0.013353,1,OK
946686490865,946686490.782486200,odom,,,,,,,,,,0.022615,0.015252,0.007757,-0.048020,0.100738,0.001273,0.012641,0.077299,-0.014014,0.001705,-0.071301,0.014117,1,OK
946686490963,946686490.881841779,odom,,,,,,,,,,0.022411,0.014693,0.007209,-0.047789,0.099356,0.000595,0.005992,0.002327,-0.015193,0.002185,-0.079088,0.015350,1,OK
946686491069,946686490.981787682,odom,,,,,,,,,,0.023638,0.013743,0.006543,-0.040284,0.099946,0.001551,0.015523,0.075090,-0.014989,0.001626,-0.078857,0.015077,1,OK
946686491160,946686491.081712723,odom,,,,,,,,,,0.024498,0.013438,0.005439,-0.046535,0.099925,0.000912,0.009128,0.062555,-0.016215,0.000676,-0.071352,0.016229,1,OK
946686491263,946686491.181606770,odom,,,,,,,,,,0.022081,0.013860,0.007179,-0.033277,0.099894,0.002453,0.024558,0.132723,-0.017075,0.000371,-0.077602,0.017079,1,OK
946686491333,0.000000000,summary,10.006,200.119,10.006,19968,99.626,0.006,0.006,1.010,0.645,0.022081,0.013860,0.007179,-0.033277,0,0.002453,0.024558,0.427979,-0.014658,0.000794,-0.064344,0.014680,1,OK
946686491370,946686491.281783819,odom,,,,,,,,,,0.021085,0.015066,0.007149,-0.026964,0.100177,0.001564,0.015616,0.063017,-0.014658,0.000794,-0.064344,0.014680,1,OK
946686491461,946686491.382477283,odom,,,,,,,,,,0.022254,0.013772,0.005004,-0.056723,0.100693,0.001744,0.017318,0.295545,-0.013663,0.002001,-0.058031,0.013809,1,OK
946686491565,946686491.481833100,odom,,,,,,,,,,0.022609,0.014745,0.005534,-0.038453,0.099356,0.001036,0.010432,0.183887,-0.014831,0.000706,-0.087791,0.014848,1,OK
946686491665,946686491.581857204,odom,,,,,,,,,,0.022367,0.015325,0.006100,-0.055427,0.100024,0.000628,0.006280,0.169695,-0.015187,0.001679,-0.069521,0.015280,1,OK
946686491764,946686491.682504535,odom,,,,,,,,,,0.023153,0.014365,0.007338,-0.044996,0.100647,0.001241,0.012326,0.103630,-0.014945,0.002259,-0.086494,0.015115,1,OK
946686491870,946686491.781900287,odom,,,,,,,,,,0.023078,0.013750,0.006172,-0.039002,0.099396,0.000620,0.006235,0.060309,-0.015731,0.001299,-0.076064,0.015785,1,OK
946686491963,946686491.881775141,odom,,,,,,,,,,0.024007,0.013362,0.005688,-0.049621,0.099875,0.001007,0.010084,0.106327,-0.015655,0.000684,-0.070070,0.015670,1,OK
946686492064,946686491.981789470,odom,,,,,,,,,,0.024623,0.013147,0.004305,-0.076394,0.100014,0.000652,0.006520,0.267693,-0.016585,0.000295,-0.080689,0.016587,1,OK
946686492162,946686492.081735134,odom,,,,,,,,,,0.023517,0.012457,0.002909,-0.059048,0.099946,0.001304,0.013048,0.173562,-0.017200,0.000080,-0.107462,0.017200,1,OK
946686492270,946686492.182518244,odom,,,,,,,,,,0.022714,0.012011,0.004672,-0.061717,0.100783,0.000918,0.009111,0.026491,-0.016093,-0.000610,-0.090115,0.016105,1,OK
946686492333,0.000000000,summary,10.003,200.068,10.003,19968,100.264,0.006,0.006,0.995,0.590,0.022714,0.012011,0.004672,-0.061717,0,0.001744,0.017318,0.295545,-0.015290,-0.001055,-0.092785,0.015327,1,OK
946686492365,946686492.282550216,odom,,,,,,,,,,0.022694,0.013066,0.006437,-0.036776,0.100032,0.001055,0.010551,0.249334,-0.015290,-0.001055,-0.092785,0.015327,1,OK
946686492462,946686492.381754041,odom,,,,,,,,,,0.022975,0.014220,0.008582,-0.068054,0.099204,0.001187,0.011967,0.315294,-0.015271,-0.000000,-0.067844,0.015271,1,OK
946686492568,946686492.481784582,odom,,,,,,,,,,0.020871,0.014621,0.006025,-0.043787,0.100031,0.002142,0.021417,0.242600,-0.015553,0.001153,-0.099122,0.015596,1,OK
946686492662,946686492.582508564,odom,,,,,,,,,,0.020972,0.014229,0.005792,-0.036851,0.100724,0.000404,0.004015,0.068864,-0.013449,0.001555,-0.074855,0.013538,1,OK
946686492769,946686492.681892037,odom,,,,,,,,,,0.021835,0.015333,0.004972,-0.044498,0.099383,0.001401,0.014096,0.076944,-0.013550,0.001164,-0.067918,0.013600,1,OK
946686492860,946686492.782542706,odom,,,,,,,,,,0.020799,0.013567,0.005558,-0.043472,0.100651,0.002047,0.020342,0.010187,-0.014413,0.002267,-0.075565,0.014591,1,OK
946686492966,946686492.882534981,odom,,,,,,,,,,0.022008,0.014334,0.006253,-0.028284,0.099992,0.001432,0.014320,0.151900,-0.013377,0.000501,-0.074540,0.013386,1,OK
946686493073,946686492.981920481,odom,,,,,,,,,,0.021670,0.013639,0.005863,-0.044905,0.099385,0.000773,0.007777,0.167242,-0.014586,0.001269,-0.059351,0.014641,1,OK
946686493163,946686493.081765771,odom,,,,,,,,,,0.022608,0.012446,0.006433,-0.072155,0.099845,0.001518,0.015199,0.272925,-0.014248,0.000573,-0.075973,0.014259,1,OK
946686493269,946686493.182467937,odom,,,,,,,,,,0.021459,0.012573,0.005495,-0.038133,0.100702,0.001155,0.011473,0.337847,-0.015185,-0.000620,-0.103223,0.015197,1,OK
946686493333,0.000000000,summary,10.003,200.061,10.003,19968,99.592,0.006,0.006,0.999,0.805,0.021459,0.012573,0.005495,-0.038133,0,0.002142,0.021417,0.337847,-0.014036,-0.000492,-0.069201,0.014045,1,OK
946686493367,946686493.281826973,odom,,,,,,,,,,0.021613,0.013414,0.006336,-0.036833,0.099359,0.000854,0.008598,0.013086,-0.014036,-0.000492,-0.069201,0.014045,1,OK
946686493461,946686493.381802678,odom,,,,,,,,,,0.021426,0.014691,0.007535,-0.040438,0.099976,0.001292,0.012918,0.036060,-0.014191,0.000348,-0.067901,0.014195,1,OK
946686493563,946686493.481907606,odom,,,,,,,,,,0.019979,0.015314,0.007049,-0.029641,0.100105,0.001575,0.015734,0.107860,-0.014004,0.001626,-0.071506,0.014098,1,OK
946686493666,946686493.581849813,odom,,,,,,,,,,0.021082,0.014716,0.006405,-0.054492,0.099942,0.001255,0.012554,0.248655,-0.012557,0.002249,-0.060709,0.012757,1,OK
946686493769,946686493.681799889,odom,,,,,,,,,,0.020821,0.014774,0.005838,-0.021565,0.099950,0.000268,0.002677,0.329432,-0.013660,0.001651,-0.085560,0.013759,1,OK
946686493862,946686493.782522202,odom,,,,,,,,,,0.021799,0.013603,0.005880,-0.038898,0.100722,0.001526,0.015150,0.172080,-0.013399,0.001709,-0.052633,0.013507,1,OK
946686493966,946686493.881920695,odom,,,,,,,,,,0.023661,0.013878,0.007031,-0.020941,0.099398,0.001882,0.018935,0.180655,-0.014376,0.000537,-0.069965,0.014386,1,OK
946686494064,946686493.981835961,odom,,,,,,,,,,0.025974,0.012591,0.005773,-0.077234,0.099915,0.002647,0.026494,0.563411,-0.016238,0.000811,-0.052008,0.016258,1,OK
946686494159,946686494.082470179,odom,,,,,,,,,,0.026101,0.011421,0.005516,-0.050709,0.100634,0.001177,0.011693,0.263580,-0.018551,-0.000477,-0.108302,0.018557,1,OK
946686494262,946686494.181859612,odom,,,,,,,,,,0.025461,0.010648,0.003799,-0.056001,0.099389,0.001004,0.010103,0.053246,-0.018677,-0.001647,-0.081777,0.018750,1,OK
946686494333,0.000000000,summary,10.004,200.070,10.004,19968,99.704,0.006,0.006,1.008,0.729,0.025461,0.010648,0.003799,-0.056001,0,0.002647,0.026494,0.563411,-0.018037,-0.002420,-0.087069,0.018199,1,OK
946686494372,946686494.281824827,odom,,,,,,,,,,0.025891,0.011256,0.005599,-0.059383,0.099965,0.000745,0.007453,0.033834,-0.018037,-0.002420,-0.087069,0.018199,1,OK
946686494464,946686494.382533193,odom,,,,,,,,,,0.020931,0.012655,0.005976,-0.035617,0.100708,0.005154,0.051173,0.235988,-0.018467,-0.001812,-0.090451,0.018556,1,OK
946686494558,946686494.481830120,odom,,,,,,,,,,0.019033,0.013096,0.004382,-0.034968,0.099297,0.001948,0.019616,0.006536,-0.013508,-0.000410,-0.066685,0.013514,1,OK
946686494665,946686494.581775069,odom,,,,,,,,,,0.019665,0.012831,0.005413,-0.033232,0.099945,0.000685,0.006849,0.017376,-0.011611,0.000031,-0.066036,0.011611,1,OK
946686494771,946686494.682503462,odom,,,,,,,,,,0.019754,0.013014,0.006197,-0.060377,0.100728,0.000203,0.002019,0.269490,-0.012242,-0.000234,-0.064299,0.012244,1,OK
946686494857,946686494.781937480,odom,,,,,,,,,,0.020154,0.011745,0.005306,-0.053077,0.099434,0.001331,0.013384,0.073417,-0.012331,-0.000051,-0.091445,0.012331,1,OK
946686494963,946686494.882616401,odom,,,,,,,,,,0.021361,0.011292,0.004049,-0.034072,0.100679,0.001289,0.012808,0.188765,-0.012730,-0.001320,-0.084145,0.012798,1,OK
946686495072,946686494.982545257,odom,,,,,,,,,,0.023467,0.012132,0.002337,-0.051560,0.099929,0.002268,0.022696,0.174999,-0.013937,-0.001774,-0.065140,0.014050,1,OK
946686495166,946686495.081887007,odom,,,,,,,,,,0.023428,0.012729,0.002702,-0.028775,0.099342,0.000597,0.006014,0.229362,-0.016044,-0.000934,-0.082627,0.016071,1,OK
946686495266,946686495.181874156,odom,,,,,,,,,,0.024332,0.014132,0.003294,-0.036872,0.099987,0.001669,0.016694,0.080980,-0.016005,-0.000338,-0.059842,0.016008,1,OK
946686495333,0.000000000,summary,10.003,200.066,10.003,19968,99.699,0.006,0.006,0.995,0.661,0.024332,0.014132,0.003294,-0.036872,0,0.005154,0.051173,0.269490,-0.016909,0.001065,-0.067939,0.016943,1,OK
946686495361,946686495.281758428,odom,,,,,,,,,,0.024781,0.013881,0.004127,-0.031422,0.099884,0.000515,0.005157,0.054558,-0.016909,0.001065,-0.067939,0.016943,1,OK
946686495458,946686495.381905437,odom,,,,,,,,,,0.023319,0.014682,0.004646,-0.051528,0.100147,0.001668,0.016651,0.200761,-0.017359,0.000813,-0.062490,0.017378,1,OK
946686495565,946686495.481816292,odom,,,,,,,,,,0.021470,0.014469,0.004322,-0.020313,0.099911,0.001861,0.018630,0.312423,-0.015897,0.001615,-0.082595,0.015979,1,OK
946686495664,946686495.581545591,odom,,,,,,,,,,0.021140,0.014343,0.003618,-0.031496,0.099729,0.000352,0.003534,0.112131,-0.014047,0.001403,-0.051381,0.014117,1,OK
946686495761,946686495.681505442,odom,,,,,,,,,,0.020934,0.014142,0.003404,-0.023532,0.099960,0.000288,0.002880,0.079672,-0.013718,0.001278,-0.062564,0.013778,1,OK
946686495868,946686495.781806827,odom,,,,,,,,,,0.021560,0.011971,0.004743,-0.047109,0.100301,0.002259,0.022525,0.235057,-0.013512,0.001077,-0.054600,0.013555,1,OK
946686495963,946686495.882612348,odom,,,,,,,,,,0.021747,0.011791,0.005912,-0.049343,0.100806,0.000260,0.002583,0.022169,-0.014136,-0.001095,-0.078176,0.014179,1,OK
946686496065,946686495.981905818,odom,,,,,,,,,,0.022422,0.011329,0.005970,-0.044023,0.099293,0.000817,0.008229,0.053585,-0.014324,-0.001275,-0.080411,0.014380,1,OK
946686496167,946686496.081817985,odom,,,,,,,,,,0.023668,0.011963,0.005953,-0.051377,0.099912,0.001398,0.013996,0.073606,-0.014998,-0.001737,-0.075090,0.015098,1,OK
946686496263,946686496.182579160,odom,,,,,,,,,,0.021914,0.011840,0.005111,-0.009062,0.100761,0.001759,0.017455,0.419956,-0.016245,-0.001104,-0.082444,0.016282,1,OK
946686496333,0.000000000,summary,10.004,200.088,10.004,19968,99.601,0.006,0.006,1.005,0.515,0.021914,0.011840,0.005111,-0.009062,0,0.002259,0.022525,0.419956,-0.014490,-0.001226,-0.040129,0.014542,1,OK
946686496364,946686496.281908274,odom,,,,,,,,,,0.022405,0.012379,0.004878,-0.051961,0.099329,0.000729,0.007338,0.431886,-0.014490,-0.001226,-0.040129,0.014542,1,OK
946686496465,946686496.381862640,odom,,,,,,,,,,0.022136,0.014180,0.004635,-0.040602,0.099954,0.001821,0.018220,0.113641,-0.014981,-0.000687,-0.083028,0.014997,1,OK
946686496567,946686496.481860399,odom,,,,,,,,,,0.022716,0.014871,0.004905,-0.042248,0.099998,0.000903,0.009028,0.016467,-0.014713,0.001114,-0.071669,0.014756,1,OK
946686496662,946686496.581679702,odom,,,,,,,,,,0.022616,0.014020,0.004532,-0.043537,0.099819,0.000857,0.008585,0.012908,-0.015294,0.001805,-0.073316,0.015401,1,OK
946686496764,946686496.682604194,odom,,,,,,,,,,0.022113,0.013267,0.004769,-0.058469,0.100924,0.000906,0.008977,0.147953,-0.015194,0.000954,-0.074604,0.015224,1,OK
946686496870,946686496.782533526,odom,,,,,,,,,,0.023297,0.013871,0.005321,-0.030192,0.099929,0.001329,0.013301,0.282971,-0.014690,0.000201,-0.089536,0.014691,1,OK
946686496964,946686496.882437348,odom,,,,,,,,,,0.021772,0.014181,0.006019,-0.012420,0.099904,0.001556,0.015572,0.177887,-0.015874,0.000805,-0.061259,0.015895,1,OK
946686497068,946686496.981893897,odom,,,,,,,,,,0.022195,0.013235,0.005366,-0.022000,0.099457,0.001037,0.010423,0.096323,-0.014350,0.001116,-0.043488,0.014393,1,OK
946686497163,946686497.082581520,odom,,,,,,,,,,0.021742,0.013681,0.005502,-0.027710,0.100688,0.000636,0.006312,0.056708,-0.014772,0.000169,-0.053068,0.014773,1,OK
946686497263,946686497.181940079,odom,,,,,,,,,,0.022555,0.013272,0.005654,-0.041350,0.099359,0.000910,0.009155,0.137283,-0.014320,0.000615,-0.058778,0.014333,1,OK
946686497333,0.000000000,summary,10.003,200.062,10.003,19968,99.699,0.006,0.006,0.997,0.645,0.022555,0.013272,0.005654,-0.041350,0,0.001821,0.018220,0.431886,-0.015132,0.000206,-0.072418,0.015134,1,OK
946686497359,946686497.281894326,odom,,,,,,,,,,0.022778,0.013165,0.004265,-0.047874,0.099954,0.000247,0.002475,0.065264,-0.015132,0.000206,-0.072418,0.015134,1,OK
946686497465,946686497.381695509,odom,,,,,,,,,,0.022572,0.013485,0.005048,-0.038332,0.099801,0.000381,0.003817,0.095602,-0.015355,0.000098,-0.078941,0.015355,1,OK
946686497563,946686497.481862426,odom,,,,,,,,,,0.021728,0.012540,0.004986,-0.041538,0.100167,0.001266,0.012642,0.032002,-0.015149,0.000419,-0.069400,0.015155,1,OK
946686497662,946686497.581455827,odom,,,,,,,,,,0.023854,0.013044,0.004762,-0.025606,0.099593,0.002184,0.021931,0.159972,-0.014305,-0.000525,-0.072605,0.014315,1,OK
946686497767,946686497.682545662,odom,,,,,,,,,,0.023448,0.011771,0.004042,-0.021835,0.101090,0.001337,0.013222,0.037304,-0.016431,-0.000023,-0.056673,0.016431,1,OK
946686497864,946686497.781882286,odom,,,,,,,,,,0.023179,0.012149,0.005089,-0.034377,0.099337,0.000464,0.004666,0.126257,-0.016024,-0.001296,-0.052902,0.016076,1,OK
946686497968,946686497.882642746,odom,,,,,,,,,,0.024025,0.012986,0.004589,-0.062226,0.100760,0.001190,0.011809,0.276395,-0.015756,-0.000918,-0.065444,0.015783,1,OK
946686498069,946686497.981941938,odom,,,,,,,,,,0.023887,0.013330,0.004972,-0.052647,0.099299,0.000370,0.003729,0.096473,-0.016602,-0.000081,-0.093294,0.016602,1,OK
946686498162,946686498.081854939,odom,,,,,,,,,,0.022237,0.013855,0.006057,-0.018297,0.099913,0.001731,0.017329,0.343797,-0.016464,0.000263,-0.083714,0.016466,1,OK
946686498267,946686498.181801915,odom,,,,,,,,,,0.022036,0.013091,0.006757,-0.054257,0.099947,0.000790,0.007904,0.359791,-0.014815,0.000789,-0.049364,0.014836,1,OK
946686498333,0.000000000,summary,10.005,200.093,10.005,19968,99.643,0.006,0.006,1.004,0.664,0.022036,0.013091,0.006757,-0.054257,0,0.002184,0.021931,0.359791,-0.014613,0.000025,-0.085324,0.014613,1,OK
946686498362,946686498.281687975,odom,,,,,,,,,,0.023267,0.011783,0.006113,-0.047043,0.099886,0.001796,0.017981,0.072221,-0.014613,0.000025,-0.085324,0.014613,1,OK
946686498467,946686498.381549835,odom,,,,,,,,,,0.023172,0.013557,0.005817,-0.021326,0.099862,0.001776,0.017790,0.257522,-0.015843,-0.001284,-0.078110,0.015895,1,OK
946686498564,946686498.482184887,odom,,,,,,,,,,0.021873,0.013443,0.006590,-0.039797,0.100635,0.001305,0.012963,0.183543,-0.015750,0.000490,-0.052394,0.015757,1,OK
946686498660,946686498.581450939,odom,,,,,,,,,,0.021765,0.014733,0.006832,-0.052596,0.099266,0.001295,0.013042,0.128934,-0.014450,0.000377,-0.070865,0.014455,1,OK
946686498768,946686498.681843996,odom,,,,,,,,,,0.021242,0.013905,0.005303,-0.041515,0.100393,0.000979,0.009754,0.110376,-0.014343,0.001667,-0.083663,0.014439,1,OK
946686498862,946686498.781828046,odom,,,,,,,,,,0.022287,0.015187,0.005816,-0.041521,0.099984,0.001653,0.016538,0.000063,-0.013819,0.000840,-0.072582,0.013845,1,OK
946686498964,946686498.882546782,odom,,,,,,,,,,0.021573,0.015528,0.005263,-0.040917,0.100719,0.000791,0.007850,0.006000,-0.014865,0.002121,-0.072589,0.015015,1,OK
946686499061,946686498.981889009,odom,,,,,,,,,,0.022216,0.014132,0.005260,-0.039887,0.099342,0.001537,0.015467,0.010370,-0.014152,0.002462,-0.071984,0.014364,1,OK
946686499165,946686499.082556486,odom,,,,,,,,,,0.023292,0.011894,0.007155,-0.053068,0.100667,0.002484,0.024671,0.130944,-0.014794,0.001066,-0.070954,0.014832,1,OK
946686499266,946686499.181777120,odom,,,,,,,,,,0.025197,0.012923,0.005728,-0.069096,0.099221,0.002165,0.021821,0.161538,-0.015869,-0.001173,-0.084136,0.015912,1,OK
946686499333,0.000000000,summary,10.003,200.067,10.003,19968,99.632,0.006,0.006,0.994,0.641,0.025197,0.012923,0.005728,-0.069096,0,0.002484,0.024671,0.257522,-0.017774,-0.000145,-0.100164,0.017775,1,OK
946686499367,946686499.281919241,odom,,,,,,,,,,0.025617,0.014168,0.004717,-0.069641,0.100142,0.001314,0.013120,0.005440,-0.017774,-0.000145,-0.100164,0.017775,1,OK
946686499463,946686499.381743193,odom,,,,,,,,,,0.025482,0.013311,0.004748,-0.054143,0.099824,0.000867,0.008690,0.155258,-0.018195,0.001100,-0.100709,0.018228,1,OK
946686499566,946686499.482528567,odom,,,,,,,,,,0.022567,0.013183,0.004527,-0.044686,0.100785,0.002918,0.028948,0.093832,-0.018059,0.000243,-0.085210,0.018061,1,OK
946686499667,946686499.581905365,odom,,,,,,,,,,0.023222,0.012272,0.004655,-0.057794,0.099377,0.001122,0.011287,0.131905,-0.015145,0.000117,-0.075753,0.015145,1,OK
946686499764,946686499.682619929,odom,,,,,,,,,,0.021646,0.012795,0.004056,-0.036059,0.100715,0.001661,0.016491,0.215811,-0.015799,-0.000794,-0.088862,0.015819,1,OK
946686499865,946686499.782528043,odom,,,,,,,,,,0.022078,0.012102,0.005528,-0.046109,0.099908,0.000817,0.008173,0.100596,-0.014223,-0.000270,-0.067126,0.014225,1,OK
946686499963,946686499.881904364,odom,,,,,,,,,,0.023020,0.013210,0.007311,-0.044661,0.099376,0.001454,0.014631,0.014572,-0.014655,-0.000964,-0.077177,0.014686,1,OK
946686500062,946686499.981858969,odom,,,,,,,,,,0.022730,0.015224,0.005853,-0.022738,0.099955,0.002035,0.020356,0.219330,-0.015597,0.000144,-0.075729,0.015598,1,OK
946686500162,946686500.082578182,odom,,,,,,,,,,0.021839,0.015948,0.006140,-0.025606,0.100719,0.001148,0.011397,0.028471,-0.015308,0.002158,-0.053806,0.015460,1,OK
946686500264,946686500.181908846,odom,,,,,,,,,,0.022720,0.015189,0.006328,-0.042079,0.099331,0.001163,0.011708,0.165843,-0.014418,0.002882,-0.056673,0.014703,1,OK
946686500333,0.000000000,summary,10.005,200.092,10.005,19968,99.722,0.005,0.006,1.006,0.622,0.022720,0.015189,0.006328,-0.042079,0,0.002918,0.028948,0.219330,-0.015298,0.002122,-0.073147,0.015445,1,OK
946686500364,946686500.281798005,odom,,,,,,,,,,0.023200,0.013488,0.005649,-0.057796,0.099889,0.001767,0.017687,0.157343,-0.015298,0.002122,-0.073147,0.015445,1,OK
946686500462,946686500.381688833,odom,,,,,,,,,,0.025475,0.013053,0.004350,-0.041601,0.099891,0.002316,0.023183,0.162127,-0.015777,0.000422,-0.088863,0.015783,1,OK
946686500563,946686500.481893897,odom,,,,,,,,,,0.025157,0.014812,0.004601,-0.052297,0.100205,0.001787,0.017837,0.106740,-0.018052,-0.000014,-0.072668,0.018052,1,OK
946686500666,946686500.581830859,odom,,,,,,,,,,0.024527,0.015817,0.005067,-0.055518,0.099937,0.001187,0.011873,0.032231,-0.017735,0.001745,-0.083364,0.017821,1,OK
946686500763,946686500.682641745,odom,,,,,,,,,,0.022480,0.015424,0.005561,-0.047346,0.100811,0.002084,0.020676,0.081064,-0.017105,0.002750,-0.086585,0.017325,1,OK
946686500863,946686500.781714797,odom,,,,,,,,,,0.022764,0.014827,0.007123,-0.049902,0.099073,0.000662,0.006678,0.025803,-0.015058,0.002358,-0.078413,0.015242,1,OK
946686500963,946686500.881785035,odom,,,,,,,,,,0.022229,0.014427,0.007491,-0.054020,0.100070,0.000668,0.006677,0.041151,-0.015342,0.001761,-0.080970,0.015443,1,OK
946686501064,946686500.981778502,odom,,,,,,,,,,0.022946,0.013422,0.007245,-0.028503,0.099993,0.001234,0.012338,0.255182,-0.014807,0.001361,-0.085088,0.014870,1,OK
946686501164,946686501.081869483,odom,,,,,,,,,,0.022617,0.012213,0.006246,-0.038848,0.100091,0.001253,0.012519,0.103352,-0.015523,0.000356,-0.059571,0.015527,1,OK
946686501269,946686501.181806564,odom,,,,,,,,,,0.022564,0.012327,0.006505,-0.039983,0.099937,0.000126,0.001258,0.011361,-0.015193,-0.000853,-0.069916,0.015217,1,OK
946686501333,0.000000000,summary,10.005,200.093,10.005,20064,100.911,0.006,0.006,1.004,0.724,0.022564,0.012327,0.006505,-0.039983,0,0.002316,0.023183,0.255182,-0.015140,-0.000739,-0.071051,0.015158,1,OK
946686501369,946686501.282513261,odom,,,,,,,,,,0.019658,0.014969,0.006051,-0.022782,0.100707,0.003927,0.038994,0.170802,-0.015140,-0.000739,-0.071051,0.015158,1,OK
946686501459,946686501.381867647,odom,,,,,,,,,,0.019718,0.015605,0.004014,-0.028940,0.099354,0.000638,0.006425,0.061972,-0.012236,0.001904,-0.053850,0.012383,1,OK
946686501567,946686501.481811047,odom,,,,,,,,,,0.022679,0.015010,0.005197,-0.051072,0.099943,0.003020,0.030220,0.221447,-0.012296,0.002540,-0.060007,0.012556,1,OK
946686501666,946686501.582573056,odom,,,,,,,,,,0.022702,0.014999,0.004953,-0.047507,0.100762,0.000025,0.000249,0.035382,-0.015257,0.001943,-0.082140,0.015380,1,OK
946686501768,946686501.681960344,odom,,,,,,,,,,0.024268,0.014137,0.005363,-0.057343,0.099387,0.001788,0.017990,0.098970,-0.015280,0.001933,-0.078574,0.015401,1,OK
946686501863,946686501.781844616,odom,,,,,,,,,,0.023308,0.013765,0.004523,-0.027667,0.099884,0.001030,0.010312,0.297109,-0.016846,0.001070,-0.088411,0.016880,1,OK
946686501967,946686501.882598639,odom,,,,,,,,,,0.022775,0.013755,0.004795,-0.034406,0.100754,0.000533,0.005289,0.066887,-0.015885,0.000698,-0.058734,0.015900,1,OK
946686502068,946686501.981921315,odom,,,,,,,,,,0.021695,0.014370,0.003798,-0.033204,0.099323,0.001242,0.012510,0.012104,-0.015352,0.000689,-0.065473,0.015368,1,OK
946686502162,946686502.081837177,odom,,,,,,,,,,0.020797,0.012471,0.004244,-0.036581,0.099916,0.002100,0.021018,0.033800,-0.014273,0.001304,-0.064271,0.014332,1,OK
946686502264,946686502.181780457,odom,,,,,,,,,,0.022171,0.012055,0.003674,-0.045517,0.099943,0.001435,0.014358,0.089410,-0.013374,-0.000594,-0.067648,0.013387,1,OK
946686502333,0.000000000,summary,10.003,200.062,10.003,20064,100.313,0.006,0.006,0.993,0.756,0.022171,0.012055,0.003674,-0.045517,0,0.003927,0.038994,0.297109,-0.014747,-0.001011,-0.076584,0.014782,1,OK
946686502366,946686502.281922102,odom,,,,,,,,,,0.022807,0.013420,0.004789,-0.036878,0.100142,0.001505,0.015030,0.086264,-0.014747,-0.001011,-0.076584,0.014782,1,OK
946686502467,946686502.381828666,odom,,,,,,,,,,0.024072,0.011371,0.004880,-0.070265,0.099907,0.002408,0.024100,0.334181,-0.015384,0.000353,-0.067946,0.015388,1,OK
946686502559,946686502.481762052,odom,,,,,,,,,,0.024981,0.011584,0.004608,-0.054219,0.099933,0.000933,0.009341,0.160568,-0.016648,-0.001696,-0.101333,0.016734,1,OK
946686502664,946686502.581934214,odom,,,,,,,,,,0.024720,0.012808,0.006153,-0.039746,0.100172,0.001251,0.012489,0.144481,-0.017557,-0.001483,-0.085286,0.017619,1,OK
946686502762,946686502.681868553,odom,,,,,,,,,,0.023826,0.014216,0.006128,-0.037488,0.099934,0.001668,0.016694,0.022588,-0.017296,-0.000260,-0.070813,0.017298,1,OK
946686502857,946686502.781868577,odom,,,,,,,,,,0.023740,0.012676,0.004026,-0.044128,0.100000,0.001543,0.015426,0.066398,-0.016403,0.001149,-0.068556,0.016444,1,OK
946686502976,946686502.881863594,odom,,,,,,,,,,0.023555,0.012067,0.004690,-0.035528,0.099995,0.000637,0.006367,0.086009,-0.016317,-0.000391,-0.075196,0.016322,1,OK
946686503064,946686502.981781602,odom,,,,,,,,,,0.023975,0.013296,0.004808,-0.054953,0.099918,0.001299,0.013001,0.194409,-0.016132,-0.001000,-0.066595,0.016163,1,OK
946686503169,946686503.081913590,odom,,,,,,,,,,0.024199,0.012362,0.004724,-0.085814,0.100132,0.000961,0.009593,0.308204,-0.016552,0.000229,-0.086020,0.016553,1,OK
946686503268,946686503.181739211,odom,,,,,,,,,,0.023711,0.011966,0.003630,-0.052182,0.099826,0.000628,0.006293,0.336908,-0.016775,-0.000705,-0.116882,0.016790,1,OK
946686503333,0.000000000,summary,10.004,200.072,10.004,20064,100.312,0.006,0.006,1.011,0.756,0.023711,0.011966,0.003630,-0.052182,0,0.002408,0.024100,0.336908,-0.016288,-0.001101,-0.083249,0.016325,1,OK
946686503362,946686503.281794190,odom,,,,,,,,,,0.024917,0.012820,0.004459,-0.061323,0.100055,0.001477,0.014766,0.091362,-0.016288,-0.001101,-0.083249,0.016325,1,OK
946686503464,946686503.381803393,odom,,,,,,,,,,0.025133,0.012730,0.004874,-0.069621,0.100009,0.000234,0.002338,0.082971,-0.017494,-0.000248,-0.092391,0.017496,1,OK
946686503563,946686503.481915355,odom,,,,,,,,,,0.022975,0.012534,0.004850,-0.059860,0.100112,0.002166,0.021640,0.097505,-0.017709,-0.000338,-0.100689,0.017713,1,OK
946686503666,946686503.582691789,odom,,,,,,,,,,0.023322,0.012414,0.004481,-0.028511,0.100776,0.000368,0.003649,0.311070,-0.015552,-0.000532,-0.090927,0.015561,1,OK
946686503771,946686503.681786418,odom,,,,,,,,,,0.023571,0.011838,0.004574,-0.059094,0.099095,0.000627,0.006331,0.308620,-0.015899,-0.000652,-0.059579,0.015913,1,OK
946686503866,946686503.781926036,odom,,,,,,,,,,0.021959,0.013895,0.004807,-0.023706,0.100140,0.002614,0.026099,0.353380,-0.016147,-0.001229,-0.090161,0.016194,1,OK
946686503968,946686503.881828427,odom,,,,,,,,,,0.023183,0.015169,0.004809,-0.038307,0.099902,0.001767,0.017686,0.146152,-0.014536,0.000829,-0.054774,0.014560,1,OK
946686504066,946686503.981747150,odom,,,,,,,,,,0.022273,0.014924,0.004987,-0.041496,0.099919,0.000942,0.009432,0.031915,-0.015761,0.002103,-0.069375,0.015901,1,OK
946686504167,946686504.081757426,odom,,,,,,,,,,0.022333,0.014271,0.005564,-0.052396,0.100010,0.000656,0.006558,0.108987,-0.014851,0.001858,-0.072564,0.014967,1,OK
946686504264,946686504.181842089,odom,,,,,,,,,,0.021889,0.013868,0.006307,-0.019000,0.100085,0.000600,0.005991,0.333676,-0.014911,0.001205,-0.083464,0.014960,1,OK
946686504333,0.000000000,summary,10.003,200.059,10.003,19968,99.586,0.006,0.010,0.994,0.556,0.021889,0.013868,0.006307,-0.019000,0,0.002614,0.026099,0.353380,-0.014466,0.000803,-0.050068,0.014489,1,OK
946686504367,946686504.281769156,odom,,,,,,,,,,0.021791,0.015802,0.005567,-0.029451,0.099927,0.001936,0.019376,0.104588,-0.014466,0.000803,-0.050068,0.014489,1,OK
946686504463,946686504.381772161,odom,,,,,,,,,,0.020768,0.014848,0.005324,-0.037346,0.100003,0.001399,0.013990,0.078947,-0.014369,0.002736,-0.060519,0.014628,1,OK
946686504565,946686504.481778741,odom,,,,,,,,,,0.020409,0.013464,0.005529,-0.050748,0.100007,0.001430,0.014298,0.134013,-0.013346,0.001783,-0.068414,0.013464,1,OK
946686504666,946686504.582582951,odom,,,,,,,,,,0.021717,0.014152,0.005419,-0.027538,0.100804,0.001478,0.014666,0.230254,-0.012986,0.000399,-0.081816,0.012992,1,OK
946686504761,946686504.681950331,odom,,,,,,,,,,0.022558,0.013663,0.004725,-0.023497,0.099367,0.000973,0.009792,0.040667,-0.014295,0.001086,-0.058605,0.014336,1,OK
946686504861,946686504.781813741,odom,,,,,,,,,,0.023262,0.012936,0.005466,-0.070956,0.099863,0.001012,0.010130,0.475245,-0.015136,0.000597,-0.054564,0.015148,1,OK
946686504966,946686504.881786704,odom,,,,,,,,,,0.022780,0.012769,0.005073,-0.025781,0.099973,0.000510,0.005103,0.451877,-0.015839,-0.000130,-0.102024,0.015839,1,OK
946686505067,946686504.981957197,odom,,,,,,,,,,0.023651,0.013170,0.006211,-0.026234,0.100170,0.000958,0.009568,0.004523,-0.015357,-0.000297,-0.056849,0.015360,1,OK
946686505161,946686505.081773639,odom,,,,,,,,,,0.023776,0.015464,0.004859,-0.020921,0.099816,0.002298,0.023021,0.053232,-0.016228,0.000103,-0.057302,0.016228,1,OK
946686505270,946686505.182597756,odom,,,,,,,,,,0.022960,0.014809,0.003746,-0.049330,0.100824,0.001047,0.010385,0.281771,-0.016355,0.002398,-0.051988,0.016530,1,OK
946686505333,0.000000000,summary,10.004,200.073,10.004,19872,99.474,0.006,0.006,1.003,0.905,0.022960,0.014809,0.003746,-0.049330,0,0.002298,0.023021,0.475245,-0.015538,0.001743,-0.080398,0.015635,1,OK
946686505370,946686505.281822801,odom,,,,,,,,,,0.022294,0.013302,0.003236,-0.064718,0.099225,0.001648,0.016609,0.155087,-0.015538,0.001743,-0.080398,0.015635,1,OK
946686505463,946686505.381815553,odom,,,,,,,,,,0.022493,0.013174,0.004595,-0.042085,0.099993,0.000237,0.002366,0.226346,-0.014871,0.000236,-0.095786,0.014873,1,OK
946686505564,946686505.481801510,odom,,,,,,,,,,0.021735,0.012652,0.005999,-0.046124,0.099986,0.000920,0.009200,0.040389,-0.015070,0.000107,-0.073153,0.015071,1,OK
946686505664,946686505.581941366,odom,,,,,,,,,,0.022009,0.013391,0.005017,-0.045007,0.100140,0.000788,0.007866,0.011149,-0.014312,-0.000414,-0.077191,0.014318,1,OK
946686505766,946686505.681931973,odom,,,,,,,,,,0.022192,0.013186,0.003901,-0.050056,0.099991,0.000274,0.002743,0.050495,-0.014587,0.000325,-0.076075,0.014590,1,OK
946686505866,946686505.781721234,odom,,,,,,,,,,0.021287,0.012952,0.004334,-0.030121,0.099789,0.000935,0.009365,0.199776,-0.014769,0.000120,-0.081124,0.014769,1,OK
946686505968,946686505.881904125,odom,,,,,,,,,,0.021248,0.013491,0.004701,-0.040246,0.100183,0.000540,0.005391,0.101065,-0.013864,-0.000114,-0.061189,0.013864,1,OK
946686506066,946686505.981779456,odom,,,,,,,,,,0.021712,0.013417,0.004297,-0.022535,0.099875,0.000469,0.004699,0.177329,-0.013826,0.000425,-0.071314,0.013832,1,OK
946686506164,946686506.082612514,odom,,,,,,,,,,0.021071,0.012310,0.003374,-0.041833,0.100833,0.001279,0.012683,0.191386,-0.014289,0.000351,-0.053603,0.014293,1,OK
946686506267,946686506.181779385,odom,,,,,,,,,,0.020191,0.012777,0.003948,-0.032865,0.099167,0.000997,0.010049,0.090432,-0.013648,-0.000755,-0.072901,0.013669,1,OK
946686506333,0.000000000,summary,10.003,200.052,10.003,20064,100.269,0.006,0.006,1.001,0.693,0.020191,0.012777,0.003948,-0.032865,0,0.001648,0.016609,0.226346,-0.012768,-0.000288,-0.063933,0.012771,1,OK
946686506365,946686506.281827927,odom,,,,,,,,,,0.022827,0.013546,0.006042,-0.028463,0.100049,0.002746,0.027444,0.044005,-0.012768,-0.000288,-0.063933,0.012771,1,OK
946686506464,946686506.381838202,odom,,,,,,,,,,0.021141,0.013793,0.004743,-0.016514,0.100010,0.001703,0.017033,0.119469,-0.015404,0.000480,-0.059530,0.015412,1,OK
946686506569,946686506.481954575,odom,,,,,,,,,,0.021479,0.014436,0.005475,-0.027128,0.100116,0.000726,0.007255,0.106014,-0.013719,0.000727,-0.047582,0.013738,1,OK
946686506664,946686506.581779003,odom,,,,,,,,,,0.022073,0.015346,0.005177,-0.048665,0.099824,0.001087,0.010892,0.215747,-0.014057,0.001370,-0.058196,0.014124,1,OK
946686506767,946686506.681974053,odom,,,,,,,,,,0.023404,0.014402,0.004312,-0.024718,0.100195,0.001631,0.016282,0.239001,-0.014652,0.002280,-0.079733,0.014828,1,OK
946686506867,946686506.781476974,odom,,,,,,,,,,0.023089,0.012968,0.004954,-0.036839,0.099503,0.001468,0.014756,0.121818,-0.015982,0.001336,-0.055786,0.016038,1,OK
946686506970,946686506.881781936,odom,,,,,,,,,,0.022575,0.013774,0.005920,-0.015525,0.100305,0.000956,0.009536,0.212495,-0.015666,-0.000098,-0.067907,0.015667,1,OK
946686507071,946686506.981786013,odom,,,,,,,,,,0.023501,0.013656,0.006426,-0.054847,0.100004,0.000934,0.009340,0.393200,-0.015152,0.000708,-0.046593,0.015169,1,OK
946686507169,946686507.081762195,odom,,,,,,,,,,0.024577,0.014507,0.004656,-0.057909,0.099976,0.001372,0.013720,0.030632,-0.016078,0.000589,-0.085914,0.016089,1,OK
946686507267,946686507.181882143,odom,,,,,,,,,,0.025073,0.014207,0.003955,-0.050205,0.100120,0.000580,0.005795,0.076950,-0.017155,0.001440,-0.088977,0.017215,1,OK
946686507333,0.000000000,summary,10.003,200.061,10.003,19968,99.632,0.006,0.006,1.002,0.563,0.025073,0.014207,0.003955,-0.050205,0,0.002746,0.027444,0.393200,-0.017651,0.001139,-0.081273,0.017687,1,OK
946686507367,946686507.281823516,odom,,,,,,,,,,0.023645,0.012074,0.003938,-0.061767,0.099941,0.002566,0.025680,0.115685,-0.017651,0.001139,-0.081273,0.017687,1,OK
946686507464,946686507.381791830,odom,,,,,,,,,,0.022886,0.012353,0.002718,-0.023836,0.099968,0.000808,0.008086,0.379426,-0.016222,-0.000993,-0.092834,0.016252,1,OK
946686507568,946686507.481869578,odom,,,,,,,,,,0.023047,0.012256,0.004025,-0.043798,0.100078,0.000188,0.001878,0.199460,-0.015463,-0.000714,-0.054904,0.015480,1,OK
946686507666,946686507.581772685,odom,,,,,,,,,,0.025163,0.012208,0.004566,-0.070801,0.099903,0.002116,0.021182,0.270296,-0.015624,-0.000811,-0.074865,0.015645,1,OK
946686507768,946686507.681806087,odom,,,,,,,,,,0.024384,0.010828,0.004948,-0.041352,0.100033,0.001585,0.015844,0.294395,-0.017740,-0.000860,-0.101869,0.017760,1,OK
946686507871,946686507.781806707,odom,,,,,,,,,,0.023387,0.011644,0.007012,-0.054693,0.100001,0.001289,0.012890,0.133409,-0.016960,-0.002240,-0.072419,0.017107,1,OK
946686507963,946686507.881754398,odom,,,,,,,,,,0.022547,0.011782,0.005920,-0.068332,0.099948,0.000852,0.008525,0.136466,-0.015964,-0.001422,-0.085760,0.016027,1,OK
946686508069,946686507.981753826,odom,,,,,,,,,,0.021520,0.010842,0.007418,-0.051182,0.099999,0.001392,0.013923,0.171498,-0.015123,-0.001284,-0.099400,0.015177,1,OK
946686508169,946686508.081818700,odom,,,,,,,,,,0.023600,0.012416,0.006032,-0.043694,0.100065,0.002609,0.026071,0.074835,-0.014096,-0.002224,-0.082250,0.014270,1,OK
946686508264,946686508.181815505,odom,,,,,,,,,,0.024599,0.013607,0.007521,-0.051617,0.099997,0.001554,0.015545,0.079232,-0.016177,-0.000650,-0.074762,0.016190,1,OK
946686508333,0.000000000,summary,10.003,200.061,10.003,20064,100.402,0.006,0.006,1.001,0.732,0.024599,0.013607,0.007521,-0.051617,0,0.002609,0.026071,0.379426,-0.017177,0.000540,-0.082685,0.017185,1,OK
946686508366,946686508.281943321,odom,,,,,,,,,,0.023354,0.014255,0.007201,-0.038903,0.100128,0.001404,0.014018,0.126980,-0.017177,0.000540,-0.082685,0.017185,1,OK
946686508464,946686508.381809592,odom,,,,,,,,,,0.021918,0.013754,0.004488,-0.046429,0.099866,0.001521,0.015233,0.075361,-0.015932,0.001189,-0.069970,0.015976,1,OK
946686508568,946686508.481657386,odom,,,,,,,,,,0.021159,0.012139,0.004706,-0.031901,0.099848,0.001785,0.017876,0.145503,-0.014495,0.000688,-0.077496,0.014512,1,OK
946686508665,946686508.581757903,odom,,,,,,,,,,0.023193,0.012566,0.004833,-0.058859,0.100101,0.002079,0.020766,0.269315,-0.013735,-0.000927,-0.062968,0.013767,1,OK
946686508767,946686508.681670070,odom,,,,,,,,,,0.024063,0.011531,0.003988,-0.044563,0.099912,0.001352,0.013536,0.143092,-0.015770,-0.000500,-0.089927,0.015778,1,OK
946686508867,946686508.781025887,odom,,,,,,,,,,0.023705,0.012155,0.003933,-0.042987,0.099356,0.000720,0.007244,0.015864,-0.016639,-0.001536,-0.075630,0.016710,1,OK
946686508965,946686508.881873846,odom,,,,,,,,,,0.023037,0.012740,0.004211,-0.051766,0.100848,0.000888,0.008802,0.087052,-0.016281,-0.000912,-0.074054,0.016307,1,OK
946686509064,946686508.981701136,odom,,,,,,,,,,0.023781,0.013459,0.005395,-0.054298,0.099827,0.001035,0.010366,0.025372,-0.015614,-0.000327,-0.082833,0.015617,1,OK
946686509172,946686509.081898808,odom,,,,,,,,,,0.023955,0.013535,0.003890,-0.038364,0.100198,0.000189,0.001891,0.159026,-0.016358,0.000392,-0.085366,0.016363,1,OK
946686509254,946686509.181943178,odom,,,,,,,,,,0.022331,0.015375,0.003496,-0.014135,0.100044,0.002454,0.024529,0.242191,-0.016532,0.000468,-0.069432,0.016539,1,OK
946686509333,0.000000000,summary,10.004,200.083,10.004,19968,99.604,0.006,0.006,1.000,0.915,0.022331,0.015375,0.003496,-0.014135,0,0.002454,0.024529,0.269315,-0.014909,0.002308,-0.045202,0.015087,1,OK
946686509369,946686509.281837821,odom,,,,,,,,,,0.021711,0.016630,0.004403,-0.044215,0.099895,0.001400,0.014012,0.301126,-0.014909,0.002308,-0.045202,0.015087,1,OK
946686509477,946686509.381856441,odom,,,,,,,,,,0.022389,0.015913,0.004979,-0.053337,0.100019,0.000986,0.009862,0.091203,-0.014290,0.003564,-0.075283,0.014728,1,OK
946686509562,946686509.481738567,odom,,,,,,,,,,0.021687,0.014214,0.005322,-0.045515,0.099882,0.001838,0.018406,0.078313,-0.014967,0.002847,-0.084405,0.015236,1,OK
946686509660,946686509.581792951,odom,,,,,,,,,,0.022436,0.013436,0.004597,-0.062076,0.100054,0.001079,0.010782,0.165518,-0.014265,0.001148,-0.076583,0.014311,1,OK
946686509766,946686509.681482673,odom,,,,,,,,,,0.022486,0.011991,0.004878,-0.049910,0.099690,0.001446,0.014505,0.122040,-0.015013,0.000370,-0.093144,0.015017,1,OK
946686509865,946686509.781921864,odom,,,,,,,,,,0.022632,0.011295,0.005284,-0.019008,0.100439,0.000711,0.007082,0.307664,-0.015063,-0.001075,-0.080978,0.015101,1,OK
946686509962,946686509.881819963,odom,,,,,,,,,,0.023920,0.012381,0.006514,-0.046455,0.099898,0.001684,0.016857,0.274749,-0.015208,-0.001771,-0.050076,0.015311,1,OK
946686510060,946686509.981814027,odom,,,,,,,,,,0.023823,0.012211,0.005234,-0.040616,0.099994,0.000196,0.001956,0.058393,-0.016496,-0.000686,-0.077523,0.016511,1,OK
946686510333,0.000000000,summary,10.002,200.043,8.002,19968,99.675,0.006,0.006,1.009,0.499,0.023823,0.012211,0.005234,-0.040616,0,0.001838,0.018406,0.307664,-0.016399,-0.000856,-0.071684,0.016422,1,OK
946686510361,946686510.081802607,odom,,,,,,,,,,0.024808,0.013363,0.005550,-0.039324,0.099989,0.001515,0.015155,0.012924,-0.016399,-0.000856,-0.071684,0.016422,1,OK
946686510415,946686510.181901217,odom,,,,,,,,,,0.022865,0.013678,0.005580,-0.031716,0.100099,0.001968,0.019658,0.076011,-0.017385,0.000295,-0.070392,0.017387,1,OK
946686510462,946686510.281904697,odom,,,,,,,,,,0.022093,0.013728,0.005530,-0.028859,0.100003,0.000774,0.007739,0.028562,-0.015443,0.000612,-0.062783,0.015455,1,OK
946686510515,946686510.381764293,odom,,,,,,,,,,0.022668,0.012350,0.005478,-0.038489,0.099860,0.001493,0.014952,0.096432,-0.014670,0.000662,-0.059927,0.014685,1,OK
946686510568,946686510.481521487,odom,,,,,,,,,,0.020977,0.012599,0.004406,-0.022714,0.099757,0.001709,0.017131,0.158132,-0.015244,-0.000716,-0.069556,0.015261,1,OK
946686510665,946686510.581804872,odom,,,,,,,,,,0.021782,0.013473,0.002384,-0.019686,0.100283,0.001188,0.011846,0.030191,-0.013554,-0.000466,-0.053782,0.013562,1,OK
946686510766,946686510.681316376,odom,,,,,,,,,,0.022484,0.012941,0.002668,-0.048768,0.099512,0.000881,0.008853,0.292243,-0.014359,0.000407,-0.050754,0.014365,1,OK
946686510857,946686510.781841159,odom,,,,,,,,,,0.025353,0.012933,0.002513,-0.047915,0.100525,0.002869,0.028543,0.008482,-0.015061,-0.000125,-0.079836,0.015062,1,OK
946686510966,946686510.881857634,odom,,,,,,,,,,0.024619,0.013587,0.005081,-0.057842,0.100016,0.000983,0.009827,0.099253,-0.017930,-0.000135,-0.078983,0.017931,1,OK
946686511063,946686510.981820941,odom,,,,,,,,,,0.024201,0.013816,0.005700,-0.039213,0.099963,0.000477,0.004773,0.186362,-0.017197,0.000519,-0.088910,0.017205,1,OK
946686511164,946686511.081902742,odom,,,,,,,,,,0.022896,0.012806,0.005273,-0.028306,0.100082,0.001650,0.016483,0.108980,-0.016778,0.000748,-0.070280,0.016795,1,OK
946686511268,946686511.181832671,odom,,,,,,,,,,0.023925,0.011613,0.006871,-0.054261,0.099930,0.001575,0.015762,0.259732,-0.015473,-0.000260,-0.059374,0.015475,1,OK
946686511333,0.000000000,summary,10.004,200.080,12.005,19968,99.647,0.006,0.006,0.992,0.448,0.023925,0.011613,0.006871,-0.054261,0,0.002869,0.028543,0.292243,-0.016501,-0.001454,-0.085329,0.016565,1,OK
946686511362,946686511.281882882,odom,,,,,,,,,,0.024172,0.012389,0.005005,-0.073417,0.100050,0.000814,0.008138,0.191462,-0.016501,-0.001454,-0.085329,0.016565,1,OK
946686511464,946686511.381862640,odom,,,,,,,,,,0.024335,0.013011,0.005056,-0.076791,0.099980,0.000643,0.006433,0.033752,-0.016749,-0.000678,-0.104484,0.016762,1,OK
946686511561,946686511.481103659,odom,,,,,,,,,,0.022805,0.013742,0.004576,-0.025864,0.099241,0.001695,0.017084,0.513171,-0.016912,-0.000056,-0.107859,0.016913,1,OK
946686511670,946686511.581955791,odom,,,,,,,,,,0.022996,0.015229,0.005836,-0.035256,0.100852,0.001499,0.014866,0.093125,-0.015383,0.000675,-0.056931,0.015398,1,OK
946686511772,946686511.681811571,odom,,,,,,,,,,0.024359,0.015641,0.005566,-0.051141,0.099856,0.001424,0.014258,0.159083,-0.015575,0.002162,-0.066323,0.015724,1,OK
946686511862,946686511.781783342,odom,,,,,,,,,,0.023448,0.013979,0.005223,-0.041624,0.099972,0.001895,0.018955,0.095194,-0.016938,0.002574,-0.082208,0.017132,1,OK
946686511963,946686511.881796956,odom,,,,,,,,,,0.023075,0.012706,0.004934,-0.042953,0.100014,0.001327,0.013271,0.013285,-0.016026,0.000913,-0.072692,0.016052,1,OK
946686512064,946686511.981765509,odom,,,,,,,,,,0.021816,0.013557,0.005796,-0.040930,0.099969,0.001519,0.015195,0.020236,-0.015652,-0.000361,-0.074020,0.015656,1,OK
946686512167,946686512.081815481,odom,,,,,,,,,,0.023346,0.012308,0.005787,-0.047693,0.100050,0.001975,0.019736,0.067597,-0.014394,0.000491,-0.071997,0.014402,1,OK
946686512264,946686512.181799054,odom,,,,,,,,,,0.020991,0.012124,0.004687,-0.013121,0.099984,0.002363,0.023630,0.345777,-0.015923,-0.000758,-0.078760,0.015941,1,OK
946686512333,0.000000000,summary,10.003,200.065,10.003,20064,100.404,0.006,0.006,1.010,0.813,0.020991,0.012124,0.004687,-0.013121,0,0.002363,0.023630,0.513171,-0.013567,-0.000941,-0.044188,0.013600,1,OK
946686512363,946686512.281939745,odom,,,,,,,,,,0.020271,0.011937,0.005877,-0.027575,0.100141,0.000743,0.007424,0.144334,-0.013567,-0.000941,-0.044188,0.013600,1,OK
946686512467,946686512.381770968,odom,,,,,,,,,,0.020900,0.013374,0.006625,-0.036843,0.099831,0.001569,0.015712,0.092837,-0.012848,-0.001128,-0.058642,0.012897,1,OK
946686512568,946686512.481799841,odom,,,,,,,,,,0.021636,0.013662,0.005994,-0.034590,0.100029,0.000791,0.007907,0.022524,-0.013477,0.000309,-0.067910,0.013481,1,OK
946686512665,946686512.581857800,odom,,,,,,,,,,0.024171,0.014405,0.006026,-0.018313,0.100058,0.002641,0.026397,0.162669,-0.014214,0.000597,-0.065657,0.014226,1,OK
946686512767,946686512.681824803,odom,,,,,,,,,,0.023751,0.015308,0.004640,-0.030033,0.099967,0.000996,0.009960,0.117232,-0.016749,0.001338,-0.049381,0.016802,1,OK
946686512867,946686512.781803131,odom,,,,,,,,,,0.024242,0.012762,0.003531,-0.058332,0.099978,0.002593,0.025933,0.283050,-0.016329,0.002241,-0.061100,0.016482,1,OK
946686512968,946686512.881922126,odom,,,,,,,,,,0.024568,0.012403,0.003834,-0.042244,0.100119,0.000485,0.004845,0.160683,-0.016819,-0.000305,-0.089399,0.016822,1,OK
946686513064,946686512.981764436,odom,,,,,,,,,,0.023753,0.012142,0.002091,-0.040175,0.099842,0.000857,0.008579,0.020723,-0.017145,-0.000664,-0.073312,0.017158,1,OK
946686513166,946686513.081758618,odom,,,,,,,,,,0.023461,0.012383,0.002698,-0.061980,0.099994,0.000378,0.003780,0.218067,-0.016329,-0.000925,-0.071243,0.016356,1,OK
946686513271,946686513.181775093,odom,,,,,,,,,,0.020802,0.012708,0.004147,-0.037534,0.100016,0.002679,0.026788,0.244424,-0.016038,-0.000684,-0.093048,0.016053,1,OK
946686513333,0.000000000,summary,10.004,200.073,10.004,20064,100.405,0.006,0.006,0.997,0.542,0.020802,0.012708,0.004147,-0.037534,0,0.002679,0.026788,0.283050,-0.013379,-0.000357,-0.068602,0.013384,1,OK
946686513360,946686513.281905174,odom,,,,,,,,,,0.021615,0.012316,0.004700,-0.026615,0.100130,0.000903,0.009016,0.109050,-0.013379,-0.000357,-0.068602,0.013384,1,OK
946686513459,946686513.381769657,odom,,,,,,,,,,0.021673,0.013418,0.004493,-0.039495,0.099864,0.001104,0.011052,0.128972,-0.014192,-0.000750,-0.057682,0.014212,1,OK
946686513564,946686513.481840134,odom,,,,,,,,,,0.020069,0.013003,0.006123,-0.018120,0.100070,0.001657,0.016558,0.213599,-0.014250,0.000352,-0.070562,0.014255,1,OK
946686513663,946686513.581769347,odom,,,,,,,,,,0.020300,0.013636,0.006927,-0.022128,0.099929,0.000674,0.006744,0.040107,-0.012646,-0.000062,-0.049187,0.012646,1,OK
946686513763,946686513.681927204,odom,,,,,,,,,,0.021591,0.014479,0.006177,-0.023046,0.100158,0.001542,0.015399,0.009165,-0.012877,0.000571,-0.053195,0.012890,1,OK
946686513867,946686513.781834483,odom,,,,,,,,,,0.022383,0.012989,0.007223,-0.055561,0.099907,0.001688,0.016892,0.325460,-0.014169,0.001413,-0.054113,0.014239,1,OK
946686513964,946686513.881780267,odom,,,,,,,,,,0.023936,0.011664,0.006170,-0.042252,0.099946,0.002041,0.020420,0.133170,-0.014960,-0.000077,-0.086629,0.014961,1,OK
946686514060,946686513.981769681,odom,,,,,,,,,,0.024212,0.012785,0.005145,-0.045940,0.099989,0.001155,0.011549,0.036888,-0.016512,-0.001403,-0.073319,0.016571,1,OK
946686514166,946686514.081903815,odom,,,,,,,,,,0.023905,0.013616,0.004101,-0.036997,0.100134,0.000886,0.008845,0.089309,-0.016789,-0.000282,-0.077008,0.016791,1,OK
946686514265,946686514.181761265,odom,,,,,,,,,,0.023092,0.012245,0.002939,-0.053871,0.099857,0.001594,0.015958,0.168981,-0.016482,0.000549,-0.068065,0.016491,1,OK
946686514333,0.000000000,summary,10.004,200.070,10.004,20064,100.336,0.005,0.006,0.996,0.746,0.023092,0.012245,0.002939,-0.053871,0,0.002041,0.020420,0.325460,-0.015669,-0.000821,-0.084939,0.015690,1,OK
946686514368,946686514.281838775,odom,,,,,,,,,,0.022393,0.013440,0.002788,-0.029754,0.100078,0.001385,0.013837,0.240983,-0.015669,-0.000821,-0.084939,0.015690,1,OK
946686514461,946686514.381908178,odom,,,,,,,,,,0.022980,0.013697,0.004445,-0.041800,0.100069,0.000641,0.006405,0.120379,-0.014970,0.000374,-0.060822,0.014975,1,OK
946686514563,946686514.481790185,odom,,,,,,,,,,0.023447,0.013319,0.005599,-0.046927,0.099882,0.000601,0.006016,0.051327,-0.015557,0.000630,-0.072868,0.015570,1,OK
946686514662,946686514.581814885,odom,,,,,,,,,,0.023839,0.013904,0.006077,-0.034632,0.100025,0.000703,0.007033,0.122919,-0.016024,0.000253,-0.077995,0.016026,1,OK
946686514766,946686514.681860328,odom,,,,,,,,,,0.023121,0.013491,0.006239,-0.047970,0.100045,0.000828,0.008276,0.133322,-0.016416,0.000837,-0.065700,0.016438,1,OK
946686514865,946686514.781773686,odom,,,,,,,,,,0.021983,0.013487,0.005943,-0.019485,0.099913,0.001138,0.011388,0.285103,-0.015698,0.000424,-0.079038,0.015704,1,OK
946686514967,946686514.881787300,odom,,,,,,,,,,0.021692,0.011527,0.005881,-0.021400,0.100014,0.001981,0.019807,0.019149,-0.014561,0.000421,-0.050552,0.014567,1,OK
946686515065,946686514.981966972,odom,,,,,,,,,,0.021641,0.012961,0.005847,-0.021383,0.100180,0.001434,0.014318,0.000164,-0.014268,-0.001538,-0.052468,0.014351,1,OK
946686515161,946686515.081701159,odom,,,,,,,,,,0.021158,0.012372,0.005199,-0.043941,0.099734,0.000762,0.007641,0.226172,-0.014218,-0.000105,-0.052451,0.014219,1,OK
946686515264,946686515.181946397,odom,,,,,,,,,,0.021090,0.012895,0.004454,-0.026390,0.100245,0.000527,0.005254,0.175078,-0.013734,-0.000693,-0.075008,0.013752,1,OK
946686515333,0.000000000,summary,10.003,200.059,10.003,19968,99.500,0.006,0.006,1.004,0.633,0.021090,0.012895,0.004454,-0.026390,0,0.001981,0.019807,0.285103,-0.013667,-0.000171,-0.057457,0.013668,1,OK
946686515366,946686515.281835079,odom,,,,,,,,,,0.019503,0.014166,0.004159,-0.020924,0.099889,0.002033,0.020356,0.054723,-0.013667,-0.000171,-0.057457,0.013668,1,OK
946686515470,946686515.381841660,odom,,,,,,,,,,0.020943,0.013983,0.003788,-0.047716,0.100007,0.001451,0.014508,0.267905,-0.012081,0.001102,-0.051991,0.012131,1,OK
946686515558,946686515.481795311,odom,,,,,,,,,,0.021757,0.013487,0.005217,-0.025020,0.099954,0.000954,0.009540,0.227066,-0.013520,0.000917,-0.078784,0.013551,1,OK
946686515667,946686515.581912160,odom,,,,,,,,,,0.021093,0.013976,0.005563,-0.010612,0.100117,0.000825,0.008238,0.143916,-0.014335,0.000421,-0.056087,0.014341,1,OK
946686515766,946686515.681856394,odom,,,,,,,,,,0.021266,0.014355,0.006016,-0.025754,0.099944,0.000416,0.004167,0.151507,-0.013670,0.000910,-0.041679,0.013701,1,OK
946686515867,946686515.781798363,odom,,,,,,,,,,0.022219,0.013241,0.006228,-0.035170,0.099942,0.001466,0.014664,0.094215,-0.013844,0.001289,-0.056821,0.013904,1,OK
946686515972,946686515.881609797,odom,,,,,,,,,,0.022653,0.012571,0.006216,-0.045871,0.099811,0.000798,0.008000,0.107213,-0.014796,0.000175,-0.066237,0.014797,1,OK
946686516075,946686515.981826544,odom,,,,,,,,,,0.021876,0.012467,0.005399,-0.044875,0.100217,0.000784,0.007823,0.009935,-0.015230,-0.000495,-0.076939,0.015238,1,OK
946686516161,946686516.081430435,odom,,,,,,,,,,0.020884,0.012782,0.005755,-0.026629,0.099604,0.001042,0.010458,0.183190,-0.014453,-0.000599,-0.075943,0.014465,1,OK
946686516263,946686516.181835890,odom,,,,,,,,,,0.020611,0.013154,0.005077,-0.049540,0.100405,0.000461,0.004589,0.228185,-0.013460,-0.000283,-0.057696,0.013463,1,OK
946686516333,0.000000000,summary,10.004,200.088,10.004,19968,99.504,0.006,0.006,0.994,0.697,0.020611,0.013154,0.005077,-0.049540,0,0.002033,0.020356,0.267905,-0.013188,0.000089,-0.080607,0.013188,1,OK
946686516365,946686516.281823277,odom,,,,,,,,,,0.020455,0.013488,0.004834,-0.027804,0.099987,0.000369,0.003690,0.217381,-0.013188,0.000089,-0.080607,0.013188,1,OK
946686516464,946686516.381787062,odom,,,,,,,,,,0.021095,0.013249,0.003193,-0.016429,0.099964,0.000683,0.006837,0.113794,-0.013032,0.000423,-0.058872,0.013039,1,OK
946686516564,946686516.481949687,odom,,,,,,,,,,0.021747,0.013934,0.004338,-0.008069,0.100163,0.000946,0.009442,0.083470,-0.013672,0.000183,-0.047497,0.013673,1,OK
946686516662,946686516.581955194,odom,,,,,,,,,,0.022350,0.013044,0.004284,-0.018305,0.100006,0.001075,0.010748,0.102355,-0.014324,0.000868,-0.039136,0.014351,1,OK
946686516762,946686516.681828380,odom,,,,,,,,,,0.023014,0.013403,0.004275,-0.031822,0.099873,0.000755,0.007562,0.135350,-0.014927,-0.000022,-0.049372,0.014927,1,OK
946686516866,946686516.781719923,odom,,,,,,,,,,0.025346,0.012788,0.004982,-0.064210,0.099892,0.002412,0.024144,0.324226,-0.015591,0.000337,-0.062890,0.015595,1,OK
946686516971,946686516.882450819,odom,,,,,,,,,,0.023499,0.012699,0.005992,-0.045136,0.100731,0.001849,0.018356,0.189355,-0.017923,-0.000280,-0.095277,0.017925,1,OK
946686517066,946686516.981968403,odom,,,,,,,,,,0.021788,0.013418,0.005526,-0.003978,0.099518,0.001856,0.018653,0.413572,-0.016076,-0.000368,-0.076204,0.016080,1,OK
946686517162,946686517.081925511,odom,,,,,,,,,,0.022088,0.012541,0.005004,-0.060745,0.099957,0.000927,0.009274,0.567908,-0.014365,0.000352,-0.035046,0.014369,1,OK
946686517267,946686517.181751728,odom,,,,,,,,,,0.021229,0.013105,0.005833,-0.045940,0.099826,0.001028,0.010295,0.148307,-0.014665,-0.000525,-0.091812,0.014675,1,OK
946686517333,0.000000000,summary,10.003,200.062,10.003,20064,100.356,0.006,0.006,1.009,0.557,0.021229,0.013105,0.005833,-0.045940,0,0.002412,0.024144,0.567908,-0.013807,0.000040,-0.077007,0.013807,1,OK
946686517357,946686517.281796098,odom,,,,,,,,,,0.021168,0.014109,0.006002,-0.029463,0.100044,0.001006,0.010057,0.164697,-0.013807,0.000040,-0.077007,0.013807,1,OK
946686517468,946686517.381948233,odom,,,,,,,,,,0.022397,0.013041,0.005572,-0.039084,0.100152,0.001629,0.016261,0.096065,-0.013745,0.001044,-0.060530,0.013785,1,OK
946686517563,946686517.481752872,odom,,,,,,,,,,0.020705,0.013624,0.005235,-0.031113,0.099805,0.001790,0.017931,0.079863,-0.014974,-0.000025,-0.070152,0.014974,1,OK
946686517667,946686517.581839323,odom,,,,,,,,,,0.021788,0.013389,0.005742,-0.012236,0.100086,0.001108,0.011068,0.188607,-0.013282,0.000559,-0.062181,0.013294,1,OK
946686517766,946686517.681746840,odom,,,,,,,,,,0.020601,0.014204,0.006495,-0.022310,0.099908,0.001440,0.014415,0.100830,-0.014365,0.000323,-0.043304,0.014369,1,OK
946686517864,946686517.781721234,odom,,,,,,,,,,0.021055,0.014849,0.005068,0.000079,0.099974,0.000788,0.007887,0.223946,-0.013178,0.001139,-0.053378,0.013227,1,OK
946686517973,946686517.881661177,odom,,,,,,,,,,0.022216,0.014759,0.005399,-0.032188,0.099940,0.001165,0.011656,0.322866,-0.013633,0.001783,-0.030989,0.013749,1,OK
946686518061,946686517.981866121,odom,,,,,,,,,,0.022489,0.016211,0.006269,-0.037670,0.100205,0.001478,0.014746,0.054705,-0.014794,0.001693,-0.063256,0.014891,1,OK
946686518164,946686518.081828952,odom,,,,,,,,,,0.022285,0.014877,0.005112,-0.021201,0.099963,0.001350,0.013500,0.164747,-0.015068,0.003145,-0.068738,0.015393,1,OK
946686518264,946686518.181792736,odom,,,,,,,,,,0.023586,0.013532,0.005598,-0.044319,0.099964,0.001872,0.018723,0.231260,-0.014863,0.001811,-0.052269,0.014973,1,OK
946686518333,0.000000000,summary,10.004,200.073,10.004,19968,100.248,0.006,0.006,0.994,0.719,0.023586,0.013532,0.005598,-0.044319,0,0.001872,0.018723,0.322866,-0.016164,0.000466,-0.075387,0.016170,1,OK
946686518363,946686518.281772614,odom,,,,,,,,,,0.023323,0.013059,0.004607,-0.059220,0.099980,0.000542,0.005422,0.149039,-0.016164,0.000466,-0.075387,0.016170,1,OK
946686518465,946686518.381842136,odom,,,,,,,,,,0.022798,0.012743,0.003887,-0.016261,0.100070,0.000612,0.006119,0.429294,-0.015900,-0.000008,-0.090287,0.015900,1,OK
946686518562,946686518.481815696,odom,,,,,,,,,,0.021526,0.012499,0.003598,-0.034493,0.099974,0.001295,0.012957,0.182371,-0.015375,-0.000324,-0.047328,0.015379,1,OK
946686518664,946686518.581826210,odom,,,,,,,,,,0.021480,0.012710,0.003377,-0.015778,0.100011,0.000215,0.002153,0.187128,-0.014103,-0.000566,-0.065560,0.014114,1,OK
946686518758,946686518.681653261,odom,,,,,,,,,,0.022804,0.012331,0.005255,-0.040921,0.099827,0.001377,0.013790,0.251866,-0.014057,-0.000356,-0.046846,0.014062,1,OK
946686518873,946686518.781551600,odom,,,,,,,,,,0.022373,0.011321,0.004520,-0.043758,0.099898,0.001098,0.010993,0.028400,-0.015381,-0.000735,-0.071989,0.015398,1,OK
946686518965,946686518.881599665,odom,,,,,,,,,,0.022344,0.012654,0.004975,-0.044993,0.100048,0.001332,0.013318,0.012338,-0.014949,-0.001745,-0.074826,0.015050,1,OK
946686519069,946686518.981857419,odom,,,,,,,,,,0.022162,0.013272,0.005669,-0.034607,0.100258,0.000645,0.006434,0.103594,-0.014921,-0.000413,-0.076060,0.014926,1,OK
946686519170,946686519.081777096,odom,,,,,,,,,,0.022447,0.013446,0.005101,-0.052161,0.099920,0.000333,0.003337,0.175684,-0.014739,0.000206,-0.065674,0.014741,1,OK
946686519266,946686519.181958199,odom,,,,,,,,,,0.023568,0.013219,0.004985,-0.028108,0.100181,0.001144,0.011415,0.240089,-0.015024,0.000379,-0.083228,0.015029,1,OK
946686519333,0.000000000,summary,10.003,200.068,10.003,19968,99.616,0.006,0.006,1.007,0.371,0.023568,0.013219,0.004985,-0.028108,0,0.001377,0.013790,0.429294,-0.016145,0.000152,-0.059176,0.016145,1,OK
946686519362,946686519.281889796,odom,,,,,,,,,,0.024299,0.014016,0.004845,-0.047187,0.099932,0.001082,0.010826,0.190919,-0.016145,0.000152,-0.059176,0.016145,1,OK
946686519464,946686519.381784797,odom,,,,,,,,,,0.024489,0.013924,0.004608,-0.043506,0.099895,0.000211,0.002109,0.036854,-0.016876,0.000949,-0.078255,0.016903,1,OK
946686519563,946686519.481844068,odom,,,,,,,,,,0.024538,0.012721,0.003843,-0.046793,0.100059,0.001204,0.012032,0.032848,-0.017066,0.000857,-0.074573,0.017088,1,OK
946686519663,946686519.581835508,odom,,,,,,,,,,0.023453,0.012093,0.004962,-0.039909,0.099991,0.001254,0.012542,0.068839,-0.017115,-0.000346,-0.077860,0.017118,1,OK
946686519763,946686519.681598544,odom,,,,,,,,,,0.023072,0.012120,0.004752,-0.046735,0.099763,0.000382,0.003827,0.068422,-0.016029,-0.000974,-0.070977,0.016059,1,OK
946686519867,946686519.781744838,odom,,,,,,,,,,0.022224,0.012319,0.003260,-0.042160,0.100146,0.000871,0.008700,0.045686,-0.015648,-0.000947,-0.077803,0.015677,1,OK
946686519967,946686519.881820202,odom,,,,,,,,,,0.021267,0.011081,0.004707,-0.045106,0.100075,0.001565,0.015635,0.029442,-0.014800,-0.000747,-0.073228,0.014819,1,OK
946686520076,946686519.981743455,odom,,,,,,,,,,0.021491,0.013192,0.004995,-0.021474,0.099923,0.002123,0.021245,0.236508,-0.013843,-0.001984,-0.076174,0.013984,1,OK
946686520167,946686520.081833363,odom,,,,,,,,,,0.022292,0.014150,0.005855,-0.041807,0.100090,0.001249,0.012474,0.203147,-0.014068,0.000127,-0.052541,0.014069,1,OK
946686520266,946686520.181797743,odom,,,,,,,,,,0.022439,0.014414,0.006030,-0.021215,0.099964,0.000302,0.003022,0.205987,-0.014870,0.001084,-0.072874,0.014909,1,OK
946686520333,0.000000000,summary,10.003,200.057,10.003,20064,100.326,0.006,0.006,0.994,0.562,0.022439,0.014414,0.006030,-0.021215,0,0.002123,0.021245,0.236508,-0.015017,0.001348,-0.052283,0.015077,1,OK
946686520354,946686520.281840682,odom,,,,,,,,,,0.022799,0.014319,0.005769,-0.064204,0.100043,0.000373,0.003725,0.429700,-0.015017,0.001348,-0.052283,0.015077,1,OK
946686520468,946686520.381949782,odom,,,,,,,,,,0.023257,0.012673,0.005038,-0.052398,0.100109,0.001709,0.017069,0.117934,-0.015377,0.001253,-0.095271,0.015428,1,OK
946686520574,946686520.481890559,odom,,,,,,,,,,0.022316,0.011376,0.003893,-0.034223,0.099941,0.001603,0.016036,0.181855,-0.015834,-0.000394,-0.083465,0.015839,1,OK
946686520663,946686520.581843734,odom,,,,,,,,,,0.022464,0.013093,0.005484,-0.016196,0.099953,0.001724,0.017245,0.180354,-0.014892,-0.001691,-0.065290,0.014987,1,OK
946686520765,946686520.681260347,odom,,,,,,,,,,0.020484,0.011886,0.004601,-0.024644,0.099417,0.002319,0.023326,0.084974,-0.015041,0.000027,-0.047264,0.015041,1,OK
946686520865,946686520.781623721,odom,,,,,,,,,,0.020972,0.011511,0.004356,-0.054146,0.100363,0.000615,0.006127,0.293958,-0.013061,-0.001179,-0.055711,0.013114,1,OK
946686520969,946686520.881972551,odom,,,,,,,,,,0.022469,0.012331,0.006495,-0.071493,0.100349,0.001707,0.017012,0.172865,-0.013548,-0.001554,-0.085214,0.013637,1,OK
946686521066,946686520.981877089,odom,,,,,,,,,,0.020812,0.014582,0.007509,-0.034976,0.099905,0.002794,0.027971,0.365520,-0.015046,-0.000735,-0.102561,0.015064,1,OK
946686521162,946686521.081886649,odom,,,,,,,,,,0.021469,0.014102,0.007605,-0.038216,0.100010,0.000813,0.008130,0.032393,-0.013390,0.001517,-0.066044,0.013476,1,OK
946686521263,946686521.181860328,odom,,,,,,,,,,0.022326,0.012189,0.005227,-0.031382,0.099974,0.002096,0.020966,0.068352,-0.014047,0.001037,-0.069283,0.014085,1,OK
946686521333,0.000000000,summary,10.004,200.080,10.004,19968,100.149,0.006,0.006,1.003,0.719,0.022326,0.012189,0.005227,-0.031382,0,0.002794,0.027971,0.429700,-0.014902,-0.000877,-0.062450,0.014928,1,OK
946686521358,946686521.281749368,odom,,,,,,,,,,0.022050,0.011297,0.005818,-0.046443,0.099889,0.000934,0.009348,0.150773,-0.014902,-0.000877,-0.062450,0.014928,1,OK
946686521466,946686521.381904721,odom,,,,,,,,,,0.023062,0.010925,0.005433,-0.051075,0.100155,0.001078,0.010764,0.046254,-0.014626,-0.001769,-0.077510,0.014733,1,OK
946686521570,946686521.481893301,odom,,,,,,,,,,0.023361,0.011969,0.005909,-0.050840,0.099989,0.001086,0.010858,0.002353,-0.015638,-0.002142,-0.082143,0.015784,1,OK
946686521666,946686521.581636786,odom,,,,,,,,,,0.022260,0.012791,0.005496,-0.047334,0.099743,0.001374,0.013780,0.035151,-0.015937,-0.001098,-0.081908,0.015975,1,OK
946686521761,946686521.681746602,odom,,,,,,,,,,0.021360,0.013170,0.005739,-0.046502,0.100110,0.000976,0.009752,0.008309,-0.014837,-0.000275,-0.078402,0.014839,1,OK
946686521863,946686521.781771541,odom,,,,,,,,,,0.020831,0.011909,0.004298,-0.056257,0.100025,0.001367,0.013671,0.097527,-0.013937,0.000105,-0.077570,0.013938,1,OK
946686521968,946686521.881942749,odom,,,,,,,,,,0.018523,0.011620,0.003294,-0.018554,0.100171,0.002325,0.023215,0.376386,-0.013407,-0.001156,-0.087325,0.013457,1,OK
946686522067,946686521.981855035,odom,,,,,,,,,,0.017592,0.013047,0.005309,-0.005785,0.099912,0.001704,0.017052,0.127800,-0.011100,-0.001444,-0.049622,0.011193,1,OK
946686522157,946686522.081821561,odom,,,,,,,,,,0.020465,0.012321,0.006120,-0.015814,0.099967,0.002963,0.029642,0.100315,-0.010169,-0.000017,-0.036853,0.010169,1,OK
946686522263,946686522.181857705,odom,,,,,,,,,,0.021827,0.012556,0.007107,-0.054427,0.100036,0.001383,0.013821,0.385995,-0.013041,-0.000744,-0.046881,0.013063,1,OK
946686522333,0.000000000,summary,10.003,200.062,10.003,20064,100.297,0.006,0.006,1.006,0.553,0.021827,0.012556,0.007107,-0.054427,0,0.002963,0.029642,0.385995,-0.014404,-0.000510,-0.085495,0.014413,1,OK
946686522375,946686522.281928062,odom,,,,,,,,,,0.024743,0.011832,0.008583,-0.045214,0.100070,0.003004,0.030019,0.092061,-0.014404,-0.000510,-0.085495,0.014413,1,OK
946686522472,946686522.381845474,odom,,,,,,,,,,0.024709,0.011961,0.008308,-0.040666,0.099917,0.000133,0.001328,0.045518,-0.017319,-0.001235,-0.076282,0.017363,1,OK
946686522573,946686522.481845617,odom,,,,,,,,,,0.024465,0.012469,0.007875,-0.077727,0.100000,0.000564,0.005643,0.370610,-0.017285,-0.001107,-0.071734,0.017321,1,OK
946686522671,946686522.581826806,odom,,,,,,,,,,0.024716,0.012108,0.006663,-0.040699,0.099981,0.000440,0.004406,0.370349,-0.017042,-0.000598,-0.108795,0.017052,1,OK
946686522765,946686522.681848645,odom,,,,,,,,,,0.024545,0.013070,0.006530,-0.043567,0.100022,0.000977,0.009772,0.028666,-0.017293,-0.000960,-0.071767,0.017319,1,OK
946686522866,946686522.781838536,odom,,,,,,,,,,0.023440,0.013140,0.005979,-0.048805,0.099990,0.001107,0.011070,0.052385,-0.017122,0.000003,-0.074634,0.017122,1,OK
946686522967,946686522.881840110,odom,,,,,,,,,,0.020772,0.013421,0.005577,-0.054123,0.100002,0.002683,0.026831,0.053182,-0.016017,0.000074,-0.079872,0.016018,1,OK
946686523064,946686522.981801271,odom,,,,,,,,,,0.019133,0.014220,0.004203,-0.016647,0.099961,0.001823,0.018235,0.374908,-0.013349,0.000356,-0.085191,0.013354,1,OK
946686523168,946686523.081820011,odom,,,,,,,,,,0.019489,0.013753,0.004543,-0.037733,0.100019,0.000587,0.005866,0.210822,-0.011711,0.001155,-0.047714,0.011768,1,OK
946686523263,946686523.181877494,odom,,,,,,,,,,0.020951,0.014046,0.005604,-0.042797,0.100057,0.001491,0.014904,0.050617,-0.012066,0.000688,-0.068800,0.012086,1,OK
946686523333,0.000000000,summary,10.004,200.077,10.004,19872,98.978,0.006,0.006,0.995,0.640,0.020951,0.014046,0.005604,-0.042797,0,0.003004,0.030019,0.374908,-0.013528,0.000980,-0.073865,0.013564,1,OK
946686523366,946686523.281237125,odom,,,,,,,,,,0.022635,0.013347,0.006210,-0.036293,0.099360,0.001824,0.018354,0.065461,-0.013528,0.000980,-0.073865,0.013564,1,OK
946686523465,946686523.381770849,odom,,,,,,,,,,0.022034,0.011497,0.006186,-0.038690,0.100534,0.001945,0.019351,0.023836,-0.015212,0.000281,-0.067361,0.015215,1,OK
946686523568,946686523.481880307,odom,,,,,,,,,,0.022131,0.011665,0.005823,-0.063527,0.100109,0.000194,0.001934,0.248098,-0.014610,-0.001569,-0.069757,0.014694,1,OK
946686523666,946686523.581804156,odom,,,,,,,,,,0.021395,0.012035,0.005651,-0.035886,0.099924,0.000824,0.008244,0.276616,-0.014707,-0.001401,-0.094594,0.014774,1,OK
946686523766,946686523.681817651,odom,,,,,,,,,,0.020690,0.012831,0.005536,-0.044596,0.100013,0.001064,0.010635,0.087087,-0.013971,-0.001031,-0.066954,0.014009,1,OK
946686523858,946686523.781941175,odom,,,,,,,,,,0.019518,0.014739,0.006225,-0.022179,0.100124,0.002239,0.022358,0.223894,-0.013267,-0.000234,-0.075663,0.013269,1,OK
946686523964,946686523.881933570,odom,,,,,,,,,,0.020313,0.014671,0.006785,-0.010773,0.099992,0.000798,0.007980,0.114069,-0.012096,0.001674,-0.053246,0.012211,1,OK
946686524063,946686523.981787443,odom,,,,,,,,,,0.021145,0.014166,0.006171,-0.034830,0.099854,0.000973,0.009744,0.240920,-0.012891,0.001606,-0.041840,0.012991,1,OK
946686524176,946686524.081882000,odom,,,,,,,,,,0.022360,0.012244,0.006112,-0.049523,0.100095,0.002275,0.022728,0.146798,-0.013722,0.001101,-0.065897,0.013767,1,OK
946686524267,946686524.181912422,odom,,,,,,,,,,0.023050,0.013082,0.006301,-0.047053,0.100030,0.001085,0.010850,0.024699,-0.014937,-0.000823,-0.080591,0.014960,1,OK
946686524333,0.000000000,summary,10.004,200.075,10.004,19968,100.360,0.006,0.006,1.010,0.915,0.023050,0.013082,0.006301,-0.047053,0,0.002275,0.022728,0.276616,-0.015627,0.000016,-0.078120,0.015627,1,OK
946686524363,946686524.281938910,odom,,,,,,,,,,0.022738,0.014126,0.004411,-0.037174,0.100026,0.001089,0.010889,0.098759,-0.015627,0.000016,-0.078120,0.015627,1,OK
946686524468,946686524.381787777,odom,,,,,,,,,,0.023825,0.012869,0.004743,-0.086750,0.099849,0.001662,0.016645,0.496507,-0.015316,0.001060,-0.068242,0.015353,1,OK
946686524561,946686524.481853604,odom,,,,,,,,,,0.023249,0.012829,0.005348,-0.049212,0.100066,0.000578,0.005774,0.375126,-0.016402,-0.000198,-0.117817,0.016403,1,OK
946686524666,946686524.581830740,odom,,,,,,,,,,0.022408,0.012753,0.005937,-0.047978,0.099977,0.000844,0.008443,0.012348,-0.015826,-0.000237,-0.080280,0.015827,1,OK
946686524768,946686524.681811094,odom,,,,,,,,,,0.021992,0.013084,0.006244,-0.020823,0.099980,0.000531,0.005311,0.271601,-0.014985,-0.000313,-0.079046,0.014988,1,OK
946686524865,946686524.781827927,odom,,,,,,,,,,0.022647,0.013001,0.006338,-0.043772,0.100017,0.000660,0.006602,0.229448,-0.014569,0.000018,-0.051891,0.014569,1,OK
946686524959,946686524.881921530,odom,,,,,,,,,,0.022013,0.012574,0.006901,-0.058138,0.100094,0.000765,0.007638,0.143524,-0.015224,-0.000065,-0.074839,0.015224,1,OK
946686525061,946686524.981780767,odom,,,,,,,,,,0.020768,0.012409,0.005859,-0.030053,0.099859,0.001256,0.012582,0.281246,-0.014590,-0.000492,-0.089205,0.014598,1,OK
946686525166,946686525.081860900,odom,,,,,,,,,,0.019936,0.012663,0.005161,-0.024187,0.100080,0.000869,0.008687,0.058610,-0.013344,-0.000656,-0.061120,0.013360,1,OK
946686525264,946686525.181907654,odom,,,,,,,,,,0.022247,0.014103,0.004825,-0.023034,0.100047,0.002723,0.027220,0.011522,-0.012513,-0.000402,-0.055255,0.012519,1,OK
946686525333,0.000000000,summary,10.003,200.068,10.003,19968,99.572,0.006,0.006,0.995,0.436,0.022247,0.014103,0.004825,-0.023034,0,0.002723,0.027220,0.496507,-0.014825,0.001037,-0.054102,0.014861,1,OK
946686525361,946686525.281602383,odom,,,,,,,,,,0.023257,0.011566,0.004896,-0.065893,0.099695,0.002730,0.027382,0.429900,-0.014825,0.001037,-0.054102,0.014861,1,OK
946686525461,946686525.381765008,odom,,,,,,,,,,0.023186,0.011189,0.004341,-0.062148,0.100163,0.000384,0.003830,0.037390,-0.015833,-0.001500,-0.096961,0.015904,1,OK
946686525566,946686525.481887579,odom,,,,,,,,,,0.023458,0.010211,0.004774,-0.052071,0.100123,0.001015,0.010137,0.100650,-0.015762,-0.001877,-0.093216,0.015874,1,OK
946686525663,946686525.581924677,odom,,,,,,,,,,0.023955,0.011479,0.005675,-0.043040,0.100037,0.001362,0.013615,0.090272,-0.016033,-0.002856,-0.083138,0.016286,1,OK
946686525763,946686525.681822300,odom,,,,,,,,,,0.024292,0.010881,0.005740,-0.048460,0.099898,0.000687,0.006874,0.054248,-0.016531,-0.001588,-0.074108,0.016607,1,OK
946686525867,946686525.781979442,odom,,,,,,,,,,0.024344,0.011840,0.005530,-0.050053,0.100157,0.000961,0.009592,0.015912,-0.016868,-0.002186,-0.079527,0.017009,1,OK
946686525968,946686525.881917000,odom,,,,,,,,,,0.023913,0.011277,0.005308,-0.058950,0.099938,0.000709,0.007094,0.089019,-0.016920,-0.001227,-0.081121,0.016964,1,OK
946686526070,946686525.981896877,odom,,,,,,,,,,0.024148,0.011868,0.006300,-0.081974,0.099980,0.000636,0.006363,0.230295,-0.016489,-0.001790,-0.090017,0.016586,1,OK
946686526166,946686526.081368566,odom,,,,,,,,,,0.023197,0.013380,0.005290,-0.041024,0.099472,0.001786,0.017951,0.411678,-0.016724,-0.001199,-0.113042,0.016767,1,OK
946686526268,946686526.181723356,odom,,,,,,,,,,0.021087,0.013472,0.004948,-0.016364,0.100355,0.002112,0.021041,0.245725,-0.015774,0.000313,-0.072092,0.015777,1,OK
946686526333,0.000000000,summary,10.003,200.057,10.003,19968,100.117,0.006,0.006,1.003,0.584,0.021087,0.013472,0.004948,-0.016364,0,0.002730,0.027382,0.429900,-0.013664,0.000406,-0.047432,0.013670,1,OK
946686526365,946686526.281813622,odom,,,,,,,,,,0.020081,0.013307,0.005729,-0.026664,0.100090,0.001020,0.010188,0.102907,-0.013664,0.000406,-0.047432,0.013670,1,OK
946686526471,946686526.381919861,odom,,,,,,,,,,0.021378,0.012800,0.006303,-0.033328,0.100106,0.001393,0.013917,0.066571,-0.012658,0.000243,-0.057732,0.012660,1,OK
946686526567,946686526.481798172,odom,,,,,,,,,,0.020700,0.013136,0.005522,-0.027888,0.099878,0.000757,0.007575,0.054466,-0.013955,-0.000265,-0.064396,0.013958,1,OK
946686526666,946686526.581918597,odom,,,,,,,,,,0.021755,0.013416,0.005413,-0.012176,0.100120,0.001091,0.010901,0.156937,-0.013277,0.000071,-0.058956,0.013278,1,OK
946686526766,946686526.681973457,odom,,,,,,,,,,0.021946,0.014187,0.007234,-0.021947,0.100055,0.000794,0.007936,0.097659,-0.014332,0.000351,-0.043243,0.014337,1,OK
946686526863,946686526.781819105,odom,,,,,,,,,,0.021879,0.013141,0.006022,-0.046668,0.099846,0.001048,0.010500,0.247595,-0.014524,0.001121,-0.053015,0.014567,1,OK
946686526964,946686526.881857872,odom,,,,,,,,,,0.021556,0.013208,0.006519,-0.050635,0.100039,0.000330,0.003298,0.039651,-0.014456,0.000075,-0.077736,0.014456,1,OK
946686527063,946686526.981738210,odom,,,,,,,,,,0.023410,0.013127,0.005215,-0.064170,0.099880,0.001856,0.018578,0.135511,-0.014133,0.000142,-0.081703,0.014134,1,OK
946686527170,946686527.081896186,odom,,,,,,,,,,0.022196,0.012492,0.005526,-0.037476,0.100158,0.001370,0.013675,0.266517,-0.015987,0.000060,-0.095237,0.015987,1,OK
946686527265,946686527.181470156,odom,,,,,,,,,,0.020826,0.011855,0.005093,-0.039323,0.099574,0.001510,0.015167,0.018547,-0.014773,-0.000574,-0.068544,0.014784,1,OK
946686527333,0.000000000,summary,10.004,200.077,10.004,20064,100.402,0.006,0.006,0.996,0.505,0.020826,0.011855,0.005093,-0.039323,0,0.001856,0.018578,0.266517,-0.013403,-0.001210,-0.070390,0.013457,1,OK
946686527362,946686527.281983852,odom,,,,,,,,,,0.020832,0.014491,0.005585,-0.022201,0.100514,0.002635,0.026218,0.170346,-0.013403,-0.001210,-0.070390,0.013457,1,OK
946686527471,946686527.381960392,odom,,,,,,,,,,0.021710,0.013791,0.006112,-0.040672,0.099977,0.001122,0.011226,0.184759,-0.013410,0.001425,-0.053268,0.013486,1,OK
946686527567,946686527.481862783,odom,,,,,,,,,,0.021583,0.011164,0.005786,-0.037772,0.099902,0.002629,0.026320,0.029029,-0.014287,0.000725,-0.071740,0.014306,1,OK
946686527666,946686527.581783295,odom,,,,,,,,,,0.021166,0.010901,0.006346,-0.037155,0.099921,0.000493,0.004929,0.006179,-0.014159,-0.001901,-0.068840,0.014286,1,OK
946686527768,946686527.681938648,odom,,,,,,,,,,0.023071,0.011115,0.006566,-0.063867,0.100155,0.001916,0.019131,0.266707,-0.013742,-0.002164,-0.068223,0.013912,1,OK
946686527870,946686527.781875968,odom,,,,,,,,,,0.024424,0.012080,0.005375,-0.027600,0.099937,0.001663,0.016636,0.362894,-0.015647,-0.001952,-0.094935,0.015768,1,OK
946686527970,946686527.881626844,odom,,,,,,,,,,0.024541,0.012144,0.005170,-0.066123,0.099751,0.000133,0.001334,0.386186,-0.017001,-0.000987,-0.058668,0.017029,1,OK
946686528064,946686527.981577635,odom,,,,,,,,,,0.024772,0.012209,0.005696,-0.070584,0.099951,0.000240,0.002402,0.044633,-0.017117,-0.000923,-0.097190,0.017142,1,OK
946686528161,946686528.081813335,odom,,,,,,,,,,0.024475,0.012751,0.005724,-0.061225,0.100236,0.000619,0.006171,0.093373,-0.017349,-0.000859,-0.101651,0.017370,1,OK
946686528268,946686528.181882620,odom,,,,,,,,,,0.022479,0.013281,0.005820,-0.026489,0.100069,0.002065,0.020639,0.347112,-0.017052,-0.000316,-0.092292,0.017055,1,OK
946686528333,0.000000000,summary,10.003,200.062,10.003,19968,99.584,0.006,0.006,1.005,0.739,0.022479,0.013281,0.005820,-0.026489,0,0.002635,0.026320,0.386186,-0.015056,0.000215,-0.057557,0.015057,1,OK
946686528364,946686528.281887412,odom,,,,,,,,,,0.021837,0.013543,0.005792,-0.043351,0.100005,0.000693,0.006932,0.168605,-0.015056,0.000215,-0.057557,0.015057,1,OK
946686528461,946686528.381833076,odom,,,,,,,,,,0.022050,0.013879,0.006161,-0.019312,0.099946,0.000398,0.003983,0.240519,-0.014414,0.000477,-0.074418,0.014422,1,OK
946686528566,946686528.481935382,odom,,,,,,,,,,0.022197,0.012697,0.005979,-0.064233,0.100102,0.001192,0.011905,0.448758,-0.014627,0.000813,-0.050379,0.014650,1,OK
946686528669,946686528.581917882,odom,,,,,,,,,,0.022786,0.012660,0.006757,-0.038625,0.099983,0.000591,0.005911,0.256133,-0.014773,-0.000369,-0.095301,0.014778,1,OK
946686528765,946686528.681798458,odom,,,,,,,,,,0.023302,0.013423,0.006281,-0.042622,0.099881,0.000921,0.009223,0.040020,-0.015363,-0.000406,-0.069692,0.015369,1,OK
946686528868,946686528.781698823,odom,,,,,,,,,,0.022320,0.013687,0.006570,-0.028316,0.099900,0.001017,0.010183,0.143201,-0.015879,0.000357,-0.073689,0.015883,1,OK
946686528967,946686528.881862283,odom,,,,,,,,,,0.022620,0.014221,0.006854,-0.019666,0.100163,0.000612,0.006114,0.086364,-0.014897,0.000621,-0.059384,0.014910,1,OK
946686529067,946686528.981829286,odom,,,,,,,,,,0.022024,0.014643,0.005716,-0.032463,0.099967,0.000730,0.007306,0.128012,-0.015197,0.001155,-0.050733,0.015241,1,OK
946686529164,946686529.081734538,odom,,,,,,,,,,0.023431,0.013410,0.004416,-0.067545,0.099905,0.001871,0.018729,0.351153,-0.014602,0.001577,-0.063530,0.014687,1,OK
946686529266,946686529.181903124,odom,,,,,,,,,,0.022782,0.013908,0.005387,-0.039779,0.100169,0.000818,0.008163,0.277188,-0.016008,0.000343,-0.098612,0.016012,1,OK
946686529334,0.000000000,summary,10.003,200.055,10.003,19968,100.222,0.006,0.006,1.001,0.542,0.022782,0.013908,0.005387,-0.039779,0,0.001871,0.018729,0.448758,-0.015360,0.000842,-0.070847,0.015383,1,OK
946686529368,946686529.281853199,odom,,,,,,,,,,0.021416,0.013371,0.004822,-0.039981,0.099950,0.001469,0.014693,0.002025,-0.015360,0.000842,-0.070847,0.015383,1,OK
946686529469,946686529.381856918,odom,,,,,,,,,,0.023221,0.013658,0.006006,-0.051773,0.100004,0.001828,0.018278,0.117906,-0.013993,0.000305,-0.071049,0.013996,1,OK
946686529568,946686529.481901646,odom,,,,,,,,,,0.022783,0.013134,0.006169,-0.038505,0.100045,0.000683,0.006823,0.132620,-0.015798,0.000591,-0.082840,0.015809,1,OK
946686529659,946686529.581849933,odom,,,,,,,,,,0.022394,0.013159,0.005864,-0.050994,0.099948,0.000389,0.003896,0.124961,-0.015360,0.000068,-0.069572,0.015360,1,OK
946686529769,946686529.681866884,odom,,,,,,,,,,0.020739,0.012881,0.005602,-0.021829,0.100017,0.001678,0.016777,0.291607,-0.014971,0.000093,-0.082062,0.014972,1,OK
946686529864,946686529.781816363,odom,,,,,,,,,,0.020619,0.013601,0.006320,-0.031667,0.099949,0.000730,0.007303,0.098433,-0.013316,-0.000184,-0.052896,0.013318,1,OK
946686529965,946686529.881726623,odom,,,,,,,,,,0.020353,0.013773,0.005655,-0.020904,0.099910,0.000316,0.003164,0.107729,-0.013196,0.000536,-0.062735,0.013207,1,OK
946686530064,946686529.981842637,odom,,,,,,,,,,0.021559,0.013927,0.004718,-0.030840,0.100116,0.001216,0.012145,0.099248,-0.012931,0.000708,-0.051971,0.012950,1,OK
946686530163,946686530.081870556,odom,,,,,,,,,,0.023941,0.014649,0.005499,-0.032364,0.100028,0.002489,0.024882,0.015236,-0.014137,0.000861,-0.061908,0.014163,1,OK
946686530263,946686530.181840897,odom,,,,,,,,,,0.024589,0.012353,0.005240,-0.036585,0.099970,0.002385,0.023861,0.042221,-0.016519,0.001582,-0.063432,0.016595,1,OK
946686530333,0.000000000,summary,10.005,200.105,10.005,19968,100.299,0.006,0.006,0.997,0.728,0.024589,0.012353,0.005240,-0.036585,0,0.002489,0.024882,0.291607,-0.017166,-0.000714,-0.067653,0.017181,1,OK
946686530364,946686530.281881571,odom,,,,,,,,,,0.023086,0.012966,0.005498,-0.021054,0.100041,0.001623,0.016222,0.155251,-0.017166,-0.000714,-0.067653,0.017181,1,OK
946686530462,946686530.381835699,odom,,,,,,,,,,0.023606,0.012693,0.005960,-0.055074,0.099954,0.000587,0.005876,0.340362,-0.015663,-0.000100,-0.052121,0.015664,1,OK
946686530563,946686530.481860638,odom,,,,,,,,,,0.023957,0.012038,0.004502,-0.049920,0.100025,0.000743,0.007429,0.051532,-0.016183,-0.000374,-0.086142,0.016187,1,OK
946686530666,946686530.581802368,odom,,,,,,,,,,0.022076,0.012026,0.005510,-0.034102,0.099942,0.001882,0.018829,0.158269,-0.016534,-0.001029,-0.080987,0.016566,1,OK
946686530768,946686530.681959152,odom,,,,,,,,,,0.022516,0.012416,0.005430,-0.042299,0.100157,0.000588,0.005872,0.081841,-0.014652,-0.001040,-0.065170,0.014689,1,OK
946686530858,946686530.781704903,odom,,,,,,,,,,0.025192,0.014342,0.006110,-0.031062,0.099746,0.003298,0.033060,0.112654,-0.015092,-0.000650,-0.073367,0.015106,1,OK
946686530964,946686530.881799817,odom,,,,,,,,,,0.022756,0.013854,0.004877,-0.042376,0.100095,0.002485,0.024822,0.113026,-0.017770,0.001275,-0.062130,0.017815,1,OK
946686531069,946686530.981951714,odom,,,,,,,,,,0.021471,0.013355,0.005070,-0.041403,0.100152,0.001378,0.013758,0.009713,-0.015333,0.000788,-0.073443,0.015354,1,OK
946686531164,946686531.081826806,odom,,,,,,,,,,0.023472,0.012340,0.005348,-0.059234,0.099875,0.002243,0.022456,0.178532,-0.014049,0.000289,-0.072470,0.014052,1,OK
946686531265,946686531.181990981,odom,,,,,,,,,,0.023131,0.011954,0.005961,-0.039696,0.100164,0.000516,0.005147,0.195053,-0.016048,-0.000727,-0.090301,0.016065,1,OK
946686531333,0.000000000,summary,10.003,200.069,10.003,19872,99.476,0.006,0.006,1.007,0.547,0.023131,0.011954,0.005961,-0.039696,0,0.003298,0.033060,0.340362,-0.015707,-0.001113,-0.070764,0.015746,1,OK
946686531358,946686531.281875491,odom,,,,,,,,,,0.023847,0.012216,0.004571,-0.042166,0.099885,0.000763,0.007635,0.024721,-0.015707,-0.001113,-0.070764,0.015746,1,OK
946686531464,946686531.381911159,odom,,,,,,,,,,0.022051,0.012938,0.005604,-0.017683,0.100036,0.001936,0.019350,0.244739,-0.016423,-0.000851,-0.073233,0.016445,1,OK
946686531568,946686531.481895328,odom,,,,,,,,,,0.021635,0.011892,0.006757,-0.045323,0.099984,0.001125,0.011253,0.276442,-0.014628,-0.000128,-0.048750,0.014628,1,OK
946686531673,946686531.582009912,odom,,,,,,,,,,0.021951,0.011191,0.005271,-0.053370,0.100115,0.000769,0.007684,0.080380,-0.014211,-0.001173,-0.076390,0.014260,1,OK
946686531766,946686531.681939363,odom,,,,,,,,,,0.022189,0.010645,0.005090,-0.056444,0.099929,0.000596,0.005964,0.030764,-0.014527,-0.001875,-0.084437,0.014648,1,OK
946686531863,946686531.781918049,odom,,,,,,,,,,0.022101,0.011553,0.006453,-0.048838,0.099979,0.000912,0.009125,0.076078,-0.014765,-0.002421,-0.087512,0.014962,1,OK
946686531972,946686531.881514192,odom,,,,,,,,,,0.022886,0.011588,0.005562,-0.057018,0.099596,0.000786,0.007893,0.082131,-0.014677,-0.001513,-0.079906,0.014755,1,OK
946686532065,946686531.981811404,odom,,,,,,,,,,0.023286,0.012248,0.005711,-0.057025,0.100297,0.000772,0.007695,0.000069,-0.015463,-0.001478,-0.088085,0.015533,1,OK
946686532168,946686532.081976891,odom,,,,,,,,,,0.021435,0.013065,0.005634,-0.033487,0.100165,0.002023,0.020197,0.234986,-0.015863,-0.000818,-0.088092,0.015884,1,OK
946686532265,946686532.181950331,odom,,,,,,,,,,0.019746,0.013511,0.004591,-0.026928,0.099973,0.001748,0.017480,0.065609,-0.014012,-0.000001,-0.064555,0.014012,1,OK
946686532333,0.000000000,summary,10.003,200.061,10.003,19968,100.251,0.005,0.006,0.993,0.776,0.019746,0.013511,0.004591,-0.026928,0,0.002023,0.020197,0.276442,-0.012323,0.000446,-0.057996,0.012331,1,OK
946686532367,946686532.281954050,odom,,,,,,,,,,0.021765,0.013980,0.005453,-0.053066,0.100004,0.002073,0.020730,0.261373,-0.012323,0.000446,-0.057996,0.012331,1,OK
946686532476,946686532.381929159,odom,,,,,,,,,,0.020949,0.014643,0.005953,-0.001970,0.099975,0.001052,0.010518,0.511088,-0.014343,0.000914,-0.084134,0.014372,1,OK
946686532567,946686532.481998682,odom,,,,,,,,,,0.019515,0.014209,0.005306,-0.011399,0.100070,0.001499,0.014977,0.094219,-0.013527,0.001578,-0.033038,0.013619,1,OK
946686532667,946686532.581902862,odom,,,,,,,,,,0.020812,0.012089,0.006126,-0.045235,0.099904,0.002485,0.024873,0.338691,-0.012093,0.001144,-0.042466,0.012147,1,OK
946686532772,946686532.681901097,odom,,,,,,,,,,0.020737,0.012623,0.006772,-0.014590,0.099998,0.000539,0.005387,0.306463,-0.013388,-0.000976,-0.076303,0.013424,1,OK
946686532864,946686532.781980276,odom,,,,,,,,,,0.022850,0.012965,0.007875,-0.044831,0.100079,0.002140,0.021387,0.302174,-0.013314,-0.000442,-0.045657,0.013321,1,OK
946686532968,946686532.881871104,odom,,,,,,,,,,0.023099,0.012483,0.007960,-0.059635,0.099891,0.000543,0.005433,0.148201,-0.015427,-0.000101,-0.075899,0.015427,1,OK
946686533068,946686532.981995702,odom,,,,,,,,,,0.020958,0.012503,0.006027,-0.017525,0.100125,0.002142,0.021388,0.420571,-0.015676,-0.000584,-0.090702,0.015687,1,OK
946686533171,946686533.081943274,odom,,,,,,,,,,0.021947,0.012733,0.003855,-0.026651,0.099948,0.001016,0.010162,0.091299,-0.013534,-0.000562,-0.048593,0.013546,1,OK
946686533259,946686533.181857705,odom,,,,,,,,,,0.022287,0.014945,0.004602,-0.021161,0.099914,0.002237,0.022394,0.054940,-0.014524,-0.000332,-0.057718,0.014527,1,OK
946686533333,0.000000000,summary,10.003,200.068,10.003,20064,100.363,0.006,0.009,1.012,0.287,0.022287,0.014945,0.004602,-0.021161,0,0.002485,0.024873,0.511088,-0.014865,0.001879,-0.052229,0.014983,1,OK
946686533367,946686533.281997800,odom,,,,,,,,,,0.023222,0.013770,0.004264,-0.016632,0.100140,0.001502,0.014995,0.045230,-0.014865,0.001879,-0.052229,0.014983,1,OK
946686533469,946686533.381962299,odom,,,,,,,,,,0.025247,0.012835,0.003958,-0.066706,0.099964,0.002230,0.022308,0.500921,-0.015800,0.000704,-0.047699,0.015815,1,OK
946686533567,946686533.481883645,odom,,,,,,,,,,0.025150,0.012708,0.005475,-0.075107,0.099921,0.000160,0.001599,0.084070,-0.017824,-0.000233,-0.097774,0.017825,1,OK
946686533672,946686533.581903100,odom,,,,,,,,,,0.024475,0.011693,0.004225,-0.050390,0.100019,0.001219,0.012187,0.247121,-0.017727,-0.000360,-0.106174,0.017731,1,OK
946686533758,946686533.681964517,odom,,,,,,,,,,0.022518,0.013249,0.004188,-0.033149,0.100061,0.002500,0.024985,0.172297,-0.017051,-0.001374,-0.081457,0.017106,1,OK
946686533865,946686533.781905770,odom,,,,,,,,,,0.022908,0.014047,0.004746,-0.033146,0.099941,0.000889,0.008893,0.000033,-0.015095,0.000182,-0.064217,0.015096,1,OK
946686533967,946686533.881999969,odom,,,,,,,,,,0.021689,0.014593,0.005128,-0.015873,0.100094,0.001336,0.013348,0.172570,-0.015485,0.000981,-0.064214,0.015516,1,OK
946686534065,946686533.981982946,odom,,,,,,,,,,0.021707,0.013397,0.004601,-0.021625,0.099983,0.001197,0.011970,0.057531,-0.014266,0.001528,-0.046940,0.014348,1,OK
946686534165,946686534.081879497,odom,,,,,,,,,,0.020837,0.011338,0.003957,-0.032405,0.099897,0.002235,0.022374,0.107908,-0.014285,0.000331,-0.052693,0.014288,1,OK
946686534267,946686534.181854486,odom,,,,,,,,,,0.021246,0.010508,0.003381,-0.044266,0.099975,0.000925,0.009249,0.118640,-0.013414,-0.001727,-0.063472,0.013524,1,OK
946686534333,0.000000000,summary,10.003,200.070,10.003,20064,100.368,0.006,0.008,1.000,0.893,0.021246,0.010508,0.003381,-0.044266,0,0.002500,0.024985,0.500921,-0.013822,-0.002557,-0.075333,0.014056,1,OK
946686534367,946686534.281948924,odom,,,,,,,,,,0.022544,0.009382,0.005219,-0.082754,0.100094,0.001719,0.017171,0.384521,-0.013822,-0.002557,-0.075333,0.014056,1,OK
946686534467,946686534.381972909,odom,,,,,,,,,,0.022173,0.012008,0.005254,-0.015148,0.100024,0.002653,0.026519,0.675901,-0.015119,-0.003684,-0.113822,0.015562,1,OK
946686534564,946686534.481898665,odom,,,,,,,,,,0.022502,0.012265,0.005345,-0.032240,0.099926,0.000417,0.004172,0.171051,-0.014750,-0.001058,-0.046215,0.014788,1,OK
946686534663,946686534.581869483,odom,,,,,,,,,,0.023776,0.011892,0.005218,-0.047586,0.099971,0.001327,0.013277,0.153501,-0.015078,-0.000801,-0.063308,0.015100,1,OK
946686534758,946686534.681854963,odom,,,,,,,,,,0.026190,0.011732,0.005468,-0.063556,0.099985,0.002420,0.024200,0.159728,-0.016352,-0.001175,-0.078653,0.016394,1,OK
946686534872,946686534.781892061,odom,,,,,,,,,,0.025686,0.011924,0.005221,-0.040863,0.100037,0.000540,0.005394,0.226849,-0.018766,-0.001336,-0.094624,0.018814,1,OK
946686534961,946686534.881977320,odom,,,,,,,,,,0.023622,0.012985,0.004804,-0.032403,0.100085,0.002321,0.023188,0.084529,-0.018262,-0.001144,-0.071930,0.018298,1,OK
946686535068,946686534.981877923,odom,,,,,,,,,,0.021435,0.012184,0.003328,-0.045707,0.099901,0.002330,0.023319,0.133172,-0.016199,-0.000081,-0.063470,0.016199,1,OK
946686535162,946686535.081879497,odom,,,,,,,,,,0.021285,0.012036,0.003591,-0.046820,0.100002,0.000210,0.002103,0.011137,-0.014011,-0.000882,-0.076774,0.014039,1,OK
946686535268,946686535.182024717,odom,,,,,,,,,,0.021192,0.012707,0.004384,-0.042043,0.100145,0.000677,0.006763,0.047701,-0.013862,-0.001030,-0.077888,0.013900,1,OK
946686535333,0.000000000,summary,10.004,200.082,10.004,19968,100.174,0.006,0.006,0.997,1.159,0.021192,0.012707,0.004384,-0.042043,0,0.002653,0.026519,0.675901,-0.013769,-0.000359,-0.073111,0.013774,1,OK
946686535366,946686535.281938672,odom,,,,,,,,,,0.022228,0.012079,0.005999,-0.066417,0.099914,0.001211,0.012122,0.243941,-0.013769,-0.000359,-0.073111,0.013774,1,OK
946686535465,946686535.381496072,odom,,,,,,,,,,0.021257,0.012485,0.005413,0.000532,0.099557,0.001053,0.010572,0.672460,-0.014805,-0.000987,-0.097484,0.014838,1,OK
946686535576,946686535.481924057,odom,,,,,,,,,,0.022071,0.011062,0.004185,-0.047815,0.100428,0.001640,0.016327,0.481407,-0.013834,-0.000580,-0.030536,0.013846,1,OK
946686535667,946686535.581859231,odom,,,,,,,,,,0.023451,0.012493,0.004655,-0.043699,0.099935,0.001987,0.019888,0.041191,-0.014647,-0.002004,-0.078883,0.014784,1,OK
946686535764,946686535.681841850,odom,,,,,,,,,,0.022511,0.012605,0.004404,-0.027776,0.099983,0.000946,0.009464,0.159250,-0.016028,-0.000574,-0.074766,0.016038,1,OK
946686535869,946686535.781832576,odom,,,,,,,,,,0.020846,0.012523,0.004884,-0.031969,0.099991,0.001667,0.016675,0.041930,-0.015088,-0.000461,-0.058844,0.015095,1,OK
946686535963,946686535.881847501,odom,,,,,,,,,,0.021249,0.013899,0.003991,-0.024348,0.100015,0.001434,0.014335,0.076194,-0.013423,-0.000542,-0.063036,0.013434,1,OK
946686536068,946686535.981993079,odom,,,,,,,,,,0.022728,0.013085,0.004192,-0.040656,0.100146,0.001688,0.016857,0.162841,-0.013826,0.000833,-0.055416,0.013852,1,OK
946686536169,946686536.081991911,odom,,,,,,,,,,0.022284,0.013502,0.004098,-0.047292,0.099999,0.000609,0.006093,0.066362,-0.015305,0.000019,-0.071724,0.015305,1,OK
946686536267,946686536.181826830,odom,,,,,,,,,,0.023715,0.011158,0.003022,-0.048569,0.099835,0.002747,0.027514,0.012791,-0.014861,0.000436,-0.078360,0.014868,1,OK
946686536333,0.000000000,summary,10.003,200.060,10.003,20064,100.215,0.006,0.006,1.004,0.722,0.023715,0.011158,0.003022,-0.048569,0,0.002747,0.027514,0.672460,-0.016291,-0.001909,-0.079637,0.016403,1,OK
946686536368,946686536.281200886,odom,,,,,,,,,,0.023559,0.011634,0.004284,-0.046085,0.099374,0.000501,0.005042,0.025000,-0.016291,-0.001909,-0.079637,0.016403,1,OK
946686536467,946686536.381532669,odom,,,,,,,,,,0.021644,0.011568,0.005351,-0.082709,0.100332,0.001916,0.019099,0.365026,-0.016135,-0.001433,-0.077153,0.016198,1,OK
946686536562,946686536.482037544,odom,,,,,,,,,,0.022792,0.010635,0.005398,-0.044759,0.100505,0.001480,0.014727,0.377592,-0.014220,-0.001497,-0.113776,0.014298,1,OK
946686536667,946686536.581907272,odom,,,,,,,,,,0.024077,0.011074,0.005287,-0.049646,0.099870,0.001358,0.013597,0.048931,-0.015368,-0.002431,-0.075826,0.015559,1,OK
946686536764,946686536.682033300,odom,,,,,,,,,,0.023500,0.011188,0.005271,-0.043647,0.100126,0.000589,0.005878,0.059914,-0.016653,-0.001993,-0.080713,0.016772,1,OK
946686536864,946686536.781971216,odom,,,,,,,,,,0.022591,0.012433,0.004960,-0.042506,0.099938,0.001541,0.015423,0.011415,-0.016076,-0.001878,-0.074714,0.016185,1,OK
946686536965,946686536.882056475,odom,,,,,,,,,,0.022056,0.011837,0.002987,-0.038625,0.100085,0.000801,0.008003,0.038777,-0.015168,-0.000633,-0.073573,0.015181,1,OK
946686537073,946686536.981876016,odom,,,,,,,,,,0.022293,0.012218,0.003625,-0.037564,0.099820,0.000449,0.004497,0.010629,-0.014633,-0.001229,-0.069692,0.014684,1,OK
946686537165,946686537.081927538,odom,,,,,,,,,,0.021918,0.012405,0.005339,-0.050166,0.100052,0.000419,0.004186,0.125961,-0.014870,-0.000848,-0.068631,0.014894,1,OK
946686537272,946686537.181892514,odom,,,,,,,,,,0.022307,0.012612,0.004828,-0.022145,0.099965,0.000441,0.004415,0.280317,-0.014495,-0.000661,-0.081234,0.014510,1,OK
946686537333,0.000000000,summary,10.004,200.074,10.004,20064,100.339,0.006,0.006,0.998,0.365,0.022307,0.012612,0.004828,-0.022145,0,0.001916,0.019099,0.377592,-0.014884,-0.000454,-0.053212,0.014891,1,OK
946686537360,946686537.281802416,odom,,,,,,,,,,0.021969,0.011515,0.005512,-0.077354,0.099910,0.001148,0.011491,0.552596,-0.014884,-0.000454,-0.053212,0.014891,1,OK
946686537465,946686537.381904840,odom,,,,,,,,,,0.022890,0.011032,0.004965,-0.055196,0.100102,0.001040,0.010385,0.221359,-0.014545,-0.001551,-0.108422,0.014628,1,OK
946686537569,946686537.481866241,odom,,,,,,,,,,0.022802,0.010467,0.004812,-0.050748,0.099961,0.000572,0.005722,0.044493,-0.015466,-0.002034,-0.086263,0.015599,1,OK
946686537668,946686537.581943035,odom,,,,,,,,,,0.022295,0.010528,0.004942,-0.043632,0.100077,0.000510,0.005099,0.071110,-0.015378,-0.002599,-0.081816,0.015596,1,OK
946686537771,946686537.681924224,odom,,,,,,,,,,0.020857,0.012022,0.004688,-0.038140,0.099981,0.002074,0.020742,0.054922,-0.014871,-0.002538,-0.074699,0.015086,1,OK
946686537870,946686537.781863451,odom,,,,,,,,,,0.021760,0.013396,0.004866,-0.049340,0.099939,0.001645,0.016457,0.112062,-0.013433,-0.001043,-0.069208,0.013474,1,OK
946686537964,946686537.881975293,odom,,,,,,,,,,0.022720,0.012290,0.004959,-0.056960,0.100112,0.001464,0.014628,0.076112,-0.014337,0.000330,-0.080408,0.014341,1,OK
946686538069,946686537.981900334,odom,,,,,,,,,,0.024522,0.012874,0.006583,-0.072115,0.099925,0.001895,0.018960,0.151666,-0.015296,-0.000776,-0.088027,0.015316,1,OK
946686538165,946686538.081863523,odom,,,,,,,,,,0.024129,0.012787,0.006367,-0.068517,0.099963,0.000402,0.004022,0.035988,-0.017099,-0.000193,-0.103182,0.017100,1,OK
946686538270,946686538.181962013,odom,,,,,,,,,,0.023465,0.012024,0.003892,-0.045657,0.100098,0.001011,0.010103,0.228377,-0.016706,-0.000280,-0.099585,0.016709,1,OK
946686538333,0.000000000,summary,10.003,200.058,10.003,19968,100.185,0.006,0.006,1.004,0.663,0.023465,0.012024,0.003892,-0.045657,0,0.002074,0.020742,0.552596,-0.016041,-0.001042,-0.076725,0.016075,1,OK
946686538362,946686538.281644940,odom,,,,,,,,,,0.023420,0.013294,0.004988,-0.052986,0.099683,0.001270,0.012740,0.073524,-0.016041,-0.001042,-0.076725,0.016075,1,OK
946686538457,946686538.381999135,odom,,,,,,,,,,0.021973,0.011198,0.003581,-0.045959,0.100354,0.002546,0.025374,0.070025,-0.015997,0.000227,-0.084054,0.015998,1,OK
946686538583,946686538.481990218,odom,,,,,,,,,,0.022584,0.011194,0.004170,-0.045930,0.099991,0.000611,0.006113,0.000294,-0.014549,-0.001868,-0.077027,0.014668,1,OK
946686538662,946686538.581921458,odom,,,,,,,,,,0.021582,0.012230,0.004363,-0.006228,0.099931,0.001441,0.014418,0.397291,-0.015160,-0.001872,-0.076997,0.015275,1,OK
946686538768,946686538.681980491,odom,,,,,,,,,,0.022393,0.011632,0.004137,-0.053902,0.100059,0.001007,0.010065,0.476462,-0.014159,-0.000836,-0.037295,0.014184,1,OK
946686538864,946686538.781977415,odom,,,,,,,,,,0.024484,0.012568,0.004052,-0.049302,0.099997,0.002291,0.022909,0.046004,-0.014969,-0.001434,-0.084970,0.015038,1,OK
946686538967,946686538.881999016,odom,,,,,,,,,,0.024561,0.012659,0.003237,-0.011730,0.100022,0.000119,0.001193,0.375638,-0.017061,-0.000499,-0.080370,0.017068,1,OK
946686539064,946686538.981908202,odom,,,,,,,,,,0.022351,0.012624,0.004591,-0.046788,0.099909,0.002210,0.022121,0.350896,-0.017138,-0.000408,-0.042798,0.017143,1,OK
946686539165,946686539.081723928,odom,,,,,,,,,,0.021516,0.013558,0.004406,-0.038695,0.099816,0.001253,0.012554,0.081082,-0.014928,-0.000442,-0.077855,0.014934,1,OK
946686539264,946686539.181955457,odom,,,,,,,,,,0.021561,0.013471,0.005087,-0.029209,0.100232,0.000098,0.000980,0.094636,-0.014094,0.000493,-0.069762,0.014102,1,OK
946686539333,0.000000000,summary,10.004,200.075,10.004,19968,100.215,0.006,0.006,0.996,0.794,0.021561,0.013471,0.005087,-0.029209,0,0.002546,0.025374,0.476462,-0.014138,0.000405,-0.060277,0.014144,1,OK
946686539364,946686539.281608820,odom,,,,,,,,,,0.021800,0.012163,0.004991,-0.039750,0.099653,0.001330,0.013348,0.105776,-0.014138,0.000405,-0.060277,0.014144,1,OK
946686539464,946686539.381975412,odom,,,,,,,,,,0.022412,0.013037,0.004830,-0.042676,0.100367,0.001067,0.010635,0.029156,-0.014377,-0.000903,-0.070818,0.014405,1,OK
946686539564,946686539.481944561,odom,,,,,,,,,,0.022017,0.013752,0.005486,-0.026629,0.099969,0.000817,0.008168,0.160523,-0.014989,-0.000029,-0.073744,0.014989,1,OK
946686539665,946686539.581890464,odom,,,,,,,,,,0.023322,0.013157,0.005935,-0.061073,0.099946,0.001434,0.014352,0.344625,-0.014595,0.000686,-0.057697,0.014611,1,OK
946686539768,946686539.682016015,odom,,,,,,,,,,0.024617,0.012643,0.005874,-0.065921,0.100126,0.001393,0.013915,0.048418,-0.015899,0.000091,-0.092140,0.015900,1,OK
946686539867,946686539.781973958,odom,,,,,,,,,,0.025069,0.010760,0.005048,-0.058054,0.099958,0.001936,0.019373,0.078700,-0.017194,-0.000424,-0.096988,0.017199,1,OK
946686539967,946686539.882080793,odom,,,,,,,,,,0.024364,0.009909,0.005727,-0.030707,0.100107,0.001105,0.011036,0.273173,-0.017644,-0.002307,-0.089122,0.017795,1,OK
946686540067,946686539.982017398,odom,,,,,,,,,,0.023594,0.010826,0.006320,-0.034583,0.099937,0.001197,0.011977,0.038778,-0.016939,-0.003158,-0.061775,0.017231,1,OK
946686540168,946686540.081886768,odom,,,,,,,,,,0.022836,0.011742,0.005818,-0.046368,0.099869,0.001189,0.011903,0.118002,-0.016170,-0.002241,-0.065650,0.016325,1,OK
946686540262,946686540.181878924,odom,,,,,,,,,,0.023855,0.011923,0.005495,-0.057536,0.099992,0.001035,0.010354,0.111689,-0.015412,-0.001325,-0.077435,0.015469,1,OK
946686540333,0.000000000,summary,10.002,200.049,10.002,20064,100.270,0.006,0.006,1.012,0.792,0.023855,0.011923,0.005495,-0.057536,0,0.001936,0.019373,0.344625,-0.016432,-0.001144,-0.088603,0.016472,1,OK
946686540364,946686540.281938314,odom,,,,,,,,,,0.026075,0.011614,0.003986,-0.046892,0.100059,0.002241,0.022401,0.106376,-0.016432,-0.001144,-0.088603,0.016472,1,OK
946686540463,946686540.381941319,odom,,,,,,,,,,0.026256,0.012524,0.005006,-0.051962,0.100003,0.000927,0.009270,0.050704,-0.018652,-0.001454,-0.077959,0.018708,1,OK
946686540562,946686540.481892705,odom,,,,,,,,,,0.022632,0.012996,0.006039,-0.052196,0.099951,0.003655,0.036565,0.002339,-0.018833,-0.000545,-0.083030,0.018841,1,OK
946686540670,946686540.582031608,odom,,,,,,,,,,0.022920,0.013228,0.004676,-0.047104,0.100139,0.000370,0.003691,0.050848,-0.015209,-0.000070,-0.083264,0.015209,1,OK
946686540762,946686540.681923509,odom,,,,,,,,,,0.022163,0.012602,0.004024,-0.011392,0.099892,0.000982,0.009835,0.357508,-0.015497,0.000162,-0.078172,0.015498,1,OK
946686540863,946686540.781997800,odom,,,,,,,,,,0.022521,0.011942,0.003811,-0.051593,0.100074,0.000751,0.007507,0.401711,-0.014739,-0.000464,-0.042460,0.014747,1,OK
946686540969,946686540.881967902,odom,,,,,,,,,,0.023041,0.012690,0.005051,-0.053563,0.099970,0.000911,0.009117,0.019707,-0.015098,-0.001124,-0.082661,0.015139,1,OK
946686541069,946686540.981829762,odom,,,,,,,,,,0.021702,0.012492,0.004871,-0.021962,0.099862,0.001353,0.013551,0.316449,-0.015618,-0.000376,-0.084631,0.015622,1,OK
946686541161,946686541.081675768,odom,,,,,,,,,,0.022639,0.013697,0.005314,-0.028588,0.099846,0.001526,0.015283,0.066369,-0.014279,-0.000574,-0.053029,0.014291,1,OK
946686541264,946686541.182001114,odom,,,,,,,,,,0.024056,0.013500,0.005737,-0.043723,0.100325,0.001430,0.014257,0.150852,-0.015216,0.000631,-0.059656,0.015229,1,OK
946686541333,0.000000000,summary,10.003,200.068,10.003,19968,100.155,0.006,0.009,1.001,1.435,0.024056,0.013500,0.005737,-0.043723,0,0.003655,0.036565,0.401711,-0.016633,0.000433,-0.074790,0.016639,1,OK
946686541366,946686541.281909943,odom,,,,,,,,,,0.026281,0.012226,0.005056,-0.055804,0.099909,0.002564,0.025663,0.120918,-0.016633,0.000433,-0.074790,0.016639,1,OK
946686541466,946686541.382081509,odom,,,,,,,,,,0.026032,0.009372,0.004687,-0.059774,0.100172,0.002865,0.028604,0.039633,-0.018857,-0.000842,-0.086871,0.018876,1,OK
946686541564,946686541.482044101,odom,,,,,,,,,,0.025962,0.008939,0.004295,-0.072323,0.099963,0.000438,0.004382,0.125541,-0.018607,-0.003696,-0.090841,0.018971,1,OK
946686541666,946686541.581988215,odom,,,,,,,,,,0.027005,0.010325,0.004489,-0.078225,0.099944,0.001735,0.017356,0.059050,-0.018537,-0.004129,-0.103391,0.018991,1,OK
946686541768,946686541.682085156,odom,,,,,,,,,,0.024525,0.011726,0.004392,-0.036719,0.100097,0.002849,0.028465,0.414660,-0.019581,-0.002744,-0.109292,0.019772,1,OK
946686541863,946686541.781912804,odom,,,,,,,,,,0.021382,0.012978,0.004867,-0.033094,0.099828,0.003383,0.033887,0.036307,-0.017101,-0.001341,-0.067786,0.017153,1,OK
946686541967,946686541.881970048,odom,,,,,,,,,,0.021606,0.013469,0.005707,-0.065123,0.100057,0.000540,0.005394,0.320107,-0.013959,-0.000088,-0.064162,0.013959,1,OK
946686542069,946686541.981849432,odom,,,,,,,,,,0.019626,0.014901,0.005349,-0.023210,0.099879,0.002444,0.024473,0.419635,-0.014184,0.000403,-0.096191,0.014189,1,OK
946686542168,946686542.081979752,odom,,,,,,,,,,0.021688,0.015064,0.005041,-0.023856,0.100130,0.002069,0.020659,0.006450,-0.012204,0.001837,-0.054278,0.012341,1,OK
946686542267,946686542.181916237,odom,,,,,,,,,,0.022506,0.013922,0.004690,-0.047279,0.099936,0.001405,0.014058,0.234377,-0.014266,0.001998,-0.054924,0.014405,1,OK
946686542333,0.000000000,summary,10.003,200.070,10.003,20064,100.400,0.006,0.006,0.999,0.829,0.022506,0.013922,0.004690,-0.047279,0,0.003383,0.033887,0.419635,-0.015084,0.000856,-0.078346,0.015108,1,OK
946686542369,946686542.282042503,odom,,,,,,,,,,0.022929,0.011189,0.003741,-0.047444,0.100126,0.002765,0.027618,0.001651,-0.015084,0.000856,-0.078346,0.015108,1,OK
946686542464,946686542.382060766,odom,,,,,,,,,,0.023082,0.010546,0.003642,-0.038437,0.100018,0.000661,0.006608,0.090055,-0.015505,-0.001877,-0.078512,0.015618,1,OK
946686542568,946686542.481998920,odom,,,,,,,,,,0.025637,0.010520,0.004464,-0.043285,0.099938,0.002555,0.025565,0.048506,-0.015658,-0.002520,-0.069505,0.015860,1,OK
946686542663,946686542.582064867,odom,,,,,,,,,,0.026284,0.011656,0.005686,-0.042171,0.100066,0.001308,0.013067,0.011128,-0.018213,-0.002548,-0.074352,0.018390,1,OK
946686542765,946686542.681978464,odom,,,,,,,,,,0.027409,0.011157,0.005175,-0.074061,0.099914,0.001230,0.012315,0.319172,-0.018860,-0.001412,-0.073239,0.018913,1,OK
946686542869,946686542.782049656,odom,,,,,,,,,,0.027111,0.010827,0.005097,-0.063188,0.100071,0.000445,0.004443,0.108647,-0.019985,-0.001912,-0.105128,0.020076,1,OK
946686542969,946686542.882057309,odom,,,,,,,,,,0.026601,0.011159,0.005331,-0.049616,0.100008,0.000609,0.006090,0.135708,-0.019687,-0.002242,-0.094256,0.019815,1,OK
946686543065,946686542.982013822,odom,,,,,,,,,,0.025754,0.010481,0.005271,-0.060670,0.099957,0.001085,0.010850,0.110584,-0.019177,-0.001910,-0.080684,0.019272,1,OK
946686543170,946686543.081960917,odom,,,,,,,,,,0.023068,0.012403,0.006037,-0.015180,0.099947,0.003303,0.033044,0.455140,-0.018330,-0.002587,-0.091738,0.018512,1,OK
946686543268,946686543.182052255,odom,,,,,,,,,,0.020662,0.012911,0.007377,-0.033170,0.100091,0.002459,0.024569,0.179739,-0.015645,-0.000664,-0.046248,0.015659,1,OK
946686543333,0.000000000,summary,10.003,200.062,10.003,19968,99.561,0.006,0.006,1.011,0.805,0.020662,0.012911,0.007377,-0.033170,0,0.003303,0.033044,0.455140,-0.013239,-0.000154,-0.064238,0.013240,1,OK
946686543363,946686543.281984568,odom,,,,,,,,,,0.020868,0.013483,0.006371,-0.050800,0.099932,0.000608,0.006080,0.176416,-0.013239,-0.000154,-0.064238,0.013240,1,OK
946686543463,946686543.381948233,odom,,,,,,,,,,0.022042,0.012683,0.005459,-0.036106,0.099964,0.001422,0.014221,0.146995,-0.013445,0.000418,-0.081868,0.013451,1,OK
946686543566,946686543.482026339,odom,,,,,,,,,,0.022336,0.012362,0.005889,-0.009750,0.100078,0.000435,0.004344,0.263355,-0.014619,-0.000383,-0.067174,0.014624,1,OK
946686543667,946686543.582018137,odom,,,,,,,,,,0.022584,0.011542,0.005298,-0.052250,0.099992,0.000857,0.008568,0.425040,-0.014913,-0.000704,-0.040817,0.014929,1,OK
946686543765,946686543.682056308,odom,,,,,,,,,,0.023397,0.011689,0.004625,-0.036266,0.100038,0.000826,0.008255,0.159782,-0.015161,-0.001524,-0.083318,0.015237,1,OK
946686543873,946686543.781979084,odom,,,,,,,,,,0.026022,0.012295,0.006126,-0.066330,0.099923,0.002694,0.026957,0.300875,-0.015973,-0.001377,-0.067334,0.016033,1,OK
946686543964,946686543.881963253,odom,,,,,,,,,,0.026820,0.013603,0.007007,-0.068875,0.099984,0.001532,0.015323,0.025451,-0.018598,-0.000773,-0.097398,0.018614,1,OK
946686544064,946686543.982020974,odom,,,,,,,,,,0.025452,0.012428,0.006201,-0.058243,0.100058,0.001803,0.018017,0.106260,-0.019397,0.000534,-0.099943,0.019404,1,OK
946686544167,946686544.081954598,odom,,,,,,,,,,0.024003,0.011670,0.006117,-0.044379,0.099934,0.001635,0.016364,0.138730,-0.018029,-0.000640,-0.089311,0.018040,1,OK
946686544269,946686544.182016850,odom,,,,,,,,,,0.022836,0.009737,0.006773,-0.058511,0.100062,0.002258,0.022566,0.141230,-0.016580,-0.001397,-0.075447,0.016638,1,OK
946686544333,0.000000000,summary,10.003,200.067,10.003,19968,100.195,0.006,0.006,0.995,0.832,0.022836,0.009737,0.006773,-0.058511,0,0.002694,0.026957,0.425040,-0.015411,-0.003330,-0.089579,0.015767,1,OK
946686544368,946686544.281963706,odom,,,,,,,,,,0.021811,0.009727,0.005252,-0.056734,0.099947,0.001024,0.010250,0.017777,-0.015411,-0.003330,-0.089579,0.015767,1,OK
946686544467,946686544.381928086,odom,,,,,,,,,,0.021911,0.010456,0.004184,-0.031514,0.099964,0.000736,0.007365,0.252293,-0.014387,-0.003339,-0.087802,0.014769,1,OK
946686544563,946686544.482018948,odom,,,,,,,,,,0.021733,0.010871,0.003631,-0.025340,0.100091,0.000451,0.004506,0.061678,-0.014487,-0.002610,-0.062581,0.014720,1,OK
946686544665,946686544.581990004,odom,,,,,,,,,,0.020931,0.011947,0.004825,-0.053878,0.099971,0.001342,0.013426,0.285462,-0.014309,-0.002195,-0.056408,0.014477,1,OK
946686544769,946686544.681986451,odom,,,,,,,,,,0.020142,0.012461,0.004538,-0.027925,0.099996,0.000942,0.009418,0.259539,-0.013508,-0.001118,-0.084946,0.013554,1,OK
946686544866,946686544.781974316,odom,,,,,,,,,,0.020563,0.014068,0.005749,-0.006976,0.099988,0.001661,0.016611,0.209519,-0.012719,-0.000604,-0.058993,0.012733,1,OK
946686544971,946686544.882102132,odom,,,,,,,,,,0.022635,0.013141,0.006334,-0.066685,0.100128,0.002270,0.022669,0.596326,-0.013140,0.001002,-0.038044,0.013178,1,OK
946686545072,946686544.982020140,odom,,,,,,,,,,0.023567,0.012816,0.005230,-0.055309,0.099918,0.000988,0.009884,0.113852,-0.015212,0.000075,-0.097752,0.015212,1,OK
946686545176,946686545.082000017,odom,,,,,,,,,,0.022546,0.012096,0.007163,-0.042202,0.099980,0.001250,0.012499,0.131099,-0.016144,-0.000250,-0.086377,0.016146,1,OK
946686545263,946686545.181976199,odom,,,,,,,,,,0.024861,0.012743,0.007662,-0.063770,0.099976,0.002404,0.024045,0.215735,-0.015123,-0.000970,-0.073269,0.015154,1,OK
946686545333,0.000000000,summary,10.004,200.079,10.004,19968,100.197,0.006,0.006,1.005,0.669,0.024861,0.012743,0.007662,-0.063770,0,0.002404,0.024045,0.596326,-0.017438,-0.000325,-0.094838,0.017441,1,OK
946686545366,946686545.281936049,odom,,,,,,,,,,0.024511,0.011962,0.005424,-0.080877,0.099960,0.000856,0.008565,0.171142,-0.017438,-0.000325,-0.094838,0.017441,1,OK
946686545467,946686545.381954908,odom,,,,,,,,,,0.021494,0.011665,0.003695,-0.010229,0.100019,0.003031,0.030305,0.706353,-0.017087,-0.001106,-0.111945,0.017123,1,OK
946686545567,946686545.481727839,odom,,,,,,,,,,0.021256,0.011158,0.004209,-0.026982,0.099773,0.000559,0.005607,0.167910,-0.014070,-0.001401,-0.041296,0.014140,1,OK
946686545665,946686545.581970334,odom,,,,,,,,,,0.021413,0.013259,0.004989,-0.008181,0.100242,0.002106,0.021009,0.187549,-0.013832,-0.001907,-0.058049,0.013963,1,OK
946686545767,946686545.681946158,odom,,,,,,,,,,0.022531,0.013548,0.006408,-0.048579,0.099976,0.001155,0.011554,0.404079,-0.013990,0.000193,-0.039249,0.013991,1,OK
946686545876,946686545.781957626,odom,,,,,,,,,,0.021546,0.014020,0.003645,-0.043432,0.100011,0.001093,0.010925,0.051471,-0.015108,0.000482,-0.079647,0.015116,1,OK
946686545961,946686545.882018447,odom,,,,,,,,,,0.021991,0.014696,0.003104,-0.047582,0.100061,0.000809,0.008090,0.041478,-0.014123,0.000954,-0.074499,0.014156,1,OK
946686546066,946686545.982023239,odom,,,,,,,,,,0.022331,0.014886,0.004467,-0.032312,0.100005,0.000390,0.003898,0.152689,-0.014569,0.001630,-0.078650,0.014659,1,OK
946686546167,946686546.081972837,odom,,,,,,,,,,0.022425,0.014659,0.005262,-0.036645,0.099950,0.000245,0.002456,0.043352,-0.014909,0.001820,-0.063380,0.015020,1,OK
946686546265,946686546.182046533,odom,,,,,,,,,,0.023171,0.013225,0.005960,-0.046866,0.100074,0.001617,0.016157,0.102136,-0.015003,0.001593,-0.067713,0.015087,1,OK
946686546333,0.000000000,summary,10.004,200.075,10.004,20064,100.331,0.006,0.006,0.998,0.590,0.023171,0.013225,0.005960,-0.046866,0,0.003031,0.030305,0.706353,-0.015748,0.000158,-0.077934,0.015749,1,OK
946686546369,946686546.282098293,odom,,,,,,,,,,0.024280,0.010773,0.005868,-0.059752,0.100052,0.002691,0.026896,0.128789,-0.015748,0.000158,-0.077934,0.015749,1,OK
946686546464,946686546.381968617,odom,,,,,,,,,,0.022847,0.011110,0.006208,-0.041777,0.099870,0.001472,0.014739,0.179978,-0.016855,-0.002295,-0.090820,0.017011,1,OK
946686546571,946686546.481825352,odom,,,,,,,,,,0.023284,0.011581,0.004791,-0.062641,0.099857,0.000642,0.006431,0.208937,-0.015423,-0.001956,-0.072845,0.015546,1,OK
946686546667,946686546.582015991,odom,,,,,,,,,,0.024132,0.013138,0.005616,-0.041317,0.100191,0.001774,0.017702,0.212835,-0.015860,-0.001486,-0.093709,0.015929,1,OK
946686546757,946686546.681950808,odom,,,,,,,,,,0.024581,0.014462,0.005424,-0.042449,0.099935,0.001398,0.013989,0.011324,-0.016709,0.000071,-0.072385,0.016709,1,OK
946686546865,946686546.782003403,odom,,,,,,,,,,0.021349,0.015567,0.004789,-0.037704,0.100053,0.003415,0.034136,0.047427,-0.017159,0.001395,-0.073516,0.017215,1,OK
946686546974,946686546.882030606,odom,,,,,,,,,,0.022580,0.012279,0.005186,-0.034958,0.100027,0.003510,0.035093,0.027449,-0.013927,0.002501,-0.068771,0.014150,1,OK
946686547064,946686546.982056975,odom,,,,,,,,,,0.023004,0.010773,0.005308,-0.057639,0.100026,0.001565,0.015641,0.226751,-0.015157,-0.000787,-0.066026,0.015177,1,OK
946686547171,946686547.082008958,odom,,,,,,,,,,0.023748,0.012083,0.006191,-0.061765,0.099952,0.001506,0.015067,0.041281,-0.015580,-0.002293,-0.088707,0.015747,1,OK
946686547263,946686547.182088971,odom,,,,,,,,,,0.022685,0.013266,0.005551,-0.043068,0.100080,0.001591,0.015900,0.186825,-0.016324,-0.000984,-0.092833,0.016354,1,OK
946686547333,0.000000000,summary,10.003,200.058,10.003,19968,100.171,0.006,0.006,1.001,0.505,0.022685,0.013266,0.005551,-0.043068,0,0.003510,0.035093,0.226751,-0.015262,0.000200,-0.074135,0.015263,1,OK
946686547363,946686547.281995416,odom,,,,,,,,,,0.021800,0.013588,0.005945,-0.026860,0.099906,0.000941,0.009422,0.162232,-0.015262,0.000200,-0.074135,0.015263,1,OK
946686547461,946686547.382015944,odom,,,,,,,,,,0.021642,0.014599,0.006156,-0.034645,0.100021,0.001024,0.010236,0.077835,-0.014377,0.000522,-0.057927,0.014387,1,OK
946686547564,946686547.481994987,odom,,,,,,,,,,0.020971,0.014940,0.005844,-0.036631,0.099979,0.000753,0.007528,0.019862,-0.014220,0.001534,-0.065712,0.014303,1,OK
946686547668,946686547.582012892,odom,,,,,,,,,,0.021696,0.014252,0.004771,-0.032831,0.100018,0.000999,0.009988,0.037989,-0.013549,0.001874,-0.067698,0.013678,1,OK
946686547763,946686547.681961179,odom,,,,,,,,,,0.020459,0.013030,0.005558,-0.041806,0.099948,0.001739,0.017398,0.089798,-0.014274,0.001186,-0.063899,0.014323,1,OK
946686547864,946686547.782070398,odom,,,,,,,,,,0.022667,0.012896,0.005521,-0.037237,0.100109,0.002213,0.022103,0.045645,-0.013036,-0.000035,-0.072874,0.013036,1,OK
946686547967,946686547.881940126,odom,,,,,,,,,,0.023123,0.013364,0.004383,-0.024592,0.099870,0.000654,0.006544,0.126612,-0.015244,-0.000171,-0.068304,0.015245,1,OK
946686548066,946686547.982095480,odom,,,,,,,,,,0.024166,0.013246,0.004498,-0.022087,0.100155,0.001049,0.010474,0.025016,-0.015700,0.000297,-0.055660,0.015703,1,OK
946686548176,946686548.082061410,odom,,,,,,,,,,0.021474,0.014291,0.005528,-0.049069,0.099966,0.002887,0.028882,0.269914,-0.016743,0.000179,-0.053154,0.016744,1,OK
946686548261,946686548.181967735,odom,,,,,,,,,,0.022887,0.012646,0.006213,-0.055445,0.099906,0.002169,0.021706,0.063820,-0.014051,0.001225,-0.080136,0.014105,1,OK
946686548333,0.000000000,summary,10.003,200.062,10.003,19968,100.317,0.006,0.006,0.997,0.755,0.022887,0.012646,0.006213,-0.055445,0,0.002887,0.028882,0.269914,-0.015464,-0.000421,-0.086512,0.015469,1,OK
946686548367,946686548.281786680,odom,,,,,,,,,,0.022314,0.012482,0.005868,-0.029049,0.099819,0.000596,0.005971,0.264435,-0.015464,-0.000421,-0.086512,0.015469,1,OK
946686548464,946686548.382018924,odom,,,,,,,,,,0.022286,0.013572,0.005956,-0.039204,0.100232,0.001091,0.010880,0.101311,-0.014891,-0.000584,-0.060117,0.014902,1,OK
946686548564,946686548.481907129,odom,,,,,,,,,,0.022195,0.014520,0.006373,-0.040410,0.099888,0.000952,0.009532,0.012079,-0.014863,0.000506,-0.070271,0.014872,1,OK
946686548665,946686548.581973076,odom,,,,,,,,,,0.023872,0.014862,0.006769,-0.067312,0.100066,0.001711,0.017098,0.268835,-0.014773,0.001454,-0.071478,0.014845,1,OK
946686548759,946686548.682036757,odom,,,,,,,,,,0.024809,0.013550,0.005236,-0.045910,0.100064,0.001612,0.016109,0.213882,-0.016450,0.001795,-0.098379,0.016547,1,OK
946686548870,946686548.781999111,odom,,,,,,,,,,0.025101,0.014322,0.005669,-0.053608,0.099962,0.000825,0.008257,0.077016,-0.017386,0.000483,-0.076977,0.017393,1,OK
946686548967,946686548.882061243,odom,,,,,,,,,,0.023204,0.013144,0.003826,-0.036023,0.100062,0.002233,0.022315,0.175750,-0.017679,0.001254,-0.084676,0.017723,1,OK
946686549078,946686548.982069850,odom,,,,,,,,,,0.022034,0.012590,0.004754,-0.045973,0.100009,0.001295,0.012953,0.099500,-0.015781,0.000078,-0.067090,0.015782,1,OK
946686549163,946686549.081971884,odom,,,,,,,,,,0.020440,0.012223,0.005613,-0.055353,0.099902,0.001635,0.016369,0.093886,-0.014610,-0.000476,-0.077041,0.014618,1,OK
946686549272,946686549.182044148,odom,,,,,,,,,,0.020873,0.014025,0.006169,-0.042414,0.100072,0.001854,0.018523,0.129292,-0.013016,-0.000842,-0.086420,0.013044,1,OK
946686549333,0.000000000,summary,10.004,200.076,10.004,19968,99.476,0.006,0.006,1.004,0.680,0.020873,0.014025,0.006169,-0.042414,0,0.002233,0.022315,0.268835,-0.013451,0.000960,-0.073482,0.013485,1,OK
946686549372,946686549.282017112,odom,,,,,,,,,,0.021745,0.014593,0.006183,-0.019268,0.099973,0.001041,0.010412,0.231521,-0.013451,0.000960,-0.073482,0.013485,1,OK
946686549460,946686549.381875634,odom,,,,,,,,,,0.022477,0.014064,0.006311,-0.070335,0.099859,0.000903,0.009046,0.511385,-0.014323,0.001528,-0.050336,0.014404,1,OK
946686549566,946686549.482038856,odom,,,,,,,,,,0.022827,0.014432,0.006296,-0.046922,0.100163,0.000507,0.005066,0.233745,-0.015055,0.000998,-0.101402,0.015088,1,OK
946686549664,946686549.582015753,odom,,,,,,,,,,0.023139,0.013851,0.005545,-0.047951,0.099977,0.000659,0.006595,0.010293,-0.015404,0.001366,-0.077990,0.015465,1,OK
946686549771,946686549.681973577,odom,,,,,,,,,,0.022911,0.014994,0.006024,-0.019983,0.099958,0.001165,0.011652,0.279797,-0.015716,0.000785,-0.079019,0.015736,1,OK
946686549866,946686549.782006145,odom,,,,,,,,,,0.022469,0.014625,0.006147,-0.055271,0.100033,0.000575,0.005748,0.352767,-0.015489,0.001927,-0.051051,0.015608,1,OK
946686549961,946686549.882042885,odom,,,,,,,,,,0.021916,0.014326,0.006354,-0.041912,0.100037,0.000629,0.006290,0.133545,-0.015047,0.001559,-0.086339,0.015128,1,OK
946686550067,946686549.982028008,odom,,,,,,,,,,0.021488,0.012777,0.005231,-0.043874,0.099985,0.001607,0.016076,0.019628,-0.014494,0.001260,-0.072980,0.014548,1,OK
946686550163,946686550.081941366,odom,,,,,,,,,,0.022800,0.012952,0.006540,-0.064596,0.099913,0.001324,0.013249,0.207398,-0.014065,-0.000289,-0.074942,0.014067,1,OK
946686550258,946686550.181866527,odom,,,,,,,,,,0.023290,0.012282,0.006165,-0.062076,0.099925,0.000830,0.008305,0.025217,-0.015377,-0.000114,-0.095664,0.015377,1,OK
946686550333,0.000000000,summary,10.003,200.063,10.003,19968,100.202,0.006,0.006,1.002,0.541,0.023290,0.012282,0.006165,-0.062076,0,0.001607,0.016076,0.511385,-0.015866,-0.000784,-0.093144,0.015886,1,OK
946686550367,946686550.281999946,odom,,,,,,,,,,0.022105,0.013304,0.005862,-0.039361,0.100133,0.001564,0.015620,0.226856,-0.015866,-0.000784,-0.093144,0.015886,1,OK
946686550463,946686550.381660581,odom,,,,,,,,,,0.021684,0.014490,0.006413,-0.036760,0.099661,0.001259,0.012629,0.026096,-0.014683,0.000238,-0.070428,0.014684,1,OK
946686550569,946686550.482028961,odom,,,,,,,,,,0.021045,0.014604,0.005893,-0.049590,0.100368,0.000649,0.006465,0.127833,-0.014262,0.001424,-0.067827,0.014333,1,OK
946686550667,946686550.582061768,odom,,,,,,,,,,0.022566,0.013447,0.005974,-0.046492,0.100033,0.001911,0.019103,0.030970,-0.013623,0.001539,-0.080658,0.013709,1,OK
946686550762,946686550.682124376,odom,,,,,,,,,,0.022752,0.012662,0.005087,-0.027934,0.100063,0.000807,0.008063,0.185463,-0.015143,0.000381,-0.077560,0.015148,1,OK
946686550872,946686550.782123923,odom,,,,,,,,,,0.022419,0.012497,0.005025,-0.048614,0.100000,0.000372,0.003720,0.206802,-0.015329,-0.000404,-0.059002,0.015334,1,OK
946686550961,946686550.882015705,odom,,,,,,,,,,0.023965,0.013299,0.005023,-0.044445,0.099892,0.001742,0.017442,0.041739,-0.014995,-0.000570,-0.079682,0.015006,1,OK
946686551063,946686550.981994271,odom,,,,,,,,,,0.024375,0.013457,0.004496,-0.034359,0.099979,0.000439,0.004392,0.100880,-0.016542,0.000232,-0.075513,0.016544,1,OK
946686551165,946686551.082113147,odom,,,,,,,,,,0.022906,0.013379,0.006404,-0.038507,0.100119,0.001471,0.014694,0.041434,-0.016952,0.000390,-0.065427,0.016956,1,OK
946686551262,946686551.181617022,odom,,,,,,,,,,0.022228,0.013330,0.006753,-0.041671,0.099504,0.000679,0.006824,0.031798,-0.015483,0.000312,-0.069575,0.015486,1,OK
946686551333,0.000000000,summary,10.005,200.093,10.005,20064,100.424,0.006,0.006,0.996,0.505,0.022228,0.013330,0.006753,-0.041671,0,0.001911,0.019103,0.226856,-0.014806,0.000264,-0.072739,0.014808,1,OK
946686551364,946686551.282143354,odom,,,,,,,,,,0.022816,0.011987,0.005182,-0.053686,0.100526,0.001466,0.014588,0.119519,-0.014806,0.000264,-0.072739,0.014808,1,OK
946686551466,946686551.382000327,odom,,,,,,,,,,0.019968,0.013538,0.005021,-0.011564,0.099857,0.003243,0.032473,0.421827,-0.015392,-0.001080,-0.084754,0.015430,1,OK
946686551567,946686551.481967688,odom,,,,,,,,,,0.019345,0.014979,0.003276,-0.030964,0.099967,0.001570,0.015704,0.194068,-0.012546,0.000473,-0.042632,0.012555,1,OK
946686551662,946686551.581994295,odom,,,,,,,,,,0.020260,0.014527,0.003769,-0.049856,0.100027,0.001020,0.010200,0.188869,-0.011923,0.001914,-0.062032,0.012076,1,OK
946686551767,946686551.682108283,odom,,,,,,,,,,0.021526,0.013731,0.004349,-0.035191,0.100114,0.001496,0.014945,0.146489,-0.012837,0.001462,-0.080924,0.012920,1,OK
946686551870,946686551.782032967,odom,,,,,,,,,,0.021243,0.011666,0.005120,-0.029810,0.099925,0.002085,0.020861,0.053849,-0.014104,0.000665,-0.066258,0.014120,1,OK
946686551964,946686551.882132530,odom,,,,,,,,,,0.022209,0.012546,0.006795,-0.056508,0.100100,0.001307,0.013059,0.266714,-0.013819,-0.001400,-0.060877,0.013890,1,OK
946686552067,946686551.982113838,odom,,,,,,,,,,0.024166,0.013024,0.007082,-0.043007,0.099981,0.002014,0.020143,0.135036,-0.014786,-0.000520,-0.087575,0.014795,1,OK
946686552163,946686552.081753731,odom,,,,,,,,,,0.022389,0.014199,0.006674,-0.042489,0.099640,0.002131,0.021387,0.005193,-0.016743,-0.000043,-0.074074,0.016743,1,OK
946686552267,946686552.182100773,odom,,,,,,,,,,0.022327,0.012900,0.006075,-0.026387,0.100347,0.001301,0.012964,0.160463,-0.014966,0.001133,-0.073557,0.015009,1,OK
946686552333,0.000000000,summary,10.003,200.066,10.003,19968,99.590,0.006,0.006,1.012,0.645,0.022327,0.012900,0.006075,-0.026387,0,0.003243,0.032473,0.421827,-0.014904,-0.000166,-0.057455,0.014905,1,OK
946686552364,946686552.282039285,odom,,,,,,,,,,0.023825,0.012124,0.005816,-0.039273,0.099939,0.001687,0.016879,0.128935,-0.014904,-0.000166,-0.057455,0.014905,1,OK
946686552462,946686552.382000327,odom,,,,,,,,,,0.024266,0.011742,0.004969,-0.042939,0.099961,0.000583,0.005833,0.036673,-0.016402,-0.000943,-0.070340,0.016429,1,OK
946686552567,946686552.482136726,odom,,,,,,,,,,0.023013,0.012299,0.005511,-0.040435,0.100136,0.001371,0.013692,0.025008,-0.016842,-0.001325,-0.074006,0.016894,1,OK
946686552672,946686552.582112312,odom,,,,,,,,,,0.023627,0.014232,0.005828,-0.060630,0.099976,0.002028,0.020290,0.202005,-0.015590,-0.000768,-0.071502,0.015608,1,OK
946686552764,946686552.682131052,odom,,,,,,,,,,0.025348,0.013907,0.006826,-0.062658,0.100019,0.001752,0.017516,0.020273,-0.016204,0.001165,-0.091698,0.016246,1,OK
946686552871,946686552.782124043,odom,,,,,,,,,,0.024169,0.014525,0.006847,-0.020508,0.099993,0.001331,0.013315,0.421530,-0.017926,0.000839,-0.093726,0.017945,1,OK
946686552959,946686552.882069230,odom,,,,,,,,,,0.024023,0.014946,0.006365,-0.030015,0.099945,0.000446,0.004461,0.095121,-0.016747,0.001458,-0.051575,0.016810,1,OK
946686553066,946686552.982067943,odom,,,,,,,,,,0.024807,0.013222,0.007376,-0.051725,0.099999,0.001894,0.018943,0.217102,-0.016601,0.001879,-0.061082,0.016707,1,OK
946686553167,946686553.082171917,odom,,,,,,,,,,0.024354,0.012492,0.007625,-0.026775,0.100104,0.000859,0.008580,0.249238,-0.017384,0.000154,-0.082792,0.017384,1,OK
946686553265,946686553.182109594,odom,,,,,,,,,,0.022849,0.014410,0.008244,-0.029022,0.099938,0.002438,0.024393,0.022480,-0.016930,-0.000575,-0.057843,0.016940,1,OK
946686553334,0.000000000,summary,10.003,200.069,10.003,19968,100.172,0.006,0.006,0.991,0.698,0.022849,0.014410,0.008244,-0.029022,0,0.002438,0.024393,0.421530,-0.015427,0.001344,-0.060089,0.015485,1,OK
946686553366,946686553.282010555,odom,,,,,,,,,,0.021688,0.014079,0.007125,-0.056637,0.099901,0.001207,0.012082,0.276426,-0.015427,0.001344,-0.060089,0.015485,1,OK
946686553468,946686553.382075667,odom,,,,,,,,,,0.021661,0.013220,0.005857,-0.060336,0.100065,0.000859,0.008586,0.036966,-0.014266,0.001013,-0.087704,0.014302,1,OK
946686553571,946686553.482084394,odom,,,,,,,,,,0.022050,0.014234,0.004980,-0.031645,0.100009,0.001086,0.010861,0.286881,-0.014238,0.000154,-0.091403,0.014239,1,OK
946686553665,946686553.582028151,odom,,,,,,,,,,0.022472,0.014186,0.005221,-0.060053,0.099944,0.000424,0.004247,0.284233,-0.014628,0.001168,-0.062713,0.014674,1,OK
946686553776,946686553.682110548,odom,,,,,,,,,,0.022289,0.012331,0.004333,-0.054354,0.100082,0.001863,0.018617,0.056941,-0.015049,0.001120,-0.091120,0.015091,1,OK
946686553865,946686553.782087922,odom,,,,,,,,,,0.023165,0.012283,0.004521,-0.046340,0.099977,0.000877,0.008774,0.080156,-0.014866,-0.000735,-0.085421,0.014884,1,OK
946686553964,946686553.882117391,odom,,,,,,,,,,0.022660,0.011679,0.006253,-0.041895,0.100029,0.000787,0.007870,0.044432,-0.015742,-0.000784,-0.077408,0.015761,1,OK
946686554066,946686553.982145667,odom,,,,,,,,,,0.023211,0.010596,0.004920,-0.041939,0.100028,0.001215,0.012146,0.000437,-0.015236,-0.001387,-0.072963,0.015299,1,OK
946686554167,946686554.082090020,odom,,,,,,,,,,0.022884,0.010286,0.005002,-0.038115,0.099944,0.000451,0.004511,0.038264,-0.015786,-0.002470,-0.073007,0.015978,1,OK
946686554266,946686554.182010055,odom,,,,,,,,,,0.022602,0.012920,0.005467,-0.025095,0.099920,0.002650,0.026518,0.130306,-0.015460,-0.002781,-0.069182,0.015708,1,OK
946686554333,0.000000000,summary,10.004,200.086,10.004,19968,100.269,0.006,0.006,1.005,0.720,0.022602,0.012920,0.005467,-0.025095,0,0.002650,0.026518,0.286881,-0.015179,-0.000146,-0.056162,0.015180,1,OK
946686554370,946686554.282053351,odom,,,,,,,,,,0.024237,0.013841,0.005527,-0.046400,0.100043,0.001876,0.018751,0.212962,-0.015179,-0.000146,-0.056162,0.015180,1,OK
946686554465,946686554.382123947,odom,,,,,,,,,,0.023463,0.013571,0.005474,-0.049843,0.100071,0.000820,0.008193,0.034408,-0.016814,0.000773,-0.077468,0.016832,1,OK
946686554568,946686554.481979728,odom,,,,,,,,,,0.023972,0.013893,0.005706,-0.022066,0.099856,0.000603,0.006038,0.278177,-0.016040,0.000504,-0.080911,0.016048,1,OK
946686554664,946686554.582052946,odom,,,,,,,,,,0.021564,0.014902,0.005504,-0.012916,0.100073,0.002612,0.026097,0.091434,-0.016550,0.000826,-0.053133,0.016570,1,OK
946686554767,946686554.682121396,odom,,,,,,,,,,0.022112,0.015392,0.006480,-0.017300,0.100068,0.000736,0.007351,0.043812,-0.014142,0.001836,-0.043983,0.014260,1,OK
946686554866,946686554.782094717,odom,,,,,,,,,,0.022733,0.014421,0.006381,-0.038383,0.099973,0.001153,0.011532,0.210885,-0.014690,0.002326,-0.048367,0.014873,1,OK
946686554969,946686554.882132888,odom,,,,,,,,,,0.022544,0.013877,0.006214,-0.038962,0.100038,0.000575,0.005752,0.005786,-0.015310,0.001355,-0.069450,0.015370,1,OK
946686555063,946686554.982057691,odom,,,,,,,,,,0.024945,0.013170,0.005996,-0.054769,0.099925,0.002503,0.025051,0.158190,-0.015121,0.000811,-0.070029,0.015143,1,OK
946686555166,946686555.082098126,odom,,,,,,,,,,0.024690,0.012622,0.004346,-0.045751,0.100040,0.000605,0.006046,0.090141,-0.017522,0.000103,-0.085836,0.017522,1,OK
946686555262,946686555.182027817,odom,,,,,,,,,,0.023619,0.013786,0.004916,-0.023215,0.099930,0.001583,0.015836,0.225514,-0.017267,-0.000446,-0.076818,0.017273,1,OK
946686555333,0.000000000,summary,10.004,200.080,10.004,20064,100.350,0.006,0.006,1.003,0.595,0.023619,0.013786,0.004916,-0.023215,0,0.002612,0.026097,0.278177,-0.016196,0.000720,-0.054283,0.016212,1,OK
946686555365,946686555.282111406,odom,,,,,,,,,,0.022607,0.014448,0.004973,-0.036259,0.100084,0.001209,0.012076,0.130333,-0.016196,0.000720,-0.054283,0.016212,1,OK
946686555468,946686555.382096171,odom,,,,,,,,,,0.023824,0.013070,0.005398,-0.037017,0.099985,0.001838,0.018386,0.007574,-0.015185,0.001381,-0.067327,0.015248,1,OK
946686555563,946686555.482184529,odom,,,,,,,,,,0.023131,0.013000,0.006324,-0.035990,0.100088,0.000696,0.006958,0.010260,-0.016401,0.000003,-0.068084,0.016401,1,OK
946686555668,946686555.582091689,odom,,,,,,,,,,0.022576,0.012185,0.006278,-0.036176,0.099907,0.000986,0.009873,0.001867,-0.015708,-0.000067,-0.067057,0.015709,1,OK
946686555762,946686555.681363583,odom,,,,,,,,,,0.022968,0.011404,0.005310,-0.046463,0.099272,0.000874,0.008806,0.103625,-0.015152,-0.000882,-0.067244,0.015178,1,OK
946686555867,946686555.781803727,odom,,,,,,,,,,0.023787,0.011559,0.005672,-0.071820,0.100440,0.000833,0.008298,0.252454,-0.015544,-0.001663,-0.077531,0.015633,1,OK
946686555968,946686555.882025123,odom,,,,,,,,,,0.024279,0.011425,0.004449,-0.062579,0.100221,0.000510,0.005084,0.092209,-0.016363,-0.001508,-0.102888,0.016433,1,OK
946686556064,946686555.982114196,odom,,,,,,,,,,0.023745,0.013283,0.005369,-0.063377,0.100089,0.001932,0.019305,0.007981,-0.016855,-0.001642,-0.093646,0.016935,1,OK
946686556171,946686556.082083821,odom,,,,,,,,,,0.024116,0.013217,0.005818,-0.024575,0.099970,0.000376,0.003765,0.388140,-0.016322,0.000216,-0.094445,0.016324,1,OK
946686556262,946686556.182081223,odom,,,,,,,,,,0.023114,0.012826,0.005554,-0.001732,0.099997,0.001075,0.010752,0.228435,-0.016693,0.000150,-0.055643,0.016694,1,OK
946686556333,0.000000000,summary,10.004,200.070,10.004,19968,100.201,0.006,0.006,1.001,0.668,0.023114,0.012826,0.005554,-0.001732,0,0.001932,0.019305,0.388140,-0.015691,-0.000240,-0.032800,0.015693,1,OK
946686556364,946686556.282048941,odom,,,,,,,,,,0.022951,0.012719,0.005609,-0.023019,0.099968,0.000196,0.001959,0.212935,-0.015691,-0.000240,-0.032800,0.015693,1,OK
946686556467,946686556.382062674,odom,,,,,,,,,,0.023818,0.013824,0.005576,-0.055921,0.100014,0.001405,0.014048,0.328972,-0.015527,-0.000348,-0.054087,0.015531,1,OK
946686556572,946686556.482113957,odom,,,,,,,,,,0.023036,0.014100,0.005461,-0.036952,0.100051,0.000830,0.008291,0.189586,-0.016396,0.000757,-0.086988,0.016413,1,OK
946686556669,946686556.581720829,odom,,,,,,,,,,0.022941,0.013643,0.005548,-0.023687,0.099607,0.000466,0.004678,0.133176,-0.015613,0.001033,-0.068020,0.015648,1,OK
946686556772,946686556.682167172,odom,,,,,,,,,,0.023307,0.014000,0.006616,-0.035145,0.100446,0.000511,0.005084,0.114073,-0.015519,0.000577,-0.054755,0.015529,1,OK
946686556868,946686556.782070994,odom,,,,,,,,,,0.023896,0.014461,0.006529,-0.048253,0.099904,0.000748,0.007486,0.131202,-0.015885,0.000933,-0.066213,0.015912,1,OK
946686556966,946686556.881994486,odom,,,,,,,,,,0.022866,0.013368,0.005926,-0.065653,0.099923,0.001501,0.015025,0.174132,-0.016473,0.001394,-0.079321,0.016532,1,OK
946686557068,946686556.982038856,odom,,,,,,,,,,0.022039,0.013287,0.004928,-0.024512,0.100044,0.000831,0.008306,0.411223,-0.015443,0.000302,-0.096720,0.015446,1,OK
946686557169,946686557.082132339,odom,,,,,,,,,,0.021891,0.014869,0.005317,-0.015806,0.100093,0.001589,0.015871,0.086980,-0.014616,0.000221,-0.055580,0.014618,1,OK
946686557264,946686557.182080269,odom,,,,,,,,,,0.022196,0.014551,0.005256,-0.038163,0.099948,0.000441,0.004412,0.223688,-0.014469,0.001803,-0.046874,0.014580,1,OK
946686557333,0.000000000,summary,10.004,200.073,10.004,19968,100.236,0.006,0.006,1.003,0.556,0.022196,0.014551,0.005256,-0.038163,0,0.001589,0.015871,0.411223,-0.014774,0.001485,-0.069231,0.014848,1,OK
946686557368,946686557.282070756,odom,,,,,,,,,,0.024098,0.012702,0.005127,-0.006789,0.099990,0.002652,0.026523,0.313772,-0.014774,0.001485,-0.069231,0.014848,1,OK
946686557477,946686557.382072210,odom,,,,,,,,,,0.023616,0.011686,0.004168,-0.037892,0.100001,0.001125,0.011246,0.311030,-0.016674,-0.000365,-0.037857,0.016678,1,OK
946686557575,946686557.482008100,odom,,,,,,,,,,0.023981,0.012434,0.004857,-0.050676,0.099936,0.000833,0.008333,0.127917,-0.016192,-0.001381,-0.068960,0.016251,1,OK
946686557671,946686557.581969976,odom,,,,,,,,,,0.023372,0.012522,0.004583,-0.052107,0.099962,0.000615,0.006153,0.014318,-0.016558,-0.000633,-0.081744,0.016570,1,OK
946686557774,946686557.682067990,odom,,,,,,,,,,0.024185,0.011732,0.005173,-0.034380,0.100098,0.001133,0.011321,0.177097,-0.015949,-0.000545,-0.083175,0.015958,1,OK
946686557864,946686557.782057285,odom,,,,,,,,,,0.023153,0.013427,0.005023,-0.016739,0.099989,0.001984,0.019846,0.176428,-0.016761,-0.001335,-0.065448,0.016814,1,OK
946686557976,946686557.882129431,odom,,,,,,,,,,0.024279,0.012181,0.006027,-0.053675,0.100072,0.001679,0.016782,0.369096,-0.015730,0.000360,-0.047807,0.015734,1,OK
946686558065,946686557.982108474,odom,,,,,,,,,,0.024449,0.011457,0.005613,-0.036614,0.099979,0.000744,0.007438,0.170646,-0.016856,-0.000886,-0.084743,0.016879,1,OK
946686558164,946686558.082003713,odom,,,,,,,,,,0.026187,0.011306,0.006471,-0.061427,0.099895,0.001745,0.017466,0.248388,-0.017025,-0.001610,-0.067682,0.017101,1,OK
946686558265,946686558.182184100,odom,,,,,,,,,,0.027987,0.013097,0.007832,-0.064271,0.100180,0.002539,0.025344,0.028391,-0.018764,-0.001762,-0.092495,0.018846,1,OK
946686558333,0.000000000,summary,10.004,200.071,10.004,19968,99.599,0.006,0.006,0.999,0.506,0.027987,0.013097,0.007832,-0.064271,0,0.002652,0.026523,0.369096,-0.020564,0.000028,-0.095339,0.020564,1,OK
946686558367,946686558.282104731,odom,,,,,,,,,,0.024428,0.013682,0.006430,-0.046598,0.099921,0.003607,0.036100,0.176870,-0.020564,0.000028,-0.095339,0.020564,1,OK
946686558464,946686558.381430507,odom,,,,,,,,,,0.024155,0.013673,0.005849,-0.016627,0.099326,0.000273,0.002748,0.301744,-0.017005,0.000614,-0.077666,0.017016,1,OK
946686558575,946686558.482072234,odom,,,,,,,,,,0.023978,0.013698,0.005706,-0.048272,0.100642,0.000179,0.001775,0.314425,-0.016733,0.000606,-0.047695,0.016744,1,OK
946686558658,946686558.581903696,odom,,,,,,,,,,0.023659,0.013262,0.004997,-0.030702,0.099831,0.000540,0.005412,0.175995,-0.016556,0.000631,-0.079339,0.016568,1,OK
946686558769,946686558.681835413,odom,,,,,,,,,,0.023080,0.011333,0.005437,-0.067831,0.099932,0.002014,0.020155,0.371549,-0.016236,0.000195,-0.061769,0.016238,1,OK
946686558867,946686558.782127738,odom,,,,,,,,,,0.023386,0.010412,0.006587,-0.045865,0.100292,0.000970,0.009670,0.219026,-0.015656,-0.001734,-0.098899,0.015752,1,OK
946686558966,946686558.882039189,odom,,,,,,,,,,0.024970,0.009694,0.007094,-0.067623,0.099911,0.001740,0.017416,0.217771,-0.015961,-0.002655,-0.076932,0.016180,1,OK
946686559069,946686558.982059717,odom,,,,,,,,,,0.023372,0.011231,0.005380,-0.029816,0.100021,0.002218,0.022171,0.377988,-0.017546,-0.003374,-0.098690,0.017867,1,OK
946686559168,946686559.082132339,odom,,,,,,,,,,0.023724,0.012660,0.005818,-0.067524,0.100073,0.001471,0.014702,0.376805,-0.015948,-0.001836,-0.060884,0.016054,1,OK
946686559266,946686559.182120204,odom,,,,,,,,,,0.025008,0.014001,0.005705,-0.047936,0.099988,0.001857,0.018571,0.195904,-0.016301,-0.000407,-0.098591,0.016306,1,OK
946686559333,0.000000000,summary,10.004,200.077,10.004,19968,100.191,0.006,0.006,1.008,0.627,0.025008,0.014001,0.005705,-0.047936,0,0.003607,0.036100,0.377988,-0.017586,0.000934,-0.079003,0.017610,1,OK
946686559366,946686559.282093406,odom,,,,,,,,,,0.026046,0.013714,0.004666,-0.040873,0.099973,0.001077,0.010772,0.070643,-0.017586,0.000934,-0.079003,0.017610,1,OK
946686559468,946686559.381942987,odom,,,,,,,,,,0.024880,0.014279,0.005538,-0.046392,0.099850,0.001296,0.012978,0.055268,-0.018623,0.000646,-0.071941,0.018634,1,OK
946686559571,946686559.482116699,odom,,,,,,,,,,0.023974,0.013681,0.005791,-0.047437,0.100174,0.001086,0.010843,0.010428,-0.017458,0.001212,-0.077459,0.017500,1,OK
946686559665,946686559.581738830,odom,,,,,,,,,,0.025113,0.013531,0.005576,-0.043119,0.099622,0.001149,0.011537,0.043341,-0.016551,0.000614,-0.078504,0.016562,1,OK
946686559765,946686559.682090759,odom,,,,,,,,,,0.024067,0.013635,0.005613,-0.038607,0.100352,0.001051,0.010472,0.044956,-0.017690,0.000463,-0.074186,0.017697,1,OK
946686559871,946686559.782158732,odom,,,,,,,,,,0.022066,0.012552,0.005596,-0.021486,0.100068,0.002276,0.022742,0.171098,-0.016645,0.000568,-0.069675,0.016654,1,OK
946686559962,946686559.882035017,odom,,,,,,,,,,0.022831,0.012257,0.005595,-0.027043,0.099876,0.000820,0.008209,0.055635,-0.014643,-0.000514,-0.052553,0.014652,1,OK
946686560064,946686559.982055306,odom,,,,,,,,,,0.022956,0.010383,0.004804,-0.030764,0.100020,0.001878,0.018776,0.037212,-0.015407,-0.000810,-0.058110,0.015428,1,OK
946686560164,946686560.082117796,odom,,,,,,,,,,0.022181,0.010174,0.006197,-0.030080,0.100062,0.000803,0.008022,0.006842,-0.015532,-0.002684,-0.061832,0.015762,1,OK
946686560273,946686560.182150841,odom,,,,,,,,,,0.023187,0.011065,0.006247,-0.035758,0.100033,0.001344,0.013437,0.056763,-0.014756,-0.002892,-0.061147,0.015037,1,OK
946686560333,0.000000000,summary,10.003,200.069,10.003,19968,100.139,0.006,0.006,0.997,0.621,0.023187,0.011065,0.006247,-0.035758,0,0.002276,0.022742,0.171098,-0.015763,-0.002002,-0.066826,0.015890,1,OK
946686560361,946686560.282018781,odom,,,,,,,,,,0.022920,0.012191,0.005047,-0.035232,0.099868,0.001158,0.011591,0.005263,-0.015763,-0.002002,-0.066826,0.015890,1,OK
946686560465,946686560.382122874,odom,,,,,,,,,,0.021525,0.011467,0.004570,-0.047170,0.100104,0.001571,0.015696,0.119253,-0.015496,-0.000875,-0.066300,0.015521,1,OK
946686560566,946686560.482023478,odom,,,,,,,,,,0.021555,0.013328,0.006563,-0.051831,0.099901,0.001861,0.018632,0.046653,-0.014101,-0.001598,-0.078238,0.014191,1,OK
946686560664,946686560.582152367,odom,,,,,,,,,,0.023583,0.013779,0.007226,-0.032818,0.100129,0.002078,0.020749,0.189878,-0.014132,0.000263,-0.082898,0.014135,1,OK
946686560767,946686560.682089567,odom,,,,,,,,,,0.025923,0.013276,0.005856,-0.039268,0.099937,0.002393,0.023949,0.064541,-0.016160,0.000712,-0.063886,0.016176,1,OK
946686560870,946686560.782154679,odom,,,,,,,,,,0.025328,0.012769,0.006327,-0.036447,0.100065,0.000782,0.007816,0.028195,-0.018500,0.000208,-0.070336,0.018501,1,OK
946686560971,946686560.882204413,odom,,,,,,,,,,0.024895,0.012207,0.005982,-0.051791,0.100050,0.000710,0.007093,0.153366,-0.017905,-0.000299,-0.067515,0.017907,1,OK
946686561064,946686560.982170343,odom,,,,,,,,,,0.024400,0.011514,0.005139,-0.065922,0.099966,0.000851,0.008511,0.141358,-0.017471,-0.000861,-0.082859,0.017493,1,OK
946686561169,946686561.082078338,odom,,,,,,,,,,0.022168,0.012364,0.005576,-0.024637,0.099908,0.002388,0.023907,0.413236,-0.016976,-0.001553,-0.096990,0.017047,1,OK
946686561262,946686561.182047606,odom,,,,,,,,,,0.021563,0.014020,0.005062,-0.010333,0.099969,0.001763,0.017631,0.143081,-0.014745,-0.000702,-0.055705,0.014761,1,OK
946686561333,0.000000000,summary,10.002,200.048,10.002,20064,100.307,0.006,0.006,1.006,0.948,0.021563,0.014020,0.005062,-0.010333,0,0.002393,0.023949,0.413236,-0.014140,0.000954,-0.041401,0.014172,1,OK
946686561365,946686561.281942964,odom,,,,,,,,,,0.021567,0.012063,0.005498,-0.051254,0.099895,0.001956,0.019584,0.409641,-0.014140,0.000954,-0.041401,0.014172,1,OK
946686561462,946686561.381795406,odom,,,,,,,,,,0.023207,0.011371,0.006076,-0.045326,0.099852,0.001781,0.017834,0.059375,-0.014143,-0.001002,-0.082322,0.014179,1,OK
946686561572,946686561.482201695,odom,,,,,,,,,,0.023854,0.010227,0.005953,-0.029235,0.100406,0.001314,0.013082,0.160260,-0.015784,-0.001696,-0.076393,0.015874,1,OK
946686561668,946686561.582106233,odom,,,,,,,,,,0.023692,0.012392,0.005844,-0.051797,0.099905,0.002171,0.021729,0.225838,-0.016430,-0.002839,-0.060302,0.016673,1,OK
946686561777,946686561.682135344,odom,,,,,,,,,,0.023807,0.011520,0.004844,-0.040689,0.100029,0.000879,0.008792,0.111048,-0.016269,-0.000675,-0.082864,0.016283,1,OK
946686561874,946686561.782025218,odom,,,,,,,,,,0.022637,0.010615,0.005953,-0.050486,0.099890,0.001480,0.014816,0.098085,-0.016384,-0.001547,-0.071756,0.016456,1,OK
946686561963,946686561.882103562,odom,,,,,,,,,,0.021834,0.012962,0.005710,-0.012684,0.100078,0.002481,0.024790,0.377727,-0.015213,-0.002451,-0.081554,0.015409,1,OK
946686562068,946686561.982055783,odom,,,,,,,,,,0.021663,0.014866,0.005287,-0.047895,0.099952,0.001911,0.019123,0.352276,-0.014411,-0.000104,-0.043752,0.014411,1,OK
946686562173,946686562.082183003,odom,,,,,,,,,,0.022676,0.014016,0.004067,-0.041389,0.100127,0.001323,0.013211,0.064979,-0.014241,0.001800,-0.078963,0.014354,1,OK
946686562266,946686562.182163000,odom,,,,,,,,,,0.023023,0.013343,0.004572,-0.024653,0.099980,0.000757,0.007571,0.167396,-0.015254,0.000950,-0.072456,0.015283,1,OK
946686562333,0.000000000,summary,10.004,200.071,10.004,19968,100.154,0.006,0.006,0.998,0.719,0.023023,0.013343,0.004572,-0.024653,0,0.002481,0.024790,0.409641,-0.015600,0.000277,-0.055720,0.015603,1,OK
946686562364,946686562.282100558,odom,,,,,,,,,,0.024285,0.013351,0.005151,-0.033487,0.099938,0.001262,0.012627,0.088398,-0.015600,0.000277,-0.055720,0.015603,1,OK
946686562471,946686562.382203937,odom,,,,,,,,,,0.024212,0.011534,0.004503,-0.060039,0.100103,0.001819,0.018167,0.265252,-0.016862,0.000283,-0.064554,0.016865,1,OK
946686562571,946686562.482168555,odom,,,,,,,,,,0.023612,0.013095,0.004914,-0.029904,0.099965,0.001673,0.016735,0.301465,-0.016788,-0.001534,-0.091107,0.016858,1,OK
946686562670,946686562.582107067,odom,,,,,,,,,,0.022885,0.011534,0.005527,-0.042381,0.099939,0.001722,0.017231,0.124847,-0.016189,0.000028,-0.060971,0.016189,1,OK
946686562773,946686562.682189584,odom,,,,,,,,,,0.024132,0.010391,0.006346,-0.073804,0.100083,0.001692,0.016911,0.313972,-0.015461,-0.001532,-0.073448,0.015537,1,OK
946686562868,946686562.782188058,odom,,,,,,,,,,0.024713,0.013002,0.006366,-0.040665,0.099998,0.002675,0.026751,0.331388,-0.016708,-0.002676,-0.104871,0.016921,1,OK
946686562969,946686562.882231355,odom,,,,,,,,,,0.024529,0.012741,0.007419,-0.048119,0.100043,0.000319,0.003189,0.074499,-0.017290,-0.000066,-0.071733,0.017290,1,OK
946686563061,946686562.982184649,odom,,,,,,,,,,0.025321,0.012151,0.007156,-0.065284,0.099953,0.000987,0.009879,0.171730,-0.017106,-0.000326,-0.079186,0.017109,1,OK
946686563164,946686563.082189441,odom,,,,,,,,,,0.025185,0.012569,0.005940,-0.031535,0.100005,0.000440,0.004399,0.337472,-0.017898,-0.000917,-0.096351,0.017921,1,OK
946686563263,946686563.182106137,odom,,,,,,,,,,0.024298,0.011655,0.005881,-0.049670,0.099917,0.001274,0.012750,0.181501,-0.017762,-0.000498,-0.062602,0.017769,1,OK
946686563333,0.000000000,summary,10.004,200.075,10.004,19968,100.293,0.006,0.006,0.997,1.371,0.024298,0.011655,0.005881,-0.049670,0,0.002675,0.026751,0.337472,-0.016875,-0.001412,-0.080737,0.016934,1,OK
946686563370,946686563.282155871,odom,,,,,,,,,,0.023013,0.012595,0.006213,-0.024532,0.100050,0.001592,0.015916,0.251253,-0.016875,-0.001412,-0.080737,0.016934,1,OK
946686563465,946686563.382180214,odom,,,,,,,,,,0.023502,0.012491,0.004999,-0.023888,0.100024,0.000500,0.004997,0.006438,-0.015590,-0.000472,-0.055599,0.015597,1,OK
946686563561,946686563.482067347,odom,,,,,,,,,,0.022944,0.012570,0.004199,-0.019182,0.099887,0.000563,0.005641,0.047111,-0.016079,-0.000576,-0.054956,0.016089,1,OK
946686563659,946686563.582165956,odom,,,,,,,,,,0.022443,0.013501,0.004453,-0.032725,0.100099,0.001056,0.010554,0.135300,-0.015521,-0.000496,-0.050250,0.015529,1,OK
946686563760,946686563.682180762,odom,,,,,,,,,,0.022398,0.013814,0.005498,-0.044418,0.100015,0.000317,0.003170,0.116911,-0.015020,0.000434,-0.063793,0.015027,1,OK
946686563868,946686563.782082915,odom,,,,,,,,,,0.022738,0.014649,0.005843,-0.026610,0.099902,0.000901,0.009020,0.178258,-0.014976,0.000748,-0.075486,0.014994,1,OK
946686563963,946686563.882160187,odom,,,,,,,,,,0.021817,0.013495,0.006757,-0.014098,0.100077,0.001476,0.014750,0.125024,-0.015316,0.001582,-0.057678,0.015398,1,OK
946686564067,946686563.982124686,odom,,,,,,,,,,0.024098,0.013141,0.007622,-0.063392,0.099964,0.002308,0.023092,0.493117,-0.014394,0.000430,-0.045166,0.014401,1,OK
946686564170,946686564.082145572,odom,,,,,,,,,,0.024361,0.012540,0.007378,-0.064066,0.100021,0.000656,0.006556,0.006733,-0.016675,0.000074,-0.094460,0.016675,1,OK
946686564265,946686564.182207108,odom,,,,,,,,,,0.024064,0.013669,0.006857,-0.031828,0.100062,0.001167,0.011667,0.322178,-0.016938,-0.000527,-0.095133,0.016946,1,OK
946686564333,0.000000000,summary,10.004,200.073,10.004,19968,99.587,0.006,0.006,1.005,0.596,0.024064,0.013669,0.006857,-0.031828,0,0.002308,0.023092,0.493117,-0.016641,0.000602,-0.062896,0.016652,1,OK
946686564363,946686564.282171249,odom,,,,,,,,,,0.024532,0.013793,0.007031,-0.042025,0.099964,0.000484,0.004843,0.102008,-0.016641,0.000602,-0.062896,0.016652,1,OK
946686564471,946686564.382164717,odom,,,,,,,,,,0.025012,0.014401,0.006295,-0.055721,0.099993,0.000775,0.007750,0.136966,-0.017109,0.000725,-0.073093,0.017125,1,OK
946686564565,946686564.482180953,odom,,,,,,,,,,0.022159,0.014238,0.005571,-0.057533,0.100016,0.002858,0.028572,0.018116,-0.017590,0.001334,-0.086788,0.017640,1,OK
946686564673,946686564.582167864,odom,,,,,,,,,,0.022981,0.013834,0.006138,-0.042294,0.099987,0.000916,0.009161,0.152409,-0.014737,0.001172,-0.088600,0.014783,1,OK
946686564762,946686564.682156563,odom,,,,,,,,,,0.023375,0.013112,0.005653,-0.045804,0.099989,0.000823,0.008228,0.035112,-0.015559,0.000768,-0.073361,0.015578,1,OK
946686564868,946686564.782296300,odom,,,,,,,,,,0.025578,0.014588,0.005579,-0.032680,0.100140,0.002651,0.026476,0.131062,-0.015953,0.000046,-0.076872,0.015953,1,OK
946686564969,946686564.882153392,odom,,,,,,,,,,0.023694,0.014446,0.005351,-0.026209,0.099857,0.001890,0.018923,0.064807,-0.018156,0.001520,-0.063748,0.018220,1,OK
946686565066,946686564.982136011,odom,,,,,,,,,,0.022958,0.014720,0.005391,-0.046458,0.099983,0.000786,0.007857,0.202532,-0.016272,0.001379,-0.057276,0.016330,1,OK
946686565172,946686565.082147241,odom,,,,,,,,,,0.024201,0.011671,0.005892,-0.083761,0.100011,0.003292,0.032918,0.372988,-0.015536,0.001653,-0.077526,0.015624,1,OK
946686565272,946686565.182159185,odom,,,,,,,,,,0.024111,0.012045,0.005067,-0.031894,0.100012,0.000384,0.003842,0.518612,-0.016777,-0.001396,-0.114829,0.016835,1,OK
946686565333,0.000000000,summary,10.003,200.064,10.003,19968,100.269,0.006,0.006,0.995,0.693,0.024111,0.012045,0.005067,-0.031894,0,0.003292,0.032918,0.518612,-0.016687,-0.001022,-0.062961,0.016719,1,OK
946686565372,946686565.282069802,odom,,,,,,,,,,0.022912,0.012902,0.005688,-0.014504,0.099911,0.001473,0.014747,0.174057,-0.016687,-0.001022,-0.062961,0.016719,1,OK
946686565462,946686565.382183075,odom,,,,,,,,,,0.024123,0.013452,0.006359,-0.050183,0.100113,0.001330,0.013289,0.356393,-0.015489,-0.000165,-0.045571,0.015490,1,OK
946686565569,946686565.482168436,odom,,,,,,,,,,0.024949,0.011593,0.005756,-0.077851,0.099985,0.002035,0.020351,0.276722,-0.016701,0.000385,-0.081251,0.016705,1,OK
946686565668,946686565.582191348,odom,,,,,,,,,,0.024922,0.012514,0.004413,-0.050745,0.100023,0.000921,0.009212,0.271003,-0.017526,-0.001475,-0.108919,0.017588,1,OK
946686565763,946686565.682186246,odom,,,,,,,,,,0.024707,0.012520,0.003665,-0.038197,0.099995,0.000215,0.002154,0.125481,-0.017499,-0.000554,-0.081812,0.017508,1,OK
946686565864,946686565.781844020,odom,,,,,,,,,,0.024306,0.012617,0.004040,-0.045981,0.099658,0.000412,0.004137,0.078108,-0.017284,-0.000547,-0.069265,0.017292,1,OK
946686565967,946686565.882092953,odom,,,,,,,,,,0.023898,0.011894,0.006416,-0.050743,0.100249,0.000830,0.008282,0.047497,-0.016883,-0.000450,-0.077049,0.016889,1,OK
946686566081,946686565.982146263,odom,,,,,,,,,,0.023722,0.011915,0.006286,-0.055318,0.100053,0.000177,0.001769,0.045724,-0.016474,-0.001173,-0.081811,0.016516,1,OK
946686566172,946686566.082206249,odom,,,,,,,,,,0.023884,0.012626,0.005955,-0.059052,0.100060,0.000729,0.007287,0.037321,-0.016299,-0.001152,-0.086385,0.016339,1,OK
946686566264,946686566.182237267,odom,,,,,,,,,,0.023291,0.012294,0.006433,-0.044839,0.100031,0.000680,0.006800,0.142087,-0.016461,-0.000441,-0.090120,0.016467,1,OK
946686566333,0.000000000,summary,10.003,200.066,10.003,19968,100.150,0.006,0.006,1.003,0.702,0.023291,0.012294,0.006433,-0.044839,0,0.002035,0.020351,0.356393,-0.015867,-0.000773,-0.075907,0.015886,1,OK
946686566371,946686566.282104135,odom,,,,,,,,,,0.024247,0.014393,0.005747,-0.018174,0.099867,0.002306,0.023094,0.267001,-0.015867,-0.000773,-0.075907,0.015886,1,OK
946686566466,946686566.382218719,odom,,,,,,,,,,0.021756,0.015190,0.005704,-0.011910,0.100115,0.002615,0.026122,0.062576,-0.016824,0.001326,-0.049242,0.016877,1,OK
946686566565,946686566.482171059,odom,,,,,,,,,,0.023157,0.013870,0.007432,-0.059494,0.099952,0.001925,0.019258,0.476075,-0.014334,0.002124,-0.042977,0.014491,1,OK
946686566667,946686566.582077622,odom,,,,,,,,,,0.022933,0.015056,0.006247,-0.022161,0.099907,0.001207,0.012079,0.373686,-0.015734,0.000803,-0.090562,0.015755,1,OK
946686566765,946686566.682044983,odom,,,,,,,,,,0.023025,0.014519,0.004983,-0.019791,0.099967,0.000545,0.005447,0.023710,-0.015512,0.001989,-0.053228,0.015639,1,OK
946686566868,946686566.782132268,odom,,,,,,,,,,0.024463,0.013852,0.006167,-0.079085,0.100087,0.001585,0.015837,0.592429,-0.015603,0.001452,-0.050858,0.015671,1,OK
946686566976,946686566.882115602,odom,,,,,,,,,,0.024345,0.012475,0.005958,-0.042187,0.099983,0.001382,0.013818,0.369043,-0.017041,0.000785,-0.110153,0.017059,1,OK
946686567064,946686566.982139945,odom,,,,,,,,,,0.024646,0.012586,0.003900,-0.039831,0.100024,0.000320,0.003201,0.023557,-0.016922,-0.000592,-0.073255,0.016932,1,OK
946686567163,946686567.082167983,odom,,,,,,,,,,0.023599,0.013171,0.005236,-0.044069,0.100028,0.001199,0.011985,0.042375,-0.017222,-0.000482,-0.070898,0.017229,1,OK
946686567266,946686567.182075262,odom,,,,,,,,,,0.022275,0.014042,0.005062,-0.029122,0.099907,0.001585,0.015867,0.149611,-0.016176,0.000104,-0.075137,0.016177,1,OK
946686567333,0.000000000,summary,10.004,200.078,10.004,20064,100.402,0.006,0.006,1.000,0.547,0.022275,0.014042,0.005062,-0.029122,0,0.002615,0.026122,0.592429,-0.014853,0.000976,-0.060190,0.014885,1,OK
946686567366,946686567.282230020,odom,,,,,,,,,,0.022585,0.014801,0.006036,-0.034937,0.100155,0.000820,0.008185,0.058063,-0.014853,0.000976,-0.060190,0.014885,1,OK
946686567467,946686567.382161617,odom,,,,,,,,,,0.024855,0.012576,0.005130,-0.044788,0.099932,0.003179,0.031817,0.098570,-0.015163,0.001735,-0.066005,0.015262,1,OK
946686567565,946686567.482233286,odom,,,,,,,,,,0.024811,0.013895,0.005712,-0.060855,0.100072,0.001320,0.013189,0.160562,-0.017432,-0.000492,-0.075855,0.017439,1,OK
946686567672,946686567.582069039,odom,,,,,,,,,,0.025774,0.013676,0.005579,-0.063565,0.099836,0.000988,0.009895,0.027143,-0.017389,0.000827,-0.091923,0.017408,1,OK
946686567766,946686567.681845307,odom,,,,,,,,,,0.025709,0.013473,0.004928,-0.027413,0.099776,0.000213,0.002130,0.362337,-0.018352,0.000608,-0.094633,0.018362,1,OK
946686567868,946686567.781878352,odom,,,,,,,,,,0.024914,0.013017,0.006414,-0.052263,0.100033,0.000916,0.009158,0.248418,-0.018286,0.000406,-0.058480,0.018290,1,OK
946686567964,946686567.882156968,odom,,,,,,,,,,0.023678,0.013371,0.005728,-0.054022,0.100279,0.001287,0.012831,0.017541,-0.017491,-0.000051,-0.083330,0.017492,1,OK
946686568067,946686567.981783867,odom,,,,,,,,,,0.022060,0.014280,0.004003,-0.029184,0.099627,0.001855,0.018624,0.249309,-0.016255,0.000305,-0.085089,0.016258,1,OK
946686568165,946686568.082232118,odom,,,,,,,,,,0.023481,0.014491,0.005071,-0.056567,0.100448,0.001437,0.014304,0.272609,-0.014638,0.001214,-0.060251,0.014688,1,OK
946686568262,946686568.182193160,odom,,,,,,,,,,0.024138,0.015078,0.005864,-0.049371,0.099961,0.000881,0.008811,0.071989,-0.016059,0.001424,-0.087634,0.016122,1,OK
946686568333,0.000000000,summary,10.003,200.059,10.003,19968,100.221,0.006,0.006,1.005,0.733,0.024138,0.015078,0.005864,-0.049371,0,0.003179,0.031817,0.362337,-0.016716,0.002011,-0.080438,0.016836,1,OK
946686568369,946686568.282154679,odom,,,,,,,,,,0.024685,0.014315,0.006147,-0.072488,0.099962,0.000939,0.009394,0.231259,-0.016716,0.002011,-0.080438,0.016836,1,OK
946686568476,946686568.382235169,odom,,,,,,,,,,0.024531,0.013680,0.006160,-0.025209,0.100080,0.000653,0.006524,0.472408,-0.017263,0.001247,-0.103555,0.017308,1,OK
946686568568,946686568.482127547,odom,,,,,,,,,,0.025281,0.013428,0.007275,-0.082241,0.099892,0.000792,0.007929,0.570936,-0.017108,0.000613,-0.056276,0.017119,1,OK
946686568667,946686568.582247853,odom,,,,,,,,,,0.025021,0.013562,0.007887,-0.052454,0.100120,0.000293,0.002924,0.297516,-0.017859,0.000361,-0.113309,0.017862,1,OK
946686568763,946686568.682117701,odom,,,,,,,,,,0.024471,0.011772,0.006472,-0.026958,0.099870,0.001873,0.018759,0.255284,-0.017598,0.000495,-0.083521,0.017605,1,OK
946686568863,946686568.782180309,odom,,,,,,,,,,0.021978,0.013499,0.007686,-0.048023,0.100063,0.003032,0.030305,0.210514,-0.017047,-0.001296,-0.058026,0.017096,1,OK
946686568963,946686568.882215381,odom,,,,,,,,,,0.022034,0.013739,0.007678,-0.033090,0.100035,0.000246,0.002462,0.149281,-0.014556,0.000433,-0.079091,0.014562,1,OK
946686569066,946686568.982249141,odom,,,,,,,,,,0.022731,0.013153,0.006750,-0.022980,0.100034,0.000910,0.009101,0.101059,-0.014611,0.000673,-0.064157,0.014627,1,OK
946686569174,946686569.082198262,odom,,,,,,,,,,0.023581,0.012630,0.004353,-0.038258,0.099949,0.000998,0.009986,0.152853,-0.015308,0.000087,-0.054048,0.015309,1,OK
946686569263,946686569.182125688,odom,,,,,,,,,,0.023484,0.014342,0.005030,-0.012463,0.099927,0.001715,0.017160,0.258136,-0.016158,-0.000437,-0.069325,0.016164,1,OK
946686569333,0.000000000,summary,10.004,200.080,10.004,20064,100.413,0.006,0.006,0.995,0.542,0.023484,0.014342,0.005030,-0.012463,0,0.003032,0.030305,0.570936,-0.016062,0.001275,-0.043531,0.016113,1,OK
946686569364,946686569.282260537,odom,,,,,,,,,,0.023258,0.014886,0.005390,-0.018638,0.100135,0.000589,0.005885,0.061671,-0.016062,0.001275,-0.043531,0.016113,1,OK
946686569465,946686569.382239580,odom,,,,,,,,,,0.023326,0.014601,0.005084,-0.034969,0.099979,0.000293,0.002934,0.163345,-0.015836,0.001820,-0.049706,0.015941,1,OK
946686569568,946686569.482189536,odom,,,,,,,,,,0.022361,0.014485,0.006081,-0.040476,0.099950,0.000972,0.009725,0.055097,-0.015904,0.001534,-0.066037,0.015977,1,OK
946686569662,946686569.582190394,odom,,,,,,,,,,0.024466,0.013909,0.005663,-0.041529,0.100001,0.002183,0.021830,0.010524,-0.014938,0.001418,-0.071544,0.015006,1,OK
946686569759,946686569.682014465,odom,,,,,,,,,,0.023820,0.012863,0.004191,-0.047967,0.099824,0.001230,0.012321,0.064499,-0.017044,0.000842,-0.072596,0.017065,1,OK
946686569868,946686569.782026649,odom,,,,,,,,,,0.021863,0.013190,0.005120,-0.023456,0.100012,0.001984,0.019838,0.245081,-0.016396,-0.000204,-0.079035,0.016398,1,OK
946686569963,946686569.882151723,odom,,,,,,,,,,0.022464,0.014131,0.007016,-0.030411,0.100125,0.001116,0.011147,0.069457,-0.014440,0.000124,-0.054524,0.014440,1,OK
946686570066,946686569.982134581,odom,,,,,,,,,,0.024315,0.013964,0.007572,-0.052581,0.099983,0.001859,0.018594,0.221739,-0.015041,0.001064,-0.061478,0.015079,1,OK
946686570167,946686570.082144380,odom,,,,,,,,,,0.024230,0.012873,0.006867,-0.039690,0.100010,0.001094,0.010942,0.128900,-0.016893,0.000897,-0.083648,0.016917,1,OK
946686570270,946686570.182113051,odom,,,,,,,,,,0.024794,0.012597,0.004859,-0.057408,0.099969,0.000627,0.006275,0.177239,-0.016807,-0.000194,-0.070757,0.016808,1,OK
946686570333,0.000000000,summary,10.002,200.045,10.002,20064,100.371,0.006,0.006,1.002,0.640,0.024794,0.012597,0.004859,-0.057408,0,0.002183,0.021830,0.245081,-0.017370,-0.000471,-0.088476,0.017377,1,OK
946686570365,946686570.282212019,odom,,,,,,,,,,0.024994,0.012251,0.005176,-0.022869,0.100099,0.000400,0.003992,0.345045,-0.017370,-0.000471,-0.088476,0.017377,1,OK
946686570461,946686570.381756783,odom,,,,,,,,,,0.024845,0.011254,0.004599,-0.053185,0.099545,0.001008,0.010124,0.304541,-0.017570,-0.000817,-0.053937,0.017589,1,OK
946686570570,946686570.481741905,odom,,,,,,,,,,0.024006,0.011577,0.003333,-0.031829,0.099985,0.000899,0.008988,0.213593,-0.017421,-0.001813,-0.084252,0.017515,1,OK
946686570663,946686570.582201481,odom,,,,,,,,,,0.022599,0.011584,0.003854,-0.057411,0.100460,0.001408,0.014012,0.254650,-0.016583,-0.001490,-0.062896,0.016649,1,OK
946686570767,946686570.682242155,odom,,,,,,,,,,0.022093,0.013050,0.005231,-0.027009,0.100041,0.001551,0.015501,0.303893,-0.015175,-0.001482,-0.088478,0.015247,1,OK
946686570864,946686570.782213688,odom,,,,,,,,,,0.022250,0.013027,0.004567,-0.035555,0.099972,0.000159,0.001587,0.085482,-0.014670,-0.000016,-0.058077,0.014670,1,OK
946686570965,946686570.882228732,odom,,,,,,,,,,0.021713,0.013397,0.006889,-0.032150,0.100015,0.000652,0.006515,0.034042,-0.014827,-0.000039,-0.066622,0.014827,1,OK
946686571067,946686570.982287884,odom,,,,,,,,,,0.021910,0.014872,0.007131,-0.011417,0.100059,0.001489,0.014879,0.207204,-0.014290,0.000331,-0.063218,0.014294,1,OK
946686571169,946686571.082303405,odom,,,,,,,,,,0.024157,0.013417,0.007217,-0.059283,0.100016,0.002678,0.026773,0.478581,-0.014488,0.001807,-0.042485,0.014600,1,OK
946686571268,946686571.182253838,odom,,,,,,,,,,0.026230,0.011112,0.005195,-0.060589,0.099950,0.003099,0.031009,0.013066,-0.016735,0.000350,-0.090351,0.016738,1,OK
946686571333,0.000000000,summary,10.005,200.096,10.005,19968,100.216,0.006,0.006,1.005,0.641,0.026230,0.011112,0.005195,-0.060589,0,0.003099,0.031009,0.478581,-0.018806,-0.001956,-0.091656,0.018907,1,OK
946686571364,946686571.282214165,odom,,,,,,,,,,0.024762,0.011487,0.005573,-0.033396,0.099960,0.001515,0.015152,0.272034,-0.018806,-0.001956,-0.091656,0.018907,1,OK
946686571468,946686571.382176757,odom,,,,,,,,,,0.025502,0.011796,0.005854,-0.071590,0.099963,0.000802,0.008023,0.382081,-0.017339,-0.001581,-0.064464,0.017411,1,OK
946686571570,946686571.481769323,odom,,,,,,,,,,0.025136,0.011432,0.005428,-0.051563,0.099593,0.000517,0.005190,0.201086,-0.018079,-0.001272,-0.102658,0.018123,1,OK
946686571666,946686571.581316352,odom,,,,,,,,,,0.023529,0.014282,0.004943,-0.024053,0.099547,0.003272,0.032866,0.276352,-0.017712,-0.001636,-0.082631,0.017787,1,OK
946686571767,946686571.682233691,odom,,,,,,,,,,0.023975,0.014676,0.005377,-0.059170,0.100917,0.000595,0.005895,0.347975,-0.016107,0.001215,-0.055121,0.016152,1,OK
946686571860,946686571.782176375,odom,,,,,,,,,,0.023615,0.013823,0.005505,-0.019176,0.099943,0.000926,0.009263,0.400170,-0.016553,0.001609,-0.090238,0.016631,1,OK
946686571962,946686571.882189512,odom,,,,,,,,,,0.022795,0.013210,0.005590,-0.047205,0.100013,0.001024,0.010237,0.280254,-0.016192,0.000756,-0.050244,0.016210,1,OK
946686572059,946686571.982130647,odom,,,,,,,,,,0.023388,0.013044,0.007592,-0.049490,0.099941,0.000616,0.006166,0.022862,-0.015372,0.000144,-0.078273,0.015372,1,OK
946686572164,946686572.082158804,odom,,,,,,,,,,0.023661,0.013465,0.006318,-0.050631,0.100028,0.000502,0.005023,0.011412,-0.015965,-0.000023,-0.080558,0.015965,1,OK
946686572262,946686572.182147145,odom,,,,,,,,,,0.021517,0.012852,0.005499,-0.029567,0.099988,0.002230,0.022301,0.210666,-0.016238,0.000399,-0.081699,0.016243,1,OK
946686572333,0.000000000,summary,10.003,200.068,10.003,19968,99.920,0.006,0.006,0.995,0.622,0.021517,0.012852,0.005499,-0.029567,0,0.003272,0.032866,0.400170,-0.014094,-0.000213,-0.060635,0.014096,1,OK
946686572365,946686572.281820059,odom,,,,,,,,,,0.021111,0.012753,0.004982,0.001326,0.099673,0.000418,0.004192,0.309951,-0.014094,-0.000213,-0.060635,0.014096,1,OK
946686572462,946686572.382155299,odom,,,,,,,,,,0.023027,0.014115,0.005058,-0.061419,0.100335,0.002350,0.023423,0.625358,-0.013688,-0.000312,-0.029741,0.013692,1,OK
946686572568,946686572.482060194,odom,,,,,,,,,,0.025098,0.011790,0.005228,-0.074116,0.099905,0.003113,0.031163,0.127093,-0.015605,0.001048,-0.092487,0.015640,1,OK
946686572668,946686572.582215309,odom,,,,,,,,,,0.024534,0.011128,0.005673,-0.038291,0.100155,0.000869,0.008680,0.357699,-0.017674,-0.001278,-0.105184,0.017720,1,OK
946686572766,946686572.681978583,odom,,,,,,,,,,0.023503,0.011961,0.006781,-0.044440,0.099763,0.001326,0.013290,0.061639,-0.017110,-0.001939,-0.069358,0.017220,1,OK
946686572873,946686572.782193899,odom,,,,,,,,,,0.024040,0.011395,0.007026,-0.075711,0.100215,0.000780,0.007787,0.312038,-0.016079,-0.001105,-0.075508,0.016117,1,OK
946686572975,946686572.881704092,odom,,,,,,,,,,0.022947,0.011937,0.006635,-0.057276,0.099510,0.001220,0.012260,0.185260,-0.016616,-0.001672,-0.106779,0.016700,1,OK
946686573066,946686572.982195258,odom,,,,,,,,,,0.023966,0.011358,0.004526,-0.066646,0.100491,0.001172,0.011662,0.093242,-0.015523,-0.001130,-0.088344,0.015564,1,OK
946686573166,946686573.082123518,odom,,,,,,,,,,0.023745,0.012948,0.004329,-0.050137,0.099928,0.001605,0.016062,0.165210,-0.016542,-0.001709,-0.097713,0.016630,1,OK
946686573263,946686573.182114720,odom,,,,,,,,,,0.023034,0.012822,0.004822,-0.031542,0.099991,0.000722,0.007221,0.185964,-0.016322,-0.000119,-0.081204,0.016322,1,OK
946686573333,0.000000000,summary,10.004,200.084,10.004,20064,100.415,0.006,0.006,1.011,0.595,0.023034,0.012822,0.004822,-0.031542,0,0.003113,0.031163,0.625358,-0.015611,-0.000244,-0.062610,0.015612,1,OK
946686573366,946686573.282283306,odom,,,,,,,,,,0.022708,0.013835,0.005716,-0.029440,0.100169,0.001064,0.010620,0.020986,-0.015611,-0.000244,-0.062610,0.015612,1,OK
946686573469,946686573.382128477,odom,,,,,,,,,,0.023404,0.014685,0.006030,-0.033215,0.099845,0.001099,0.011008,0.037810,-0.015285,0.000769,-0.060507,0.015304,1,OK
946686573559,946686573.482240677,odom,,,,,,,,,,0.024756,0.013759,0.005537,-0.064362,0.100112,0.001638,0.016362,0.311122,-0.015982,0.001618,-0.064283,0.016064,1,OK
946686573677,946686573.582251191,odom,,,,,,,,,,0.023579,0.014115,0.004540,-0.032876,0.100011,0.001229,0.012287,0.314826,-0.017333,0.000691,-0.095430,0.017347,1,OK
946686573771,946686573.682122350,odom,,,,,,,,,,0.022894,0.013304,0.004666,-0.047313,0.099871,0.001062,0.010635,0.144549,-0.016157,0.001048,-0.063944,0.016191,1,OK
946686573862,946686573.782248378,odom,,,,,,,,,,0.022363,0.013991,0.006025,-0.025500,0.100126,0.000868,0.008673,0.217849,-0.015471,0.000237,-0.078380,0.015473,1,OK
946686573965,946686573.882107735,odom,,,,,,,,,,0.021777,0.012481,0.004781,-0.010054,0.099859,0.001619,0.016213,0.154677,-0.014940,0.000925,-0.056568,0.014969,1,OK
946686574068,946686573.982162952,odom,,,,,,,,,,0.023110,0.012690,0.004126,-0.021649,0.100055,0.001348,0.013475,0.115880,-0.014354,-0.000584,-0.041122,0.014366,1,OK
946686574162,946686574.082292557,odom,,,,,,,,,,0.022758,0.013597,0.004276,-0.045121,0.100130,0.000973,0.009721,0.234424,-0.015686,-0.000377,-0.052716,0.015691,1,OK
946686574263,946686574.182168603,odom,,,,,,,,,,0.024341,0.012374,0.005854,-0.020401,0.099876,0.002001,0.020035,0.247514,-0.015336,0.000531,-0.076189,0.015345,1,OK
946686574333,0.000000000,summary,10.004,200.075,10.004,20064,100.304,0.006,0.006,0.995,0.528,0.024341,0.012374,0.005854,-0.020401,0,0.002001,0.020035,0.314826,-0.016918,-0.000694,-0.051468,0.016932,1,OK
946686574364,946686574.282211065,odom,,,,,,,,,,0.024205,0.012829,0.006073,-0.025530,0.100042,0.000475,0.004752,0.051269,-0.016918,-0.000694,-0.051468,0.016932,1,OK
946686574462,946686574.382292151,odom,,,,,,,,,,0.023288,0.012705,0.005937,-0.021213,0.100081,0.000925,0.009240,0.043135,-0.016781,-0.000238,-0.056597,0.016783,1,OK
946686574567,946686574.482245088,odom,,,,,,,,,,0.023702,0.013009,0.005687,-0.072145,0.099953,0.000513,0.005135,0.509562,-0.015865,-0.000362,-0.052280,0.015869,1,OK
946686574663,946686574.582194686,odom,,,,,,,,,,0.024482,0.011266,0.005117,-0.066729,0.099950,0.001910,0.019107,0.054189,-0.016279,-0.000058,-0.103213,0.016279,1,OK
946686574766,946686574.682271481,odom,,,,,,,,,,0.023025,0.012491,0.004833,-0.029362,0.100077,0.001903,0.019016,0.373380,-0.017058,-0.001802,-0.097797,0.017153,1,OK
946686574866,946686574.782224894,odom,,,,,,,,,,0.022809,0.014532,0.005537,-0.030676,0.099953,0.002053,0.020537,0.013145,-0.015602,-0.000576,-0.060430,0.015613,1,OK
946686574967,946686574.882177114,odom,,,,,,,,,,0.021404,0.014449,0.004364,-0.062776,0.099952,0.001408,0.014087,0.321152,-0.015387,0.001465,-0.061744,0.015457,1,OK
946686575065,946686574.982120395,odom,,,,,,,,,,0.023058,0.013540,0.004166,-0.040678,0.099943,0.001887,0.018881,0.221109,-0.013982,0.001383,-0.093844,0.014050,1,OK
946686575166,946686575.082223892,odom,,,,,,,,,,0.022753,0.013201,0.004207,-0.049877,0.100103,0.000456,0.004557,0.091902,-0.015635,0.000474,-0.071745,0.015642,1,OK
946686575268,946686575.182293773,odom,,,,,,,,,,0.022120,0.011855,0.004629,-0.049377,0.100070,0.001487,0.014863,0.005000,-0.015330,0.000135,-0.080945,0.015330,1,OK
946686575333,0.000000000,summary,10.003,200.061,10.003,19968,99.437,0.006,0.006,0.999,0.629,0.022120,0.011855,0.004629,-0.049377,0,0.002053,0.020537,0.509562,-0.014697,-0.001211,-0.080445,0.014747,1,OK
946686575365,946686575.282210946,odom,,,,,,,,,,0.022874,0.011712,0.004892,-0.038105,0.099917,0.000767,0.007679,0.112816,-0.014697,-0.001211,-0.080445,0.014747,1,OK
946686575472,946686575.382238150,odom,,,,,,,,,,0.025365,0.010952,0.006762,-0.063636,0.100027,0.002604,0.026032,0.255246,-0.015451,-0.001354,-0.069172,0.015510,1,OK
946686575564,946686575.482234716,odom,,,,,,,,,,0.025374,0.012575,0.008446,-0.076024,0.099997,0.001623,0.016231,0.123876,-0.017941,-0.002116,-0.094704,0.018065,1,OK
946686575663,946686575.581789255,odom,,,,,,,,,,0.024931,0.013339,0.006995,-0.040984,0.099555,0.000883,0.008871,0.351963,-0.017951,-0.000493,-0.107091,0.017958,1,OK
946686575770,946686575.682244897,odom,,,,,,,,,,0.022848,0.014877,0.006154,-0.035822,0.100456,0.002590,0.025780,0.051385,-0.017508,0.000271,-0.072052,0.017510,1,OK
946686575863,946686575.782201648,odom,,,,,,,,,,0.022166,0.015402,0.005195,-0.020692,0.099957,0.000860,0.008608,0.151362,-0.015426,0.001810,-0.066890,0.015532,1,OK
946686575972,946686575.882137895,odom,,,,,,,,,,0.021704,0.013788,0.004832,-0.051846,0.099936,0.001679,0.016797,0.311736,-0.014744,0.002336,-0.051760,0.014928,1,OK
946686576064,946686575.981483817,odom,,,,,,,,,,0.021861,0.010907,0.004748,-0.057548,0.099346,0.002886,0.029046,0.057395,-0.014281,0.000722,-0.082914,0.014300,1,OK
946686576169,946686576.081982255,odom,,,,,,,,,,0.023528,0.010965,0.004077,-0.034099,0.100498,0.001667,0.016592,0.233332,-0.014437,-0.002159,-0.088616,0.014598,1,OK
946686576262,946686576.182210207,odom,,,,,,,,,,0.024974,0.010887,0.004838,-0.057502,0.100228,0.001448,0.014445,0.233502,-0.016104,-0.002102,-0.065166,0.016240,1,OK
946686576333,0.000000000,summary,10.005,200.098,10.005,19968,99.573,0.006,0.006,0.997,0.411,0.024974,0.010887,0.004838,-0.057502,0,0.002886,0.029046,0.351963,-0.017549,-0.002180,-0.088570,0.017684,1,OK
946686576365,946686576.282275558,odom,,,,,,,,,,0.024908,0.012766,0.005183,-0.032994,0.100065,0.001880,0.018785,0.244923,-0.017549,-0.002180,-0.088570,0.017684,1,OK
946686576464,946686576.382168651,odom,,,,,,,,,,0.023965,0.013383,0.005990,-0.015236,0.099893,0.001126,0.011276,0.177772,-0.017484,-0.000302,-0.064061,0.017487,1,OK
946686576568,946686576.482151389,odom,,,,,,,,,,0.025241,0.013796,0.005745,-0.066628,0.099983,0.001341,0.013417,0.514014,-0.016542,0.000316,-0.046303,0.016545,1,OK
946686576668,946686576.582300305,odom,,,,,,,,,,0.026938,0.013274,0.005846,-0.056536,0.100149,0.001775,0.017722,0.100772,-0.017819,0.000728,-0.097696,0.017834,1,OK
946686576766,946686576.682265401,odom,,,,,,,,,,0.027085,0.012954,0.005250,-0.042406,0.099965,0.000352,0.003520,0.141347,-0.019515,0.000205,-0.087604,0.019516,1,OK
946686576873,946686576.782153606,odom,,,,,,,,,,0.024754,0.014527,0.005749,-0.029956,0.099888,0.002812,0.028153,0.124640,-0.019662,-0.000114,-0.073474,0.019662,1,OK
946686576966,946686576.882216692,odom,,,,,,,,,,0.023854,0.015080,0.006197,-0.042732,0.100063,0.001056,0.010550,0.127674,-0.017331,0.001460,-0.061024,0.017393,1,OK
946686577069,946686576.982107401,odom,,,,,,,,,,0.024069,0.015049,0.005940,-0.027646,0.099891,0.000217,0.002173,0.151018,-0.016433,0.002013,-0.073799,0.016555,1,OK
946686577171,946686577.082298040,odom,,,,,,,,,,0.023813,0.013185,0.005361,-0.046180,0.100191,0.001882,0.018784,0.184986,-0.016647,0.001982,-0.058714,0.016765,1,OK
946686577265,946686577.182242274,odom,,,,,,,,,,0.023276,0.010696,0.005755,-0.050492,0.099944,0.002546,0.025479,0.043142,-0.016390,0.000118,-0.077248,0.016391,1,OK
946686577333,0.000000000,summary,10.004,200.070,10.004,19968,100.236,0.006,0.006,1.002,0.724,0.023276,0.010696,0.005755,-0.050492,0,0.002812,0.028153,0.514014,-0.015852,-0.002371,-0.081559,0.016028,1,OK
946686577363,946686577.282214165,odom,,,,,,,,,,0.022546,0.011157,0.006021,-0.047738,0.099972,0.000863,0.008636,0.027543,-0.015852,-0.002371,-0.081559,0.016028,1,OK
946686577467,946686577.382284999,odom,,,,,,,,,,0.023090,0.011246,0.005457,-0.052805,0.100071,0.000552,0.005515,0.050632,-0.015122,-0.001910,-0.078806,0.015242,1,OK
946686577565,946686577.482282639,odom,,,,,,,,,,0.023359,0.012134,0.006410,-0.064645,0.099998,0.000928,0.009277,0.118405,-0.015666,-0.001820,-0.083873,0.015772,1,OK
946686577670,946686577.582238674,odom,,,,,,,,,,0.022144,0.012917,0.007062,-0.035453,0.099956,0.001445,0.014455,0.292052,-0.015935,-0.000932,-0.095713,0.015962,1,OK
946686577768,946686577.682321668,odom,,,,,,,,,,0.023294,0.012987,0.004698,-0.019238,0.100083,0.001152,0.011512,0.162017,-0.014721,-0.000149,-0.066521,0.014722,1,OK
946686577865,946686577.782226443,odom,,,,,,,,,,0.023864,0.014110,0.004215,-0.024074,0.099905,0.001259,0.012605,0.048410,-0.015871,-0.000080,-0.050305,0.015871,1,OK
946686577970,946686577.881803036,odom,,,,,,,,,,0.021094,0.014277,0.004894,-0.027855,0.099577,0.002776,0.027875,0.037971,-0.016442,0.001043,-0.055142,0.016475,1,OK
946686578066,946686577.982276559,odom,,,,,,,,,,0.023616,0.013945,0.003958,-0.036784,0.100474,0.002544,0.025321,0.088870,-0.013671,0.001211,-0.058923,0.013725,1,OK
946686578172,946686578.082182646,odom,,,,,,,,,,0.025430,0.013264,0.003202,-0.049015,0.099906,0.001938,0.019398,0.122423,-0.016193,0.000878,-0.067852,0.016217,1,OK
946686578268,946686578.182110548,odom,,,,,,,,,,0.025521,0.012473,0.005819,-0.070644,0.099928,0.000796,0.007966,0.216444,-0.018008,0.000196,-0.080083,0.018009,1,OK
946686578333,0.000000000,summary,10.004,200.070,10.004,20064,100.411,0.006,0.006,1.002,0.641,0.025521,0.012473,0.005819,-0.070644,0,0.002776,0.027875,0.292052,-0.018097,-0.000594,-0.101712,0.018107,1,OK
946686578371,946686578.282317996,odom,,,,,,,,,,0.026254,0.012109,0.007139,-0.073440,0.100207,0.000819,0.008169,0.027901,-0.018097,-0.000594,-0.101712,0.018107,1,OK
946686578466,946686578.382207513,odom,,,,,,,,,,0.025175,0.012924,0.006969,-0.040404,0.099890,0.001352,0.013537,0.330722,-0.018830,-0.000959,-0.104508,0.018855,1,OK
946686578571,946686578.481751084,odom,,,,,,,,,,0.023930,0.013198,0.007268,-0.051978,0.099544,0.001274,0.012799,0.116265,-0.017751,-0.000144,-0.071472,0.017752,1,OK
946686578665,946686578.582246065,odom,,,,,,,,,,0.021849,0.014667,0.006871,-0.031999,0.100495,0.002547,0.025349,0.198799,-0.016507,0.000131,-0.083045,0.016508,1,OK
946686578776,946686578.682115078,odom,,,,,,,,,,0.022324,0.014223,0.006546,-0.037918,0.099869,0.000650,0.006508,0.059267,-0.014427,0.001601,-0.063067,0.014516,1,OK
946686578865,946686578.782054663,odom,,,,,,,,,,0.023564,0.013765,0.004937,-0.028695,0.099940,0.001321,0.013222,0.092287,-0.014902,0.001157,-0.068986,0.014947,1,OK
946686578971,946686578.882076144,odom,,,,,,,,,,0.023801,0.011517,0.004348,-0.050592,0.100021,0.002260,0.022599,0.218916,-0.016141,0.000698,-0.059763,0.016156,1,OK
946686579068,946686578.982062936,odom,,,,,,,,,,0.023478,0.011964,0.004498,-0.046679,0.099987,0.000552,0.005516,0.039134,-0.016377,-0.001550,-0.081659,0.016450,1,OK
946686579168,946686579.082194805,odom,,,,,,,,,,0.024537,0.011040,0.004442,-0.049692,0.100132,0.001406,0.014037,0.030090,-0.016054,-0.001103,-0.077746,0.016092,1,OK
946686579262,946686579.182316422,odom,,,,,,,,,,0.023424,0.011699,0.003671,-0.047977,0.100122,0.001293,0.012916,0.017124,-0.017113,-0.002028,-0.080759,0.017232,1,OK
946686579333,0.000000000,summary,10.003,200.066,10.003,19968,99.541,0.006,0.006,0.995,0.622,0.023424,0.011699,0.003671,-0.047977,0,0.002547,0.025349,0.330722,-0.016000,-0.001368,-0.079045,0.016059,1,OK
946686579370,946686579.282231569,odom,,,,,,,,,,0.022738,0.012023,0.004210,-0.046921,0.099915,0.000759,0.007593,0.010573,-0.016000,-0.001368,-0.079045,0.016059,1,OK
946686579463,946686579.382190943,odom,,,,,,,,,,0.023864,0.012708,0.004212,-0.062094,0.099959,0.001317,0.013180,0.151793,-0.015315,-0.001043,-0.077989,0.015350,1,OK
946686579562,946686579.482167006,odom,,,,,,,,,,0.024866,0.011573,0.004565,-0.062723,0.099976,0.001514,0.015148,0.006289,-0.016441,-0.000359,-0.093162,0.016445,1,OK
946686579668,946686579.582272410,odom,,,,,,,,,,0.026574,0.010882,0.004985,-0.073671,0.100105,0.001842,0.018401,0.109370,-0.017442,-0.001495,-0.093790,0.017506,1,OK
946686579766,946686579.681995153,odom,,,,,,,,,,0.025547,0.011030,0.004846,-0.032698,0.099723,0.001037,0.010400,0.410867,-0.019150,-0.002186,-0.104739,0.019274,1,OK
946686579866,946686579.781814218,odom,,,,,,,,,,0.024551,0.012352,0.005993,-0.058732,0.099819,0.001656,0.016589,0.260808,-0.018123,-0.002038,-0.063766,0.018237,1,OK
946686579965,946686579.881773710,odom,,,,,,,,,,0.022770,0.014134,0.005241,-0.022670,0.099959,0.002519,0.025195,0.360765,-0.017127,-0.000715,-0.089800,0.017142,1,OK
946686580061,946686579.981753111,odom,,,,,,,,,,0.020679,0.013579,0.005262,-0.009908,0.099979,0.002163,0.021638,0.127648,-0.015348,0.001068,-0.053738,0.015385,1,OK
946686580168,946686580.082350135,odom,,,,,,,,,,0.021516,0.012989,0.003735,-0.027338,0.100597,0.001024,0.010177,0.173261,-0.013257,0.000514,-0.040976,0.013267,1,OK
946686580264,946686580.182294250,odom,,,,,,,,,,0.022011,0.012329,0.003961,-0.038876,0.099944,0.000825,0.008256,0.115451,-0.014093,-0.000076,-0.058405,0.014093,1,OK
946686580333,0.000000000,summary,10.003,200.064,10.003,19968,100.154,0.006,0.006,1.006,0.609,0.022011,0.012329,0.003961,-0.038876,0,0.002519,0.025195,0.410867,-0.014588,-0.000737,-0.069944,0.014606,1,OK
946686580363,946686580.282221079,odom,,,,,,,,,,0.021939,0.011812,0.004852,-0.046333,0.099927,0.000522,0.005224,0.074624,-0.014588,-0.000737,-0.069944,0.014606,1,OK
946686580465,946686580.382321000,odom,,,,,,,,,,0.022648,0.012428,0.004739,-0.053023,0.100100,0.000940,0.009386,0.066834,-0.014515,-0.001254,-0.077401,0.014569,1,OK
946686580565,946686580.482291818,odom,,,,,,,,,,0.025060,0.011390,0.005396,-0.031820,0.099971,0.002626,0.026263,0.212098,-0.015225,-0.000638,-0.084091,0.015238,1,OK
946686580665,946686580.582164168,odom,,,,,,,,,,0.025995,0.011883,0.005218,-0.042687,0.099872,0.001057,0.010583,0.108810,-0.017636,-0.001677,-0.062887,0.017716,1,OK
946686580767,946686580.681713104,odom,,,,,,,,,,0.024984,0.012593,0.006063,-0.046395,0.099549,0.001236,0.012414,0.037248,-0.018571,-0.001185,-0.073754,0.018609,1,OK
946686580858,946686580.781503558,odom,,,,,,,,,,0.025816,0.014789,0.006409,-0.058224,0.099790,0.002349,0.023535,0.118543,-0.017560,-0.000475,-0.077462,0.017567,1,OK
946686580963,946686580.881815195,odom,,,,,,,,,,0.024791,0.013975,0.006017,-0.055391,0.100312,0.001309,0.013050,0.028248,-0.018394,0.001721,-0.089292,0.018474,1,OK
946686581068,946686580.982231498,odom,,,,,,,,,,0.025004,0.013823,0.006307,-0.041104,0.100416,0.000262,0.002610,0.142276,-0.017368,0.000908,-0.086458,0.017392,1,OK
946686581178,946686581.082277894,odom,,,,,,,,,,0.027286,0.014297,0.007371,-0.074206,0.100046,0.002331,0.023295,0.330866,-0.017582,0.000755,-0.072171,0.017598,1,OK
946686581263,946686581.182265639,odom,,,,,,,,,,0.025553,0.014172,0.006110,-0.023257,0.099988,0.001737,0.017374,0.509547,-0.019864,0.001228,-0.105273,0.019902,1,OK
946686581333,0.000000000,summary,10.004,200.078,10.004,19968,100.172,0.006,0.006,0.994,0.533,0.025553,0.014172,0.006110,-0.023257,0,0.002626,0.026263,0.509547,-0.018131,0.001104,-0.054325,0.018165,1,OK
946686581373,946686581.282213211,odom,,,,,,,,,,0.023701,0.012944,0.005648,-0.034449,0.099948,0.002223,0.022238,0.111972,-0.018131,0.001104,-0.054325,0.018165,1,OK
946686581467,946686581.382305264,odom,,,,,,,,,,0.022925,0.012872,0.006257,-0.035683,0.100092,0.000779,0.007781,0.012332,-0.016278,-0.000122,-0.065516,0.016278,1,OK
946686581572,946686581.482310772,odom,,,,,,,,,,0.022011,0.011573,0.006555,-0.051232,0.100006,0.001589,0.015885,0.155488,-0.015502,-0.000195,-0.066750,0.015503,1,OK
946686581668,946686581.582157969,odom,,,,,,,,,,0.022825,0.010759,0.005445,-0.046596,0.099847,0.001151,0.011528,0.046432,-0.014587,-0.001493,-0.082300,0.014663,1,OK
946686581767,946686581.681612730,odom,,,,,,,,,,0.021671,0.011556,0.004884,-0.038904,0.099455,0.001402,0.014098,0.077346,-0.015401,-0.002307,-0.077664,0.015573,1,OK
946686581863,946686581.781806707,odom,,,,,,,,,,0.024147,0.010818,0.003797,-0.055956,0.100194,0.002584,0.025785,0.170191,-0.014247,-0.001510,-0.069972,0.014327,1,OK
946686581968,946686581.882318974,odom,,,,,,,,,,0.022682,0.011825,0.003089,-0.009221,0.100512,0.001778,0.017689,0.464964,-0.016723,-0.002250,-0.087024,0.016873,1,OK
946686582065,946686581.982264757,odom,,,,,,,,,,0.023684,0.012485,0.004385,-0.037434,0.099946,0.001200,0.012002,0.282275,-0.015259,-0.001241,-0.040289,0.015309,1,OK
946686582164,946686582.082178235,odom,,,,,,,,,,0.024295,0.013697,0.003818,-0.053095,0.099913,0.001358,0.013587,0.156746,-0.016261,-0.000582,-0.068501,0.016271,1,OK
946686582265,946686582.182270050,odom,,,,,,,,,,0.025401,0.011696,0.004926,-0.044959,0.100092,0.002287,0.022844,0.081280,-0.016873,0.000630,-0.084162,0.016885,1,OK
946686582333,0.000000000,summary,10.003,200.053,10.003,20064,100.277,0.006,0.006,1.008,0.740,0.025401,0.011696,0.004926,-0.044959,0,0.002584,0.025785,0.464964,-0.017977,-0.001372,-0.076027,0.018029,1,OK
946686582369,946686582.282271743,odom,,,,,,,,,,0.026470,0.010481,0.005273,-0.043064,0.100002,0.001618,0.016182,0.018952,-0.017977,-0.001372,-0.076027,0.018029,1,OK
946686582466,946686582.382214546,odom,,,,,,,,,,0.026353,0.011063,0.005329,-0.065160,0.099943,0.000593,0.005935,0.221091,-0.019046,-0.002587,-0.074132,0.019221,1,OK
946686582567,946686582.482249618,odom,,,,,,,,,,0.024779,0.010441,0.005586,-0.067689,0.100035,0.001693,0.016924,0.025281,-0.018929,-0.002006,-0.096228,0.019035,1,OK
946686582668,946686582.582309484,odom,,,,,,,,,,0.023763,0.011596,0.004153,-0.037697,0.100060,0.001538,0.015373,0.299748,-0.017354,-0.002626,-0.098757,0.017552,1,OK
946686582769,946686582.682244658,odom,,,,,,,,,,0.025233,0.013052,0.004329,-0.031360,0.099935,0.002070,0.020709,0.063411,-0.016339,-0.001471,-0.068764,0.016405,1,OK
946686582865,946686582.782232404,odom,,,,,,,,,,0.025289,0.012086,0.004912,-0.069670,0.099988,0.000968,0.009679,0.383148,-0.017810,-0.000015,-0.062427,0.017810,1,OK
946686582966,946686582.882221222,odom,,,,,,,,,,0.023080,0.012706,0.005355,-0.016702,0.099989,0.002295,0.022951,0.529739,-0.017866,-0.000981,-0.100737,0.017893,1,OK
946686583065,946686582.982183099,odom,,,,,,,,,,0.021501,0.013016,0.005274,-0.020539,0.099962,0.001609,0.016100,0.038383,-0.015657,-0.000360,-0.047769,0.015661,1,OK
946686583170,946686583.082226872,odom,,,,,,,,,,0.021001,0.014080,0.005818,-0.033987,0.100044,0.001175,0.011750,0.134421,-0.014078,-0.000049,-0.051606,0.014078,1,OK
946686583267,946686583.182251096,odom,,,,,,,,,,0.022334,0.012882,0.005011,-0.056607,0.100024,0.001792,0.017913,0.226145,-0.013579,0.001015,-0.065054,0.013617,1,OK
946686583333,0.000000000,summary,10.004,200.076,10.004,19968,100.213,0.006,0.006,0.999,0.674,0.022334,0.012882,0.005011,-0.056607,0,0.002295,0.022951,0.529739,-0.014910,-0.000184,-0.087674,0.014912,1,OK
946686583369,946686583.282206535,odom,,,,,,,,,,0.024218,0.011219,0.004629,-0.034178,0.099955,0.002514,0.025148,0.224389,-0.014910,-0.000184,-0.087674,0.014912,1,OK
946686583470,946686583.382320523,odom,,,,,,,,,,0.023014,0.011033,0.004304,-0.053212,0.100114,0.001218,0.012168,0.190122,-0.016794,-0.001848,-0.065245,0.016896,1,OK
946686583568,946686583.482339859,odom,,,,,,,,,,0.023179,0.010704,0.004024,-0.061556,0.100019,0.000367,0.003673,0.083424,-0.015590,-0.002034,-0.084279,0.015722,1,OK
946686583666,946686583.582183003,odom,,,,,,,,,,0.024425,0.012463,0.005650,-0.037624,0.099843,0.002155,0.021584,0.239690,-0.015755,-0.002362,-0.092623,0.015931,1,OK
946686583767,946686583.682377458,odom,,,,,,,,,,0.023246,0.013701,0.005629,-0.020214,0.100194,0.001710,0.017062,0.173768,-0.017001,-0.000604,-0.068692,0.017012,1,OK
946686583869,946686583.782296777,odom,,,,,,,,,,0.023368,0.013774,0.005673,-0.057446,0.099919,0.000142,0.001422,0.372619,-0.015823,0.000634,-0.051281,0.015836,1,OK
946686583969,946686583.881819367,odom,,,,,,,,,,0.024951,0.012539,0.006345,-0.057516,0.099523,0.002008,0.020173,0.000706,-0.015945,0.000707,-0.088513,0.015961,1,OK
946686584065,946686583.982173324,odom,,,,,,,,,,0.026282,0.012084,0.006552,-0.073502,0.100354,0.001407,0.014017,0.159296,-0.017528,-0.000528,-0.088583,0.017536,1,OK
946686584164,946686584.082307220,odom,,,,,,,,,,0.027823,0.012074,0.006731,-0.072249,0.100134,0.001541,0.015388,0.012516,-0.018859,-0.000984,-0.104569,0.018884,1,OK
946686584270,946686584.182234287,odom,,,,,,,,,,0.026599,0.012278,0.004936,-0.046318,0.099927,0.001241,0.012419,0.259490,-0.020399,-0.000995,-0.103316,0.020424,1,OK
946686584333,0.000000000,summary,10.004,200.072,10.004,19968,100.306,0.006,0.006,1.001,0.775,0.026599,0.012278,0.004936,-0.046318,0,0.002514,0.025148,0.372619,-0.019175,-0.000790,-0.077386,0.019192,1,OK
946686584364,946686584.282284856,odom,,,,,,,,,,0.025338,0.013536,0.003669,-0.038553,0.100051,0.001781,0.017799,0.077616,-0.019175,-0.000790,-0.077386,0.019192,1,OK
946686584466,946686584.382373810,odom,,,,,,,,,,0.025898,0.013335,0.004293,-0.063664,0.100089,0.000595,0.005944,0.250892,-0.017915,0.000468,-0.069621,0.017921,1,OK
946686584563,946686584.481807113,odom,,,,,,,,,,0.026320,0.012734,0.004456,-0.068033,0.099433,0.000734,0.007385,0.043933,-0.018475,0.000267,-0.094732,0.018477,1,OK
946686584663,946686584.581751823,odom,,,,,,,,,,0.025717,0.010326,0.004382,-0.076680,0.099945,0.002483,0.024839,0.086515,-0.018897,-0.000334,-0.099100,0.018900,1,OK
946686584764,946686584.682374597,odom,,,,,,,,,,0.025022,0.010625,0.004420,-0.068495,0.100623,0.000757,0.007526,0.081335,-0.018293,-0.002742,-0.107747,0.018497,1,OK
946686584864,946686584.782200336,odom,,,,,,,,,,0.024280,0.013125,0.005109,-0.034473,0.099826,0.002607,0.026120,0.340823,-0.017597,-0.002442,-0.099563,0.017766,1,OK
946686584965,946686584.881772161,odom,,,,,,,,,,0.025707,0.013491,0.005047,-0.051387,0.099572,0.001473,0.014794,0.169874,-0.016858,0.000058,-0.065540,0.016858,1,OK
946686585068,946686584.981890917,odom,,,,,,,,,,0.024350,0.014957,0.004890,-0.032231,0.100119,0.001998,0.019954,0.191332,-0.018285,0.000423,-0.082455,0.018290,1,OK
946686585168,946686585.082238078,odom,,,,,,,,,,0.024123,0.013601,0.004381,-0.030686,0.100347,0.001375,0.013707,0.015396,-0.016928,0.001890,-0.063299,0.017034,1,OK
946686585267,946686585.181669831,odom,,,,,,,,,,0.021529,0.013617,0.005310,-0.044908,0.099432,0.002594,0.026092,0.143028,-0.016700,0.000534,-0.061754,0.016709,1,OK
946686585333,0.000000000,summary,10.003,200.060,10.003,20064,100.422,0.006,0.006,1.006,0.931,0.021529,0.013617,0.005310,-0.044908,0,0.002607,0.026120,0.340823,-0.014106,0.000552,-0.075975,0.014117,1,OK
946686585365,946686585.282045007,odom,,,,,,,,,,0.022667,0.013005,0.005645,-0.047022,0.100375,0.001293,0.012879,0.021058,-0.014106,0.000552,-0.075975,0.014117,1,OK
946686585462,946686585.381779432,odom,,,,,,,,,,0.023015,0.013703,0.006151,-0.027893,0.099734,0.000779,0.007816,0.191794,-0.015244,-0.000061,-0.078089,0.015244,1,OK
946686585567,946686585.481765866,odom,,,,,,,,,,0.022876,0.013226,0.005656,-0.040102,0.099986,0.000497,0.004968,0.122105,-0.015593,0.000636,-0.058961,0.015605,1,OK
946686585673,946686585.582397342,odom,,,,,,,,,,0.023487,0.011295,0.004694,-0.053562,0.100631,0.002025,0.020120,0.133754,-0.015453,0.000159,-0.071169,0.015454,1,OK
946686585767,946686585.682199597,odom,,,,,,,,,,0.024570,0.011849,0.004399,-0.013139,0.099802,0.001216,0.012185,0.405032,-0.016063,-0.001771,-0.084629,0.016161,1,OK
946686585871,946686585.782328725,odom,,,,,,,,,,0.024704,0.011283,0.004142,-0.052435,0.100129,0.000582,0.005810,0.392458,-0.017146,-0.001218,-0.044206,0.017189,1,OK
946686585966,946686585.882299423,odom,,,,,,,,,,0.024700,0.009260,0.003633,-0.075509,0.099971,0.002023,0.020238,0.230805,-0.017280,-0.001784,-0.083503,0.017372,1,OK
946686586072,946686585.982279778,odom,,,,,,,,,,0.023493,0.011459,0.004647,-0.038408,0.099980,0.002508,0.025085,0.371078,-0.017275,-0.003807,-0.106576,0.017690,1,OK
946686586170,946686586.081968069,odom,,,,,,,,,,0.024380,0.013091,0.004326,-0.065582,0.099688,0.001857,0.018630,0.272588,-0.016069,-0.001608,-0.069476,0.016150,1,OK
946686586274,946686586.182209134,odom,,,,,,,,,,0.023511,0.015006,0.006973,-0.073060,0.100241,0.002103,0.020984,0.074595,-0.016957,0.000023,-0.096650,0.016957,1,OK
946686586333,0.000000000,summary,10.004,200.075,10.004,19968,99.784,0.006,0.006,1.000,0.791,0.023511,0.015006,0.006973,-0.073060,0,0.002508,0.025085,0.405032,-0.016089,0.001940,-0.104127,0.016205,1,OK
946686586366,946686586.281809568,odom,,,,,,,,,,0.023375,0.014989,0.007346,-0.044994,0.099600,0.000137,0.001374,0.281777,-0.016089,0.001940,-0.104127,0.016205,1,OK
946686586464,946686586.382345319,odom,,,,,,,,,,0.025477,0.015051,0.006990,-0.044598,0.100536,0.002103,0.020919,0.003946,-0.015953,0.001922,-0.076062,0.016069,1,OK
946686586575,946686586.482369065,odom,,,,,,,,,,0.024340,0.014217,0.006883,-0.041810,0.100024,0.001410,0.014094,0.027871,-0.018055,0.001983,-0.075665,0.018164,1,OK
946686586661,946686586.582278490,odom,,,,,,,,,,0.024396,0.013736,0.005732,-0.049983,0.099909,0.000484,0.004848,0.081802,-0.016918,0.001150,-0.072878,0.016957,1,OK
946686586765,946686586.682342410,odom,,,,,,,,,,0.024775,0.011560,0.005837,-0.055763,0.100064,0.002209,0.022076,0.057768,-0.016974,0.000669,-0.081050,0.016987,1,OK
946686586865,946686586.782363296,odom,,,,,,,,,,0.025850,0.010064,0.004869,-0.043635,0.100021,0.001842,0.018416,0.121258,-0.017351,-0.001508,-0.086831,0.017416,1,OK
946686586965,946686586.882275581,odom,,,,,,,,,,0.024983,0.012086,0.005389,-0.045517,0.099912,0.002199,0.022014,0.018832,-0.018425,-0.003004,-0.074703,0.018669,1,OK
946686587062,946686586.982276320,odom,,,,,,,,,,0.024121,0.013583,0.004853,-0.019065,0.100001,0.001728,0.017279,0.264514,-0.017560,-0.000982,-0.076584,0.017587,1,OK
946686587165,946686587.082254648,odom,,,,,,,,,,0.021915,0.011489,0.003290,-0.042255,0.099978,0.003042,0.030428,0.231955,-0.016698,0.000516,-0.050133,0.016706,1,OK
946686587264,946686587.181510448,odom,,,,,,,,,,0.022602,0.010831,0.003810,-0.049320,0.099256,0.000951,0.009583,0.071172,-0.014491,-0.001577,-0.073323,0.014576,1,OK
946686587333,0.000000000,summary,10.003,200.065,10.003,20064,100.421,0.006,0.006,1.005,0.745,0.022602,0.010831,0.003810,-0.049320,0,0.003042,0.030428,0.281777,-0.015178,-0.002235,-0.080387,0.015341,1,OK
946686587366,946686587.282390714,odom,,,,,,,,,,0.023694,0.012460,0.003910,-0.045697,0.100880,0.001962,0.019444,0.035909,-0.015178,-0.002235,-0.080387,0.015341,1,OK
946686587466,946686587.382355332,odom,,,,,,,,,,0.024546,0.012628,0.005110,-0.041460,0.099965,0.000868,0.008687,0.042385,-0.016271,-0.000607,-0.076765,0.016282,1,OK
946686587570,946686587.481589317,odom,,,,,,,,,,0.023232,0.012946,0.004985,-0.052627,0.099234,0.001352,0.013622,0.112531,-0.017123,-0.000440,-0.072528,0.017129,1,OK
946686587670,946686587.582263827,odom,,,,,,,,,,0.023983,0.013135,0.005203,-0.076916,0.100675,0.000774,0.007689,0.241258,-0.015809,-0.000121,-0.083695,0.015810,1,OK
946686587764,946686587.682307839,odom,,,,,,,,,,0.023835,0.012882,0.005215,-0.074641,0.100044,0.000293,0.002928,0.022736,-0.016560,0.000068,-0.107983,0.016560,1,OK
946686587866,946686587.782279611,odom,,,,,,,,,,0.025077,0.010892,0.004592,-0.078139,0.099972,0.002345,0.023458,0.034993,-0.016412,-0.000185,-0.105709,0.016413,1,OK
946686587966,946686587.881784081,odom,,,,,,,,,,0.024069,0.011331,0.004048,-0.031657,0.099504,0.001099,0.011045,0.467138,-0.017653,-0.002175,-0.109207,0.017786,1,OK
946686588067,946686587.982098460,odom,,,,,,,,,,0.021875,0.011955,0.005425,-0.015222,0.100314,0.002281,0.022738,0.163832,-0.016645,-0.001736,-0.062725,0.016736,1,OK
946686588162,946686588.081579566,odom,,,,,,,,,,0.022250,0.011701,0.005556,-0.049470,0.099481,0.000453,0.004552,0.344267,-0.014452,-0.001110,-0.046290,0.014494,1,OK
946686588267,946686588.181767225,odom,,,,,,,,,,0.024462,0.010939,0.004655,-0.071362,0.100188,0.002339,0.023348,0.218509,-0.014826,-0.001365,-0.080538,0.014889,1,OK
946686588333,0.000000000,summary,10.003,200.063,10.003,20160,100.924,0.006,0.010,0.996,0.704,0.024462,0.010939,0.004655,-0.071362,0,0.002345,0.023458,0.467138,-0.017037,-0.002128,-0.102430,0.017170,1,OK
946686588400,946686588.282301068,odom,,,,,,,,,,0.024302,0.011456,0.004777,-0.040025,0.100534,0.000541,0.005382,0.311706,-0.017037,-0.002128,-0.102430,0.017170,1,OK
946686588457,946686588.382220030,odom,,,,,,,,,,0.025698,0.013054,0.005238,-0.060765,0.099919,0.002122,0.021233,0.207561,-0.016878,-0.001611,-0.071093,0.016955,1,OK
946686588565,946686588.482380271,odom,,,,,,,,,,0.024564,0.012496,0.004415,-0.035907,0.100160,0.001263,0.012611,0.248181,-0.018275,-0.000014,-0.091832,0.018275,1,OK
946686588668,946686588.582327366,odom,,,,,,,,,,0.024163,0.010801,0.005923,-0.056093,0.099947,0.001742,0.017431,0.201968,-0.017141,-0.000571,-0.066974,0.017151,1,OK
946686588766,946686588.682270646,odom,,,,,,,,,,0.023485,0.011675,0.005955,-0.050752,0.099943,0.001106,0.011069,0.053441,-0.016739,-0.002266,-0.087160,0.016892,1,OK
946686588866,946686588.781671405,odom,,,,,,,,,,0.023373,0.011850,0.005665,-0.052198,0.099401,0.000207,0.002086,0.014554,-0.016061,-0.001392,-0.081819,0.016121,1,OK
946686588964,946686588.882278085,odom,,,,,,,,,,0.024598,0.011625,0.005447,-0.046470,0.100607,0.001245,0.012377,0.056940,-0.015950,-0.001217,-0.083266,0.015996,1,OK
946686589065,946686588.981839538,odom,,,,,,,,,,0.024850,0.011121,0.006170,-0.029715,0.099561,0.000564,0.005661,0.168283,-0.017174,-0.001442,-0.077537,0.017235,1,OK
946686589172,946686589.082389593,odom,,,,,,,,,,0.023735,0.011484,0.005510,-0.054455,0.100550,0.001173,0.011663,0.246046,-0.017426,-0.001947,-0.060783,0.017534,1,OK
946686589266,946686589.182312727,odom,,,,,,,,,,0.023801,0.013197,0.004025,-0.036314,0.099923,0.001714,0.017156,0.181553,-0.016311,-0.001583,-0.085523,0.016388,1,OK
946686589333,0.000000000,summary,10.003,200.063,10.003,19968,100.233,0.006,0.006,1.008,0.931,0.023801,0.013197,0.004025,-0.036314,0,0.002122,0.021233,0.311706,-0.016378,0.000130,-0.067382,0.016378,1,OK
