wall_ms,raw_message
946686404356,"type=xy,x_or_task=0,y_or_landing=0,yaw=0,hex=AA FF 01 06 00 00 00 00 00 00 B0,reason=定位状态无效，发送 0cm 心跳帧"
946686404406,"type=xy,x_or_task=0,y_or_landing=0,yaw=0,hex=AA FF 01 06 00 00 00 00 00 00 B0,reason=定位状态无效，发送 0cm 心跳帧"
946686404406,"type=mission,x_or_task=1,y_or_landing=1,yaw=0,hex=AA FF 02 02 01 01 AF,reason=normal"
946686404464,"type=xy,x_or_task=0,y_or_landing=0,yaw=0,hex=AA FF 01 06 00 00 00 00 00 00 B0,reason=定位状态无效，发送 0cm 心跳帧"
946686404515,"type=xy,x_or_task=0,y_or_landing=0,yaw=0,hex=AA FF 01 06 00 00 00 00 00 00 B0,reason=定位状态无效，发送 0cm 心跳帧"
946686404515,"type=mission,x_or_task=1,y_or_landing=1,yaw=0,hex=AA FF 02 02 01 01 AF,reason=normal"
946686404556,"type=xy,x_or_task=0,y_or_landing=0,yaw=0,hex=AA FF 01 06 00 00 00 00 00 00 B0,reason=定位状态无效，发送 0cm 心跳帧"
946686404640,"type=xy,x_or_task=0,y_or_landing=0,yaw=0,hex=AA FF 01 06 00 00 00 00 00 00 B0,reason=定位状态无效，发送 0cm 心跳帧"
946686404640,"type=mission,x_or_task=1,y_or_landing=1,yaw=0,hex=AA FF 02 02 01 01 AF,reason=normal"
946686404656,"type=xy,x_or_task=0,y_or_landing=0,yaw=0,hex=AA FF 01 06 00 00 00 00 00 00 B0,reason=定位状态无效，发送 0cm 心跳帧"
946686404722,"type=xy,x_or_task=0,y_or_landing=0,yaw=0,hex=AA FF 01 06 00 00 00 00 00 00 B0,reason=定位状态无效，发送 0cm 心跳帧"
946686404723,"type=mission,x_or_task=1,y_or_landing=1,yaw=0,hex=AA FF 02 02 01 01 AF,reason=normal"
946686404756,"type=xy,x_or_task=0,y_or_landing=0,yaw=0,hex=AA FF 01 06 00 00 00 00 00 00 B0,reason=定位状态无效，发送 0cm 心跳帧"
946686404821,"type=xy,x_or_task=0,y_or_landing=0,yaw=0,hex=AA FF 01 06 00 00 00 00 00 00 B0,reason=定位状态无效，发送 0cm 心跳帧"
946686404822,"type=mission,x_or_task=1,y_or_landing=1,yaw=0,hex=AA FF 02 02 01 01 AF,reason=normal"
946686404856,"type=xy,x_or_task=0,y_or_landing=0,yaw=0,hex=AA FF 01 06 00 00 00 00 00 00 B0,reason=定位状态无效，发送 0cm 心跳帧"
946686404915,"type=xy,x_or_task=0,y_or_landing=0,yaw=0,hex=AA FF 01 06 00 00 00 00 00 00 B0,reason=定位状态无效，发送 0cm 心跳帧"
946686404915,"type=mission,x_or_task=1,y_or_landing=1,yaw=0,hex=AA FF 02 02 01 01 AF,reason=normal"
946686404956,"type=xy,x_or_task=0,y_or_landing=0,yaw=0,hex=AA FF 01 06 00 00 00 00 00 00 B0,reason=定位状态无效，发送 0cm 心跳帧"
946686405017,"type=xy,x_or_task=0,y_or_landing=0,yaw=0,hex=AA FF 01 06 00 00 00 00 00 00 B0,reason=定位状态无效，发送 0cm 心跳帧"
946686405017,"type=mission,x_or_task=1,y_or_landing=1,yaw=0,hex=AA FF 02 02 01 01 AF,reason=normal"
946686405056,"type=xy,x_or_task=0,y_or_landing=0,yaw=0,hex=AA FF 01 06 00 00 00 00 00 00 B0,reason=定位状态无效，发送 0cm 心跳帧"
946686405116,"type=xy,x_or_task=0,y_or_landing=0,yaw=0,hex=AA FF 01 06 00 00 00 00 00 00 B0,reason=定位状态无效，发送 0cm 心跳帧"
946686405116,"type=mission,x_or_task=1,y_or_landing=1,yaw=0,hex=AA FF 02 02 01 01 AF,reason=normal"
946686405156,"type=xy,x_or_task=0,y_or_landing=0,yaw=0,hex=AA FF 01 06 00 00 00 00 00 00 B0,reason=定位状态无效，发送 0cm 心跳帧"
946686405218,"type=xy,x_or_task=0,y_or_landing=0,yaw=0,hex=AA FF 01 06 00 00 00 00 00 00 B0,reason=定位状态无效，发送 0cm 心跳帧"
946686405218,"type=mission,x_or_task=1,y_or_landing=1,yaw=0,hex=AA FF 02 02 01 01 AF,reason=normal"
946686405256,"type=xy,x_or_task=0,y_or_landing=0,yaw=0,hex=AA FF 01 06 00 00 00 00 00 00 B0,reason=定位状态无效，发送 0cm 心跳帧"
946686405318,"type=xy,x_or_task=0,y_or_landing=0,yaw=0,hex=AA FF 01 06 00 00 00 00 00 00 B0,reason=定位状态无效，发送 0cm 心跳帧"
946686405319,"type=mission,x_or_task=1,y_or_landing=1,yaw=0,hex=AA FF 02 02 01 01 AF,reason=normal"
946686405356,"type=xy,x_or_task=0,y_or_landing=0,yaw=0,hex=AA FF 01 06 00 00 00 00 00 00 B0,reason=定位状态无效，发送 0cm 心跳帧"
946686405416,"type=xy,x_or_task=0,y_or_landing=0,yaw=0,hex=AA FF 01 06 00 00 00 00 00 00 B0,reason=定位状态无效，发送 0cm 心跳帧"
946686405416,"type=mission,x_or_task=1,y_or_landing=1,yaw=0,hex=AA FF 02 02 01 01 AF,reason=normal"
946686405456,"type=xy,x_or_task=0,y_or_landing=0,yaw=0,hex=AA FF 01 06 00 00 00 00 00 00 B0,reason=定位状态无效，发送 0cm 心跳帧"
946686405515,"type=xy,x_or_task=0,y_or_landing=0,yaw=0,hex=AA FF 01 06 00 00 00 00 00 00 B0,reason=定位状态无效，发送 0cm 心跳帧"
946686405516,"type=mission,x_or_task=1,y_or_landing=1,yaw=0,hex=AA FF 02 02 01 01 AF,reason=normal"
946686405556,"type=xy,x_or_task=0,y_or_landing=0,yaw=0,hex=AA FF 01 06 00 00 00 00 00 00 B0,reason=定位状态无效，发送 0cm 心跳帧"
946686405621,"type=xy,x_or_task=0,y_or_landing=0,yaw=0,hex=AA FF 01 06 00 00 00 00 00 00 B0,reason=定位状态无效，发送 0cm 心跳帧"
946686405621,"type=mission,x_or_task=1,y_or_landing=1,yaw=0,hex=AA FF 02 02 01 01 AF,reason=normal"
946686405656,"type=xy,x_or_task=0,y_or_landing=0,yaw=0,hex=AA FF 01 06 00 00 00 00 00 00 B0,reason=定位状态无效，发送 0cm 心跳帧"
946686405714,"type=xy,x_or_task=0,y_or_landing=0,yaw=0,hex=AA FF 01 06 00 00 00 00 00 00 B0,reason=定位状态无效，发送 0cm 心跳帧"
946686405714,"type=mission,x_or_task=1,y_or_landing=1,yaw=0,hex=AA FF 02 02 01 01 AF,reason=normal"
946686405756,"type=xy,x_or_task=0,y_or_landing=0,yaw=0,hex=AA FF 01 06 00 00 00 00 00 00 B0,reason=定位状态无效，发送 0cm 心跳帧"
946686405814,"type=xy,x_or_task=0,y_or_landing=0,yaw=0,hex=AA FF 01 06 00 00 00 00 00 00 B0,reason=定位状态无效，发送 0cm 心跳帧"
946686405814,"type=mission,x_or_task=1,y_or_landing=1,yaw=0,hex=AA FF 02 02 01 01 AF,reason=normal"
946686405856,"type=xy,x_or_task=0,y_or_landing=0,yaw=0,hex=AA FF 01 06 00 00 00 00 00 00 B0,reason=定位状态无效，发送 0cm 心跳帧"
946686405920,"type=xy,x_or_task=0,y_or_landing=0,yaw=0,hex=AA FF 01 06 00 00 00 00 00 00 B0,reason=定位状态无效，发送 0cm 心跳帧"
946686405920,"type=mission,x_or_task=1,y_or_landing=1,yaw=0,hex=AA FF 02 02 01 01 AF,reason=normal"
946686405956,"type=xy,x_or_task=0,y_or_landing=0,yaw=0,hex=AA FF 01 06 00 00 00 00 00 00 B0,reason=定位状态无效，发送 0cm 心跳帧"
946686406013,"type=xy,x_or_task=0,y_or_landing=0,yaw=0,hex=AA FF 01 06 00 00 00 00 00 00 B0,reason=定位状态无效，发送 0cm 心跳帧"
946686406014,"type=mission,x_or_task=1,y_or_landing=1,yaw=0,hex=AA FF 02 02 01 01 AF,reason=normal"
946686406056,"type=xy,x_or_task=0,y_or_landing=0,yaw=0,hex=AA FF 01 06 00 00 00 00 00 00 B0,reason=定位状态无效，发送 0cm 心跳帧"
946686406114,"type=xy,x_or_task=0,y_or_landing=0,yaw=0,hex=AA FF 01 06 00 00 00 00 00 00 B0,reason=定位状态无效，发送 0cm 心跳帧"
946686406114,"type=mission,x_or_task=1,y_or_landing=1,yaw=0,hex=AA FF 02 02 01 01 AF,reason=normal"
946686406156,"type=xy,x_or_task=0,y_or_landing=0,yaw=0,hex=AA FF 01 06 00 00 00 00 00 00 B0,reason=定位状态无效，发送 0cm 心跳帧"
946686406215,"type=xy,x_or_task=0,y_or_landing=0,yaw=0,hex=AA FF 01 06 00 00 00 00 00 00 B0,reason=定位状态无效，发送 0cm 心跳帧"
946686406215,"type=mission,x_or_task=1,y_or_landing=1,yaw=0,hex=AA FF 02 02 01 01 AF,reason=normal"
946686406256,"type=xy,x_or_task=0,y_or_landing=0,yaw=0,hex=AA FF 01 06 00 00 00 00 00 00 B0,reason=定位状态无效，发送 0cm 心跳帧"
946686406315,"type=xy,x_or_task=0,y_or_landing=0,yaw=0,hex=AA FF 01 06 00 00 00 00 00 00 B0,reason=定位状态无效，发送 0cm 心跳帧"
946686406315,"type=mission,x_or_task=1,y_or_landing=1,yaw=0,hex=AA FF 02 02 01 01 AF,reason=normal"
946686406357,"type=xy,x_or_task=0,y_or_landing=0,yaw=0,hex=AA FF 01 06 00 00 00 00 00 00 B0,reason=定位状态无效，发送 0cm 心跳帧"
946686406419,"type=xy,x_or_task=0,y_or_landing=0,yaw=0,hex=AA FF 01 06 00 00 00 00 00 00 B0,reason=normal"
946686406419,"type=mission,x_or_task=1,y_or_landing=1,yaw=0,hex=AA FF 02 02 01 01 AF,reason=normal"
946686406456,"type=xy,x_or_task=0,y_or_landing=0,yaw=0,hex=AA FF 01 06 00 00 00 00 00 00 B0,reason=normal"
946686406521,"type=xy,x_or_task=0,y_or_landing=0,yaw=0,hex=AA FF 01 06 00 00 00 00 00 00 B0,reason=normal"
946686406521,"type=mission,x_or_task=1,y_or_landing=1,yaw=0,hex=AA FF 02 02 01 01 AF,reason=normal"
946686406556,"type=xy,x_or_task=0,y_or_landing=0,yaw=0,hex=AA FF 01 06 00 00 00 00 00 00 B0,reason=normal"
946686406620,"type=xy,x_or_task=0,y_or_landing=0,yaw=0,hex=AA FF 01 06 00 00 00 00 00 00 B0,reason=normal"
946686406620,"type=mission,x_or_task=1,y_or_landing=1,yaw=0,hex=AA FF 02 02 01 01 AF,reason=normal"
946686406656,"type=xy,x_or_task=0,y_or_landing=0,yaw=0,hex=AA FF 01 06 00 00 00 00 00 00 B0,reason=normal"
946686406706,"type=xy,x_or_task=0,y_or_landing=0,yaw=0,hex=AA FF 01 06 00 00 00 00 00 00 B0,reason=normal"
946686406706,"type=mission,x_or_task=1,y_or_landing=1,yaw=0,hex=AA FF 02 02 01 01 AF,reason=normal"
946686406756,"type=xy,x_or_task=0,y_or_landing=0,yaw=0,hex=AA FF 01 06 00 00 00 00 00 00 B0,reason=normal"
946686406821,"type=xy,x_or_task=0,y_or_landing=0,yaw=0,hex=AA FF 01 06 00 00 00 00 00 00 B0,reason=normal"
946686406821,"type=mission,x_or_task=1,y_or_landing=1,yaw=0,hex=AA FF 02 02 01 01 AF,reason=normal"
946686406856,"type=xy,x_or_task=0,y_or_landing=0,yaw=0,hex=AA FF 01 06 00 00 00 00 00 00 B0,reason=normal"
946686406914,"type=xy,x_or_task=0,y_or_landing=0,yaw=0,hex=AA FF 01 06 00 00 00 00 00 00 B0,reason=normal"
946686406914,"type=mission,x_or_task=1,y_or_landing=1,yaw=0,hex=AA FF 02 02 01 01 AF,reason=normal"
946686406956,"type=xy,x_or_task=0,y_or_landing=0,yaw=0,hex=AA FF 01 06 00 00 00 00 00 00 B0,reason=normal"
946686407015,"type=xy,x_or_task=0,y_or_landing=0,yaw=0,hex=AA FF 01 06 00 00 00 00 00 00 B0,reason=normal"
946686407015,"type=mission,x_or_task=1,y_or_landing=1,yaw=0,hex=AA FF 02 02 01 01 AF,reason=normal"
946686407056,"type=xy,x_or_task=0,y_or_landing=0,yaw=0,hex=AA FF 01 06 00 00 00 00 00 00 B0,reason=normal"
946686407106,"type=xy,x_or_task=0,y_or_landing=0,yaw=0,hex=AA FF 01 06 00 00 00 00 00 00 B0,reason=normal"
946686407120,"type=mission,x_or_task=1,y_or_landing=1,yaw=0,hex=AA FF 02 02 01 01 AF,reason=normal"
946686407156,"type=xy,x_or_task=0,y_or_landing=0,yaw=0,hex=AA FF 01 06 00 00 00 00 00 00 B0,reason=normal"
946686407215,"type=xy,x_or_task=0,y_or_landing=0,yaw=0,hex=AA FF 01 06 00 00 00 00 00 00 B0,reason=normal"
946686407216,"type=mission,x_or_task=1,y_or_landing=1,yaw=0,hex=AA FF 02 02 01 01 AF,reason=normal"
946686407256,"type=xy,x_or_task=0,y_or_landing=0,yaw=0,hex=AA FF 01 06 00 00 00 00 00 00 B0,reason=normal"
946686407306,"type=xy,x_or_task=0,y_or_landing=0,yaw=0,hex=AA FF 01 06 00 00 00 00 00 00 B0,reason=normal"
946686407306,"type=mission,x_or_task=1,y_or_landing=1,yaw=0,hex=AA FF 02 02 01 01 AF,reason=normal"
946686407356,"type=xy,x_or_task=0,y_or_landing=0,yaw=0,hex=AA FF 01 06 00 00 00 00 00 00 B0,reason=normal"
946686407406,"type=xy,x_or_task=0,y_or_landing=0,yaw=0,hex=AA FF 01 06 00 00 00 00 00 00 B0,reason=normal"
946686407412,"type=mission,x_or_task=1,y_or_landing=1,yaw=0,hex=AA FF 02 02 01 01 AF,reason=normal"
946686407456,"type=xy,x_or_task=0,y_or_landing=0,yaw=0,hex=AA FF 01 06 00 00 00 00 00 00 B0,reason=normal"
946686407515,"type=xy,x_or_task=0,y_or_landing=0,yaw=0,hex=AA FF 01 06 00 00 00 00 00 00 B0,reason=normal"
946686407515,"type=mission,x_or_task=1,y_or_landing=1,yaw=0,hex=AA FF 02 02 01 01 AF,reason=normal"
946686407556,"type=xy,x_or_task=0,y_or_landing=0,yaw=0,hex=AA FF 01 06 00 00 00 00 00 00 B0,reason=normal"
946686407617,"type=xy,x_or_task=0,y_or_landing=0,yaw=0,hex=AA FF 01 06 00 00 00 00 00 00 B0,reason=normal"
946686407617,"type=mission,x_or_task=1,y_or_landing=1,yaw=0,hex=AA FF 02 02 01 01 AF,reason=normal"
946686407656,"type=xy,x_or_task=0,y_or_landing=0,yaw=0,hex=AA FF 01 06 00 00 00 00 00 00 B0,reason=normal"
946686407718,"type=xy,x_or_task=0,y_or_landing=0,yaw=0,hex=AA FF 01 06 00 00 00 00 00 00 B0,reason=normal"
946686407718,"type=mission,x_or_task=1,y_or_landing=1,yaw=0,hex=AA FF 02 02 01 01 AF,reason=normal"
946686407756,"type=xy,x_or_task=0,y_or_landing=0,yaw=0,hex=AA FF 01 06 00 00 00 00 00 00 B0,reason=normal"
946686407806,"type=xy,x_or_task=0,y_or_landing=0,yaw=0,hex=AA FF 01 06 00 00 00 00 00 00 B0,reason=normal"
946686407806,"type=mission,x_or_task=1,y_or_landing=1,yaw=0,hex=AA FF 02 02 01 01 AF,reason=normal"
946686407856,"type=xy,x_or_task=0,y_or_landing=0,yaw=0,hex=AA FF 01 06 00 00 00 00 00 00 B0,reason=normal"
946686407906,"type=xy,x_or_task=0,y_or_landing=0,yaw=0,hex=AA FF 01 06 00 00 00 00 00 00 B0,reason=normal"
946686407906,"type=mission,x_or_task=1,y_or_landing=1,yaw=0,hex=AA FF 02 02 01 01 AF,reason=normal"
946686407956,"type=xy,x_or_task=0,y_or_landing=0,yaw=0,hex=AA FF 01 06 00 00 00 00 00 00 B0,reason=normal"
946686408006,"type=xy,x_or_task=0,y_or_landing=0,yaw=0,hex=AA FF 01 06 00 00 00 00 00 00 B0,reason=normal"
946686408006,"type=mission,x_or_task=1,y_or_landing=1,yaw=0,hex=AA FF 02 02 01 01 AF,reason=normal"
946686408056,"type=xy,x_or_task=0,y_or_landing=0,yaw=0,hex=AA FF 01 06 00 00 00 00 00 00 B0,reason=normal"
946686408106,"type=xy,x_or_task=0,y_or_landing=0,yaw=0,hex=AA FF 01 06 00 00 00 00 00 00 B0,reason=normal"
946686408118,"type=mission,x_or_task=1,y_or_landing=1,yaw=0,hex=AA FF 02 02 01 01 AF,reason=normal"
946686408156,"type=xy,x_or_task=0,y_or_landing=0,yaw=0,hex=AA FF 01 06 00 00 00 00 00 00 B0,reason=normal"
946686408216,"type=xy,x_or_task=0,y_or_landing=0,yaw=0,hex=AA FF 01 06 00 00 00 00 00 00 B0,reason=normal"
946686408217,"type=mission,x_or_task=1,y_or_landing=1,yaw=0,hex=AA FF 02 02 01 01 AF,reason=normal"
946686408256,"type=xy,x_or_task=0,y_or_landing=0,yaw=0,hex=AA FF 01 06 00 00 00 00 00 00 B0,reason=normal"
946686408306,"type=xy,x_or_task=0,y_or_landing=0,yaw=0,hex=AA FF 01 06 00 00 00 00 00 00 B0,reason=normal"
946686408318,"type=mission,x_or_task=1,y_or_landing=1,yaw=0,hex=AA FF 02 02 01 01 AF,reason=normal"
946686408356,"type=xy,x_or_task=0,y_or_landing=0,yaw=0,hex=AA FF 01 06 00 00 00 00 00 00 B0,reason=normal"
946686408406,"type=xy,x_or_task=0,y_or_landing=0,yaw=0,hex=AA FF 01 06 00 00 00 00 00 00 B0,reason=normal"
946686408406,"type=mission,x_or_task=1,y_or_landing=1,yaw=0,hex=AA FF 02 02 01 01 AF,reason=normal"
946686408456,"type=xy,x_or_task=0,y_or_landing=0,yaw=0,hex=AA FF 01 06 00 00 00 00 00 00 B0,reason=normal"
946686408520,"type=xy,x_or_task=0,y_or_landing=0,yaw=0,hex=AA FF 01 06 00 00 00 00 00 00 B0,reason=normal"
946686408520,"type=mission,x_or_task=1,y_or_landing=1,yaw=0,hex=AA FF 02 02 01 01 AF,reason=normal"
946686408556,"type=xy,x_or_task=0,y_or_landing=0,yaw=0,hex=AA FF 01 06 00 00 00 00 00 00 B0,reason=normal"
946686408606,"type=xy,x_or_task=0,y_or_landing=0,yaw=0,hex=AA FF 01 06 00 00 00 00 00 00 B0,reason=normal"
946686408606,"type=mission,x_or_task=1,y_or_landing=1,yaw=0,hex=AA FF 02 02 01 01 AF,reason=normal"
946686408656,"type=xy,x_or_task=0,y_or_landing=0,yaw=0,hex=AA FF 01 06 00 00 00 00 00 00 B0,reason=normal"
946686408706,"type=xy,x_or_task=0,y_or_landing=0,yaw=0,hex=AA FF 01 06 00 00 00 00 00 00 B0,reason=normal"
946686408706,"type=mission,x_or_task=1,y_or_landing=1,yaw=0,hex=AA FF 02 02 01 01 AF,reason=normal"
946686408756,"type=xy,x_or_task=0,y_or_landing=0,yaw=0,hex=AA FF 01 06 00 00 00 00 00 00 B0,reason=normal"
946686408806,"type=xy,x_or_task=0,y_or_landing=0,yaw=0,hex=AA FF 01 06 00 00 00 00 00 00 B0,reason=normal"
946686408806,"type=mission,x_or_task=1,y_or_landing=1,yaw=0,hex=AA FF 02 02 01 01 AF,reason=normal"
946686408856,"type=xy,x_or_task=0,y_or_landing=0,yaw=0,hex=AA FF 01 06 00 00 00 00 00 00 B0,reason=normal"
946686408906,"type=xy,x_or_task=0,y_or_landing=0,yaw=0,hex=AA FF 01 06 00 00 00 00 00 00 B0,reason=normal"
946686408906,"type=mission,x_or_task=1,y_or_landing=1,yaw=0,hex=AA FF 02 02 01 01 AF,reason=normal"
946686408956,"type=xy,x_or_task=0,y_or_landing=0,yaw=0,hex=AA FF 01 06 00 00 00 00 00 00 B0,reason=normal"
946686409020,"type=xy,x_or_task=0,y_or_landing=0,yaw=0,hex=AA FF 01 06 00 00 00 00 00 00 B0,reason=normal"
946686409020,"type=mission,x_or_task=1,y_or_landing=1,yaw=0,hex=AA FF 02 02 01 01 AF,reason=normal"
946686409056,"type=xy,x_or_task=0,y_or_landing=0,yaw=0,hex=AA FF 01 06 00 00 00 00 00 00 B0,reason=normal"
946686409106,"type=xy,x_or_task=0,y_or_landing=0,yaw=0,hex=AA FF 01 06 00 00 00 00 00 00 B0,reason=normal"
946686409106,"type=mission,x_or_task=1,y_or_landing=1,yaw=0,hex=AA FF 02 02 01 01 AF,reason=normal"
946686409156,"type=xy,x_or_task=0,y_or_landing=0,yaw=0,hex=AA FF 01 06 00 00 00 00 00 00 B0,reason=normal"
946686409206,"type=xy,x_or_task=0,y_or_landing=0,yaw=0,hex=AA FF 01 06 00 00 00 00 00 00 B0,reason=normal"
946686409216,"type=mission,x_or_task=1,y_or_landing=1,yaw=0,hex=AA FF 02 02 01 01 AF,reason=normal"
946686409256,"type=xy,x_or_task=0,y_or_landing=0,yaw=0,hex=AA FF 01 06 00 00 00 00 00 00 B0,reason=normal"
946686409306,"type=xy,x_or_task=0,y_or_landing=0,yaw=0,hex=AA FF 01 06 00 00 00 00 00 00 B0,reason=normal"
946686409316,"type=mission,x_or_task=1,y_or_landing=1,yaw=0,hex=AA FF 02 02 01 01 AF,reason=normal"
946686409356,"type=xy,x_or_task=0,y_or_landing=0,yaw=0,hex=AA FF 01 06 00 00 00 00 00 00 B0,reason=normal"
946686409406,"type=xy,x_or_task=0,y_or_landing=0,yaw=0,hex=AA FF 01 06 00 00 00 00 00 00 B0,reason=normal"
946686409406,"type=mission,x_or_task=1,y_or_landing=1,yaw=0,hex=AA FF 02 02 01 01 AF,reason=normal"
946686409456,"type=xy,x_or_task=0,y_or_landing=0,yaw=0,hex=AA FF 01 06 00 00 00 00 00 00 B0,reason=normal"
946686409506,"type=xy,x_or_task=0,y_or_landing=0,yaw=0,hex=AA FF 01 06 00 00 00 00 00 00 B0,reason=normal"
946686409518,"type=mission,x_or_task=1,y_or_landing=1,yaw=0,hex=AA FF 02 02 01 01 AF,reason=normal"
946686409556,"type=xy,x_or_task=0,y_or_landing=0,yaw=0,hex=AA FF 01 06 00 00 00 00 00 00 B0,reason=normal"
946686409606,"type=xy,x_or_task=0,y_or_landing=0,yaw=0,hex=AA FF 01 06 00 00 00 00 00 00 B0,reason=normal"
946686409606,"type=mission,x_or_task=1,y_or_landing=1,yaw=0,hex=AA FF 02 02 01 01 AF,reason=normal"
946686409656,"type=xy,x_or_task=0,y_or_landing=0,yaw=0,hex=AA FF 01 06 00 00 00 00 00 00 B0,reason=normal"
946686409706,"type=xy,x_or_task=0,y_or_landing=0,yaw=0,hex=AA FF 01 06 00 00 00 00 00 00 B0,reason=normal"
946686409706,"type=mission,x_or_task=1,y_or_landing=1,yaw=0,hex=AA FF 02 02 01 01 AF,reason=normal"
946686409756,"type=xy,x_or_task=0,y_or_landing=0,yaw=0,hex=AA FF 01 06 00 00 00 00 00 00 B0,reason=normal"
946686409806,"type=xy,x_or_task=0,y_or_landing=0,yaw=0,hex=AA FF 01 06 00 00 00 00 00 00 B0,reason=normal"
946686409806,"type=mission,x_or_task=1,y_or_landing=1,yaw=0,hex=AA FF 02 02 01 01 AF,reason=normal"
946686409856,"type=xy,x_or_task=0,y_or_landing=0,yaw=0,hex=AA FF 01 06 00 00 00 00 00 00 B0,reason=normal"
946686409916,"type=xy,x_or_task=0,y_or_landing=0,yaw=0,hex=AA FF 01 06 00 00 00 00 00 00 B0,reason=normal"
946686409916,"type=mission,x_or_task=1,y_or_landing=1,yaw=0,hex=AA FF 02 02 01 01 AF,reason=normal"
946686409956,"type=xy,x_or_task=0,y_or_landing=0,yaw=0,hex=AA FF 01 06 00 00 00 00 00 00 B0,reason=normal"
946686410018,"type=xy,x_or_task=0,y_or_landing=0,yaw=0,hex=AA FF 01 06 00 00 00 00 00 00 B0,reason=normal"
946686410018,"type=mission,x_or_task=1,y_or_landing=1,yaw=0,hex=AA FF 02 02 01 01 AF,reason=normal"
946686410056,"type=xy,x_or_task=0,y_or_landing=0,yaw=0,hex=AA FF 01 06 00 00 00 00 00 00 B0,reason=normal"
946686410118,"type=xy,x_or_task=0,y_or_landing=0,yaw=0,hex=AA FF 01 06 00 00 00 00 00 00 B0,reason=normal"
946686410118,"type=mission,x_or_task=1,y_or_landing=1,yaw=0,hex=AA FF 02 02 01 01 AF,reason=normal"
946686410156,"type=xy,x_or_task=0,y_or_landing=0,yaw=0,hex=AA FF 01 06 00 00 00 00 00 00 B0,reason=normal"
946686410206,"type=xy,x_or_task=0,y_or_landing=0,yaw=0,hex=AA FF 01 06 00 00 00 00 00 00 B0,reason=normal"
946686410206,"type=mission,x_or_task=1,y_or_landing=1,yaw=0,hex=AA FF 02 02 01 01 AF,reason=normal"
946686410256,"type=xy,x_or_task=0,y_or_landing=0,yaw=0,hex=AA FF 01 06 00 00 00 00 00 00 B0,reason=normal"
946686410306,"type=xy,x_or_task=0,y_or_landing=0,yaw=0,hex=AA FF 01 06 00 00 00 00 00 00 B0,reason=normal"
946686410320,"type=mission,x_or_task=1,y_or_landing=1,yaw=0,hex=AA FF 02 02 01 01 AF,reason=normal"
946686410356,"type=xy,x_or_task=0,y_or_landing=0,yaw=0,hex=AA FF 01 06 00 00 00 00 00 00 B0,reason=normal"
946686410406,"type=xy,x_or_task=0,y_or_landing=0,yaw=0,hex=AA FF 01 06 00 00 00 00 00 00 B0,reason=normal"
946686410418,"type=mission,x_or_task=1,y_or_landing=1,yaw=0,hex=AA FF 02 02 01 01 AF,reason=normal"
946686410456,"type=xy,x_or_task=0,y_or_landing=0,yaw=0,hex=AA FF 01 06 00 00 00 00 00 00 B0,reason=normal"
946686410518,"type=xy,x_or_task=0,y_or_landing=0,yaw=0,hex=AA FF 01 06 00 00 00 00 00 00 B0,reason=normal"
946686410518,"type=mission,x_or_task=1,y_or_landing=1,yaw=0,hex=AA FF 02 02 01 01 AF,reason=normal"
946686410556,"type=xy,x_or_task=0,y_or_landing=0,yaw=0,hex=AA FF 01 06 00 00 00 00 00 00 B0,reason=normal"
946686410606,"type=xy,x_or_task=0,y_or_landing=0,yaw=0,hex=AA FF 01 06 00 00 00 00 00 00 B0,reason=normal"
946686410616,"type=mission,x_or_task=1,y_or_landing=1,yaw=0,hex=AA FF 02 02 01 01 AF,reason=normal"
946686410656,"type=xy,x_or_task=0,y_or_landing=0,yaw=0,hex=AA FF 01 06 00 00 00 00 00 00 B0,reason=normal"
946686410715,"type=xy,x_or_task=0,y_or_landing=0,yaw=0,hex=AA FF 01 06 00 00 00 00 00 00 B0,reason=normal"
946686410715,"type=mission,x_or_task=1,y_or_landing=1,yaw=0,hex=AA FF 02 02 01 01 AF,reason=normal"
946686410756,"type=xy,x_or_task=0,y_or_landing=0,yaw=0,hex=AA FF 01 06 00 00 00 00 00 00 B0,reason=normal"
946686410818,"type=xy,x_or_task=0,y_or_landing=0,yaw=0,hex=AA FF 01 06 00 00 00 00 00 00 B0,reason=normal"
946686410818,"type=mission,x_or_task=1,y_or_landing=1,yaw=0,hex=AA FF 02 02 01 01 AF,reason=normal"
946686410856,"type=xy,x_or_task=0,y_or_landing=0,yaw=0,hex=AA FF 01 06 00 00 00 00 00 00 B0,reason=normal"
946686410906,"type=xy,x_or_task=0,y_or_landing=0,yaw=0,hex=AA FF 01 06 00 00 00 00 00 00 B0,reason=normal"
946686410917,"type=mission,x_or_task=1,y_or_landing=1,yaw=0,hex=AA FF 02 02 01 01 AF,reason=normal"
946686410956,"type=xy,x_or_task=0,y_or_landing=0,yaw=0,hex=AA FF 01 06 00 00 00 00 00 00 B0,reason=normal"
946686411006,"type=xy,x_or_task=0,y_or_landing=0,yaw=0,hex=AA FF 01 06 00 00 00 00 00 00 B0,reason=normal"
946686411006,"type=mission,x_or_task=1,y_or_landing=1,yaw=0,hex=AA FF 02 02 01 01 AF,reason=normal"
946686411056,"type=xy,x_or_task=0,y_or_landing=0,yaw=0,hex=AA FF 01 06 00 00 00 00 00 00 B0,reason=normal"
946686411118,"type=xy,x_or_task=0,y_or_landing=0,yaw=0,hex=AA FF 01 06 00 00 00 00 00 00 B0,reason=normal"
946686411119,"type=mission,x_or_task=1,y_or_landing=1,yaw=0,hex=AA FF 02 02 01 01 AF,reason=normal"
946686411156,"type=xy,x_or_task=0,y_or_landing=0,yaw=0,hex=AA FF 01 06 00 00 00 00 00 00 B0,reason=normal"
946686411206,"type=xy,x_or_task=0,y_or_landing=0,yaw=0,hex=AA FF 01 06 00 00 00 00 00 00 B0,reason=normal"
946686411206,"type=mission,x_or_task=1,y_or_landing=1,yaw=0,hex=AA FF 02 02 01 01 AF,reason=normal"
946686411256,"type=xy,x_or_task=0,y_or_landing=0,yaw=0,hex=AA FF 01 06 00 00 00 00 00 00 B0,reason=normal"
946686411306,"type=xy,x_or_task=0,y_or_landing=0,yaw=0,hex=AA FF 01 06 00 00 00 00 00 00 B0,reason=normal"
946686411318,"type=mission,x_or_task=1,y_or_landing=1,yaw=0,hex=AA FF 02 02 01 01 AF,reason=normal"
946686411356,"type=xy,x_or_task=0,y_or_landing=0,yaw=0,hex=AA FF 01 06 00 00 00 00 00 00 B0,reason=normal"
946686411416,"type=xy,x_or_task=0,y_or_landing=0,yaw=0,hex=AA FF 01 06 00 00 00 00 00 00 B0,reason=normal"
946686411416,"type=mission,x_or_task=1,y_or_landing=1,yaw=0,hex=AA FF 02 02 01 01 AF,reason=normal"
946686411456,"type=xy,x_or_task=0,y_or_landing=0,yaw=0,hex=AA FF 01 06 00 00 00 00 00 00 B0,reason=normal"
946686411506,"type=xy,x_or_task=0,y_or_landing=0,yaw=0,hex=AA FF 01 06 00 00 00 00 00 00 B0,reason=normal"
946686411518,"type=mission,x_or_task=1,y_or_landing=1,yaw=0,hex=AA FF 02 02 01 01 AF,reason=normal"
946686411556,"type=xy,x_or_task=0,y_or_landing=0,yaw=0,hex=AA FF 01 06 00 00 00 00 00 00 B0,reason=normal"
946686411606,"type=xy,x_or_task=0,y_or_landing=0,yaw=0,hex=AA FF 01 06 00 00 00 00 00 00 B0,reason=normal"
946686411618,"type=mission,x_or_task=1,y_or_landing=1,yaw=0,hex=AA FF 02 02 01 01 AF,reason=normal"
946686411656,"type=xy,x_or_task=0,y_or_landing=0,yaw=0,hex=AA FF 01 06 00 00 00 00 00 00 B0,reason=normal"
946686411706,"type=xy,x_or_task=0,y_or_landing=0,yaw=0,hex=AA FF 01 06 00 00 00 00 00 00 B0,reason=normal"
946686411706,"type=mission,x_or_task=1,y_or_landing=1,yaw=0,hex=AA FF 02 02 01 01 AF,reason=normal"
946686411756,"type=xy,x_or_task=0,y_or_landing=0,yaw=0,hex=AA FF 01 06 00 00 00 00 00 00 B0,reason=normal"
946686411818,"type=xy,x_or_task=0,y_or_landing=0,yaw=0,hex=AA FF 01 06 00 00 00 00 00 00 B0,reason=normal"
946686411818,"type=mission,x_or_task=1,y_or_landing=1,yaw=0,hex=AA FF 02 02 01 01 AF,reason=normal"
946686411856,"type=xy,x_or_task=0,y_or_landing=0,yaw=0,hex=AA FF 01 06 00 00 00 00 00 00 B0,reason=normal"
946686411906,"type=xy,x_or_task=0,y_or_landing=0,yaw=0,hex=AA FF 01 06 00 00 00 00 00 00 B0,reason=normal"
946686411906,"type=mission,x_or_task=1,y_or_landing=1,yaw=0,hex=AA FF 02 02 01 01 AF,reason=normal"
946686411956,"type=xy,x_or_task=0,y_or_landing=0,yaw=0,hex=AA FF 01 06 00 00 00 00 00 00 B0,reason=normal"
946686412018,"type=xy,x_or_task=0,y_or_landing=0,yaw=0,hex=AA FF 01 06 00 00 00 00 00 00 B0,reason=normal"
946686412018,"type=mission,x_or_task=1,y_or_landing=1,yaw=0,hex=AA FF 02 02 01 01 AF,reason=normal"
946686412056,"type=xy,x_or_task=0,y_or_landing=0,yaw=0,hex=AA FF 01 06 00 00 00 00 00 00 B0,reason=normal"
946686412118,"type=xy,x_or_task=0,y_or_landing=0,yaw=0,hex=AA FF 01 06 00 00 00 00 00 00 B0,reason=normal"
946686412119,"type=mission,x_or_task=1,y_or_landing=1,yaw=0,hex=AA FF 02 02 01 01 AF,reason=normal"
946686412156,"type=xy,x_or_task=0,y_or_landing=0,yaw=0,hex=AA FF 01 06 00 00 00 00 00 00 B0,reason=normal"
946686412206,"type=xy,x_or_task=0,y_or_landing=0,yaw=0,hex=AA FF 01 06 00 00 00 00 00 00 B0,reason=normal"
946686412218,"type=mission,x_or_task=1,y_or_landing=1,yaw=0,hex=AA FF 02 02 01 01 AF,reason=normal"
946686412256,"type=xy,x_or_task=0,y_or_landing=0,yaw=0,hex=AA FF 01 06 00 00 00 00 00 00 B0,reason=normal"
946686412317,"type=xy,x_or_task=0,y_or_landing=0,yaw=0,hex=AA FF 01 06 00 00 00 00 00 00 B0,reason=normal"
946686412318,"type=mission,x_or_task=1,y_or_landing=1,yaw=0,hex=AA FF 02 02 01 01 AF,reason=normal"
946686412356,"type=xy,x_or_task=0,y_or_landing=0,yaw=0,hex=AA FF 01 06 00 00 00 00 00 00 B0,reason=normal"
946686412415,"type=xy,x_or_task=0,y_or_landing=0,yaw=0,hex=AA FF 01 06 00 00 00 00 00 00 B0,reason=normal"
946686412415,"type=mission,x_or_task=1,y_or_landing=1,yaw=0,hex=AA FF 02 02 01 01 AF,reason=normal"
946686412456,"type=xy,x_or_task=0,y_or_landing=0,yaw=0,hex=AA FF 01 06 00 00 00 00 00 00 B0,reason=normal"
946686412506,"type=xy,x_or_task=0,y_or_landing=0,yaw=0,hex=AA FF 01 06 00 00 00 00 00 00 B0,reason=normal"
946686412516,"type=mission,x_or_task=1,y_or_landing=1,yaw=0,hex=AA FF 02 02 01 01 AF,reason=normal"
946686412556,"type=xy,x_or_task=0,y_or_landing=0,yaw=0,hex=AA FF 01 06 00 00 00 00 00 00 B0,reason=normal"
946686412618,"type=xy,x_or_task=0,y_or_landing=0,yaw=0,hex=AA FF 01 06 00 00 00 00 00 00 B0,reason=normal"
946686412618,"type=mission,x_or_task=1,y_or_landing=1,yaw=0,hex=AA FF 02 02 01 01 AF,reason=normal"
946686412656,"type=xy,x_or_task=0,y_or_landing=0,yaw=0,hex=AA FF 01 06 00 00 00 00 00 00 B0,reason=normal"
946686412706,"type=xy,x_or_task=0,y_or_landing=0,yaw=0,hex=AA FF 01 06 00 00 00 00 00 00 B0,reason=normal"
946686412706,"type=mission,x_or_task=1,y_or_landing=1,yaw=0,hex=AA FF 02 02 01 01 AF,reason=normal"
946686412756,"type=xy,x_or_task=0,y_or_landing=0,yaw=0,hex=AA FF 01 06 00 00 00 00 00 00 B0,reason=normal"
946686412806,"type=xy,x_or_task=0,y_or_landing=0,yaw=0,hex=AA FF 01 06 00 00 00 00 00 00 B0,reason=normal"
946686412818,"type=mission,x_or_task=1,y_or_landing=1,yaw=0,hex=AA FF 02 02 01 01 AF,reason=normal"
946686412856,"type=xy,x_or_task=0,y_or_landing=0,yaw=0,hex=AA FF 01 06 00 00 00 00 00 00 B0,reason=normal"
946686412906,"type=xy,x_or_task=0,y_or_landing=0,yaw=0,hex=AA FF 01 06 00 00 00 00 00 00 B0,reason=normal"
946686412918,"type=mission,x_or_task=1,y_or_landing=1,yaw=0,hex=AA FF 02 02 01 01 AF,reason=normal"
946686412956,"type=xy,x_or_task=0,y_or_landing=0,yaw=0,hex=AA FF 01 06 00 00 00 00 00 00 B0,reason=normal"
946686413006,"type=xy,x_or_task=0,y_or_landing=0,yaw=0,hex=AA FF 01 06 00 00 00 00 00 00 B0,reason=normal"
946686413006,"type=mission,x_or_task=1,y_or_landing=1,yaw=0,hex=AA FF 02 02 01 01 AF,reason=normal"
946686413056,"type=xy,x_or_task=0,y_or_landing=0,yaw=0,hex=AA FF 01 06 00 00 00 00 00 00 B0,reason=normal"
946686413106,"type=xy,x_or_task=0,y_or_landing=0,yaw=0,hex=AA FF 01 06 00 00 00 00 00 00 B0,reason=normal"
946686413119,"type=mission,x_or_task=1,y_or_landing=1,yaw=0,hex=AA FF 02 02 01 01 AF,reason=normal"
946686413156,"type=xy,x_or_task=0,y_or_landing=0,yaw=0,hex=AA FF 01 06 00 00 00 00 00 00 B0,reason=normal"
946686413206,"type=xy,x_or_task=0,y_or_landing=0,yaw=0,hex=AA FF 01 06 00 00 00 00 00 00 B0,reason=normal"
946686413216,"type=mission,x_or_task=1,y_or_landing=1,yaw=0,hex=AA FF 02 02 01 01 AF,reason=normal"
946686413256,"type=xy,x_or_task=0,y_or_landing=0,yaw=0,hex=AA FF 01 06 00 00 00 00 00 00 B0,reason=normal"
946686413306,"type=xy,x_or_task=0,y_or_landing=0,yaw=0,hex=AA FF 01 06 00 00 00 00 00 00 B0,reason=normal"
946686413320,"type=mission,x_or_task=1,y_or_landing=1,yaw=0,hex=AA FF 02 02 01 01 AF,reason=normal"
946686413356,"type=xy,x_or_task=0,y_or_landing=0,yaw=0,hex=AA FF 01 06 00 00 00 00 00 00 B0,reason=normal"
946686413406,"type=xy,x_or_task=0,y_or_landing=0,yaw=0,hex=AA FF 01 06 00 00 00 00 00 00 B0,reason=normal"
946686413406,"type=mission,x_or_task=1,y_or_landing=1,yaw=0,hex=AA FF 02 02 01 01 AF,reason=normal"
946686413456,"type=xy,x_or_task=0,y_or_landing=0,yaw=0,hex=AA FF 01 06 00 00 00 00 00 00 B0,reason=normal"
946686413506,"type=xy,x_or_task=0,y_or_landing=0,yaw=0,hex=AA FF 01 06 00 00 00 00 00 00 B0,reason=normal"
946686413518,"type=mission,x_or_task=1,y_or_landing=1,yaw=0,hex=AA FF 02 02 01 01 AF,reason=normal"
946686413556,"type=xy,x_or_task=0,y_or_landing=0,yaw=0,hex=AA FF 01 06 00 00 00 00 00 00 B0,reason=normal"
946686413606,"type=xy,x_or_task=0,y_or_landing=0,yaw=0,hex=AA FF 01 06 00 00 00 00 00 00 B0,reason=normal"
946686413606,"type=mission,x_or_task=1,y_or_landing=1,yaw=0,hex=AA FF 02 02 01 01 AF,reason=normal"
946686413656,"type=xy,x_or_task=0,y_or_landing=0,yaw=0,hex=AA FF 01 06 00 00 00 00 00 00 B0,reason=normal"
946686413706,"type=xy,x_or_task=0,y_or_landing=0,yaw=0,hex=AA FF 01 06 00 00 00 00 00 00 B0,reason=normal"
946686413720,"type=mission,x_or_task=1,y_or_landing=1,yaw=0,hex=AA FF 02 02 01 01 AF,reason=normal"
946686413756,"type=xy,x_or_task=0,y_or_landing=0,yaw=0,hex=AA FF 01 06 00 00 00 00 00 00 B0,reason=normal"
946686413818,"type=xy,x_or_task=0,y_or_landing=0,yaw=0,hex=AA FF 01 06 00 00 00 00 00 00 B0,reason=normal"
946686413818,"type=mission,x_or_task=1,y_or_landing=1,yaw=0,hex=AA FF 02 02 01 01 AF,reason=normal"
946686413856,"type=xy,x_or_task=0,y_or_landing=0,yaw=0,hex=AA FF 01 06 00 00 00 00 00 00 B0,reason=normal"
946686413906,"type=xy,x_or_task=0,y_or_landing=0,yaw=0,hex=AA FF 01 06 00 00 00 00 00 00 B0,reason=normal"
946686413919,"type=mission,x_or_task=1,y_or_landing=1,yaw=0,hex=AA FF 02 02 01 01 AF,reason=normal"
946686413956,"type=xy,x_or_task=0,y_or_landing=0,yaw=0,hex=AA FF 01 06 00 00 00 00 00 00 B0,reason=normal"
946686414006,"type=xy,x_or_task=0,y_or_landing=0,yaw=0,hex=AA FF 01 06 00 00 00 00 00 00 B0,reason=normal"
946686414006,"type=mission,x_or_task=1,y_or_landing=1,yaw=0,hex=AA FF 02 02 01 01 AF,reason=normal"
946686414056,"type=xy,x_or_task=0,y_or_landing=0,yaw=0,hex=AA FF 01 06 00 00 00 00 00 00 B0,reason=normal"
946686414106,"type=xy,x_or_task=0,y_or_landing=0,yaw=0,hex=AA FF 01 06 00 00 00 00 00 00 B0,reason=normal"
946686414106,"type=mission,x_or_task=1,y_or_landing=1,yaw=0,hex=AA FF 02 02 01 01 AF,reason=normal"
946686414156,"type=xy,x_or_task=0,y_or_landing=0,yaw=0,hex=AA FF 01 06 00 00 00 00 00 00 B0,reason=normal"
946686414206,"type=xy,x_or_task=0,y_or_landing=0,yaw=0,hex=AA FF 01 06 00 00 00 00 00 00 B0,reason=normal"
946686414218,"type=mission,x_or_task=1,y_or_landing=1,yaw=0,hex=AA FF 02 02 01 01 AF,reason=normal"
946686414256,"type=xy,x_or_task=0,y_or_landing=0,yaw=0,hex=AA FF 01 06 00 00 00 00 00 00 B0,reason=normal"
946686414306,"type=xy,x_or_task=0,y_or_landing=0,yaw=0,hex=AA FF 01 06 00 00 00 00 00 00 B0,reason=normal"
946686414306,"type=mission,x_or_task=1,y_or_landing=1,yaw=0,hex=AA FF 02 02 01 01 AF,reason=normal"
946686414356,"type=xy,x_or_task=0,y_or_landing=0,yaw=0,hex=AA FF 01 06 00 00 00 00 00 00 B0,reason=normal"
946686414406,"type=xy,x_or_task=0,y_or_landing=0,yaw=0,hex=AA FF 01 06 00 00 00 00 00 00 B0,reason=normal"
946686414406,"type=mission,x_or_task=1,y_or_landing=1,yaw=0,hex=AA FF 02 02 01 01 AF,reason=normal"
946686414456,"type=xy,x_or_task=0,y_or_landing=0,yaw=0,hex=AA FF 01 06 00 00 00 00 00 00 B0,reason=normal"
946686414506,"type=xy,x_or_task=0,y_or_landing=0,yaw=0,hex=AA FF 01 06 00 00 00 00 00 00 B0,reason=normal"
946686414518,"type=mission,x_or_task=1,y_or_landing=1,yaw=0,hex=AA FF 02 02 01 01 AF,reason=normal"
946686414556,"type=xy,x_or_task=0,y_or_landing=0,yaw=0,hex=AA FF 01 06 00 00 00 00 00 00 B0,reason=normal"
946686414606,"type=xy,x_or_task=0,y_or_landing=0,yaw=0,hex=AA FF 01 06 00 00 00 00 00 00 B0,reason=normal"
946686414619,"type=mission,x_or_task=1,y_or_landing=1,yaw=0,hex=AA FF 02 02 01 01 AF,reason=normal"
946686414656,"type=xy,x_or_task=0,y_or_landing=0,yaw=0,hex=AA FF 01 06 00 00 00 00 00 00 B0,reason=normal"
946686414706,"type=xy,x_or_task=0,y_or_landing=0,yaw=0,hex=AA FF 01 06 00 00 00 00 00 00 B0,reason=normal"
946686414706,"type=mission,x_or_task=1,y_or_landing=1,yaw=0,hex=AA FF 02 02 01 01 AF,reason=normal"
946686414756,"type=xy,x_or_task=0,y_or_landing=0,yaw=0,hex=AA FF 01 06 00 00 00 00 00 00 B0,reason=normal"
946686414806,"type=xy,x_or_task=0,y_or_landing=0,yaw=0,hex=AA FF 01 06 00 00 00 00 00 00 B0,reason=normal"
946686414806,"type=mission,x_or_task=1,y_or_landing=1,yaw=0,hex=AA FF 02 02 01 01 AF,reason=normal"
946686414856,"type=xy,x_or_task=0,y_or_landing=0,yaw=0,hex=AA FF 01 06 00 00 00 00 00 00 B0,reason=normal"
946686414906,"type=xy,x_or_task=0,y_or_landing=0,yaw=0,hex=AA FF 01 06 00 00 00 00 00 00 B0,reason=normal"
946686414906,"type=mission,x_or_task=1,y_or_landing=1,yaw=0,hex=AA FF 02 02 01 01 AF,reason=normal"
946686414956,"type=xy,x_or_task=0,y_or_landing=0,yaw=0,hex=AA FF 01 06 00 00 00 00 00 00 B0,reason=normal"
946686415006,"type=xy,x_or_task=0,y_or_landing=0,yaw=0,hex=AA FF 01 06 00 00 00 00 00 00 B0,reason=normal"
946686415006,"type=mission,x_or_task=1,y_or_landing=1,yaw=0,hex=AA FF 02 02 01 01 AF,reason=normal"
946686415056,"type=xy,x_or_task=0,y_or_landing=0,yaw=0,hex=AA FF 01 06 00 00 00 00 00 00 B0,reason=normal"
946686415106,"type=xy,x_or_task=0,y_or_landing=0,yaw=0,hex=AA FF 01 06 00 00 00 00 00 00 B0,reason=normal"
946686415106,"type=mission,x_or_task=1,y_or_landing=1,yaw=0,hex=AA FF 02 02 01 01 AF,reason=normal"
946686415156,"type=xy,x_or_task=0,y_or_landing=0,yaw=0,hex=AA FF 01 06 00 00 00 00 00 00 B0,reason=normal"
946686415206,"type=xy,x_or_task=1,y_or_landing=0,yaw=0,hex=AA FF 01 06 00 01 00 00 00 00 B1,reason=normal"
946686415206,"type=mission,x_or_task=1,y_or_landing=1,yaw=0,hex=AA FF 02 02 01 01 AF,reason=normal"
946686415256,"type=xy,x_or_task=1,y_or_landing=0,yaw=0,hex=AA FF 01 06 00 01 00 00 00 00 B1,reason=normal"
946686415306,"type=xy,x_or_task=0,y_or_landing=0,yaw=0,hex=AA FF 01 06 00 00 00 00 00 00 B0,reason=normal"
946686415306,"type=mission,x_or_task=1,y_or_landing=1,yaw=0,hex=AA FF 02 02 01 01 AF,reason=normal"
946686415356,"type=xy,x_or_task=0,y_or_landing=0,yaw=0,hex=AA FF 01 06 00 00 00 00 00 00 B0,reason=normal"
946686415406,"type=xy,x_or_task=0,y_or_landing=0,yaw=0,hex=AA FF 01 06 00 00 00 00 00 00 B0,reason=normal"
946686415406,"type=mission,x_or_task=1,y_or_landing=1,yaw=0,hex=AA FF 02 02 01 01 AF,reason=normal"
946686415456,"type=xy,x_or_task=0,y_or_landing=0,yaw=0,hex=AA FF 01 06 00 00 00 00 00 00 B0,reason=normal"
946686415506,"type=xy,x_or_task=0,y_or_landing=0,yaw=0,hex=AA FF 01 06 00 00 00 00 00 00 B0,reason=normal"
946686415506,"type=mission,x_or_task=1,y_or_landing=1,yaw=0,hex=AA FF 02 02 01 01 AF,reason=normal"
946686415556,"type=xy,x_or_task=0,y_or_landing=0,yaw=0,hex=AA FF 01 06 00 00 00 00 00 00 B0,reason=normal"
946686415606,"type=xy,x_or_task=0,y_or_landing=0,yaw=0,hex=AA FF 01 06 00 00 00 00 00 00 B0,reason=normal"
946686415606,"type=mission,x_or_task=1,y_or_landing=1,yaw=0,hex=AA FF 02 02 01 01 AF,reason=normal"
946686415656,"type=xy,x_or_task=0,y_or_landing=0,yaw=0,hex=AA FF 01 06 00 00 00 00 00 00 B0,reason=normal"
946686415706,"type=xy,x_or_task=0,y_or_landing=0,yaw=0,hex=AA FF 01 06 00 00 00 00 00 00 B0,reason=normal"
946686415706,"type=mission,x_or_task=1,y_or_landing=1,yaw=0,hex=AA FF 02 02 01 01 AF,reason=normal"
946686415756,"type=xy,x_or_task=0,y_or_landing=0,yaw=0,hex=AA FF 01 06 00 00 00 00 00 00 B0,reason=normal"
946686415806,"type=xy,x_or_task=0,y_or_landing=0,yaw=0,hex=AA FF 01 06 00 00 00 00 00 00 B0,reason=normal"
946686415806,"type=mission,x_or_task=1,y_or_landing=1,yaw=0,hex=AA FF 02 02 01 01 AF,reason=normal"
946686415856,"type=xy,x_or_task=0,y_or_landing=0,yaw=0,hex=AA FF 01 06 00 00 00 00 00 00 B0,reason=normal"
946686415906,"type=xy,x_or_task=0,y_or_landing=0,yaw=0,hex=AA FF 01 06 00 00 00 00 00 00 B0,reason=normal"
946686415906,"type=mission,x_or_task=1,y_or_landing=1,yaw=0,hex=AA FF 02 02 01 01 AF,reason=normal"
946686415956,"type=xy,x_or_task=0,y_or_landing=0,yaw=0,hex=AA FF 01 06 00 00 00 00 00 00 B0,reason=normal"
946686416006,"type=xy,x_or_task=0,y_or_landing=0,yaw=0,hex=AA FF 01 06 00 00 00 00 00 00 B0,reason=normal"
946686416006,"type=mission,x_or_task=1,y_or_landing=1,yaw=0,hex=AA FF 02 02 01 01 AF,reason=normal"
946686416056,"type=xy,x_or_task=0,y_or_landing=0,yaw=0,hex=AA FF 01 06 00 00 00 00 00 00 B0,reason=normal"
946686416106,"type=xy,x_or_task=0,y_or_landing=0,yaw=0,hex=AA FF 01 06 00 00 00 00 00 00 B0,reason=normal"
946686416106,"type=mission,x_or_task=1,y_or_landing=1,yaw=0,hex=AA FF 02 02 01 01 AF,reason=normal"
946686416156,"type=xy,x_or_task=0,y_or_landing=0,yaw=0,hex=AA FF 01 06 00 00 00 00 00 00 B0,reason=normal"
946686416206,"type=xy,x_or_task=0,y_or_landing=0,yaw=0,hex=AA FF 01 06 00 00 00 00 00 00 B0,reason=normal"
946686416206,"type=mission,x_or_task=1,y_or_landing=1,yaw=0,hex=AA FF 02 02 01 01 AF,reason=normal"
946686416256,"type=xy,x_or_task=0,y_or_landing=0,yaw=0,hex=AA FF 01 06 00 00 00 00 00 00 B0,reason=normal"
946686416306,"type=xy,x_or_task=1,y_or_landing=0,yaw=0,hex=AA FF 01 06 00 01 00 00 00 00 B1,reason=normal"
946686416306,"type=mission,x_or_task=1,y_or_landing=1,yaw=0,hex=AA FF 02 02 01 01 AF,reason=normal"
946686416356,"type=xy,x_or_task=1,y_or_landing=0,yaw=0,hex=AA FF 01 06 00 01 00 00 00 00 B1,reason=normal"
946686416406,"type=xy,x_or_task=1,y_or_landing=0,yaw=0,hex=AA FF 01 06 00 01 00 00 00 00 B1,reason=normal"
946686416406,"type=mission,x_or_task=1,y_or_landing=1,yaw=0,hex=AA FF 02 02 01 01 AF,reason=normal"
946686416456,"type=xy,x_or_task=1,y_or_landing=0,yaw=0,hex=AA FF 01 06 00 01 00 00 00 00 B1,reason=normal"
946686416506,"type=xy,x_or_task=0,y_or_landing=0,yaw=0,hex=AA FF 01 06 00 00 00 00 00 00 B0,reason=normal"
946686416506,"type=mission,x_or_task=1,y_or_landing=1,yaw=0,hex=AA FF 02 02 01 01 AF,reason=normal"
946686416556,"type=xy,x_or_task=0,y_or_landing=0,yaw=0,hex=AA FF 01 06 00 00 00 00 00 00 B0,reason=normal"
946686416606,"type=xy,x_or_task=0,y_or_landing=0,yaw=0,hex=AA FF 01 06 00 00 00 00 00 00 B0,reason=normal"
946686416606,"type=mission,x_or_task=1,y_or_landing=1,yaw=0,hex=AA FF 02 02 01 01 AF,reason=normal"
946686416656,"type=xy,x_or_task=0,y_or_landing=0,yaw=0,hex=AA FF 01 06 00 00 00 00 00 00 B0,reason=normal"
946686416706,"type=xy,x_or_task=0,y_or_landing=0,yaw=0,hex=AA FF 01 06 00 00 00 00 00 00 B0,reason=normal"
946686416706,"type=mission,x_or_task=1,y_or_landing=1,yaw=0,hex=AA FF 02 02 01 01 AF,reason=normal"
946686416756,"type=xy,x_or_task=0,y_or_landing=0,yaw=0,hex=AA FF 01 06 00 00 00 00 00 00 B0,reason=normal"
946686416806,"type=xy,x_or_task=0,y_or_landing=0,yaw=0,hex=AA FF 01 06 00 00 00 00 00 00 B0,reason=normal"
946686416806,"type=mission,x_or_task=1,y_or_landing=1,yaw=0,hex=AA FF 02 02 01 01 AF,reason=normal"
946686416856,"type=xy,x_or_task=0,y_or_landing=0,yaw=0,hex=AA FF 01 06 00 00 00 00 00 00 B0,reason=normal"
946686416906,"type=xy,x_or_task=0,y_or_landing=0,yaw=0,hex=AA FF 01 06 00 00 00 00 00 00 B0,reason=normal"
946686416906,"type=mission,x_or_task=1,y_or_landing=1,yaw=0,hex=AA FF 02 02 01 01 AF,reason=normal"
946686416956,"type=xy,x_or_task=0,y_or_landing=0,yaw=0,hex=AA FF 01 06 00 00 00 00 00 00 B0,reason=normal"
946686417006,"type=xy,x_or_task=0,y_or_landing=0,yaw=0,hex=AA FF 01 06 00 00 00 00 00 00 B0,reason=normal"
946686417006,"type=mission,x_or_task=1,y_or_landing=1,yaw=0,hex=AA FF 02 02 01 01 AF,reason=normal"
946686417056,"type=xy,x_or_task=0,y_or_landing=0,yaw=0,hex=AA FF 01 06 00 00 00 00 00 00 B0,reason=normal"
946686417106,"type=xy,x_or_task=0,y_or_landing=0,yaw=0,hex=AA FF 01 06 00 00 00 00 00 00 B0,reason=normal"
946686417106,"type=mission,x_or_task=1,y_or_landing=1,yaw=0,hex=AA FF 02 02 01 01 AF,reason=normal"
946686417156,"type=xy,x_or_task=0,y_or_landing=0,yaw=0,hex=AA FF 01 06 00 00 00 00 00 00 B0,reason=normal"
946686417206,"type=xy,x_or_task=0,y_or_landing=0,yaw=0,hex=AA FF 01 06 00 00 00 00 00 00 B0,reason=normal"
946686417206,"type=mission,x_or_task=1,y_or_landing=1,yaw=0,hex=AA FF 02 02 01 01 AF,reason=normal"
946686417256,"type=xy,x_or_task=0,y_or_landing=0,yaw=0,hex=AA FF 01 06 00 00 00 00 00 00 B0,reason=normal"
946686417306,"type=xy,x_or_task=0,y_or_landing=0,yaw=0,hex=AA FF 01 06 00 00 00 00 00 00 B0,reason=normal"
946686417306,"type=mission,x_or_task=1,y_or_landing=1,yaw=0,hex=AA FF 02 02 01 01 AF,reason=normal"
946686417356,"type=xy,x_or_task=0,y_or_landing=0,yaw=0,hex=AA FF 01 06 00 00 00 00 00 00 B0,reason=normal"
946686417406,"type=xy,x_or_task=0,y_or_landing=0,yaw=0,hex=AA FF 01 06 00 00 00 00 00 00 B0,reason=normal"
946686417406,"type=mission,x_or_task=1,y_or_landing=1,yaw=0,hex=AA FF 02 02 01 01 AF,reason=normal"
946686417456,"type=xy,x_or_task=0,y_or_landing=0,yaw=0,hex=AA FF 01 06 00 00 00 00 00 00 B0,reason=normal"
946686417506,"type=xy,x_or_task=0,y_or_landing=0,yaw=0,hex=AA FF 01 06 00 00 00 00 00 00 B0,reason=normal"
946686417506,"type=mission,x_or_task=1,y_or_landing=1,yaw=0,hex=AA FF 02 02 01 01 AF,reason=normal"
946686417556,"type=xy,x_or_task=0,y_or_landing=0,yaw=0,hex=AA FF 01 06 00 00 00 00 00 00 B0,reason=normal"
946686417606,"type=xy,x_or_task=0,y_or_landing=0,yaw=0,hex=AA FF 01 06 00 00 00 00 00 00 B0,reason=normal"
946686417606,"type=mission,x_or_task=1,y_or_landing=1,yaw=0,hex=AA FF 02 02 01 01 AF,reason=normal"
946686417656,"type=xy,x_or_task=0,y_or_landing=0,yaw=0,hex=AA FF 01 06 00 00 00 00 00 00 B0,reason=normal"
946686417706,"type=xy,x_or_task=0,y_or_landing=0,yaw=0,hex=AA FF 01 06 00 00 00 00 00 00 B0,reason=normal"
946686417706,"type=mission,x_or_task=1,y_or_landing=1,yaw=0,hex=AA FF 02 02 01 01 AF,reason=normal"
946686417756,"type=xy,x_or_task=0,y_or_landing=0,yaw=0,hex=AA FF 01 06 00 00 00 00 00 00 B0,reason=normal"
946686417806,"type=xy,x_or_task=0,y_or_landing=0,yaw=0,hex=AA FF 01 06 00 00 00 00 00 00 B0,reason=normal"
946686417806,"type=mission,x_or_task=1,y_or_landing=1,yaw=0,hex=AA FF 02 02 01 01 AF,reason=normal"
946686417856,"type=xy,x_or_task=0,y_or_landing=0,yaw=0,hex=AA FF 01 06 00 00 00 00 00 00 B0,reason=normal"
946686417906,"type=xy,x_or_task=0,y_or_landing=0,yaw=0,hex=AA FF 01 06 00 00 00 00 00 00 B0,reason=normal"
946686417906,"type=mission,x_or_task=1,y_or_landing=1,yaw=0,hex=AA FF 02 02 01 01 AF,reason=normal"
946686417956,"type=xy,x_or_task=0,y_or_landing=0,yaw=0,hex=AA FF 01 06 00 00 00 00 00 00 B0,reason=normal"
946686418006,"type=xy,x_or_task=0,y_or_landing=0,yaw=0,hex=AA FF 01 06 00 00 00 00 00 00 B0,reason=normal"
946686418006,"type=mission,x_or_task=1,y_or_landing=1,yaw=0,hex=AA FF 02 02 01 01 AF,reason=normal"
946686418056,"type=xy,x_or_task=0,y_or_landing=0,yaw=0,hex=AA FF 01 06 00 00 00 00 00 00 B0,reason=normal"
946686418106,"type=xy,x_or_task=0,y_or_landing=0,yaw=0,hex=AA FF 01 06 00 00 00 00 00 00 B0,reason=normal"
946686418106,"type=mission,x_or_task=1,y_or_landing=1,yaw=0,hex=AA FF 02 02 01 01 AF,reason=normal"
946686418156,"type=xy,x_or_task=0,y_or_landing=0,yaw=0,hex=AA FF 01 06 00 00 00 00 00 00 B0,reason=normal"
946686418206,"type=xy,x_or_task=0,y_or_landing=0,yaw=0,hex=AA FF 01 06 00 00 00 00 00 00 B0,reason=normal"
946686418206,"type=mission,x_or_task=1,y_or_landing=1,yaw=0,hex=AA FF 02 02 01 01 AF,reason=normal"
946686418256,"type=xy,x_or_task=0,y_or_landing=0,yaw=0,hex=AA FF 01 06 00 00 00 00 00 00 B0,reason=normal"
946686418306,"type=xy,x_or_task=0,y_or_landing=0,yaw=0,hex=AA FF 01 06 00 00 00 00 00 00 B0,reason=normal"
946686418319,"type=mission,x_or_task=1,y_or_landing=1,yaw=0,hex=AA FF 02 02 01 01 AF,reason=normal"
946686418356,"type=xy,x_or_task=0,y_or_landing=0,yaw=0,hex=AA FF 01 06 00 00 00 00 00 00 B0,reason=normal"
946686418406,"type=xy,x_or_task=1,y_or_landing=0,yaw=0,hex=AA FF 01 06 00 01 00 00 00 00 B1,reason=normal"
946686418418,"type=mission,x_or_task=1,y_or_landing=1,yaw=0,hex=AA FF 02 02 01 01 AF,reason=normal"
946686418456,"type=xy,x_or_task=1,y_or_landing=0,yaw=0,hex=AA FF 01 06 00 01 00 00 00 00 B1,reason=normal"
946686418506,"type=xy,x_or_task=0,y_or_landing=0,yaw=0,hex=AA FF 01 06 00 00 00 00 00 00 B0,reason=normal"
946686418518,"type=mission,x_or_task=1,y_or_landing=1,yaw=0,hex=AA FF 02 02 01 01 AF,reason=normal"
946686418556,"type=xy,x_or_task=0,y_or_landing=0,yaw=0,hex=AA FF 01 06 00 00 00 00 00 00 B0,reason=normal"
946686418606,"type=xy,x_or_task=0,y_or_landing=0,yaw=0,hex=AA FF 01 06 00 00 00 00 00 00 B0,reason=normal"
946686418617,"type=mission,x_or_task=1,y_or_landing=1,yaw=0,hex=AA FF 02 02 01 01 AF,reason=normal"
946686418656,"type=xy,x_or_task=0,y_or_landing=0,yaw=0,hex=AA FF 01 06 00 00 00 00 00 00 B0,reason=normal"
946686418706,"type=xy,x_or_task=0,y_or_landing=0,yaw=0,hex=AA FF 01 06 00 00 00 00 00 00 B0,reason=normal"
946686418706,"type=mission,x_or_task=1,y_or_landing=1,yaw=0,hex=AA FF 02 02 01 01 AF,reason=normal"
946686418756,"type=xy,x_or_task=0,y_or_landing=0,yaw=0,hex=AA FF 01 06 00 00 00 00 00 00 B0,reason=normal"
946686418806,"type=xy,x_or_task=0,y_or_landing=0,yaw=0,hex=AA FF 01 06 00 00 00 00 00 00 B0,reason=normal"
946686418806,"type=mission,x_or_task=1,y_or_landing=1,yaw=0,hex=AA FF 02 02 01 01 AF,reason=normal"
946686418856,"type=xy,x_or_task=0,y_or_landing=0,yaw=0,hex=AA FF 01 06 00 00 00 00 00 00 B0,reason=normal"
946686418918,"type=xy,x_or_task=0,y_or_landing=0,yaw=0,hex=AA FF 01 06 00 00 00 00 00 00 B0,reason=normal"
946686418918,"type=mission,x_or_task=1,y_or_landing=1,yaw=0,hex=AA FF 02 02 01 01 AF,reason=normal"
946686418956,"type=xy,x_or_task=0,y_or_landing=0,yaw=0,hex=AA FF 01 06 00 00 00 00 00 00 B0,reason=normal"
946686419006,"type=xy,x_or_task=0,y_or_landing=0,yaw=0,hex=AA FF 01 06 00 00 00 00 00 00 B0,reason=normal"
946686419018,"type=mission,x_or_task=1,y_or_landing=1,yaw=0,hex=AA FF 02 02 01 01 AF,reason=normal"
946686419056,"type=xy,x_or_task=0,y_or_landing=0,yaw=0,hex=AA FF 01 06 00 00 00 00 00 00 B0,reason=normal"
946686419106,"type=xy,x_or_task=0,y_or_landing=0,yaw=0,hex=AA FF 01 06 00 00 00 00 00 00 B0,reason=normal"
946686419106,"type=mission,x_or_task=1,y_or_landing=1,yaw=0,hex=AA FF 02 02 01 01 AF,reason=normal"
946686419156,"type=xy,x_or_task=0,y_or_landing=0,yaw=0,hex=AA FF 01 06 00 00 00 00 00 00 B0,reason=normal"
946686419206,"type=xy,x_or_task=0,y_or_landing=0,yaw=0,hex=AA FF 01 06 00 00 00 00 00 00 B0,reason=normal"
946686419206,"type=mission,x_or_task=1,y_or_landing=1,yaw=0,hex=AA FF 02 02 01 01 AF,reason=normal"
946686419256,"type=xy,x_or_task=0,y_or_landing=0,yaw=0,hex=AA FF 01 06 00 00 00 00 00 00 B0,reason=normal"
946686419306,"type=xy,x_or_task=0,y_or_landing=0,yaw=0,hex=AA FF 01 06 00 00 00 00 00 00 B0,reason=normal"
946686419306,"type=mission,x_or_task=1,y_or_landing=1,yaw=0,hex=AA FF 02 02 01 01 AF,reason=normal"
946686419356,"type=xy,x_or_task=0,y_or_landing=0,yaw=0,hex=AA FF 01 06 00 00 00 00 00 00 B0,reason=normal"
946686419418,"type=xy,x_or_task=1,y_or_landing=0,yaw=0,hex=AA FF 01 06 00 01 00 00 00 00 B1,reason=normal"
946686419418,"type=mission,x_or_task=1,y_or_landing=1,yaw=0,hex=AA FF 02 02 01 01 AF,reason=normal"
946686419456,"type=xy,x_or_task=1,y_or_landing=0,yaw=0,hex=AA FF 01 06 00 01 00 00 00 00 B1,reason=normal"
946686419506,"type=xy,x_or_task=0,y_or_landing=0,yaw=0,hex=AA FF 01 06 00 00 00 00 00 00 B0,reason=normal"
946686419506,"type=mission,x_or_task=1,y_or_landing=1,yaw=0,hex=AA FF 02 02 01 01 AF,reason=normal"
946686419556,"type=xy,x_or_task=0,y_or_landing=0,yaw=0,hex=AA FF 01 06 00 00 00 00 00 00 B0,reason=normal"
946686419606,"type=xy,x_or_task=0,y_or_landing=0,yaw=0,hex=AA FF 01 06 00 00 00 00 00 00 B0,reason=normal"
946686419606,"type=mission,x_or_task=1,y_or_landing=1,yaw=0,hex=AA FF 02 02 01 01 AF,reason=normal"
946686419656,"type=xy,x_or_task=0,y_or_landing=0,yaw=0,hex=AA FF 01 06 00 00 00 00 00 00 B0,reason=normal"
946686419706,"type=xy,x_or_task=0,y_or_landing=0,yaw=0,hex=AA FF 01 06 00 00 00 00 00 00 B0,reason=normal"
946686419706,"type=mission,x_or_task=1,y_or_landing=1,yaw=0,hex=AA FF 02 02 01 01 AF,reason=normal"
946686419756,"type=xy,x_or_task=0,y_or_landing=0,yaw=0,hex=AA FF 01 06 00 00 00 00 00 00 B0,reason=normal"
946686419806,"type=xy,x_or_task=0,y_or_landing=0,yaw=0,hex=AA FF 01 06 00 00 00 00 00 00 B0,reason=normal"
946686419806,"type=mission,x_or_task=1,y_or_landing=1,yaw=0,hex=AA FF 02 02 01 01 AF,reason=normal"
946686419856,"type=xy,x_or_task=0,y_or_landing=0,yaw=0,hex=AA FF 01 06 00 00 00 00 00 00 B0,reason=normal"
946686419906,"type=xy,x_or_task=0,y_or_landing=0,yaw=0,hex=AA FF 01 06 00 00 00 00 00 00 B0,reason=normal"
946686419906,"type=mission,x_or_task=1,y_or_landing=1,yaw=0,hex=AA FF 02 02 01 01 AF,reason=normal"
946686419956,"type=xy,x_or_task=0,y_or_landing=0,yaw=0,hex=AA FF 01 06 00 00 00 00 00 00 B0,reason=normal"
946686420006,"type=xy,x_or_task=1,y_or_landing=0,yaw=0,hex=AA FF 01 06 00 01 00 00 00 00 B1,reason=normal"
946686420006,"type=mission,x_or_task=1,y_or_landing=1,yaw=0,hex=AA FF 02 02 01 01 AF,reason=normal"
946686420056,"type=xy,x_or_task=1,y_or_landing=0,yaw=0,hex=AA FF 01 06 00 01 00 00 00 00 B1,reason=normal"
946686420106,"type=xy,x_or_task=1,y_or_landing=0,yaw=0,hex=AA FF 01 06 00 01 00 00 00 00 B1,reason=normal"
946686420106,"type=mission,x_or_task=1,y_or_landing=1,yaw=0,hex=AA FF 02 02 01 01 AF,reason=normal"
946686420156,"type=xy,x_or_task=1,y_or_landing=0,yaw=0,hex=AA FF 01 06 00 01 00 00 00 00 B1,reason=normal"
946686420215,"type=xy,x_or_task=0,y_or_landing=0,yaw=0,hex=AA FF 01 06 00 00 00 00 00 00 B0,reason=normal"
946686420215,"type=mission,x_or_task=1,y_or_landing=1,yaw=0,hex=AA FF 02 02 01 01 AF,reason=normal"
946686420256,"type=xy,x_or_task=0,y_or_landing=0,yaw=0,hex=AA FF 01 06 00 00 00 00 00 00 B0,reason=normal"
946686420306,"type=xy,x_or_task=0,y_or_landing=0,yaw=0,hex=AA FF 01 06 00 00 00 00 00 00 B0,reason=normal"
946686420306,"type=mission,x_or_task=1,y_or_landing=1,yaw=0,hex=AA FF 02 02 01 01 AF,reason=normal"
946686420356,"type=xy,x_or_task=0,y_or_landing=0,yaw=0,hex=AA FF 01 06 00 00 00 00 00 00 B0,reason=normal"
946686420406,"type=xy,x_or_task=0,y_or_landing=0,yaw=0,hex=AA FF 01 06 00 00 00 00 00 00 B0,reason=normal"
946686420406,"type=mission,x_or_task=1,y_or_landing=1,yaw=0,hex=AA FF 02 02 01 01 AF,reason=normal"
946686420456,"type=xy,x_or_task=0,y_or_landing=0,yaw=0,hex=AA FF 01 06 00 00 00 00 00 00 B0,reason=normal"
946686420506,"type=xy,x_or_task=0,y_or_landing=0,yaw=0,hex=AA FF 01 06 00 00 00 00 00 00 B0,reason=normal"
946686420506,"type=mission,x_or_task=1,y_or_landing=1,yaw=0,hex=AA FF 02 02 01 01 AF,reason=normal"
946686420556,"type=xy,x_or_task=0,y_or_landing=0,yaw=0,hex=AA FF 01 06 00 00 00 00 00 00 B0,reason=normal"
946686420617,"type=xy,x_or_task=0,y_or_landing=0,yaw=0,hex=AA FF 01 06 00 00 00 00 00 00 B0,reason=normal"
946686420617,"type=mission,x_or_task=1,y_or_landing=1,yaw=0,hex=AA FF 02 02 01 01 AF,reason=normal"
946686420656,"type=xy,x_or_task=0,y_or_landing=0,yaw=0,hex=AA FF 01 06 00 00 00 00 00 00 B0,reason=normal"
946686420706,"type=xy,x_or_task=0,y_or_landing=0,yaw=0,hex=AA FF 01 06 00 00 00 00 00 00 B0,reason=normal"
946686420706,"type=mission,x_or_task=1,y_or_landing=1,yaw=0,hex=AA FF 02 02 01 01 AF,reason=normal"
946686420756,"type=xy,x_or_task=0,y_or_landing=0,yaw=0,hex=AA FF 01 06 00 00 00 00 00 00 B0,reason=normal"
946686420817,"type=xy,x_or_task=1,y_or_landing=0,yaw=0,hex=AA FF 01 06 00 01 00 00 00 00 B1,reason=normal"
946686420817,"type=mission,x_or_task=1,y_or_landing=1,yaw=0,hex=AA FF 02 02 01 01 AF,reason=normal"
946686420856,"type=xy,x_or_task=1,y_or_landing=0,yaw=0,hex=AA FF 01 06 00 01 00 00 00 00 B1,reason=normal"
946686420914,"type=xy,x_or_task=0,y_or_landing=0,yaw=0,hex=AA FF 01 06 00 00 00 00 00 00 B0,reason=normal"
946686420914,"type=mission,x_or_task=1,y_or_landing=1,yaw=0,hex=AA FF 02 02 01 01 AF,reason=normal"
946686420956,"type=xy,x_or_task=0,y_or_landing=0,yaw=0,hex=AA FF 01 06 00 00 00 00 00 00 B0,reason=normal"
946686421014,"type=xy,x_or_task=0,y_or_landing=0,yaw=0,hex=AA FF 01 06 00 00 00 00 00 00 B0,reason=normal"
946686421014,"type=mission,x_or_task=1,y_or_landing=1,yaw=0,hex=AA FF 02 02 01 01 AF,reason=normal"
946686421056,"type=xy,x_or_task=0,y_or_landing=0,yaw=0,hex=AA FF 01 06 00 00 00 00 00 00 B0,reason=normal"
946686421133,"type=xy,x_or_task=0,y_or_landing=0,yaw=0,hex=AA FF 01 06 00 00 00 00 00 00 B0,reason=normal"
946686421133,"type=mission,x_or_task=1,y_or_landing=1,yaw=0,hex=AA FF 02 02 01 01 AF,reason=normal"
946686421156,"type=xy,x_or_task=0,y_or_landing=0,yaw=0,hex=AA FF 01 06 00 00 00 00 00 00 B0,reason=normal"
946686421213,"type=xy,x_or_task=0,y_or_landing=0,yaw=0,hex=AA FF 01 06 00 00 00 00 00 00 B0,reason=normal"
946686421214,"type=mission,x_or_task=1,y_or_landing=1,yaw=0,hex=AA FF 02 02 01 01 AF,reason=normal"
946686421256,"type=xy,x_or_task=0,y_or_landing=0,yaw=0,hex=AA FF 01 06 00 00 00 00 00 00 B0,reason=normal"
946686421316,"type=xy,x_or_task=0,y_or_landing=0,yaw=0,hex=AA FF 01 06 00 00 00 00 00 00 B0,reason=normal"
946686421316,"type=mission,x_or_task=1,y_or_landing=1,yaw=0,hex=AA FF 02 02 01 01 AF,reason=normal"
946686421356,"type=xy,x_or_task=0,y_or_landing=0,yaw=0,hex=AA FF 01 06 00 00 00 00 00 00 B0,reason=normal"
946686421413,"type=xy,x_or_task=0,y_or_landing=0,yaw=0,hex=AA FF 01 06 00 00 00 00 00 00 B0,reason=normal"
946686421414,"type=mission,x_or_task=1,y_or_landing=1,yaw=0,hex=AA FF 02 02 01 01 AF,reason=normal"
946686421456,"type=xy,x_or_task=0,y_or_landing=0,yaw=0,hex=AA FF 01 06 00 00 00 00 00 00 B0,reason=normal"
946686421516,"type=xy,x_or_task=0,y_or_landing=0,yaw=0,hex=AA FF 01 06 00 00 00 00 00 00 B0,reason=normal"
946686421516,"type=mission,x_or_task=1,y_or_landing=1,yaw=0,hex=AA FF 02 02 01 01 AF,reason=normal"
946686421556,"type=xy,x_or_task=0,y_or_landing=0,yaw=0,hex=AA FF 01 06 00 00 00 00 00 00 B0,reason=normal"
946686421628,"type=xy,x_or_task=0,y_or_landing=0,yaw=0,hex=AA FF 01 06 00 00 00 00 00 00 B0,reason=normal"
946686421628,"type=mission,x_or_task=1,y_or_landing=1,yaw=0,hex=AA FF 02 02 01 01 AF,reason=normal"
946686421656,"type=xy,x_or_task=0,y_or_landing=0,yaw=0,hex=AA FF 01 06 00 00 00 00 00 00 B0,reason=normal"
946686421714,"type=xy,x_or_task=1,y_or_landing=0,yaw=0,hex=AA FF 01 06 00 01 00 00 00 00 B1,reason=normal"
946686421714,"type=mission,x_or_task=1,y_or_landing=1,yaw=0,hex=AA FF 02 02 01 01 AF,reason=normal"
946686421756,"type=xy,x_or_task=1,y_or_landing=0,yaw=0,hex=AA FF 01 06 00 01 00 00 00 00 B1,reason=normal"
946686421806,"type=xy,x_or_task=0,y_or_landing=0,yaw=0,hex=AA FF 01 06 00 00 00 00 00 00 B0,reason=normal"
946686421806,"type=mission,x_or_task=1,y_or_landing=1,yaw=0,hex=AA FF 02 02 01 01 AF,reason=normal"
946686421856,"type=xy,x_or_task=0,y_or_landing=0,yaw=0,hex=AA FF 01 06 00 00 00 00 00 00 B0,reason=normal"
946686421917,"type=xy,x_or_task=0,y_or_landing=0,yaw=0,hex=AA FF 01 06 00 00 00 00 00 00 B0,reason=normal"
946686421917,"type=mission,x_or_task=1,y_or_landing=1,yaw=0,hex=AA FF 02 02 01 01 AF,reason=normal"
946686421956,"type=xy,x_or_task=0,y_or_landing=0,yaw=0,hex=AA FF 01 06 00 00 00 00 00 00 B0,reason=normal"
946686422015,"type=xy,x_or_task=1,y_or_landing=0,yaw=0,hex=AA FF 01 06 00 01 00 00 00 00 B1,reason=normal"
946686422016,"type=mission,x_or_task=1,y_or_landing=1,yaw=0,hex=AA FF 02 02 01 01 AF,reason=normal"
946686422056,"type=xy,x_or_task=1,y_or_landing=0,yaw=0,hex=AA FF 01 06 00 01 00 00 00 00 B1,reason=normal"
946686422115,"type=xy,x_or_task=0,y_or_landing=0,yaw=0,hex=AA FF 01 06 00 00 00 00 00 00 B0,reason=normal"
946686422115,"type=mission,x_or_task=1,y_or_landing=1,yaw=0,hex=AA FF 02 02 01 01 AF,reason=normal"
946686422156,"type=xy,x_or_task=0,y_or_landing=0,yaw=0,hex=AA FF 01 06 00 00 00 00 00 00 B0,reason=normal"
946686422217,"type=xy,x_or_task=0,y_or_landing=0,yaw=0,hex=AA FF 01 06 00 00 00 00 00 00 B0,reason=normal"
946686422217,"type=mission,x_or_task=1,y_or_landing=1,yaw=0,hex=AA FF 02 02 01 01 AF,reason=normal"
946686422256,"type=xy,x_or_task=0,y_or_landing=0,yaw=0,hex=AA FF 01 06 00 00 00 00 00 00 B0,reason=normal"
946686422323,"type=xy,x_or_task=0,y_or_landing=0,yaw=0,hex=AA FF 01 06 00 00 00 00 00 00 B0,reason=normal"
946686422324,"type=mission,x_or_task=1,y_or_landing=1,yaw=0,hex=AA FF 02 02 01 01 AF,reason=normal"
946686422356,"type=xy,x_or_task=0,y_or_landing=0,yaw=0,hex=AA FF 01 06 00 00 00 00 00 00 B0,reason=normal"
946686422406,"type=xy,x_or_task=0,y_or_landing=0,yaw=0,hex=AA FF 01 06 00 00 00 00 00 00 B0,reason=normal"
946686422406,"type=mission,x_or_task=1,y_or_landing=1,yaw=0,hex=AA FF 02 02 01 01 AF,reason=normal"
946686422456,"type=xy,x_or_task=0,y_or_landing=0,yaw=0,hex=AA FF 01 06 00 00 00 00 00 00 B0,reason=normal"
946686422515,"type=xy,x_or_task=0,y_or_landing=0,yaw=0,hex=AA FF 01 06 00 00 00 00 00 00 B0,reason=normal"
946686422516,"type=mission,x_or_task=1,y_or_landing=1,yaw=0,hex=AA FF 02 02 01 01 AF,reason=normal"
946686422556,"type=xy,x_or_task=0,y_or_landing=0,yaw=0,hex=AA FF 01 06 00 00 00 00 00 00 B0,reason=normal"
946686422606,"type=xy,x_or_task=0,y_or_landing=0,yaw=0,hex=AA FF 01 06 00 00 00 00 00 00 B0,reason=normal"
946686422606,"type=mission,x_or_task=1,y_or_landing=1,yaw=0,hex=AA FF 02 02 01 01 AF,reason=normal"
946686422656,"type=xy,x_or_task=0,y_or_landing=0,yaw=0,hex=AA FF 01 06 00 00 00 00 00 00 B0,reason=normal"
946686422715,"type=xy,x_or_task=0,y_or_landing=0,yaw=0,hex=AA FF 01 06 00 00 00 00 00 00 B0,reason=normal"
946686422715,"type=mission,x_or_task=1,y_or_landing=1,yaw=0,hex=AA FF 02 02 01 01 AF,reason=normal"
946686422756,"type=xy,x_or_task=0,y_or_landing=0,yaw=0,hex=AA FF 01 06 00 00 00 00 00 00 B0,reason=normal"
946686422806,"type=xy,x_or_task=0,y_or_landing=0,yaw=0,hex=AA FF 01 06 00 00 00 00 00 00 B0,reason=normal"
946686422806,"type=mission,x_or_task=1,y_or_landing=1,yaw=0,hex=AA FF 02 02 01 01 AF,reason=normal"
946686422856,"type=xy,x_or_task=0,y_or_landing=0,yaw=0,hex=AA FF 01 06 00 00 00 00 00 00 B0,reason=normal"
946686422914,"type=xy,x_or_task=0,y_or_landing=0,yaw=0,hex=AA FF 01 06 00 00 00 00 00 00 B0,reason=normal"
946686422914,"type=mission,x_or_task=1,y_or_landing=1,yaw=0,hex=AA FF 02 02 01 01 AF,reason=normal"
946686422956,"type=xy,x_or_task=0,y_or_landing=0,yaw=0,hex=AA FF 01 06 00 00 00 00 00 00 B0,reason=normal"
946686423019,"type=xy,x_or_task=0,y_or_landing=0,yaw=0,hex=AA FF 01 06 00 00 00 00 00 00 B0,reason=normal"
946686423019,"type=mission,x_or_task=1,y_or_landing=1,yaw=0,hex=AA FF 02 02 01 01 AF,reason=normal"
946686423056,"type=xy,x_or_task=0,y_or_landing=0,yaw=0,hex=AA FF 01 06 00 00 00 00 00 00 B0,reason=normal"
946686423114,"type=xy,x_or_task=0,y_or_landing=0,yaw=0,hex=AA FF 01 06 00 00 00 00 00 00 B0,reason=normal"
946686423114,"type=mission,x_or_task=1,y_or_landing=1,yaw=0,hex=AA FF 02 02 01 01 AF,reason=normal"
946686423156,"type=xy,x_or_task=0,y_or_landing=0,yaw=0,hex=AA FF 01 06 00 00 00 00 00 00 B0,reason=normal"
946686423213,"type=xy,x_or_task=0,y_or_landing=0,yaw=0,hex=AA FF 01 06 00 00 00 00 00 00 B0,reason=normal"
946686423214,"type=mission,x_or_task=1,y_or_landing=1,yaw=0,hex=AA FF 02 02 01 01 AF,reason=normal"
946686423256,"type=xy,x_or_task=0,y_or_landing=0,yaw=0,hex=AA FF 01 06 00 00 00 00 00 00 B0,reason=normal"
946686423313,"type=xy,x_or_task=0,y_or_landing=0,yaw=0,hex=AA FF 01 06 00 00 00 00 00 00 B0,reason=normal"
946686423314,"type=mission,x_or_task=1,y_or_landing=1,yaw=0,hex=AA FF 02 02 01 01 AF,reason=normal"
946686423355,"type=xy,x_or_task=0,y_or_landing=0,yaw=0,hex=AA FF 01 06 00 00 00 00 00 00 B0,reason=normal"
946686423414,"type=xy,x_or_task=0,y_or_landing=0,yaw=0,hex=AA FF 01 06 00 00 00 00 00 00 B0,reason=normal"
946686423414,"type=mission,x_or_task=1,y_or_landing=1,yaw=0,hex=AA FF 02 02 01 01 AF,reason=normal"
946686423456,"type=xy,x_or_task=0,y_or_landing=0,yaw=0,hex=AA FF 01 06 00 00 00 00 00 00 B0,reason=normal"
946686423514,"type=xy,x_or_task=1,y_or_landing=0,yaw=0,hex=AA FF 01 06 00 01 00 00 00 00 B1,reason=normal"
946686423514,"type=mission,x_or_task=1,y_or_landing=1,yaw=0,hex=AA FF 02 02 01 01 AF,reason=normal"
946686423556,"type=xy,x_or_task=1,y_or_landing=0,yaw=0,hex=AA FF 01 06 00 01 00 00 00 00 B1,reason=normal"
946686423617,"type=xy,x_or_task=1,y_or_landing=0,yaw=0,hex=AA FF 01 06 00 01 00 00 00 00 B1,reason=normal"
946686423617,"type=mission,x_or_task=1,y_or_landing=1,yaw=0,hex=AA FF 02 02 01 01 AF,reason=normal"
946686423656,"type=xy,x_or_task=1,y_or_landing=0,yaw=0,hex=AA FF 01 06 00 01 00 00 00 00 B1,reason=normal"
946686423724,"type=xy,x_or_task=1,y_or_landing=0,yaw=0,hex=AA FF 01 06 00 01 00 00 00 00 B1,reason=normal"
946686423724,"type=mission,x_or_task=1,y_or_landing=1,yaw=0,hex=AA FF 02 02 01 01 AF,reason=normal"
946686423756,"type=xy,x_or_task=1,y_or_landing=0,yaw=0,hex=AA FF 01 06 00 01 00 00 00 00 B1,reason=normal"
946686423816,"type=xy,x_or_task=1,y_or_landing=0,yaw=0,hex=AA FF 01 06 00 01 00 00 00 00 B1,reason=normal"
946686423816,"type=mission,x_or_task=1,y_or_landing=1,yaw=0,hex=AA FF 02 02 01 01 AF,reason=normal"
946686423856,"type=xy,x_or_task=1,y_or_landing=0,yaw=0,hex=AA FF 01 06 00 01 00 00 00 00 B1,reason=normal"
946686423914,"type=xy,x_or_task=1,y_or_landing=0,yaw=0,hex=AA FF 01 06 00 01 00 00 00 00 B1,reason=normal"
946686423914,"type=mission,x_or_task=1,y_or_landing=1,yaw=0,hex=AA FF 02 02 01 01 AF,reason=normal"
946686423956,"type=xy,x_or_task=1,y_or_landing=0,yaw=0,hex=AA FF 01 06 00 01 00 00 00 00 B1,reason=normal"
946686424014,"type=xy,x_or_task=0,y_or_landing=0,yaw=0,hex=AA FF 01 06 00 00 00 00 00 00 B0,reason=normal"
946686424015,"type=mission,x_or_task=1,y_or_landing=1,yaw=0,hex=AA FF 02 02 01 01 AF,reason=normal"
946686424056,"type=xy,x_or_task=0,y_or_landing=0,yaw=0,hex=AA FF 01 06 00 00 00 00 00 00 B0,reason=normal"
946686424114,"type=xy,x_or_task=0,y_or_landing=0,yaw=0,hex=AA FF 01 06 00 00 00 00 00 00 B0,reason=normal"
946686424114,"type=mission,x_or_task=1,y_or_landing=1,yaw=0,hex=AA FF 02 02 01 01 AF,reason=normal"
946686424156,"type=xy,x_or_task=0,y_or_landing=0,yaw=0,hex=AA FF 01 06 00 00 00 00 00 00 B0,reason=normal"
946686424219,"type=xy,x_or_task=0,y_or_landing=0,yaw=0,hex=AA FF 01 06 00 00 00 00 00 00 B0,reason=normal"
946686424219,"type=mission,x_or_task=1,y_or_landing=1,yaw=0,hex=AA FF 02 02 01 01 AF,reason=normal"
946686424256,"type=xy,x_or_task=0,y_or_landing=0,yaw=0,hex=AA FF 01 06 00 00 00 00 00 00 B0,reason=normal"
946686424319,"type=xy,x_or_task=0,y_or_landing=0,yaw=0,hex=AA FF 01 06 00 00 00 00 00 00 B0,reason=normal"
946686424320,"type=mission,x_or_task=1,y_or_landing=1,yaw=0,hex=AA FF 02 02 01 01 AF,reason=normal"
946686424356,"type=xy,x_or_task=0,y_or_landing=0,yaw=0,hex=AA FF 01 06 00 00 00 00 00 00 B0,reason=normal"
946686424419,"type=xy,x_or_task=0,y_or_landing=0,yaw=0,hex=AA FF 01 06 00 00 00 00 00 00 B0,reason=normal"
946686424419,"type=mission,x_or_task=1,y_or_landing=1,yaw=0,hex=AA FF 02 02 01 01 AF,reason=normal"
946686424456,"type=xy,x_or_task=0,y_or_landing=0,yaw=0,hex=AA FF 01 06 00 00 00 00 00 00 B0,reason=normal"
946686424521,"type=xy,x_or_task=0,y_or_landing=0,yaw=0,hex=AA FF 01 06 00 00 00 00 00 00 B0,reason=normal"
946686424521,"type=mission,x_or_task=1,y_or_landing=1,yaw=0,hex=AA FF 02 02 01 01 AF,reason=normal"
946686424556,"type=xy,x_or_task=0,y_or_landing=0,yaw=0,hex=AA FF 01 06 00 00 00 00 00 00 B0,reason=normal"
946686424614,"type=xy,x_or_task=0,y_or_landing=0,yaw=0,hex=AA FF 01 06 00 00 00 00 00 00 B0,reason=normal"
946686424614,"type=mission,x_or_task=1,y_or_landing=1,yaw=0,hex=AA FF 02 02 01 01 AF,reason=normal"
946686424656,"type=xy,x_or_task=0,y_or_landing=0,yaw=0,hex=AA FF 01 06 00 00 00 00 00 00 B0,reason=normal"
946686424714,"type=xy,x_or_task=0,y_or_landing=0,yaw=0,hex=AA FF 01 06 00 00 00 00 00 00 B0,reason=normal"
946686424714,"type=mission,x_or_task=1,y_or_landing=1,yaw=0,hex=AA FF 02 02 01 01 AF,reason=normal"
946686424756,"type=xy,x_or_task=0,y_or_landing=0,yaw=0,hex=AA FF 01 06 00 00 00 00 00 00 B0,reason=normal"
946686424815,"type=xy,x_or_task=0,y_or_landing=0,yaw=0,hex=AA FF 01 06 00 00 00 00 00 00 B0,reason=normal"
946686424816,"type=mission,x_or_task=1,y_or_landing=1,yaw=0,hex=AA FF 02 02 01 01 AF,reason=normal"
946686424856,"type=xy,x_or_task=0,y_or_landing=0,yaw=0,hex=AA FF 01 06 00 00 00 00 00 00 B0,reason=normal"
946686424933,"type=xy,x_or_task=0,y_or_landing=0,yaw=0,hex=AA FF 01 06 00 00 00 00 00 00 B0,reason=normal"
946686424933,"type=mission,x_or_task=1,y_or_landing=1,yaw=0,hex=AA FF 02 02 01 01 AF,reason=normal"
946686424956,"type=xy,x_or_task=0,y_or_landing=0,yaw=0,hex=AA FF 01 06 00 00 00 00 00 00 B0,reason=normal"
946686425015,"type=xy,x_or_task=0,y_or_landing=0,yaw=0,hex=AA FF 01 06 00 00 00 00 00 00 B0,reason=normal"
946686425015,"type=mission,x_or_task=1,y_or_landing=1,yaw=0,hex=AA FF 02 02 01 01 AF,reason=normal"
946686425056,"type=xy,x_or_task=0,y_or_landing=0,yaw=0,hex=AA FF 01 06 00 00 00 00 00 00 B0,reason=normal"
946686425116,"type=xy,x_or_task=0,y_or_landing=0,yaw=0,hex=AA FF 01 06 00 00 00 00 00 00 B0,reason=normal"
946686425116,"type=mission,x_or_task=1,y_or_landing=1,yaw=0,hex=AA FF 02 02 01 01 AF,reason=normal"
946686425156,"type=xy,x_or_task=0,y_or_landing=0,yaw=0,hex=AA FF 01 06 00 00 00 00 00 00 B0,reason=normal"
946686425214,"type=xy,x_or_task=0,y_or_landing=0,yaw=0,hex=AA FF 01 06 00 00 00 00 00 00 B0,reason=normal"
946686425214,"type=mission,x_or_task=1,y_or_landing=1,yaw=0,hex=AA FF 02 02 01 01 AF,reason=normal"
946686425256,"type=xy,x_or_task=0,y_or_landing=0,yaw=0,hex=AA FF 01 06 00 00 00 00 00 00 B0,reason=normal"
946686425319,"type=xy,x_or_task=0,y_or_landing=0,yaw=0,hex=AA FF 01 06 00 00 00 00 00 00 B0,reason=normal"
946686425320,"type=mission,x_or_task=1,y_or_landing=1,yaw=0,hex=AA FF 02 02 01 01 AF,reason=normal"
946686425356,"type=xy,x_or_task=0,y_or_landing=0,yaw=0,hex=AA FF 01 06 00 00 00 00 00 00 B0,reason=normal"
946686425406,"type=xy,x_or_task=0,y_or_landing=0,yaw=0,hex=AA FF 01 06 00 00 00 00 00 00 B0,reason=normal"
946686425406,"type=mission,x_or_task=1,y_or_landing=1,yaw=0,hex=AA FF 02 02 01 01 AF,reason=normal"
946686425456,"type=xy,x_or_task=0,y_or_landing=0,yaw=0,hex=AA FF 01 06 00 00 00 00 00 00 B0,reason=normal"
946686425523,"type=xy,x_or_task=1,y_or_landing=0,yaw=0,hex=AA FF 01 06 00 01 00 00 00 00 B1,reason=normal"
946686425523,"type=mission,x_or_task=1,y_or_landing=1,yaw=0,hex=AA FF 02 02 01 01 AF,reason=normal"
946686425556,"type=xy,x_or_task=1,y_or_landing=0,yaw=0,hex=AA FF 01 06 00 01 00 00 00 00 B1,reason=normal"
946686425616,"type=xy,x_or_task=1,y_or_landing=0,yaw=0,hex=AA FF 01 06 00 01 00 00 00 00 B1,reason=normal"
946686425616,"type=mission,x_or_task=1,y_or_landing=1,yaw=0,hex=AA FF 02 02 01 01 AF,reason=normal"
946686425656,"type=xy,x_or_task=1,y_or_landing=0,yaw=0,hex=AA FF 01 06 00 01 00 00 00 00 B1,reason=normal"
946686425722,"type=xy,x_or_task=1,y_or_landing=0,yaw=0,hex=AA FF 01 06 00 01 00 00 00 00 B1,reason=normal"
946686425722,"type=mission,x_or_task=1,y_or_landing=1,yaw=0,hex=AA FF 02 02 01 01 AF,reason=normal"
946686425756,"type=xy,x_or_task=1,y_or_landing=0,yaw=0,hex=AA FF 01 06 00 01 00 00 00 00 B1,reason=normal"
946686425821,"type=xy,x_or_task=1,y_or_landing=0,yaw=0,hex=AA FF 01 06 00 01 00 00 00 00 B1,reason=normal"
946686425821,"type=mission,x_or_task=1,y_or_landing=1,yaw=0,hex=AA FF 02 02 01 01 AF,reason=normal"
946686425856,"type=xy,x_or_task=1,y_or_landing=0,yaw=0,hex=AA FF 01 06 00 01 00 00 00 00 B1,reason=normal"
946686425915,"type=xy,x_or_task=1,y_or_landing=0,yaw=0,hex=AA FF 01 06 00 01 00 00 00 00 B1,reason=normal"
946686425916,"type=mission,x_or_task=1,y_or_landing=1,yaw=0,hex=AA FF 02 02 01 01 AF,reason=normal"
946686425956,"type=xy,x_or_task=1,y_or_landing=0,yaw=0,hex=AA FF 01 06 00 01 00 00 00 00 B1,reason=normal"
946686426015,"type=xy,x_or_task=0,y_or_landing=0,yaw=0,hex=AA FF 01 06 00 00 00 00 00 00 B0,reason=normal"
946686426015,"type=mission,x_or_task=1,y_or_landing=1,yaw=0,hex=AA FF 02 02 01 01 AF,reason=normal"
946686426056,"type=xy,x_or_task=0,y_or_landing=0,yaw=0,hex=AA FF 01 06 00 00 00 00 00 00 B0,reason=normal"
946686426115,"type=xy,x_or_task=0,y_or_landing=0,yaw=0,hex=AA FF 01 06 00 00 00 00 00 00 B0,reason=normal"
946686426115,"type=mission,x_or_task=1,y_or_landing=1,yaw=0,hex=AA FF 02 02 01 01 AF,reason=normal"
946686426156,"type=xy,x_or_task=0,y_or_landing=0,yaw=0,hex=AA FF 01 06 00 00 00 00 00 00 B0,reason=normal"
946686426215,"type=xy,x_or_task=0,y_or_landing=0,yaw=0,hex=AA FF 01 06 00 00 00 00 00 00 B0,reason=normal"
946686426216,"type=mission,x_or_task=1,y_or_landing=1,yaw=0,hex=AA FF 02 02 01 01 AF,reason=normal"
946686426256,"type=xy,x_or_task=0,y_or_landing=0,yaw=0,hex=AA FF 01 06 00 00 00 00 00 00 B0,reason=normal"
946686426315,"type=xy,x_or_task=1,y_or_landing=0,yaw=0,hex=AA FF 01 06 00 01 00 00 00 00 B1,reason=normal"
946686426316,"type=mission,x_or_task=1,y_or_landing=1,yaw=0,hex=AA FF 02 02 01 01 AF,reason=normal"
946686426356,"type=xy,x_or_task=1,y_or_landing=0,yaw=0,hex=AA FF 01 06 00 01 00 00 00 00 B1,reason=normal"
946686426415,"type=xy,x_or_task=0,y_or_landing=0,yaw=0,hex=AA FF 01 06 00 00 00 00 00 00 B0,reason=normal"
946686426415,"type=mission,x_or_task=1,y_or_landing=1,yaw=0,hex=AA FF 02 02 01 01 AF,reason=normal"
946686426456,"type=xy,x_or_task=0,y_or_landing=0,yaw=0,hex=AA FF 01 06 00 00 00 00 00 00 B0,reason=normal"
946686426515,"type=xy,x_or_task=0,y_or_landing=0,yaw=0,hex=AA FF 01 06 00 00 00 00 00 00 B0,reason=normal"
946686426516,"type=mission,x_or_task=1,y_or_landing=1,yaw=0,hex=AA FF 02 02 01 01 AF,reason=normal"
946686426556,"type=xy,x_or_task=0,y_or_landing=0,yaw=0,hex=AA FF 01 06 00 00 00 00 00 00 B0,reason=normal"
946686426621,"type=xy,x_or_task=0,y_or_landing=0,yaw=0,hex=AA FF 01 06 00 00 00 00 00 00 B0,reason=normal"
946686426621,"type=mission,x_or_task=1,y_or_landing=1,yaw=0,hex=AA FF 02 02 01 01 AF,reason=normal"
946686426656,"type=xy,x_or_task=0,y_or_landing=0,yaw=0,hex=AA FF 01 06 00 00 00 00 00 00 B0,reason=normal"
946686426716,"type=xy,x_or_task=0,y_or_landing=0,yaw=0,hex=AA FF 01 06 00 00 00 00 00 00 B0,reason=normal"
946686426716,"type=mission,x_or_task=1,y_or_landing=1,yaw=0,hex=AA FF 02 02 01 01 AF,reason=normal"
946686426756,"type=xy,x_or_task=0,y_or_landing=0,yaw=0,hex=AA FF 01 06 00 00 00 00 00 00 B0,reason=normal"
946686426821,"type=xy,x_or_task=0,y_or_landing=0,yaw=0,hex=AA FF 01 06 00 00 00 00 00 00 B0,reason=normal"
946686426822,"type=mission,x_or_task=1,y_or_landing=1,yaw=0,hex=AA FF 02 02 01 01 AF,reason=normal"
946686426856,"type=xy,x_or_task=0,y_or_landing=0,yaw=0,hex=AA FF 01 06 00 00 00 00 00 00 B0,reason=normal"
946686426916,"type=xy,x_or_task=0,y_or_landing=0,yaw=0,hex=AA FF 01 06 00 00 00 00 00 00 B0,reason=normal"
946686426916,"type=mission,x_or_task=1,y_or_landing=1,yaw=0,hex=AA FF 02 02 01 01 AF,reason=normal"
946686426956,"type=xy,x_or_task=0,y_or_landing=0,yaw=0,hex=AA FF 01 06 00 00 00 00 00 00 B0,reason=normal"
946686427015,"type=xy,x_or_task=0,y_or_landing=0,yaw=0,hex=AA FF 01 06 00 00 00 00 00 00 B0,reason=normal"
946686427015,"type=mission,x_or_task=1,y_or_landing=1,yaw=0,hex=AA FF 02 02 01 01 AF,reason=normal"
946686427056,"type=xy,x_or_task=0,y_or_landing=0,yaw=0,hex=AA FF 01 06 00 00 00 00 00 00 B0,reason=normal"
946686427119,"type=xy,x_or_task=0,y_or_landing=0,yaw=0,hex=AA FF 01 06 00 00 00 00 00 00 B0,reason=normal"
946686427120,"type=mission,x_or_task=1,y_or_landing=1,yaw=0,hex=AA FF 02 02 01 01 AF,reason=normal"
946686427156,"type=xy,x_or_task=0,y_or_landing=0,yaw=0,hex=AA FF 01 06 00 00 00 00 00 00 B0,reason=normal"
946686427206,"type=xy,x_or_task=1,y_or_landing=0,yaw=0,hex=AA FF 01 06 00 01 00 00 00 00 B1,reason=normal"
946686427206,"type=mission,x_or_task=1,y_or_landing=1,yaw=0,hex=AA FF 02 02 01 01 AF,reason=normal"
946686427256,"type=xy,x_or_task=1,y_or_landing=0,yaw=0,hex=AA FF 01 06 00 01 00 00 00 00 B1,reason=normal"
946686427313,"type=xy,x_or_task=1,y_or_landing=0,yaw=0,hex=AA FF 01 06 00 01 00 00 00 00 B1,reason=normal"
946686427314,"type=mission,x_or_task=1,y_or_landing=1,yaw=0,hex=AA FF 02 02 01 01 AF,reason=normal"
946686427356,"type=xy,x_or_task=1,y_or_landing=0,yaw=0,hex=AA FF 01 06 00 01 00 00 00 00 B1,reason=normal"
946686427413,"type=xy,x_or_task=1,y_or_landing=0,yaw=0,hex=AA FF 01 06 00 01 00 00 00 00 B1,reason=normal"
946686427414,"type=mission,x_or_task=1,y_or_landing=1,yaw=0,hex=AA FF 02 02 01 01 AF,reason=normal"
946686427456,"type=xy,x_or_task=1,y_or_landing=0,yaw=0,hex=AA FF 01 06 00 01 00 00 00 00 B1,reason=normal"
946686427514,"type=xy,x_or_task=0,y_or_landing=0,yaw=0,hex=AA FF 01 06 00 00 00 00 00 00 B0,reason=normal"
946686427514,"type=mission,x_or_task=1,y_or_landing=1,yaw=0,hex=AA FF 02 02 01 01 AF,reason=normal"
946686427556,"type=xy,x_or_task=0,y_or_landing=0,yaw=0,hex=AA FF 01 06 00 00 00 00 00 00 B0,reason=normal"
946686427614,"type=xy,x_or_task=1,y_or_landing=0,yaw=0,hex=AA FF 01 06 00 01 00 00 00 00 B1,reason=normal"
946686427614,"type=mission,x_or_task=1,y_or_landing=1,yaw=0,hex=AA FF 02 02 01 01 AF,reason=normal"
946686427656,"type=xy,x_or_task=1,y_or_landing=0,yaw=0,hex=AA FF 01 06 00 01 00 00 00 00 B1,reason=normal"
946686427714,"type=xy,x_or_task=1,y_or_landing=0,yaw=0,hex=AA FF 01 06 00 01 00 00 00 00 B1,reason=normal"
946686427714,"type=mission,x_or_task=1,y_or_landing=1,yaw=0,hex=AA FF 02 02 01 01 AF,reason=normal"
946686427756,"type=xy,x_or_task=1,y_or_landing=0,yaw=0,hex=AA FF 01 06 00 01 00 00 00 00 B1,reason=normal"
946686427814,"type=xy,x_or_task=1,y_or_landing=0,yaw=0,hex=AA FF 01 06 00 01 00 00 00 00 B1,reason=normal"
946686427814,"type=mission,x_or_task=1,y_or_landing=1,yaw=0,hex=AA FF 02 02 01 01 AF,reason=normal"
946686427856,"type=xy,x_or_task=1,y_or_landing=0,yaw=0,hex=AA FF 01 06 00 01 00 00 00 00 B1,reason=normal"
946686427933,"type=xy,x_or_task=1,y_or_landing=0,yaw=0,hex=AA FF 01 06 00 01 00 00 00 00 B1,reason=normal"
946686427933,"type=mission,x_or_task=1,y_or_landing=1,yaw=0,hex=AA FF 02 02 01 01 AF,reason=normal"
946686427956,"type=xy,x_or_task=1,y_or_landing=0,yaw=0,hex=AA FF 01 06 00 01 00 00 00 00 B1,reason=normal"
946686428021,"type=xy,x_or_task=1,y_or_landing=0,yaw=0,hex=AA FF 01 06 00 01 00 00 00 00 B1,reason=normal"
946686428021,"type=mission,x_or_task=1,y_or_landing=1,yaw=0,hex=AA FF 02 02 01 01 AF,reason=normal"
946686428056,"type=xy,x_or_task=1,y_or_landing=0,yaw=0,hex=AA FF 01 06 00 01 00 00 00 00 B1,reason=normal"
946686428114,"type=xy,x_or_task=1,y_or_landing=0,yaw=0,hex=AA FF 01 06 00 01 00 00 00 00 B1,reason=normal"
946686428114,"type=mission,x_or_task=1,y_or_landing=1,yaw=0,hex=AA FF 02 02 01 01 AF,reason=normal"
946686428156,"type=xy,x_or_task=1,y_or_landing=0,yaw=0,hex=AA FF 01 06 00 01 00 00 00 00 B1,reason=normal"
946686428214,"type=xy,x_or_task=1,y_or_landing=0,yaw=0,hex=AA FF 01 06 00 01 00 00 00 00 B1,reason=normal"
946686428214,"type=mission,x_or_task=1,y_or_landing=1,yaw=0,hex=AA FF 02 02 01 01 AF,reason=normal"
946686428256,"type=xy,x_or_task=1,y_or_landing=0,yaw=0,hex=AA FF 01 06 00 01 00 00 00 00 B1,reason=normal"
946686428316,"type=xy,x_or_task=1,y_or_landing=0,yaw=0,hex=AA FF 01 06 00 01 00 00 00 00 B1,reason=normal"
946686428316,"type=mission,x_or_task=1,y_or_landing=1,yaw=0,hex=AA FF 02 02 01 01 AF,reason=normal"
946686428356,"type=xy,x_or_task=1,y_or_landing=0,yaw=0,hex=AA FF 01 06 00 01 00 00 00 00 B1,reason=normal"
946686428406,"type=xy,x_or_task=1,y_or_landing=0,yaw=0,hex=AA FF 01 06 00 01 00 00 00 00 B1,reason=normal"
946686428416,"type=mission,x_or_task=1,y_or_landing=1,yaw=0,hex=AA FF 02 02 01 01 AF,reason=normal"
946686428456,"type=xy,x_or_task=1,y_or_landing=0,yaw=0,hex=AA FF 01 06 00 01 00 00 00 00 B1,reason=normal"
946686428514,"type=xy,x_or_task=0,y_or_landing=0,yaw=0,hex=AA FF 01 06 00 00 00 00 00 00 B0,reason=normal"
946686428514,"type=mission,x_or_task=1,y_or_landing=1,yaw=0,hex=AA FF 02 02 01 01 AF,reason=normal"
946686428556,"type=xy,x_or_task=0,y_or_landing=0,yaw=0,hex=AA FF 01 06 00 00 00 00 00 00 B0,reason=normal"
946686428620,"type=xy,x_or_task=0,y_or_landing=0,yaw=0,hex=AA FF 01 06 00 00 00 00 00 00 B0,reason=normal"
946686428620,"type=mission,x_or_task=1,y_or_landing=1,yaw=0,hex=AA FF 02 02 01 01 AF,reason=normal"
946686428656,"type=xy,x_or_task=0,y_or_landing=0,yaw=0,hex=AA FF 01 06 00 00 00 00 00 00 B0,reason=normal"
946686428714,"type=xy,x_or_task=0,y_or_landing=0,yaw=0,hex=AA FF 01 06 00 00 00 00 00 00 B0,reason=normal"
946686428714,"type=mission,x_or_task=1,y_or_landing=1,yaw=0,hex=AA FF 02 02 01 01 AF,reason=normal"
946686428756,"type=xy,x_or_task=0,y_or_landing=0,yaw=0,hex=AA FF 01 06 00 00 00 00 00 00 B0,reason=normal"
946686428819,"type=xy,x_or_task=0,y_or_landing=0,yaw=0,hex=AA FF 01 06 00 00 00 00 00 00 B0,reason=normal"
946686428820,"type=mission,x_or_task=1,y_or_landing=1,yaw=0,hex=AA FF 02 02 01 01 AF,reason=normal"
946686428856,"type=xy,x_or_task=0,y_or_landing=0,yaw=0,hex=AA FF 01 06 00 00 00 00 00 00 B0,reason=normal"
946686428914,"type=xy,x_or_task=0,y_or_landing=0,yaw=0,hex=AA FF 01 06 00 00 00 00 00 00 B0,reason=normal"
946686428914,"type=mission,x_or_task=1,y_or_landing=1,yaw=0,hex=AA FF 02 02 01 01 AF,reason=normal"
946686428956,"type=xy,x_or_task=1,y_or_landing=0,yaw=0,hex=AA FF 01 06 00 01 00 00 00 00 B1,reason=normal"
946686429013,"type=xy,x_or_task=1,y_or_landing=0,yaw=0,hex=AA FF 01 06 00 01 00 00 00 00 B1,reason=normal"
946686429014,"type=mission,x_or_task=1,y_or_landing=1,yaw=0,hex=AA FF 02 02 01 01 AF,reason=normal"
946686429056,"type=xy,x_or_task=1,y_or_landing=0,yaw=0,hex=AA FF 01 06 00 01 00 00 00 00 B1,reason=normal"
946686429113,"type=xy,x_or_task=1,y_or_landing=0,yaw=0,hex=AA FF 01 06 00 01 00 00 00 00 B1,reason=normal"
946686429113,"type=mission,x_or_task=1,y_or_landing=1,yaw=0,hex=AA FF 02 02 01 01 AF,reason=normal"
946686429156,"type=xy,x_or_task=1,y_or_landing=0,yaw=0,hex=AA FF 01 06 00 01 00 00 00 00 B1,reason=normal"
946686429233,"type=xy,x_or_task=1,y_or_landing=0,yaw=0,hex=AA FF 01 06 00 01 00 00 00 00 B1,reason=normal"
946686429233,"type=mission,x_or_task=1,y_or_landing=1,yaw=0,hex=AA FF 02 02 01 01 AF,reason=normal"
946686429256,"type=xy,x_or_task=1,y_or_landing=0,yaw=0,hex=AA FF 01 06 00 01 00 00 00 00 B1,reason=normal"
946686429313,"type=xy,x_or_task=1,y_or_landing=0,yaw=0,hex=AA FF 01 06 00 01 00 00 00 00 B1,reason=normal"
946686429314,"type=mission,x_or_task=1,y_or_landing=1,yaw=0,hex=AA FF 02 02 01 01 AF,reason=normal"
946686429356,"type=xy,x_or_task=1,y_or_landing=0,yaw=0,hex=AA FF 01 06 00 01 00 00 00 00 B1,reason=normal"
946686429414,"type=xy,x_or_task=1,y_or_landing=0,yaw=0,hex=AA FF 01 06 00 01 00 00 00 00 B1,reason=normal"
946686429414,"type=mission,x_or_task=1,y_or_landing=1,yaw=0,hex=AA FF 02 02 01 01 AF,reason=normal"
946686429456,"type=xy,x_or_task=1,y_or_landing=0,yaw=0,hex=AA FF 01 06 00 01 00 00 00 00 B1,reason=normal"
946686429514,"type=xy,x_or_task=0,y_or_landing=0,yaw=0,hex=AA FF 01 06 00 00 00 00 00 00 B0,reason=normal"
946686429514,"type=mission,x_or_task=1,y_or_landing=1,yaw=0,hex=AA FF 02 02 01 01 AF,reason=normal"
946686429556,"type=xy,x_or_task=0,y_or_landing=0,yaw=0,hex=AA FF 01 06 00 00 00 00 00 00 B0,reason=normal"
946686429613,"type=xy,x_or_task=0,y_or_landing=0,yaw=0,hex=AA FF 01 06 00 00 00 00 00 00 B0,reason=normal"
946686429614,"type=mission,x_or_task=1,y_or_landing=1,yaw=0,hex=AA FF 02 02 01 01 AF,reason=normal"
946686429656,"type=xy,x_or_task=0,y_or_landing=0,yaw=0,hex=AA FF 01 06 00 00 00 00 00 00 B0,reason=normal"
946686429726,"type=xy,x_or_task=0,y_or_landing=0,yaw=0,hex=AA FF 01 06 00 00 00 00 00 00 B0,reason=normal"
946686429726,"type=mission,x_or_task=1,y_or_landing=1,yaw=0,hex=AA FF 02 02 01 01 AF,reason=normal"
946686429756,"type=xy,x_or_task=0,y_or_landing=0,yaw=0,hex=AA FF 01 06 00 00 00 00 00 00 B0,reason=normal"
946686429819,"type=xy,x_or_task=0,y_or_landing=0,yaw=0,hex=AA FF 01 06 00 00 00 00 00 00 B0,reason=normal"
946686429820,"type=mission,x_or_task=1,y_or_landing=1,yaw=0,hex=AA FF 02 02 01 01 AF,reason=normal"
946686429856,"type=xy,x_or_task=0,y_or_landing=0,yaw=0,hex=AA FF 01 06 00 00 00 00 00 00 B0,reason=normal"
946686429913,"type=xy,x_or_task=0,y_or_landing=0,yaw=0,hex=AA FF 01 06 00 00 00 00 00 00 B0,reason=normal"
946686429914,"type=mission,x_or_task=1,y_or_landing=1,yaw=0,hex=AA FF 02 02 01 01 AF,reason=normal"
946686429956,"type=xy,x_or_task=0,y_or_landing=0,yaw=0,hex=AA FF 01 06 00 00 00 00 00 00 B0,reason=normal"
946686430015,"type=xy,x_or_task=0,y_or_landing=0,yaw=0,hex=AA FF 01 06 00 00 00 00 00 00 B0,reason=normal"
946686430016,"type=mission,x_or_task=1,y_or_landing=1,yaw=0,hex=AA FF 02 02 01 01 AF,reason=normal"
946686430056,"type=xy,x_or_task=0,y_or_landing=0,yaw=0,hex=AA FF 01 06 00 00 00 00 00 00 B0,reason=normal"
946686430133,"type=xy,x_or_task=1,y_or_landing=0,yaw=0,hex=AA FF 01 06 00 01 00 00 00 00 B1,reason=normal"
946686430134,"type=mission,x_or_task=1,y_or_landing=1,yaw=0,hex=AA FF 02 02 01 01 AF,reason=normal"
946686430156,"type=xy,x_or_task=1,y_or_landing=0,yaw=0,hex=AA FF 01 06 00 01 00 00 00 00 B1,reason=normal"
946686430213,"type=xy,x_or_task=1,y_or_landing=0,yaw=0,hex=AA FF 01 06 00 01 00 00 00 00 B1,reason=normal"
946686430214,"type=mission,x_or_task=1,y_or_landing=1,yaw=0,hex=AA FF 02 02 01 01 AF,reason=normal"
946686430256,"type=xy,x_or_task=1,y_or_landing=0,yaw=0,hex=AA FF 01 06 00 01 00 00 00 00 B1,reason=normal"
946686430314,"type=xy,x_or_task=1,y_or_landing=0,yaw=0,hex=AA FF 01 06 00 01 00 00 00 00 B1,reason=normal"
946686430314,"type=mission,x_or_task=1,y_or_landing=1,yaw=0,hex=AA FF 02 02 01 01 AF,reason=normal"
946686430356,"type=xy,x_or_task=1,y_or_landing=0,yaw=0,hex=AA FF 01 06 00 01 00 00 00 00 B1,reason=normal"
946686430413,"type=xy,x_or_task=1,y_or_landing=0,yaw=0,hex=AA FF 01 06 00 01 00 00 00 00 B1,reason=normal"
946686430414,"type=mission,x_or_task=1,y_or_landing=1,yaw=0,hex=AA FF 02 02 01 01 AF,reason=normal"
946686430456,"type=xy,x_or_task=1,y_or_landing=0,yaw=0,hex=AA FF 01 06 00 01 00 00 00 00 B1,reason=normal"
946686430513,"type=xy,x_or_task=1,y_or_landing=0,yaw=0,hex=AA FF 01 06 00 01 00 00 00 00 B1,reason=normal"
946686430514,"type=mission,x_or_task=1,y_or_landing=1,yaw=0,hex=AA FF 02 02 01 01 AF,reason=normal"
946686430556,"type=xy,x_or_task=1,y_or_landing=0,yaw=0,hex=AA FF 01 06 00 01 00 00 00 00 B1,reason=normal"
946686430615,"type=xy,x_or_task=0,y_or_landing=0,yaw=0,hex=AA FF 01 06 00 00 00 00 00 00 B0,reason=normal"
946686430615,"type=mission,x_or_task=1,y_or_landing=1,yaw=0,hex=AA FF 02 02 01 01 AF,reason=normal"
946686430656,"type=xy,x_or_task=0,y_or_landing=0,yaw=0,hex=AA FF 01 06 00 00 00 00 00 00 B0,reason=normal"
946686430714,"type=xy,x_or_task=1,y_or_landing=0,yaw=0,hex=AA FF 01 06 00 01 00 00 00 00 B1,reason=normal"
946686430714,"type=mission,x_or_task=1,y_or_landing=1,yaw=0,hex=AA FF 02 02 01 01 AF,reason=normal"
946686430756,"type=xy,x_or_task=1,y_or_landing=0,yaw=0,hex=AA FF 01 06 00 01 00 00 00 00 B1,reason=normal"
946686430833,"type=xy,x_or_task=0,y_or_landing=0,yaw=0,hex=AA FF 01 06 00 00 00 00 00 00 B0,reason=normal"
946686430833,"type=mission,x_or_task=1,y_or_landing=1,yaw=0,hex=AA FF 02 02 01 01 AF,reason=normal"
946686430856,"type=xy,x_or_task=0,y_or_landing=0,yaw=0,hex=AA FF 01 06 00 00 00 00 00 00 B0,reason=normal"
946686430927,"type=xy,x_or_task=0,y_or_landing=0,yaw=0,hex=AA FF 01 06 00 00 00 00 00 00 B0,reason=normal"
946686430927,"type=mission,x_or_task=1,y_or_landing=1,yaw=0,hex=AA FF 02 02 01 01 AF,reason=normal"
946686430956,"type=xy,x_or_task=0,y_or_landing=0,yaw=0,hex=AA FF 01 06 00 00 00 00 00 00 B0,reason=normal"
946686431027,"type=xy,x_or_task=1,y_or_landing=0,yaw=0,hex=AA FF 01 06 00 01 00 00 00 00 B1,reason=normal"
946686431027,"type=mission,x_or_task=1,y_or_landing=1,yaw=0,hex=AA FF 02 02 01 01 AF,reason=normal"
946686431055,"type=xy,x_or_task=1,y_or_landing=0,yaw=0,hex=AA FF 01 06 00 01 00 00 00 00 B1,reason=normal"
946686431113,"type=xy,x_or_task=1,y_or_landing=0,yaw=0,hex=AA FF 01 06 00 01 00 00 00 00 B1,reason=normal"
946686431114,"type=mission,x_or_task=1,y_or_landing=1,yaw=0,hex=AA FF 02 02 01 01 AF,reason=normal"
946686431156,"type=xy,x_or_task=1,y_or_landing=0,yaw=0,hex=AA FF 01 06 00 01 00 00 00 00 B1,reason=normal"
946686431214,"type=xy,x_or_task=1,y_or_landing=0,yaw=0,hex=AA FF 01 06 00 01 00 00 00 00 B1,reason=normal"
946686431214,"type=mission,x_or_task=1,y_or_landing=1,yaw=0,hex=AA FF 02 02 01 01 AF,reason=normal"
946686431256,"type=xy,x_or_task=1,y_or_landing=0,yaw=0,hex=AA FF 01 06 00 01 00 00 00 00 B1,reason=normal"
946686431313,"type=xy,x_or_task=0,y_or_landing=0,yaw=0,hex=AA FF 01 06 00 00 00 00 00 00 B0,reason=normal"
946686431314,"type=mission,x_or_task=1,y_or_landing=1,yaw=0,hex=AA FF 02 02 01 01 AF,reason=normal"
946686431356,"type=xy,x_or_task=0,y_or_landing=0,yaw=0,hex=AA FF 01 06 00 00 00 00 00 00 B0,reason=normal"
946686431414,"type=xy,x_or_task=1,y_or_landing=0,yaw=0,hex=AA FF 01 06 00 01 00 00 00 00 B1,reason=normal"
946686431414,"type=mission,x_or_task=1,y_or_landing=1,yaw=0,hex=AA FF 02 02 01 01 AF,reason=normal"
946686431456,"type=xy,x_or_task=1,y_or_landing=0,yaw=0,hex=AA FF 01 06 00 01 00 00 00 00 B1,reason=normal"
946686431533,"type=xy,x_or_task=1,y_or_landing=0,yaw=0,hex=AA FF 01 06 00 01 00 00 00 00 B1,reason=normal"
946686431533,"type=mission,x_or_task=1,y_or_landing=1,yaw=0,hex=AA FF 02 02 01 01 AF,reason=normal"
946686431556,"type=xy,x_or_task=1,y_or_landing=0,yaw=0,hex=AA FF 01 06 00 01 00 00 00 00 B1,reason=normal"
946686431614,"type=xy,x_or_task=1,y_or_landing=0,yaw=0,hex=AA FF 01 06 00 01 00 00 00 00 B1,reason=normal"
946686431614,"type=mission,x_or_task=1,y_or_landing=1,yaw=0,hex=AA FF 02 02 01 01 AF,reason=normal"
946686431656,"type=xy,x_or_task=1,y_or_landing=0,yaw=0,hex=AA FF 01 06 00 01 00 00 00 00 B1,reason=normal"
946686431713,"type=xy,x_or_task=0,y_or_landing=0,yaw=0,hex=AA FF 01 06 00 00 00 00 00 00 B0,reason=normal"
946686431714,"type=mission,x_or_task=1,y_or_landing=1,yaw=0,hex=AA FF 02 02 01 01 AF,reason=normal"
946686431756,"type=xy,x_or_task=0,y_or_landing=0,yaw=0,hex=AA FF 01 06 00 00 00 00 00 00 B0,reason=normal"
946686431822,"type=xy,x_or_task=1,y_or_landing=0,yaw=0,hex=AA FF 01 06 00 01 00 00 00 00 B1,reason=normal"
946686431822,"type=mission,x_or_task=1,y_or_landing=1,yaw=0,hex=AA FF 02 02 01 01 AF,reason=normal"
946686431860,"type=xy,x_or_task=1,y_or_landing=0,yaw=0,hex=AA FF 01 06 00 01 00 00 00 00 B1,reason=normal"
946686431915,"type=xy,x_or_task=1,y_or_landing=0,yaw=0,hex=AA FF 01 06 00 01 00 00 00 00 B1,reason=normal"
946686431915,"type=mission,x_or_task=1,y_or_landing=1,yaw=0,hex=AA FF 02 02 01 01 AF,reason=normal"
946686431956,"type=xy,x_or_task=1,y_or_landing=0,yaw=0,hex=AA FF 01 06 00 01 00 00 00 00 B1,reason=normal"
946686432014,"type=xy,x_or_task=0,y_or_landing=0,yaw=0,hex=AA FF 01 06 00 00 00 00 00 00 B0,reason=normal"
946686432014,"type=mission,x_or_task=1,y_or_landing=1,yaw=0,hex=AA FF 02 02 01 01 AF,reason=normal"
946686432056,"type=xy,x_or_task=0,y_or_landing=0,yaw=0,hex=AA FF 01 06 00 00 00 00 00 00 B0,reason=normal"
946686432114,"type=xy,x_or_task=1,y_or_landing=0,yaw=0,hex=AA FF 01 06 00 01 00 00 00 00 B1,reason=normal"
946686432114,"type=mission,x_or_task=1,y_or_landing=1,yaw=0,hex=AA FF 02 02 01 01 AF,reason=normal"
946686432156,"type=xy,x_or_task=1,y_or_landing=0,yaw=0,hex=AA FF 01 06 00 01 00 00 00 00 B1,reason=normal"
946686432213,"type=xy,x_or_task=1,y_or_landing=0,yaw=0,hex=AA FF 01 06 00 01 00 00 00 00 B1,reason=normal"
946686432214,"type=mission,x_or_task=1,y_or_landing=1,yaw=0,hex=AA FF 02 02 01 01 AF,reason=normal"
946686432256,"type=xy,x_or_task=1,y_or_landing=0,yaw=0,hex=AA FF 01 06 00 01 00 00 00 00 B1,reason=normal"
946686432314,"type=xy,x_or_task=1,y_or_landing=0,yaw=0,hex=AA FF 01 06 00 01 00 00 00 00 B1,reason=normal"
946686432314,"type=mission,x_or_task=1,y_or_landing=1,yaw=0,hex=AA FF 02 02 01 01 AF,reason=normal"
946686432356,"type=xy,x_or_task=1,y_or_landing=0,yaw=0,hex=AA FF 01 06 00 01 00 00 00 00 B1,reason=normal"
946686432424,"type=xy,x_or_task=1,y_or_landing=0,yaw=0,hex=AA FF 01 06 00 01 00 00 00 00 B1,reason=normal"
946686432424,"type=mission,x_or_task=1,y_or_landing=1,yaw=0,hex=AA FF 02 02 01 01 AF,reason=normal"
946686432456,"type=xy,x_or_task=1,y_or_landing=0,yaw=0,hex=AA FF 01 06 00 01 00 00 00 00 B1,reason=normal"
946686432514,"type=xy,x_or_task=0,y_or_landing=0,yaw=0,hex=AA FF 01 06 00 00 00 00 00 00 B0,reason=normal"
946686432514,"type=mission,x_or_task=1,y_or_landing=1,yaw=0,hex=AA FF 02 02 01 01 AF,reason=normal"
946686432556,"type=xy,x_or_task=0,y_or_landing=0,yaw=0,hex=AA FF 01 06 00 00 00 00 00 00 B0,reason=normal"
946686432614,"type=xy,x_or_task=1,y_or_landing=0,yaw=0,hex=AA FF 01 06 00 01 00 00 00 00 B1,reason=normal"
946686432614,"type=mission,x_or_task=1,y_or_landing=1,yaw=0,hex=AA FF 02 02 01 01 AF,reason=normal"
946686432656,"type=xy,x_or_task=1,y_or_landing=0,yaw=0,hex=AA FF 01 06 00 01 00 00 00 00 B1,reason=normal"
946686432714,"type=xy,x_or_task=1,y_or_landing=0,yaw=0,hex=AA FF 01 06 00 01 00 00 00 00 B1,reason=normal"
946686432714,"type=mission,x_or_task=1,y_or_landing=1,yaw=0,hex=AA FF 02 02 01 01 AF,reason=normal"
946686432756,"type=xy,x_or_task=1,y_or_landing=0,yaw=0,hex=AA FF 01 06 00 01 00 00 00 00 B1,reason=normal"
946686432814,"type=xy,x_or_task=1,y_or_landing=0,yaw=0,hex=AA FF 01 06 00 01 00 00 00 00 B1,reason=normal"
946686432814,"type=mission,x_or_task=1,y_or_landing=1,yaw=0,hex=AA FF 02 02 01 01 AF,reason=normal"
946686432856,"type=xy,x_or_task=1,y_or_landing=0,yaw=0,hex=AA FF 01 06 00 01 00 00 00 00 B1,reason=normal"
946686432914,"type=xy,x_or_task=1,y_or_landing=0,yaw=0,hex=AA FF 01 06 00 01 00 00 00 00 B1,reason=normal"
946686432914,"type=mission,x_or_task=1,y_or_landing=1,yaw=0,hex=AA FF 02 02 01 01 AF,reason=normal"
946686432956,"type=xy,x_or_task=1,y_or_landing=0,yaw=0,hex=AA FF 01 06 00 01 00 00 00 00 B1,reason=normal"
946686433014,"type=xy,x_or_task=1,y_or_landing=0,yaw=0,hex=AA FF 01 06 00 01 00 00 00 00 B1,reason=normal"
946686433014,"type=mission,x_or_task=1,y_or_landing=1,yaw=0,hex=AA FF 02 02 01 01 AF,reason=normal"
946686433056,"type=xy,x_or_task=1,y_or_landing=0,yaw=0,hex=AA FF 01 06 00 01 00 00 00 00 B1,reason=normal"
946686433121,"type=xy,x_or_task=1,y_or_landing=0,yaw=0,hex=AA FF 01 06 00 01 00 00 00 00 B1,reason=normal"
946686433121,"type=mission,x_or_task=1,y_or_landing=1,yaw=0,hex=AA FF 02 02 01 01 AF,reason=normal"
946686433156,"type=xy,x_or_task=1,y_or_landing=0,yaw=0,hex=AA FF 01 06 00 01 00 00 00 00 B1,reason=normal"
946686433214,"type=xy,x_or_task=1,y_or_landing=0,yaw=0,hex=AA FF 01 06 00 01 00 00 00 00 B1,reason=normal"
946686433214,"type=mission,x_or_task=1,y_or_landing=1,yaw=0,hex=AA FF 02 02 01 01 AF,reason=normal"
946686433256,"type=xy,x_or_task=1,y_or_landing=0,yaw=0,hex=AA FF 01 06 00 01 00 00 00 00 B1,reason=normal"
946686433316,"type=xy,x_or_task=1,y_or_landing=0,yaw=0,hex=AA FF 01 06 00 01 00 00 00 00 B1,reason=normal"
946686433316,"type=mission,x_or_task=1,y_or_landing=1,yaw=0,hex=AA FF 02 02 01 01 AF,reason=normal"
946686433356,"type=xy,x_or_task=1,y_or_landing=0,yaw=0,hex=AA FF 01 06 00 01 00 00 00 00 B1,reason=normal"
946686433427,"type=xy,x_or_task=1,y_or_landing=0,yaw=0,hex=AA FF 01 06 00 01 00 00 00 00 B1,reason=normal"
946686433427,"type=mission,x_or_task=1,y_or_landing=1,yaw=0,hex=AA FF 02 02 01 01 AF,reason=normal"
946686433456,"type=xy,x_or_task=1,y_or_landing=0,yaw=0,hex=AA FF 01 06 00 01 00 00 00 00 B1,reason=normal"
946686433519,"type=xy,x_or_task=1,y_or_landing=0,yaw=0,hex=AA FF 01 06 00 01 00 00 00 00 B1,reason=normal"
946686433520,"type=mission,x_or_task=1,y_or_landing=1,yaw=0,hex=AA FF 02 02 01 01 AF,reason=normal"
946686433556,"type=xy,x_or_task=1,y_or_landing=0,yaw=0,hex=AA FF 01 06 00 01 00 00 00 00 B1,reason=normal"
946686433614,"type=xy,x_or_task=1,y_or_landing=0,yaw=0,hex=AA FF 01 06 00 01 00 00 00 00 B1,reason=normal"
946686433614,"type=mission,x_or_task=1,y_or_landing=1,yaw=0,hex=AA FF 02 02 01 01 AF,reason=normal"
946686433656,"type=xy,x_or_task=1,y_or_landing=0,yaw=0,hex=AA FF 01 06 00 01 00 00 00 00 B1,reason=normal"
946686433719,"type=xy,x_or_task=1,y_or_landing=0,yaw=0,hex=AA FF 01 06 00 01 00 00 00 00 B1,reason=normal"
946686433720,"type=mission,x_or_task=1,y_or_landing=1,yaw=0,hex=AA FF 02 02 01 01 AF,reason=normal"
946686433756,"type=xy,x_or_task=1,y_or_landing=0,yaw=0,hex=AA FF 01 06 00 01 00 00 00 00 B1,reason=normal"
946686433814,"type=xy,x_or_task=1,y_or_landing=0,yaw=0,hex=AA FF 01 06 00 01 00 00 00 00 B1,reason=normal"
946686433814,"type=mission,x_or_task=1,y_or_landing=1,yaw=0,hex=AA FF 02 02 01 01 AF,reason=normal"
946686433856,"type=xy,x_or_task=1,y_or_landing=0,yaw=0,hex=AA FF 01 06 00 01 00 00 00 00 B1,reason=normal"
946686433914,"type=xy,x_or_task=0,y_or_landing=0,yaw=0,hex=AA FF 01 06 00 00 00 00 00 00 B0,reason=normal"
946686433914,"type=mission,x_or_task=1,y_or_landing=1,yaw=0,hex=AA FF 02 02 01 01 AF,reason=normal"
946686433956,"type=xy,x_or_task=0,y_or_landing=0,yaw=0,hex=AA FF 01 06 00 00 00 00 00 00 B0,reason=normal"
946686434013,"type=xy,x_or_task=0,y_or_landing=0,yaw=0,hex=AA FF 01 06 00 00 00 00 00 00 B0,reason=normal"
946686434014,"type=mission,x_or_task=1,y_or_landing=1,yaw=0,hex=AA FF 02 02 01 01 AF,reason=normal"
946686434056,"type=xy,x_or_task=0,y_or_landing=0,yaw=0,hex=AA FF 01 06 00 00 00 00 00 00 B0,reason=normal"
946686434114,"type=xy,x_or_task=0,y_or_landing=0,yaw=0,hex=AA FF 01 06 00 00 00 00 00 00 B0,reason=normal"
946686434114,"type=mission,x_or_task=1,y_or_landing=1,yaw=0,hex=AA FF 02 02 01 01 AF,reason=normal"
946686434156,"type=xy,x_or_task=0,y_or_landing=0,yaw=0,hex=AA FF 01 06 00 00 00 00 00 00 B0,reason=normal"
946686434227,"type=xy,x_or_task=1,y_or_landing=0,yaw=0,hex=AA FF 01 06 00 01 00 00 00 00 B1,reason=normal"
946686434227,"type=mission,x_or_task=1,y_or_landing=1,yaw=0,hex=AA FF 02 02 01 01 AF,reason=normal"
946686434256,"type=xy,x_or_task=1,y_or_landing=0,yaw=0,hex=AA FF 01 06 00 01 00 00 00 00 B1,reason=normal"
946686434309,"type=xy,x_or_task=1,y_or_landing=0,yaw=0,hex=AA FF 01 06 00 01 00 00 00 00 B1,reason=normal"
946686434309,"type=mission,x_or_task=1,y_or_landing=1,yaw=0,hex=AA FF 02 02 01 01 AF,reason=normal"
946686434356,"type=xy,x_or_task=1,y_or_landing=0,yaw=0,hex=AA FF 01 06 00 01 00 00 00 00 B1,reason=normal"
946686434421,"type=xy,x_or_task=1,y_or_landing=0,yaw=0,hex=AA FF 01 06 00 01 00 00 00 00 B1,reason=normal"
946686434421,"type=mission,x_or_task=1,y_or_landing=1,yaw=0,hex=AA FF 02 02 01 01 AF,reason=normal"
946686434456,"type=xy,x_or_task=1,y_or_landing=0,yaw=0,hex=AA FF 01 06 00 01 00 00 00 00 B1,reason=normal"
946686434521,"type=xy,x_or_task=1,y_or_landing=0,yaw=0,hex=AA FF 01 06 00 01 00 00 00 00 B1,reason=normal"
946686434521,"type=mission,x_or_task=1,y_or_landing=1,yaw=0,hex=AA FF 02 02 01 01 AF,reason=normal"
946686434556,"type=xy,x_or_task=1,y_or_landing=0,yaw=0,hex=AA FF 01 06 00 01 00 00 00 00 B1,reason=normal"
946686434614,"type=xy,x_or_task=1,y_or_landing=0,yaw=0,hex=AA FF 01 06 00 01 00 00 00 00 B1,reason=normal"
946686434614,"type=mission,x_or_task=1,y_or_landing=1,yaw=0,hex=AA FF 02 02 01 01 AF,reason=normal"
946686434656,"type=xy,x_or_task=1,y_or_landing=0,yaw=0,hex=AA FF 01 06 00 01 00 00 00 00 B1,reason=normal"
946686434723,"type=xy,x_or_task=1,y_or_landing=0,yaw=0,hex=AA FF 01 06 00 01 00 00 00 00 B1,reason=normal"
946686434723,"type=mission,x_or_task=1,y_or_landing=1,yaw=0,hex=AA FF 02 02 01 01 AF,reason=normal"
946686434756,"type=xy,x_or_task=1,y_or_landing=0,yaw=0,hex=AA FF 01 06 00 01 00 00 00 00 B1,reason=normal"
946686434815,"type=xy,x_or_task=1,y_or_landing=0,yaw=0,hex=AA FF 01 06 00 01 00 00 00 00 B1,reason=normal"
946686434816,"type=mission,x_or_task=1,y_or_landing=1,yaw=0,hex=AA FF 02 02 01 01 AF,reason=normal"
946686434856,"type=xy,x_or_task=1,y_or_landing=0,yaw=0,hex=AA FF 01 06 00 01 00 00 00 00 B1,reason=normal"
946686434914,"type=xy,x_or_task=1,y_or_landing=0,yaw=0,hex=AA FF 01 06 00 01 00 00 00 00 B1,reason=normal"
946686434914,"type=mission,x_or_task=1,y_or_landing=1,yaw=0,hex=AA FF 02 02 01 01 AF,reason=normal"
946686434956,"type=xy,x_or_task=1,y_or_landing=0,yaw=0,hex=AA FF 01 06 00 01 00 00 00 00 B1,reason=normal"
946686435017,"type=xy,x_or_task=1,y_or_landing=0,yaw=0,hex=AA FF 01 06 00 01 00 00 00 00 B1,reason=normal"
946686435017,"type=mission,x_or_task=1,y_or_landing=1,yaw=0,hex=AA FF 02 02 01 01 AF,reason=normal"
946686435056,"type=xy,x_or_task=1,y_or_landing=0,yaw=0,hex=AA FF 01 06 00 01 00 00 00 00 B1,reason=normal"
946686435120,"type=xy,x_or_task=1,y_or_landing=0,yaw=0,hex=AA FF 01 06 00 01 00 00 00 00 B1,reason=normal"
946686435120,"type=mission,x_or_task=1,y_or_landing=1,yaw=0,hex=AA FF 02 02 01 01 AF,reason=normal"
946686435156,"type=xy,x_or_task=1,y_or_landing=0,yaw=0,hex=AA FF 01 06 00 01 00 00 00 00 B1,reason=normal"
946686435216,"type=xy,x_or_task=1,y_or_landing=0,yaw=0,hex=AA FF 01 06 00 01 00 00 00 00 B1,reason=normal"
946686435216,"type=mission,x_or_task=1,y_or_landing=1,yaw=0,hex=AA FF 02 02 01 01 AF,reason=normal"
946686435256,"type=xy,x_or_task=1,y_or_landing=0,yaw=0,hex=AA FF 01 06 00 01 00 00 00 00 B1,reason=normal"
946686435318,"type=xy,x_or_task=1,y_or_landing=0,yaw=0,hex=AA FF 01 06 00 01 00 00 00 00 B1,reason=normal"
946686435318,"type=mission,x_or_task=1,y_or_landing=1,yaw=0,hex=AA FF 02 02 01 01 AF,reason=normal"
946686435356,"type=xy,x_or_task=1,y_or_landing=0,yaw=0,hex=AA FF 01 06 00 01 00 00 00 00 B1,reason=normal"
946686435416,"type=xy,x_or_task=1,y_or_landing=0,yaw=0,hex=AA FF 01 06 00 01 00 00 00 00 B1,reason=normal"
946686435416,"type=mission,x_or_task=1,y_or_landing=1,yaw=0,hex=AA FF 02 02 01 01 AF,reason=normal"
946686435456,"type=xy,x_or_task=1,y_or_landing=0,yaw=0,hex=AA FF 01 06 00 01 00 00 00 00 B1,reason=normal"
946686435513,"type=xy,x_or_task=1,y_or_landing=0,yaw=0,hex=AA FF 01 06 00 01 00 00 00 00 B1,reason=normal"
946686435513,"type=mission,x_or_task=1,y_or_landing=1,yaw=0,hex=AA FF 02 02 01 01 AF,reason=normal"
946686435555,"type=xy,x_or_task=1,y_or_landing=0,yaw=0,hex=AA FF 01 06 00 01 00 00 00 00 B1,reason=normal"
946686435606,"type=xy,x_or_task=1,y_or_landing=0,yaw=0,hex=AA FF 01 06 00 01 00 00 00 00 B1,reason=normal"
946686435606,"type=mission,x_or_task=1,y_or_landing=1,yaw=0,hex=AA FF 02 02 01 01 AF,reason=normal"
946686435656,"type=xy,x_or_task=1,y_or_landing=0,yaw=0,hex=AA FF 01 06 00 01 00 00 00 00 B1,reason=normal"
946686435706,"type=xy,x_or_task=0,y_or_landing=0,yaw=0,hex=AA FF 01 06 00 00 00 00 00 00 B0,reason=normal"
946686435718,"type=mission,x_or_task=1,y_or_landing=1,yaw=0,hex=AA FF 02 02 01 01 AF,reason=normal"
946686435756,"type=xy,x_or_task=0,y_or_landing=0,yaw=0,hex=AA FF 01 06 00 00 00 00 00 00 B0,reason=normal"
946686435806,"type=xy,x_or_task=0,y_or_landing=0,yaw=0,hex=AA FF 01 06 00 00 00 00 00 00 B0,reason=normal"
946686435818,"type=mission,x_or_task=1,y_or_landing=1,yaw=0,hex=AA FF 02 02 01 01 AF,reason=normal"
946686435856,"type=xy,x_or_task=0,y_or_landing=0,yaw=0,hex=AA FF 01 06 00 00 00 00 00 00 B0,reason=normal"
946686435906,"type=xy,x_or_task=1,y_or_landing=0,yaw=0,hex=AA FF 01 06 00 01 00 00 00 00 B1,reason=normal"
946686435919,"type=mission,x_or_task=1,y_or_landing=1,yaw=0,hex=AA FF 02 02 01 01 AF,reason=normal"
946686435956,"type=xy,x_or_task=1,y_or_landing=0,yaw=0,hex=AA FF 01 06 00 01 00 00 00 00 B1,reason=normal"
946686436006,"type=xy,x_or_task=0,y_or_landing=0,yaw=0,hex=AA FF 01 06 00 00 00 00 00 00 B0,reason=normal"
946686436006,"type=mission,x_or_task=1,y_or_landing=1,yaw=0,hex=AA FF 02 02 01 01 AF,reason=normal"
946686436056,"type=xy,x_or_task=0,y_or_landing=0,yaw=0,hex=AA FF 01 06 00 00 00 00 00 00 B0,reason=normal"
946686436118,"type=xy,x_or_task=1,y_or_landing=0,yaw=0,hex=AA FF 01 06 00 01 00 00 00 00 B1,reason=normal"
946686436118,"type=mission,x_or_task=1,y_or_landing=1,yaw=0,hex=AA FF 02 02 01 01 AF,reason=normal"
946686436156,"type=xy,x_or_task=1,y_or_landing=0,yaw=0,hex=AA FF 01 06 00 01 00 00 00 00 B1,reason=normal"
946686436223,"type=xy,x_or_task=1,y_or_landing=0,yaw=0,hex=AA FF 01 06 00 01 00 00 00 00 B1,reason=normal"
946686436223,"type=mission,x_or_task=1,y_or_landing=1,yaw=0,hex=AA FF 02 02 01 01 AF,reason=normal"
946686436256,"type=xy,x_or_task=1,y_or_landing=0,yaw=0,hex=AA FF 01 06 00 01 00 00 00 00 B1,reason=normal"
946686436315,"type=xy,x_or_task=1,y_or_landing=0,yaw=0,hex=AA FF 01 06 00 01 00 00 00 00 B1,reason=normal"
946686436315,"type=mission,x_or_task=1,y_or_landing=1,yaw=0,hex=AA FF 02 02 01 01 AF,reason=normal"
946686436356,"type=xy,x_or_task=1,y_or_landing=0,yaw=0,hex=AA FF 01 06 00 01 00 00 00 00 B1,reason=normal"
946686436406,"type=xy,x_or_task=1,y_or_landing=0,yaw=0,hex=AA FF 01 06 00 01 00 00 00 00 B1,reason=normal"
946686436406,"type=mission,x_or_task=1,y_or_landing=1,yaw=0,hex=AA FF 02 02 01 01 AF,reason=normal"
946686436456,"type=xy,x_or_task=1,y_or_landing=0,yaw=0,hex=AA FF 01 06 00 01 00 00 00 00 B1,reason=normal"
946686436506,"type=xy,x_or_task=1,y_or_landing=0,yaw=0,hex=AA FF 01 06 00 01 00 00 00 00 B1,reason=normal"
946686436506,"type=mission,x_or_task=1,y_or_landing=1,yaw=0,hex=AA FF 02 02 01 01 AF,reason=normal"
946686436556,"type=xy,x_or_task=1,y_or_landing=0,yaw=0,hex=AA FF 01 06 00 01 00 00 00 00 B1,reason=normal"
946686436606,"type=xy,x_or_task=1,y_or_landing=0,yaw=0,hex=AA FF 01 06 00 01 00 00 00 00 B1,reason=normal"
946686436619,"type=mission,x_or_task=1,y_or_landing=1,yaw=0,hex=AA FF 02 02 01 01 AF,reason=normal"
946686436656,"type=xy,x_or_task=1,y_or_landing=0,yaw=0,hex=AA FF 01 06 00 01 00 00 00 00 B1,reason=normal"
946686436706,"type=xy,x_or_task=1,y_or_landing=0,yaw=0,hex=AA FF 01 06 00 01 00 00 00 00 B1,reason=normal"
946686436706,"type=mission,x_or_task=1,y_or_landing=1,yaw=0,hex=AA FF 02 02 01 01 AF,reason=normal"
946686436756,"type=xy,x_or_task=1,y_or_landing=0,yaw=0,hex=AA FF 01 06 00 01 00 00 00 00 B1,reason=normal"
946686436806,"type=xy,x_or_task=1,y_or_landing=0,yaw=0,hex=AA FF 01 06 00 01 00 00 00 00 B1,reason=normal"
946686436806,"type=mission,x_or_task=1,y_or_landing=1,yaw=0,hex=AA FF 02 02 01 01 AF,reason=normal"
946686436856,"type=xy,x_or_task=1,y_or_landing=0,yaw=0,hex=AA FF 01 06 00 01 00 00 00 00 B1,reason=normal"
946686436906,"type=xy,x_or_task=1,y_or_landing=0,yaw=0,hex=AA FF 01 06 00 01 00 00 00 00 B1,reason=normal"
946686436906,"type=mission,x_or_task=1,y_or_landing=1,yaw=0,hex=AA FF 02 02 01 01 AF,reason=normal"
946686436956,"type=xy,x_or_task=1,y_or_landing=0,yaw=0,hex=AA FF 01 06 00 01 00 00 00 00 B1,reason=normal"
946686437006,"type=xy,x_or_task=1,y_or_landing=0,yaw=0,hex=AA FF 01 06 00 01 00 00 00 00 B1,reason=normal"
946686437006,"type=mission,x_or_task=1,y_or_landing=1,yaw=0,hex=AA FF 02 02 01 01 AF,reason=normal"
946686437056,"type=xy,x_or_task=1,y_or_landing=0,yaw=0,hex=AA FF 01 06 00 01 00 00 00 00 B1,reason=normal"
946686437106,"type=xy,x_or_task=1,y_or_landing=0,yaw=0,hex=AA FF 01 06 00 01 00 00 00 00 B1,reason=normal"
946686437119,"type=mission,x_or_task=1,y_or_landing=1,yaw=0,hex=AA FF 02 02 01 01 AF,reason=normal"
946686437156,"type=xy,x_or_task=1,y_or_landing=0,yaw=0,hex=AA FF 01 06 00 01 00 00 00 00 B1,reason=normal"
946686437206,"type=xy,x_or_task=1,y_or_landing=0,yaw=0,hex=AA FF 01 06 00 01 00 00 00 00 B1,reason=normal"
946686437206,"type=mission,x_or_task=1,y_or_landing=1,yaw=0,hex=AA FF 02 02 01 01 AF,reason=normal"
946686437256,"type=xy,x_or_task=1,y_or_landing=0,yaw=0,hex=AA FF 01 06 00 01 00 00 00 00 B1,reason=normal"
946686437306,"type=xy,x_or_task=1,y_or_landing=0,yaw=0,hex=AA FF 01 06 00 01 00 00 00 00 B1,reason=normal"
946686437316,"type=mission,x_or_task=1,y_or_landing=1,yaw=0,hex=AA FF 02 02 01 01 AF,reason=normal"
946686437356,"type=xy,x_or_task=1,y_or_landing=0,yaw=0,hex=AA FF 01 06 00 01 00 00 00 00 B1,reason=normal"
946686437406,"type=xy,x_or_task=1,y_or_landing=0,yaw=0,hex=AA FF 01 06 00 01 00 00 00 00 B1,reason=normal"
946686437419,"type=mission,x_or_task=1,y_or_landing=1,yaw=0,hex=AA FF 02 02 01 01 AF,reason=normal"
946686437456,"type=xy,x_or_task=1,y_or_landing=0,yaw=0,hex=AA FF 01 06 00 01 00 00 00 00 B1,reason=normal"
946686437506,"type=xy,x_or_task=0,y_or_landing=0,yaw=0,hex=AA FF 01 06 00 00 00 00 00 00 B0,reason=normal"
946686437506,"type=mission,x_or_task=1,y_or_landing=1,yaw=0,hex=AA FF 02 02 01 01 AF,reason=normal"
946686437556,"type=xy,x_or_task=0,y_or_landing=0,yaw=0,hex=AA FF 01 06 00 00 00 00 00 00 B0,reason=normal"
946686437606,"type=xy,x_or_task=0,y_or_landing=0,yaw=0,hex=AA FF 01 06 00 00 00 00 00 00 B0,reason=normal"
946686437618,"type=mission,x_or_task=1,y_or_landing=1,yaw=0,hex=AA FF 02 02 01 01 AF,reason=normal"
946686437656,"type=xy,x_or_task=0,y_or_landing=0,yaw=0,hex=AA FF 01 06 00 00 00 00 00 00 B0,reason=normal"
946686437706,"type=xy,x_or_task=1,y_or_landing=0,yaw=0,hex=AA FF 01 06 00 01 00 00 00 00 B1,reason=normal"
946686437706,"type=mission,x_or_task=1,y_or_landing=1,yaw=0,hex=AA FF 02 02 01 01 AF,reason=normal"
946686437756,"type=xy,x_or_task=1,y_or_landing=0,yaw=0,hex=AA FF 01 06 00 01 00 00 00 00 B1,reason=normal"
946686437806,"type=xy,x_or_task=1,y_or_landing=0,yaw=0,hex=AA FF 01 06 00 01 00 00 00 00 B1,reason=normal"
946686437806,"type=mission,x_or_task=1,y_or_landing=1,yaw=0,hex=AA FF 02 02 01 01 AF,reason=normal"
946686437856,"type=xy,x_or_task=1,y_or_landing=0,yaw=0,hex=AA FF 01 06 00 01 00 00 00 00 B1,reason=normal"
946686437906,"type=xy,x_or_task=1,y_or_landing=0,yaw=0,hex=AA FF 01 06 00 01 00 00 00 00 B1,reason=normal"
946686437906,"type=mission,x_or_task=1,y_or_landing=1,yaw=0,hex=AA FF 02 02 01 01 AF,reason=normal"
946686437956,"type=xy,x_or_task=1,y_or_landing=0,yaw=0,hex=AA FF 01 06 00 01 00 00 00 00 B1,reason=normal"
946686438006,"type=xy,x_or_task=1,y_or_landing=0,yaw=0,hex=AA FF 01 06 00 01 00 00 00 00 B1,reason=normal"
946686438006,"type=mission,x_or_task=1,y_or_landing=1,yaw=0,hex=AA FF 02 02 01 01 AF,reason=normal"
946686438056,"type=xy,x_or_task=1,y_or_landing=0,yaw=0,hex=AA FF 01 06 00 01 00 00 00 00 B1,reason=normal"
946686438106,"type=xy,x_or_task=1,y_or_landing=0,yaw=0,hex=AA FF 01 06 00 01 00 00 00 00 B1,reason=normal"
946686438118,"type=mission,x_or_task=1,y_or_landing=1,yaw=0,hex=AA FF 02 02 01 01 AF,reason=normal"
946686438156,"type=xy,x_or_task=1,y_or_landing=0,yaw=0,hex=AA FF 01 06 00 01 00 00 00 00 B1,reason=normal"
946686438206,"type=xy,x_or_task=1,y_or_landing=0,yaw=0,hex=AA FF 01 06 00 01 00 00 00 00 B1,reason=normal"
946686438206,"type=mission,x_or_task=1,y_or_landing=1,yaw=0,hex=AA FF 02 02 01 01 AF,reason=normal"
946686438256,"type=xy,x_or_task=1,y_or_landing=0,yaw=0,hex=AA FF 01 06 00 01 00 00 00 00 B1,reason=normal"
946686438306,"type=xy,x_or_task=1,y_or_landing=0,yaw=0,hex=AA FF 01 06 00 01 00 00 00 00 B1,reason=normal"
946686438306,"type=mission,x_or_task=1,y_or_landing=1,yaw=0,hex=AA FF 02 02 01 01 AF,reason=normal"
946686438356,"type=xy,x_or_task=1,y_or_landing=0,yaw=0,hex=AA FF 01 06 00 01 00 00 00 00 B1,reason=normal"
946686438406,"type=xy,x_or_task=1,y_or_landing=0,yaw=0,hex=AA FF 01 06 00 01 00 00 00 00 B1,reason=normal"
946686438420,"type=mission,x_or_task=1,y_or_landing=1,yaw=0,hex=AA FF 02 02 01 01 AF,reason=normal"
946686438456,"type=xy,x_or_task=1,y_or_landing=0,yaw=0,hex=AA FF 01 06 00 01 00 00 00 00 B1,reason=normal"
946686438506,"type=xy,x_or_task=1,y_or_landing=0,yaw=0,hex=AA FF 01 06 00 01 00 00 00 00 B1,reason=normal"
946686438506,"type=mission,x_or_task=1,y_or_landing=1,yaw=0,hex=AA FF 02 02 01 01 AF,reason=normal"
946686438556,"type=xy,x_or_task=1,y_or_landing=0,yaw=0,hex=AA FF 01 06 00 01 00 00 00 00 B1,reason=normal"
946686438606,"type=xy,x_or_task=1,y_or_landing=0,yaw=0,hex=AA FF 01 06 00 01 00 00 00 00 B1,reason=normal"
946686438606,"type=mission,x_or_task=1,y_or_landing=1,yaw=0,hex=AA FF 02 02 01 01 AF,reason=normal"
946686438656,"type=xy,x_or_task=1,y_or_landing=0,yaw=0,hex=AA FF 01 06 00 01 00 00 00 00 B1,reason=normal"
946686438706,"type=xy,x_or_task=1,y_or_landing=0,yaw=0,hex=AA FF 01 06 00 01 00 00 00 00 B1,reason=normal"
946686438706,"type=mission,x_or_task=1,y_or_landing=1,yaw=0,hex=AA FF 02 02 01 01 AF,reason=normal"
946686438756,"type=xy,x_or_task=1,y_or_landing=0,yaw=0,hex=AA FF 01 06 00 01 00 00 00 00 B1,reason=normal"
946686438806,"type=xy,x_or_task=1,y_or_landing=0,yaw=0,hex=AA FF 01 06 00 01 00 00 00 00 B1,reason=normal"
946686438806,"type=mission,x_or_task=1,y_or_landing=1,yaw=0,hex=AA FF 02 02 01 01 AF,reason=normal"
946686438856,"type=xy,x_or_task=1,y_or_landing=0,yaw=0,hex=AA FF 01 06 00 01 00 00 00 00 B1,reason=normal"
946686438906,"type=xy,x_or_task=1,y_or_landing=0,yaw=0,hex=AA FF 01 06 00 01 00 00 00 00 B1,reason=normal"
946686438917,"type=mission,x_or_task=1,y_or_landing=1,yaw=0,hex=AA FF 02 02 01 01 AF,reason=normal"
946686438956,"type=xy,x_or_task=1,y_or_landing=0,yaw=0,hex=AA FF 01 06 00 01 00 00 00 00 B1,reason=normal"
946686439006,"type=xy,x_or_task=1,y_or_landing=0,yaw=0,hex=AA FF 01 06 00 01 00 00 00 00 B1,reason=normal"
946686439006,"type=mission,x_or_task=1,y_or_landing=1,yaw=0,hex=AA FF 02 02 01 01 AF,reason=normal"
946686439056,"type=xy,x_or_task=1,y_or_landing=0,yaw=0,hex=AA FF 01 06 00 01 00 00 00 00 B1,reason=normal"
946686439106,"type=xy,x_or_task=1,y_or_landing=0,yaw=0,hex=AA FF 01 06 00 01 00 00 00 00 B1,reason=normal"
946686439106,"type=mission,x_or_task=1,y_or_landing=1,yaw=0,hex=AA FF 02 02 01 01 AF,reason=normal"
946686439156,"type=xy,x_or_task=1,y_or_landing=0,yaw=0,hex=AA FF 01 06 00 01 00 00 00 00 B1,reason=normal"
946686439216,"type=xy,x_or_task=1,y_or_landing=0,yaw=0,hex=AA FF 01 06 00 01 00 00 00 00 B1,reason=normal"
946686439216,"type=mission,x_or_task=1,y_or_landing=1,yaw=0,hex=AA FF 02 02 01 01 AF,reason=normal"
946686439256,"type=xy,x_or_task=1,y_or_landing=0,yaw=0,hex=AA FF 01 06 00 01 00 00 00 00 B1,reason=normal"
946686439316,"type=xy,x_or_task=1,y_or_landing=0,yaw=0,hex=AA FF 01 06 00 01 00 00 00 00 B1,reason=normal"
946686439316,"type=mission,x_or_task=1,y_or_landing=1,yaw=0,hex=AA FF 02 02 01 01 AF,reason=normal"
946686439356,"type=xy,x_or_task=1,y_or_landing=0,yaw=0,hex=AA FF 01 06 00 01 00 00 00 00 B1,reason=normal"
946686439417,"type=xy,x_or_task=1,y_or_landing=0,yaw=0,hex=AA FF 01 06 00 01 00 00 00 00 B1,reason=normal"
946686439417,"type=mission,x_or_task=1,y_or_landing=1,yaw=0,hex=AA FF 02 02 01 01 AF,reason=normal"
946686439456,"type=xy,x_or_task=1,y_or_landing=0,yaw=0,hex=AA FF 01 06 00 01 00 00 00 00 B1,reason=normal"
946686439506,"type=xy,x_or_task=1,y_or_landing=0,yaw=0,hex=AA FF 01 06 00 01 00 00 00 00 B1,reason=normal"
946686439520,"type=mission,x_or_task=1,y_or_landing=1,yaw=0,hex=AA FF 02 02 01 01 AF,reason=normal"
946686439556,"type=xy,x_or_task=1,y_or_landing=0,yaw=0,hex=AA FF 01 06 00 01 00 00 00 00 B1,reason=normal"
946686439606,"type=xy,x_or_task=1,y_or_landing=0,yaw=0,hex=AA FF 01 06 00 01 00 00 00 00 B1,reason=normal"
946686439619,"type=mission,x_or_task=1,y_or_landing=1,yaw=0,hex=AA FF 02 02 01 01 AF,reason=normal"
946686439656,"type=xy,x_or_task=1,y_or_landing=0,yaw=0,hex=AA FF 01 06 00 01 00 00 00 00 B1,reason=normal"
946686439706,"type=xy,x_or_task=1,y_or_landing=0,yaw=0,hex=AA FF 01 06 00 01 00 00 00 00 B1,reason=normal"
946686439706,"type=mission,x_or_task=1,y_or_landing=1,yaw=0,hex=AA FF 02 02 01 01 AF,reason=normal"
946686439756,"type=xy,x_or_task=1,y_or_landing=0,yaw=0,hex=AA FF 01 06 00 01 00 00 00 00 B1,reason=normal"
946686439806,"type=xy,x_or_task=1,y_or_landing=0,yaw=0,hex=AA FF 01 06 00 01 00 00 00 00 B1,reason=normal"
946686439806,"type=mission,x_or_task=1,y_or_landing=1,yaw=0,hex=AA FF 02 02 01 01 AF,reason=normal"
946686439856,"type=xy,x_or_task=1,y_or_landing=0,yaw=0,hex=AA FF 01 06 00 01 00 00 00 00 B1,reason=normal"
946686439906,"type=xy,x_or_task=1,y_or_landing=0,yaw=0,hex=AA FF 01 06 00 01 00 00 00 00 B1,reason=normal"
946686439906,"type=mission,x_or_task=1,y_or_landing=1,yaw=0,hex=AA FF 02 02 01 01 AF,reason=normal"
946686439956,"type=xy,x_or_task=1,y_or_landing=0,yaw=0,hex=AA FF 01 06 00 01 00 00 00 00 B1,reason=normal"
946686440006,"type=xy,x_or_task=1,y_or_landing=0,yaw=0,hex=AA FF 01 06 00 01 00 00 00 00 B1,reason=normal"
946686440006,"type=mission,x_or_task=1,y_or_landing=1,yaw=0,hex=AA FF 02 02 01 01 AF,reason=normal"
946686440056,"type=xy,x_or_task=1,y_or_landing=0,yaw=0,hex=AA FF 01 06 00 01 00 00 00 00 B1,reason=normal"
946686440106,"type=xy,x_or_task=1,y_or_landing=0,yaw=0,hex=AA FF 01 06 00 01 00 00 00 00 B1,reason=normal"
946686440106,"type=mission,x_or_task=1,y_or_landing=1,yaw=0,hex=AA FF 02 02 01 01 AF,reason=normal"
946686440156,"type=xy,x_or_task=1,y_or_landing=0,yaw=0,hex=AA FF 01 06 00 01 00 00 00 00 B1,reason=normal"
946686440206,"type=xy,x_or_task=1,y_or_landing=0,yaw=0,hex=AA FF 01 06 00 01 00 00 00 00 B1,reason=normal"
946686440206,"type=mission,x_or_task=1,y_or_landing=1,yaw=0,hex=AA FF 02 02 01 01 AF,reason=normal"
946686440256,"type=xy,x_or_task=1,y_or_landing=0,yaw=0,hex=AA FF 01 06 00 01 00 00 00 00 B1,reason=normal"
946686440306,"type=xy,x_or_task=1,y_or_landing=0,yaw=0,hex=AA FF 01 06 00 01 00 00 00 00 B1,reason=normal"
946686440306,"type=mission,x_or_task=1,y_or_landing=1,yaw=0,hex=AA FF 02 02 01 01 AF,reason=normal"
946686440356,"type=xy,x_or_task=1,y_or_landing=0,yaw=0,hex=AA FF 01 06 00 01 00 00 00 00 B1,reason=normal"
946686440406,"type=xy,x_or_task=0,y_or_landing=0,yaw=0,hex=AA FF 01 06 00 00 00 00 00 00 B0,reason=normal"
946686440406,"type=mission,x_or_task=1,y_or_landing=1,yaw=0,hex=AA FF 02 02 01 01 AF,reason=normal"
946686440456,"type=xy,x_or_task=0,y_or_landing=0,yaw=0,hex=AA FF 01 06 00 00 00 00 00 00 B0,reason=normal"
946686440506,"type=xy,x_or_task=1,y_or_landing=0,yaw=0,hex=AA FF 01 06 00 01 00 00 00 00 B1,reason=normal"
946686440506,"type=mission,x_or_task=1,y_or_landing=1,yaw=0,hex=AA FF 02 02 01 01 AF,reason=normal"
946686440556,"type=xy,x_or_task=1,y_or_landing=0,yaw=0,hex=AA FF 01 06 00 01 00 00 00 00 B1,reason=normal"
946686440606,"type=xy,x_or_task=1,y_or_landing=0,yaw=0,hex=AA FF 01 06 00 01 00 00 00 00 B1,reason=normal"
946686440606,"type=mission,x_or_task=1,y_or_landing=1,yaw=0,hex=AA FF 02 02 01 01 AF,reason=normal"
946686440656,"type=xy,x_or_task=1,y_or_landing=0,yaw=0,hex=AA FF 01 06 00 01 00 00 00 00 B1,reason=normal"
946686440706,"type=xy,x_or_task=1,y_or_landing=0,yaw=0,hex=AA FF 01 06 00 01 00 00 00 00 B1,reason=normal"
946686440706,"type=mission,x_or_task=1,y_or_landing=1,yaw=0,hex=AA FF 02 02 01 01 AF,reason=normal"
946686440756,"type=xy,x_or_task=1,y_or_landing=0,yaw=0,hex=AA FF 01 06 00 01 00 00 00 00 B1,reason=normal"
946686440806,"type=xy,x_or_task=1,y_or_landing=0,yaw=0,hex=AA FF 01 06 00 01 00 00 00 00 B1,reason=normal"
946686440806,"type=mission,x_or_task=1,y_or_landing=1,yaw=0,hex=AA FF 02 02 01 01 AF,reason=normal"
946686440856,"type=xy,x_or_task=1,y_or_landing=0,yaw=0,hex=AA FF 01 06 00 01 00 00 00 00 B1,reason=normal"
946686440906,"type=xy,x_or_task=1,y_or_landing=0,yaw=0,hex=AA FF 01 06 00 01 00 00 00 00 B1,reason=normal"
946686440906,"type=mission,x_or_task=1,y_or_landing=1,yaw=0,hex=AA FF 02 02 01 01 AF,reason=normal"
946686440956,"type=xy,x_or_task=1,y_or_landing=0,yaw=0,hex=AA FF 01 06 00 01 00 00 00 00 B1,reason=normal"
946686441006,"type=xy,x_or_task=1,y_or_landing=0,yaw=0,hex=AA FF 01 06 00 01 00 00 00 00 B1,reason=normal"
946686441006,"type=mission,x_or_task=1,y_or_landing=1,yaw=0,hex=AA FF 02 02 01 01 AF,reason=normal"
946686441056,"type=xy,x_or_task=1,y_or_landing=0,yaw=0,hex=AA FF 01 06 00 01 00 00 00 00 B1,reason=normal"
946686441106,"type=xy,x_or_task=1,y_or_landing=0,yaw=0,hex=AA FF 01 06 00 01 00 00 00 00 B1,reason=normal"
946686441116,"type=mission,x_or_task=1,y_or_landing=1,yaw=0,hex=AA FF 02 02 01 01 AF,reason=normal"
946686441156,"type=xy,x_or_task=1,y_or_landing=0,yaw=0,hex=AA FF 01 06 00 01 00 00 00 00 B1,reason=normal"
946686441218,"type=xy,x_or_task=1,y_or_landing=0,yaw=0,hex=AA FF 01 06 00 01 00 00 00 00 B1,reason=normal"
946686441218,"type=mission,x_or_task=1,y_or_landing=1,yaw=0,hex=AA FF 02 02 01 01 AF,reason=normal"
946686441256,"type=xy,x_or_task=1,y_or_landing=0,yaw=0,hex=AA FF 01 06 00 01 00 00 00 00 B1,reason=normal"
946686441306,"type=xy,x_or_task=1,y_or_landing=0,yaw=0,hex=AA FF 01 06 00 01 00 00 00 00 B1,reason=normal"
946686441318,"type=mission,x_or_task=1,y_or_landing=1,yaw=0,hex=AA FF 02 02 01 01 AF,reason=normal"
946686441356,"type=xy,x_or_task=1,y_or_landing=0,yaw=0,hex=AA FF 01 06 00 01 00 00 00 00 B1,reason=normal"
946686441406,"type=xy,x_or_task=1,y_or_landing=0,yaw=0,hex=AA FF 01 06 00 01 00 00 00 00 B1,reason=normal"
946686441406,"type=mission,x_or_task=1,y_or_landing=1,yaw=0,hex=AA FF 02 02 01 01 AF,reason=normal"
946686441456,"type=xy,x_or_task=1,y_or_landing=0,yaw=0,hex=AA FF 01 06 00 01 00 00 00 00 B1,reason=normal"
946686441506,"type=xy,x_or_task=1,y_or_landing=0,yaw=0,hex=AA FF 01 06 00 01 00 00 00 00 B1,reason=normal"
946686441506,"type=mission,x_or_task=1,y_or_landing=1,yaw=0,hex=AA FF 02 02 01 01 AF,reason=normal"
946686441556,"type=xy,x_or_task=1,y_or_landing=0,yaw=0,hex=AA FF 01 06 00 01 00 00 00 00 B1,reason=normal"
946686441606,"type=xy,x_or_task=1,y_or_landing=0,yaw=0,hex=AA FF 01 06 00 01 00 00 00 00 B1,reason=normal"
946686441606,"type=mission,x_or_task=1,y_or_landing=1,yaw=0,hex=AA FF 02 02 01 01 AF,reason=normal"
946686441656,"type=xy,x_or_task=1,y_or_landing=0,yaw=0,hex=AA FF 01 06 00 01 00 00 00 00 B1,reason=normal"
946686441706,"type=xy,x_or_task=1,y_or_landing=0,yaw=0,hex=AA FF 01 06 00 01 00 00 00 00 B1,reason=normal"
946686441706,"type=mission,x_or_task=1,y_or_landing=1,yaw=0,hex=AA FF 02 02 01 01 AF,reason=normal"
946686441755,"type=xy,x_or_task=1,y_or_landing=0,yaw=0,hex=AA FF 01 06 00 01 00 00 00 00 B1,reason=normal"
946686441806,"type=xy,x_or_task=1,y_or_landing=0,yaw=0,hex=AA FF 01 06 00 01 00 00 00 00 B1,reason=normal"
946686441806,"type=mission,x_or_task=1,y_or_landing=1,yaw=0,hex=AA FF 02 02 01 01 AF,reason=normal"
946686441856,"type=xy,x_or_task=1,y_or_landing=0,yaw=0,hex=AA FF 01 06 00 01 00 00 00 00 B1,reason=normal"
946686441906,"type=xy,x_or_task=1,y_or_landing=0,yaw=0,hex=AA FF 01 06 00 01 00 00 00 00 B1,reason=normal"
946686441906,"type=mission,x_or_task=1,y_or_landing=1,yaw=0,hex=AA FF 02 02 01 01 AF,reason=normal"
946686441956,"type=xy,x_or_task=1,y_or_landing=0,yaw=0,hex=AA FF 01 06 00 01 00 00 00 00 B1,reason=normal"
946686442006,"type=xy,x_or_task=1,y_or_landing=0,yaw=0,hex=AA FF 01 06 00 01 00 00 00 00 B1,reason=normal"
946686442006,"type=mission,x_or_task=1,y_or_landing=1,yaw=0,hex=AA FF 02 02 01 01 AF,reason=normal"
946686442056,"type=xy,x_or_task=1,y_or_landing=0,yaw=0,hex=AA FF 01 06 00 01 00 00 00 00 B1,reason=normal"
946686442106,"type=xy,x_or_task=1,y_or_landing=0,yaw=0,hex=AA FF 01 06 00 01 00 00 00 00 B1,reason=normal"
946686442106,"type=mission,x_or_task=1,y_or_landing=1,yaw=0,hex=AA FF 02 02 01 01 AF,reason=normal"
946686442156,"type=xy,x_or_task=1,y_or_landing=0,yaw=0,hex=AA FF 01 06 00 01 00 00 00 00 B1,reason=normal"
946686442206,"type=xy,x_or_task=1,y_or_landing=0,yaw=0,hex=AA FF 01 06 00 01 00 00 00 00 B1,reason=normal"
946686442206,"type=mission,x_or_task=1,y_or_landing=1,yaw=0,hex=AA FF 02 02 01 01 AF,reason=normal"
946686442256,"type=xy,x_or_task=1,y_or_landing=0,yaw=0,hex=AA FF 01 06 00 01 00 00 00 00 B1,reason=normal"
946686442306,"type=xy,x_or_task=1,y_or_landing=0,yaw=0,hex=AA FF 01 06 00 01 00 00 00 00 B1,reason=normal"
946686442306,"type=mission,x_or_task=1,y_or_landing=1,yaw=0,hex=AA FF 02 02 01 01 AF,reason=normal"
946686442356,"type=xy,x_or_task=1,y_or_landing=0,yaw=0,hex=AA FF 01 06 00 01 00 00 00 00 B1,reason=normal"
946686442406,"type=xy,x_or_task=1,y_or_landing=0,yaw=0,hex=AA FF 01 06 00 01 00 00 00 00 B1,reason=normal"
946686442406,"type=mission,x_or_task=1,y_or_landing=1,yaw=0,hex=AA FF 02 02 01 01 AF,reason=normal"
946686442456,"type=xy,x_or_task=1,y_or_landing=0,yaw=0,hex=AA FF 01 06 00 01 00 00 00 00 B1,reason=normal"
946686442506,"type=xy,x_or_task=1,y_or_landing=0,yaw=0,hex=AA FF 01 06 00 01 00 00 00 00 B1,reason=normal"
946686442519,"type=mission,x_or_task=1,y_or_landing=1,yaw=0,hex=AA FF 02 02 01 01 AF,reason=normal"
946686442556,"type=xy,x_or_task=1,y_or_landing=0,yaw=0,hex=AA FF 01 06 00 01 00 00 00 00 B1,reason=normal"
946686442606,"type=xy,x_or_task=1,y_or_landing=0,yaw=0,hex=AA FF 01 06 00 01 00 00 00 00 B1,reason=normal"
946686442606,"type=mission,x_or_task=1,y_or_landing=1,yaw=0,hex=AA FF 02 02 01 01 AF,reason=normal"
946686442656,"type=xy,x_or_task=1,y_or_landing=0,yaw=0,hex=AA FF 01 06 00 01 00 00 00 00 B1,reason=normal"
946686442706,"type=xy,x_or_task=1,y_or_landing=0,yaw=0,hex=AA FF 01 06 00 01 00 00 00 00 B1,reason=normal"
946686442718,"type=mission,x_or_task=1,y_or_landing=1,yaw=0,hex=AA FF 02 02 01 01 AF,reason=normal"
946686442756,"type=xy,x_or_task=1,y_or_landing=0,yaw=0,hex=AA FF 01 06 00 01 00 00 00 00 B1,reason=normal"
946686442806,"type=xy,x_or_task=1,y_or_landing=0,yaw=0,hex=AA FF 01 06 00 01 00 00 00 00 B1,reason=normal"
946686442806,"type=mission,x_or_task=1,y_or_landing=1,yaw=0,hex=AA FF 02 02 01 01 AF,reason=normal"
946686442856,"type=xy,x_or_task=1,y_or_landing=0,yaw=0,hex=AA FF 01 06 00 01 00 00 00 00 B1,reason=normal"
946686442906,"type=xy,x_or_task=1,y_or_landing=0,yaw=0,hex=AA FF 01 06 00 01 00 00 00 00 B1,reason=normal"
946686442918,"type=mission,x_or_task=1,y_or_landing=1,yaw=0,hex=AA FF 02 02 01 01 AF,reason=normal"
946686442956,"type=xy,x_or_task=1,y_or_landing=0,yaw=0,hex=AA FF 01 06 00 01 00 00 00 00 B1,reason=normal"
946686443006,"type=xy,x_or_task=1,y_or_landing=0,yaw=0,hex=AA FF 01 06 00 01 00 00 00 00 B1,reason=normal"
946686443006,"type=mission,x_or_task=1,y_or_landing=1,yaw=0,hex=AA FF 02 02 01 01 AF,reason=normal"
946686443056,"type=xy,x_or_task=1,y_or_landing=0,yaw=0,hex=AA FF 01 06 00 01 00 00 00 00 B1,reason=normal"
946686443106,"type=xy,x_or_task=1,y_or_landing=0,yaw=0,hex=AA FF 01 06 00 01 00 00 00 00 B1,reason=normal"
946686443106,"type=mission,x_or_task=1,y_or_landing=1,yaw=0,hex=AA FF 02 02 01 01 AF,reason=normal"
946686443156,"type=xy,x_or_task=1,y_or_landing=0,yaw=0,hex=AA FF 01 06 00 01 00 00 00 00 B1,reason=normal"
946686443206,"type=xy,x_or_task=1,y_or_landing=0,yaw=0,hex=AA FF 01 06 00 01 00 00 00 00 B1,reason=normal"
946686443206,"type=mission,x_or_task=1,y_or_landing=1,yaw=0,hex=AA FF 02 02 01 01 AF,reason=normal"
946686443256,"type=xy,x_or_task=1,y_or_landing=0,yaw=0,hex=AA FF 01 06 00 01 00 00 00 00 B1,reason=normal"
946686443306,"type=xy,x_or_task=1,y_or_landing=0,yaw=0,hex=AA FF 01 06 00 01 00 00 00 00 B1,reason=normal"
946686443320,"type=mission,x_or_task=1,y_or_landing=1,yaw=0,hex=AA FF 02 02 01 01 AF,reason=normal"
946686443356,"type=xy,x_or_task=1,y_or_landing=0,yaw=0,hex=AA FF 01 06 00 01 00 00 00 00 B1,reason=normal"
946686443406,"type=xy,x_or_task=1,y_or_landing=0,yaw=0,hex=AA FF 01 06 00 01 00 00 00 00 B1,reason=normal"
946686443406,"type=mission,x_or_task=1,y_or_landing=1,yaw=0,hex=AA FF 02 02 01 01 AF,reason=normal"
946686443456,"type=xy,x_or_task=1,y_or_landing=0,yaw=0,hex=AA FF 01 06 00 01 00 00 00 00 B1,reason=normal"
946686443506,"type=xy,x_or_task=1,y_or_landing=0,yaw=0,hex=AA FF 01 06 00 01 00 00 00 00 B1,reason=normal"
946686443506,"type=mission,x_or_task=1,y_or_landing=1,yaw=0,hex=AA FF 02 02 01 01 AF,reason=normal"
946686443556,"type=xy,x_or_task=1,y_or_landing=0,yaw=0,hex=AA FF 01 06 00 01 00 00 00 00 B1,reason=normal"
946686443606,"type=xy,x_or_task=1,y_or_landing=0,yaw=0,hex=AA FF 01 06 00 01 00 00 00 00 B1,reason=normal"
946686443606,"type=mission,x_or_task=1,y_or_landing=1,yaw=0,hex=AA FF 02 02 01 01 AF,reason=normal"
946686443656,"type=xy,x_or_task=1,y_or_landing=0,yaw=0,hex=AA FF 01 06 00 01 00 00 00 00 B1,reason=normal"
946686443706,"type=xy,x_or_task=1,y_or_landing=0,yaw=0,hex=AA FF 01 06 00 01 00 00 00 00 B1,reason=normal"
946686443718,"type=mission,x_or_task=1,y_or_landing=1,yaw=0,hex=AA FF 02 02 01 01 AF,reason=normal"
946686443756,"type=xy,x_or_task=1,y_or_landing=0,yaw=0,hex=AA FF 01 06 00 01 00 00 00 00 B1,reason=normal"
946686443806,"type=xy,x_or_task=0,y_or_landing=0,yaw=0,hex=AA FF 01 06 00 00 00 00 00 00 B0,reason=normal"
946686443806,"type=mission,x_or_task=1,y_or_landing=1,yaw=0,hex=AA FF 02 02 01 01 AF,reason=normal"
946686443856,"type=xy,x_or_task=0,y_or_landing=0,yaw=0,hex=AA FF 01 06 00 00 00 00 00 00 B0,reason=normal"
946686443906,"type=xy,x_or_task=0,y_or_landing=0,yaw=0,hex=AA FF 01 06 00 00 00 00 00 00 B0,reason=normal"
946686443918,"type=mission,x_or_task=1,y_or_landing=1,yaw=0,hex=AA FF 02 02 01 01 AF,reason=normal"
946686443956,"type=xy,x_or_task=0,y_or_landing=0,yaw=0,hex=AA FF 01 06 00 00 00 00 00 00 B0,reason=normal"
946686444006,"type=xy,x_or_task=0,y_or_landing=0,yaw=0,hex=AA FF 01 06 00 00 00 00 00 00 B0,reason=normal"
946686444006,"type=mission,x_or_task=1,y_or_landing=1,yaw=0,hex=AA FF 02 02 01 01 AF,reason=normal"
946686444056,"type=xy,x_or_task=0,y_or_landing=0,yaw=0,hex=AA FF 01 06 00 00 00 00 00 00 B0,reason=normal"
946686444106,"type=xy,x_or_task=1,y_or_landing=0,yaw=0,hex=AA FF 01 06 00 01 00 00 00 00 B1,reason=normal"
946686444106,"type=mission,x_or_task=1,y_or_landing=1,yaw=0,hex=AA FF 02 02 01 01 AF,reason=normal"
946686444156,"type=xy,x_or_task=1,y_or_landing=0,yaw=0,hex=AA FF 01 06 00 01 00 00 00 00 B1,reason=normal"
946686444206,"type=xy,x_or_task=1,y_or_landing=0,yaw=0,hex=AA FF 01 06 00 01 00 00 00 00 B1,reason=normal"
946686444206,"type=mission,x_or_task=1,y_or_landing=1,yaw=0,hex=AA FF 02 02 01 01 AF,reason=normal"
946686444256,"type=xy,x_or_task=1,y_or_landing=0,yaw=0,hex=AA FF 01 06 00 01 00 00 00 00 B1,reason=normal"
946686444306,"type=xy,x_or_task=1,y_or_landing=0,yaw=0,hex=AA FF 01 06 00 01 00 00 00 00 B1,reason=normal"
946686444306,"type=mission,x_or_task=1,y_or_landing=1,yaw=0,hex=AA FF 02 02 01 01 AF,reason=normal"
946686444356,"type=xy,x_or_task=1,y_or_landing=0,yaw=0,hex=AA FF 01 06 00 01 00 00 00 00 B1,reason=normal"
946686444406,"type=xy,x_or_task=1,y_or_landing=0,yaw=0,hex=AA FF 01 06 00 01 00 00 00 00 B1,reason=normal"
946686444416,"type=mission,x_or_task=1,y_or_landing=1,yaw=0,hex=AA FF 02 02 01 01 AF,reason=normal"
946686444456,"type=xy,x_or_task=1,y_or_landing=0,yaw=0,hex=AA FF 01 06 00 01 00 00 00 00 B1,reason=normal"
946686444506,"type=xy,x_or_task=1,y_or_landing=0,yaw=0,hex=AA FF 01 06 00 01 00 00 00 00 B1,reason=normal"
946686444517,"type=mission,x_or_task=1,y_or_landing=1,yaw=0,hex=AA FF 02 02 01 01 AF,reason=normal"
946686444556,"type=xy,x_or_task=1,y_or_landing=0,yaw=0,hex=AA FF 01 06 00 01 00 00 00 00 B1,reason=normal"
946686444606,"type=xy,x_or_task=1,y_or_landing=0,yaw=0,hex=AA FF 01 06 00 01 00 00 00 00 B1,reason=normal"
946686444606,"type=mission,x_or_task=1,y_or_landing=1,yaw=0,hex=AA FF 02 02 01 01 AF,reason=normal"
946686444656,"type=xy,x_or_task=1,y_or_landing=0,yaw=0,hex=AA FF 01 06 00 01 00 00 00 00 B1,reason=normal"
946686444706,"type=xy,x_or_task=1,y_or_landing=0,yaw=0,hex=AA FF 01 06 00 01 00 00 00 00 B1,reason=normal"
946686444718,"type=mission,x_or_task=1,y_or_landing=1,yaw=0,hex=AA FF 02 02 01 01 AF,reason=normal"
946686444756,"type=xy,x_or_task=1,y_or_landing=0,yaw=0,hex=AA FF 01 06 00 01 00 00 00 00 B1,reason=normal"
946686444817,"type=xy,x_or_task=1,y_or_landing=0,yaw=0,hex=AA FF 01 06 00 01 00 00 00 00 B1,reason=normal"
946686444817,"type=mission,x_or_task=1,y_or_landing=1,yaw=0,hex=AA FF 02 02 01 01 AF,reason=normal"
946686444856,"type=xy,x_or_task=1,y_or_landing=0,yaw=0,hex=AA FF 01 06 00 01 00 00 00 00 B1,reason=normal"
946686444918,"type=xy,x_or_task=1,y_or_landing=0,yaw=0,hex=AA FF 01 06 00 01 00 00 00 00 B1,reason=normal"
946686444918,"type=mission,x_or_task=1,y_or_landing=1,yaw=0,hex=AA FF 02 02 01 01 AF,reason=normal"
946686444956,"type=xy,x_or_task=1,y_or_landing=0,yaw=0,hex=AA FF 01 06 00 01 00 00 00 00 B1,reason=normal"
946686445006,"type=xy,x_or_task=1,y_or_landing=0,yaw=0,hex=AA FF 01 06 00 01 00 00 00 00 B1,reason=normal"
946686445006,"type=mission,x_or_task=1,y_or_landing=1,yaw=0,hex=AA FF 02 02 01 01 AF,reason=normal"
946686445056,"type=xy,x_or_task=1,y_or_landing=0,yaw=0,hex=AA FF 01 06 00 01 00 00 00 00 B1,reason=normal"
946686445106,"type=xy,x_or_task=1,y_or_landing=0,yaw=0,hex=AA FF 01 06 00 01 00 00 00 00 B1,reason=normal"
946686445118,"type=mission,x_or_task=1,y_or_landing=1,yaw=0,hex=AA FF 02 02 01 01 AF,reason=normal"
946686445156,"type=xy,x_or_task=1,y_or_landing=0,yaw=0,hex=AA FF 01 06 00 01 00 00 00 00 B1,reason=normal"
946686445206,"type=xy,x_or_task=1,y_or_landing=0,yaw=0,hex=AA FF 01 06 00 01 00 00 00 00 B1,reason=normal"
946686445206,"type=mission,x_or_task=1,y_or_landing=1,yaw=0,hex=AA FF 02 02 01 01 AF,reason=normal"
946686445256,"type=xy,x_or_task=1,y_or_landing=0,yaw=0,hex=AA FF 01 06 00 01 00 00 00 00 B1,reason=normal"
946686445306,"type=xy,x_or_task=1,y_or_landing=0,yaw=0,hex=AA FF 01 06 00 01 00 00 00 00 B1,reason=normal"
946686445318,"type=mission,x_or_task=1,y_or_landing=1,yaw=0,hex=AA FF 02 02 01 01 AF,reason=normal"
946686445356,"type=xy,x_or_task=1,y_or_landing=0,yaw=0,hex=AA FF 01 06 00 01 00 00 00 00 B1,reason=normal"
946686445418,"type=xy,x_or_task=1,y_or_landing=0,yaw=0,hex=AA FF 01 06 00 01 00 00 00 00 B1,reason=normal"
946686445418,"type=mission,x_or_task=1,y_or_landing=1,yaw=0,hex=AA FF 02 02 01 01 AF,reason=normal"
946686445456,"type=xy,x_or_task=1,y_or_landing=0,yaw=0,hex=AA FF 01 06 00 01 00 00 00 00 B1,reason=normal"
946686445506,"type=xy,x_or_task=0,y_or_landing=0,yaw=0,hex=AA FF 01 06 00 00 00 00 00 00 B0,reason=normal"
946686445518,"type=mission,x_or_task=1,y_or_landing=1,yaw=0,hex=AA FF 02 02 01 01 AF,reason=normal"
946686445556,"type=xy,x_or_task=0,y_or_landing=0,yaw=0,hex=AA FF 01 06 00 00 00 00 00 00 B0,reason=normal"
946686445606,"type=xy,x_or_task=1,y_or_landing=0,yaw=0,hex=AA FF 01 06 00 01 00 00 00 00 B1,reason=normal"
946686445606,"type=mission,x_or_task=1,y_or_landing=1,yaw=0,hex=AA FF 02 02 01 01 AF,reason=normal"
946686445656,"type=xy,x_or_task=1,y_or_landing=0,yaw=0,hex=AA FF 01 06 00 01 00 00 00 00 B1,reason=normal"
946686445706,"type=xy,x_or_task=1,y_or_landing=0,yaw=0,hex=AA FF 01 06 00 01 00 00 00 00 B1,reason=normal"
946686445706,"type=mission,x_or_task=1,y_or_landing=1,yaw=0,hex=AA FF 02 02 01 01 AF,reason=normal"
946686445756,"type=xy,x_or_task=1,y_or_landing=0,yaw=0,hex=AA FF 01 06 00 01 00 00 00 00 B1,reason=normal"
946686445806,"type=xy,x_or_task=1,y_or_landing=0,yaw=0,hex=AA FF 01 06 00 01 00 00 00 00 B1,reason=normal"
946686445806,"type=mission,x_or_task=1,y_or_landing=1,yaw=0,hex=AA FF 02 02 01 01 AF,reason=normal"
946686445856,"type=xy,x_or_task=1,y_or_landing=0,yaw=0,hex=AA FF 01 06 00 01 00 00 00 00 B1,reason=normal"
946686445906,"type=xy,x_or_task=1,y_or_landing=0,yaw=0,hex=AA FF 01 06 00 01 00 00 00 00 B1,reason=normal"
946686445906,"type=mission,x_or_task=1,y_or_landing=1,yaw=0,hex=AA FF 02 02 01 01 AF,reason=normal"
946686445956,"type=xy,x_or_task=1,y_or_landing=0,yaw=0,hex=AA FF 01 06 00 01 00 00 00 00 B1,reason=normal"
946686446006,"type=xy,x_or_task=1,y_or_landing=0,yaw=0,hex=AA FF 01 06 00 01 00 00 00 00 B1,reason=normal"
946686446006,"type=mission,x_or_task=1,y_or_landing=1,yaw=0,hex=AA FF 02 02 01 01 AF,reason=normal"
946686446056,"type=xy,x_or_task=1,y_or_landing=0,yaw=0,hex=AA FF 01 06 00 01 00 00 00 00 B1,reason=normal"
946686446106,"type=xy,x_or_task=1,y_or_landing=0,yaw=0,hex=AA FF 01 06 00 01 00 00 00 00 B1,reason=normal"
946686446116,"type=mission,x_or_task=1,y_or_landing=1,yaw=0,hex=AA FF 02 02 01 01 AF,reason=normal"
946686446156,"type=xy,x_or_task=1,y_or_landing=0,yaw=0,hex=AA FF 01 06 00 01 00 00 00 00 B1,reason=normal"
946686446206,"type=xy,x_or_task=1,y_or_landing=0,yaw=0,hex=AA FF 01 06 00 01 00 00 00 00 B1,reason=normal"
946686446206,"type=mission,x_or_task=1,y_or_landing=1,yaw=0,hex=AA FF 02 02 01 01 AF,reason=normal"
946686446256,"type=xy,x_or_task=1,y_or_landing=0,yaw=0,hex=AA FF 01 06 00 01 00 00 00 00 B1,reason=normal"
946686446306,"type=xy,x_or_task=1,y_or_landing=0,yaw=0,hex=AA FF 01 06 00 01 00 00 00 00 B1,reason=normal"
946686446306,"type=mission,x_or_task=1,y_or_landing=1,yaw=0,hex=AA FF 02 02 01 01 AF,reason=normal"
946686446356,"type=xy,x_or_task=1,y_or_landing=0,yaw=0,hex=AA FF 01 06 00 01 00 00 00 00 B1,reason=normal"
946686446406,"type=xy,x_or_task=1,y_or_landing=0,yaw=0,hex=AA FF 01 06 00 01 00 00 00 00 B1,reason=normal"
946686446417,"type=mission,x_or_task=1,y_or_landing=1,yaw=0,hex=AA FF 02 02 01 01 AF,reason=normal"
946686446456,"type=xy,x_or_task=1,y_or_landing=0,yaw=0,hex=AA FF 01 06 00 01 00 00 00 00 B1,reason=normal"
946686446506,"type=xy,x_or_task=1,y_or_landing=0,yaw=0,hex=AA FF 01 06 00 01 00 00 00 00 B1,reason=normal"
946686446506,"type=mission,x_or_task=1,y_or_landing=1,yaw=0,hex=AA FF 02 02 01 01 AF,reason=normal"
946686446556,"type=xy,x_or_task=1,y_or_landing=0,yaw=0,hex=AA FF 01 06 00 01 00 00 00 00 B1,reason=normal"
946686446606,"type=xy,x_or_task=0,y_or_landing=0,yaw=0,hex=AA FF 01 06 00 00 00 00 00 00 B0,reason=normal"
946686446606,"type=mission,x_or_task=1,y_or_landing=1,yaw=0,hex=AA FF 02 02 01 01 AF,reason=normal"
946686446656,"type=xy,x_or_task=0,y_or_landing=0,yaw=0,hex=AA FF 01 06 00 00 00 00 00 00 B0,reason=normal"
946686446706,"type=xy,x_or_task=0,y_or_landing=0,yaw=0,hex=AA FF 01 06 00 00 00 00 00 00 B0,reason=normal"
946686446706,"type=mission,x_or_task=1,y_or_landing=1,yaw=0,hex=AA FF 02 02 01 01 AF,reason=normal"
946686446756,"type=xy,x_or_task=0,y_or_landing=0,yaw=0,hex=AA FF 01 06 00 00 00 00 00 00 B0,reason=normal"
946686446806,"type=xy,x_or_task=0,y_or_landing=0,yaw=0,hex=AA FF 01 06 00 00 00 00 00 00 B0,reason=normal"
946686446806,"type=mission,x_or_task=1,y_or_landing=1,yaw=0,hex=AA FF 02 02 01 01 AF,reason=normal"
946686446856,"type=xy,x_or_task=0,y_or_landing=0,yaw=0,hex=AA FF 01 06 00 00 00 00 00 00 B0,reason=normal"
946686446906,"type=xy,x_or_task=1,y_or_landing=0,yaw=0,hex=AA FF 01 06 00 01 00 00 00 00 B1,reason=normal"
946686446906,"type=mission,x_or_task=1,y_or_landing=1,yaw=0,hex=AA FF 02 02 01 01 AF,reason=normal"
946686446956,"type=xy,x_or_task=1,y_or_landing=0,yaw=0,hex=AA FF 01 06 00 01 00 00 00 00 B1,reason=normal"
946686447006,"type=xy,x_or_task=1,y_or_landing=0,yaw=0,hex=AA FF 01 06 00 01 00 00 00 00 B1,reason=normal"
946686447006,"type=mission,x_or_task=1,y_or_landing=1,yaw=0,hex=AA FF 02 02 01 01 AF,reason=normal"
946686447056,"type=xy,x_or_task=1,y_or_landing=0,yaw=0,hex=AA FF 01 06 00 01 00 00 00 00 B1,reason=normal"
946686447106,"type=xy,x_or_task=1,y_or_landing=0,yaw=0,hex=AA FF 01 06 00 01 00 00 00 00 B1,reason=normal"
946686447106,"type=mission,x_or_task=1,y_or_landing=1,yaw=0,hex=AA FF 02 02 01 01 AF,reason=normal"
946686447156,"type=xy,x_or_task=1,y_or_landing=0,yaw=0,hex=AA FF 01 06 00 01 00 00 00 00 B1,reason=normal"
946686447206,"type=xy,x_or_task=1,y_or_landing=0,yaw=0,hex=AA FF 01 06 00 01 00 00 00 00 B1,reason=normal"
946686447206,"type=mission,x_or_task=1,y_or_landing=1,yaw=0,hex=AA FF 02 02 01 01 AF,reason=normal"
946686447256,"type=xy,x_or_task=1,y_or_landing=0,yaw=0,hex=AA FF 01 06 00 01 00 00 00 00 B1,reason=normal"
946686447306,"type=xy,x_or_task=1,y_or_landing=0,yaw=0,hex=AA FF 01 06 00 01 00 00 00 00 B1,reason=normal"
946686447306,"type=mission,x_or_task=1,y_or_landing=1,yaw=0,hex=AA FF 02 02 01 01 AF,reason=normal"
946686447356,"type=xy,x_or_task=1,y_or_landing=0,yaw=0,hex=AA FF 01 06 00 01 00 00 00 00 B1,reason=normal"
946686447406,"type=xy,x_or_task=1,y_or_landing=0,yaw=0,hex=AA FF 01 06 00 01 00 00 00 00 B1,reason=normal"
946686447406,"type=mission,x_or_task=1,y_or_landing=1,yaw=0,hex=AA FF 02 02 01 01 AF,reason=normal"
946686447456,"type=xy,x_or_task=1,y_or_landing=0,yaw=0,hex=AA FF 01 06 00 01 00 00 00 00 B1,reason=normal"
946686447506,"type=xy,x_or_task=1,y_or_landing=0,yaw=0,hex=AA FF 01 06 00 01 00 00 00 00 B1,reason=normal"
946686447518,"type=mission,x_or_task=1,y_or_landing=1,yaw=0,hex=AA FF 02 02 01 01 AF,reason=normal"
946686447556,"type=xy,x_or_task=1,y_or_landing=0,yaw=0,hex=AA FF 01 06 00 01 00 00 00 00 B1,reason=normal"
946686447606,"type=xy,x_or_task=1,y_or_landing=0,yaw=0,hex=AA FF 01 06 00 01 00 00 00 00 B1,reason=normal"
946686447606,"type=mission,x_or_task=1,y_or_landing=1,yaw=0,hex=AA FF 02 02 01 01 AF,reason=normal"
946686447656,"type=xy,x_or_task=1,y_or_landing=0,yaw=0,hex=AA FF 01 06 00 01 00 00 00 00 B1,reason=normal"
946686447706,"type=xy,x_or_task=1,y_or_landing=0,yaw=0,hex=AA FF 01 06 00 01 00 00 00 00 B1,reason=normal"
946686447720,"type=mission,x_or_task=1,y_or_landing=1,yaw=0,hex=AA FF 02 02 01 01 AF,reason=normal"
946686447756,"type=xy,x_or_task=1,y_or_landing=0,yaw=0,hex=AA FF 01 06 00 01 00 00 00 00 B1,reason=normal"
946686447806,"type=xy,x_or_task=1,y_or_landing=0,yaw=0,hex=AA FF 01 06 00 01 00 00 00 00 B1,reason=normal"
946686447806,"type=mission,x_or_task=1,y_or_landing=1,yaw=0,hex=AA FF 02 02 01 01 AF,reason=normal"
946686447856,"type=xy,x_or_task=1,y_or_landing=0,yaw=0,hex=AA FF 01 06 00 01 00 00 00 00 B1,reason=normal"
946686447906,"type=xy,x_or_task=1,y_or_landing=0,yaw=0,hex=AA FF 01 06 00 01 00 00 00 00 B1,reason=normal"
946686447906,"type=mission,x_or_task=1,y_or_landing=1,yaw=0,hex=AA FF 02 02 01 01 AF,reason=normal"
946686447956,"type=xy,x_or_task=1,y_or_landing=0,yaw=0,hex=AA FF 01 06 00 01 00 00 00 00 B1,reason=normal"
946686448006,"type=xy,x_or_task=1,y_or_landing=0,yaw=0,hex=AA FF 01 06 00 01 00 00 00 00 B1,reason=normal"
946686448006,"type=mission,x_or_task=1,y_or_landing=1,yaw=0,hex=AA FF 02 02 01 01 AF,reason=normal"
946686448056,"type=xy,x_or_task=1,y_or_landing=0,yaw=0,hex=AA FF 01 06 00 01 00 00 00 00 B1,reason=normal"
946686448106,"type=xy,x_or_task=1,y_or_landing=0,yaw=0,hex=AA FF 01 06 00 01 00 00 00 00 B1,reason=normal"
946686448106,"type=mission,x_or_task=1,y_or_landing=1,yaw=0,hex=AA FF 02 02 01 01 AF,reason=normal"
946686448156,"type=xy,x_or_task=1,y_or_landing=0,yaw=0,hex=AA FF 01 06 00 01 00 00 00 00 B1,reason=normal"
946686448218,"type=xy,x_or_task=1,y_or_landing=0,yaw=0,hex=AA FF 01 06 00 01 00 00 00 00 B1,reason=normal"
946686448218,"type=mission,x_or_task=1,y_or_landing=1,yaw=0,hex=AA FF 02 02 01 01 AF,reason=normal"
946686448256,"type=xy,x_or_task=1,y_or_landing=0,yaw=0,hex=AA FF 01 06 00 01 00 00 00 00 B1,reason=normal"
946686448306,"type=xy,x_or_task=1,y_or_landing=0,yaw=0,hex=AA FF 01 06 00 01 00 00 00 00 B1,reason=normal"
946686448306,"type=mission,x_or_task=1,y_or_landing=1,yaw=0,hex=AA FF 02 02 01 01 AF,reason=normal"
946686448356,"type=xy,x_or_task=1,y_or_landing=0,yaw=0,hex=AA FF 01 06 00 01 00 00 00 00 B1,reason=normal"
946686448406,"type=xy,x_or_task=1,y_or_landing=0,yaw=0,hex=AA FF 01 06 00 01 00 00 00 00 B1,reason=normal"
946686448406,"type=mission,x_or_task=1,y_or_landing=1,yaw=0,hex=AA FF 02 02 01 01 AF,reason=normal"
946686448456,"type=xy,x_or_task=1,y_or_landing=0,yaw=0,hex=AA FF 01 06 00 01 00 00 00 00 B1,reason=normal"
946686448518,"type=xy,x_or_task=1,y_or_landing=0,yaw=0,hex=AA FF 01 06 00 01 00 00 00 00 B1,reason=normal"
946686448518,"type=mission,x_or_task=1,y_or_landing=1,yaw=0,hex=AA FF 02 02 01 01 AF,reason=normal"
946686448556,"type=xy,x_or_task=1,y_or_landing=0,yaw=0,hex=AA FF 01 06 00 01 00 00 00 00 B1,reason=normal"
946686448606,"type=xy,x_or_task=1,y_or_landing=0,yaw=0,hex=AA FF 01 06 00 01 00 00 00 00 B1,reason=normal"
946686448606,"type=mission,x_or_task=1,y_or_landing=1,yaw=0,hex=AA FF 02 02 01 01 AF,reason=normal"
946686448656,"type=xy,x_or_task=1,y_or_landing=0,yaw=0,hex=AA FF 01 06 00 01 00 00 00 00 B1,reason=normal"
946686448706,"type=xy,x_or_task=1,y_or_landing=0,yaw=0,hex=AA FF 01 06 00 01 00 00 00 00 B1,reason=normal"
946686448718,"type=mission,x_or_task=1,y_or_landing=1,yaw=0,hex=AA FF 02 02 01 01 AF,reason=normal"
946686448756,"type=xy,x_or_task=1,y_or_landing=0,yaw=0,hex=AA FF 01 06 00 01 00 00 00 00 B1,reason=normal"
946686448806,"type=xy,x_or_task=1,y_or_landing=0,yaw=0,hex=AA FF 01 06 00 01 00 00 00 00 B1,reason=normal"
946686448806,"type=mission,x_or_task=1,y_or_landing=1,yaw=0,hex=AA FF 02 02 01 01 AF,reason=normal"
946686448856,"type=xy,x_or_task=1,y_or_landing=0,yaw=0,hex=AA FF 01 06 00 01 00 00 00 00 B1,reason=normal"
946686448916,"type=xy,x_or_task=1,y_or_landing=0,yaw=0,hex=AA FF 01 06 00 01 00 00 00 00 B1,reason=normal"
946686448916,"type=mission,x_or_task=1,y_or_landing=1,yaw=0,hex=AA FF 02 02 01 01 AF,reason=normal"
946686448956,"type=xy,x_or_task=1,y_or_landing=0,yaw=0,hex=AA FF 01 06 00 01 00 00 00 00 B1,reason=normal"
946686449006,"type=xy,x_or_task=1,y_or_landing=0,yaw=0,hex=AA FF 01 06 00 01 00 00 00 00 B1,reason=normal"
946686449006,"type=mission,x_or_task=1,y_or_landing=1,yaw=0,hex=AA FF 02 02 01 01 AF,reason=normal"
946686449056,"type=xy,x_or_task=1,y_or_landing=0,yaw=0,hex=AA FF 01 06 00 01 00 00 00 00 B1,reason=normal"
946686449106,"type=xy,x_or_task=1,y_or_landing=0,yaw=0,hex=AA FF 01 06 00 01 00 00 00 00 B1,reason=normal"
946686449106,"type=mission,x_or_task=1,y_or_landing=1,yaw=0,hex=AA FF 02 02 01 01 AF,reason=normal"
946686449156,"type=xy,x_or_task=1,y_or_landing=0,yaw=0,hex=AA FF 01 06 00 01 00 00 00 00 B1,reason=normal"
946686449206,"type=xy,x_or_task=1,y_or_landing=0,yaw=0,hex=AA FF 01 06 00 01 00 00 00 00 B1,reason=normal"
946686449206,"type=mission,x_or_task=1,y_or_landing=1,yaw=0,hex=AA FF 02 02 01 01 AF,reason=normal"
946686449256,"type=xy,x_or_task=1,y_or_landing=0,yaw=0,hex=AA FF 01 06 00 01 00 00 00 00 B1,reason=normal"
946686449306,"type=xy,x_or_task=1,y_or_landing=0,yaw=0,hex=AA FF 01 06 00 01 00 00 00 00 B1,reason=normal"
946686449306,"type=mission,x_or_task=1,y_or_landing=1,yaw=0,hex=AA FF 02 02 01 01 AF,reason=normal"
946686449356,"type=xy,x_or_task=1,y_or_landing=0,yaw=0,hex=AA FF 01 06 00 01 00 00 00 00 B1,reason=normal"
946686449416,"type=xy,x_or_task=0,y_or_landing=0,yaw=0,hex=AA FF 01 06 00 00 00 00 00 00 B0,reason=normal"
946686449416,"type=mission,x_or_task=1,y_or_landing=1,yaw=0,hex=AA FF 02 02 01 01 AF,reason=normal"
946686449456,"type=xy,x_or_task=0,y_or_landing=0,yaw=0,hex=AA FF 01 06 00 00 00 00 00 00 B0,reason=normal"
946686449506,"type=xy,x_or_task=1,y_or_landing=0,yaw=0,hex=AA FF 01 06 00 01 00 00 00 00 B1,reason=normal"
946686449506,"type=mission,x_or_task=1,y_or_landing=1,yaw=0,hex=AA FF 02 02 01 01 AF,reason=normal"
946686449556,"type=xy,x_or_task=1,y_or_landing=0,yaw=0,hex=AA FF 01 06 00 01 00 00 00 00 B1,reason=normal"
946686449606,"type=xy,x_or_task=1,y_or_landing=0,yaw=0,hex=AA FF 01 06 00 01 00 00 00 00 B1,reason=normal"
946686449606,"type=mission,x_or_task=1,y_or_landing=1,yaw=0,hex=AA FF 02 02 01 01 AF,reason=normal"
946686449656,"type=xy,x_or_task=1,y_or_landing=0,yaw=0,hex=AA FF 01 06 00 01 00 00 00 00 B1,reason=normal"
946686449706,"type=xy,x_or_task=1,y_or_landing=0,yaw=0,hex=AA FF 01 06 00 01 00 00 00 00 B1,reason=normal"
946686449706,"type=mission,x_or_task=1,y_or_landing=1,yaw=0,hex=AA FF 02 02 01 01 AF,reason=normal"
946686449756,"type=xy,x_or_task=1,y_or_landing=0,yaw=0,hex=AA FF 01 06 00 01 00 00 00 00 B1,reason=normal"
946686449806,"type=xy,x_or_task=1,y_or_landing=0,yaw=0,hex=AA FF 01 06 00 01 00 00 00 00 B1,reason=normal"
946686449806,"type=mission,x_or_task=1,y_or_landing=1,yaw=0,hex=AA FF 02 02 01 01 AF,reason=normal"
946686449856,"type=xy,x_or_task=1,y_or_landing=0,yaw=0,hex=AA FF 01 06 00 01 00 00 00 00 B1,reason=normal"
946686449906,"type=xy,x_or_task=1,y_or_landing=0,yaw=0,hex=AA FF 01 06 00 01 00 00 00 00 B1,reason=normal"
946686449906,"type=mission,x_or_task=1,y_or_landing=1,yaw=0,hex=AA FF 02 02 01 01 AF,reason=normal"
946686449956,"type=xy,x_or_task=1,y_or_landing=0,yaw=0,hex=AA FF 01 06 00 01 00 00 00 00 B1,reason=normal"
946686450006,"type=xy,x_or_task=1,y_or_landing=0,yaw=0,hex=AA FF 01 06 00 01 00 00 00 00 B1,reason=normal"
946686450006,"type=mission,x_or_task=1,y_or_landing=1,yaw=0,hex=AA FF 02 02 01 01 AF,reason=normal"
946686450056,"type=xy,x_or_task=1,y_or_landing=0,yaw=0,hex=AA FF 01 06 00 01 00 00 00 00 B1,reason=normal"
946686450106,"type=xy,x_or_task=1,y_or_landing=0,yaw=0,hex=AA FF 01 06 00 01 00 00 00 00 B1,reason=normal"
946686450106,"type=mission,x_or_task=1,y_or_landing=1,yaw=0,hex=AA FF 02 02 01 01 AF,reason=normal"
946686450156,"type=xy,x_or_task=1,y_or_landing=0,yaw=0,hex=AA FF 01 06 00 01 00 00 00 00 B1,reason=normal"
946686450206,"type=xy,x_or_task=1,y_or_landing=0,yaw=0,hex=AA FF 01 06 00 01 00 00 00 00 B1,reason=normal"
946686450218,"type=mission,x_or_task=1,y_or_landing=1,yaw=0,hex=AA FF 02 02 01 01 AF,reason=normal"
946686450256,"type=xy,x_or_task=1,y_or_landing=0,yaw=0,hex=AA FF 01 06 00 01 00 00 00 00 B1,reason=normal"
946686450306,"type=xy,x_or_task=1,y_or_landing=0,yaw=0,hex=AA FF 01 06 00 01 00 00 00 00 B1,reason=normal"
946686450306,"type=mission,x_or_task=1,y_or_landing=1,yaw=0,hex=AA FF 02 02 01 01 AF,reason=normal"
946686450356,"type=xy,x_or_task=1,y_or_landing=0,yaw=0,hex=AA FF 01 06 00 01 00 00 00 00 B1,reason=normal"
946686450406,"type=xy,x_or_task=1,y_or_landing=0,yaw=0,hex=AA FF 01 06 00 01 00 00 00 00 B1,reason=normal"
946686450406,"type=mission,x_or_task=1,y_or_landing=1,yaw=0,hex=AA FF 02 02 01 01 AF,reason=normal"
946686450456,"type=xy,x_or_task=1,y_or_landing=0,yaw=0,hex=AA FF 01 06 00 01 00 00 00 00 B1,reason=normal"
946686450506,"type=xy,x_or_task=1,y_or_landing=0,yaw=0,hex=AA FF 01 06 00 01 00 00 00 00 B1,reason=normal"
946686450506,"type=mission,x_or_task=1,y_or_landing=1,yaw=0,hex=AA FF 02 02 01 01 AF,reason=normal"
946686450556,"type=xy,x_or_task=1,y_or_landing=0,yaw=0,hex=AA FF 01 06 00 01 00 00 00 00 B1,reason=normal"
946686450606,"type=xy,x_or_task=1,y_or_landing=0,yaw=0,hex=AA FF 01 06 00 01 00 00 00 00 B1,reason=normal"
946686450606,"type=mission,x_or_task=1,y_or_landing=1,yaw=0,hex=AA FF 02 02 01 01 AF,reason=normal"
946686450656,"type=xy,x_or_task=1,y_or_landing=0,yaw=0,hex=AA FF 01 06 00 01 00 00 00 00 B1,reason=normal"
946686450706,"type=xy,x_or_task=1,y_or_landing=0,yaw=0,hex=AA FF 01 06 00 01 00 00 00 00 B1,reason=normal"
946686450706,"type=mission,x_or_task=1,y_or_landing=1,yaw=0,hex=AA FF 02 02 01 01 AF,reason=normal"
946686450756,"type=xy,x_or_task=1,y_or_landing=0,yaw=0,hex=AA FF 01 06 00 01 00 00 00 00 B1,reason=normal"
946686450806,"type=xy,x_or_task=1,y_or_landing=0,yaw=0,hex=AA FF 01 06 00 01 00 00 00 00 B1,reason=normal"
946686450806,"type=mission,x_or_task=1,y_or_landing=1,yaw=0,hex=AA FF 02 02 01 01 AF,reason=normal"
946686450856,"type=xy,x_or_task=1,y_or_landing=0,yaw=0,hex=AA FF 01 06 00 01 00 00 00 00 B1,reason=normal"
946686450906,"type=xy,x_or_task=1,y_or_landing=0,yaw=0,hex=AA FF 01 06 00 01 00 00 00 00 B1,reason=normal"
946686450906,"type=mission,x_or_task=1,y_or_landing=1,yaw=0,hex=AA FF 02 02 01 01 AF,reason=normal"
946686450956,"type=xy,x_or_task=1,y_or_landing=0,yaw=0,hex=AA FF 01 06 00 01 00 00 00 00 B1,reason=normal"
946686451006,"type=xy,x_or_task=1,y_or_landing=0,yaw=0,hex=AA FF 01 06 00 01 00 00 00 00 B1,reason=normal"
946686451006,"type=mission,x_or_task=1,y_or_landing=1,yaw=0,hex=AA FF 02 02 01 01 AF,reason=normal"
946686451056,"type=xy,x_or_task=1,y_or_landing=0,yaw=0,hex=AA FF 01 06 00 01 00 00 00 00 B1,reason=normal"
946686451106,"type=xy,x_or_task=1,y_or_landing=0,yaw=0,hex=AA FF 01 06 00 01 00 00 00 00 B1,reason=normal"
946686451106,"type=mission,x_or_task=1,y_or_landing=1,yaw=0,hex=AA FF 02 02 01 01 AF,reason=normal"
946686451156,"type=xy,x_or_task=1,y_or_landing=0,yaw=0,hex=AA FF 01 06 00 01 00 00 00 00 B1,reason=normal"
946686451206,"type=xy,x_or_task=1,y_or_landing=0,yaw=0,hex=AA FF 01 06 00 01 00 00 00 00 B1,reason=normal"
946686451206,"type=mission,x_or_task=1,y_or_landing=1,yaw=0,hex=AA FF 02 02 01 01 AF,reason=normal"
946686451256,"type=xy,x_or_task=1,y_or_landing=0,yaw=0,hex=AA FF 01 06 00 01 00 00 00 00 B1,reason=normal"
946686451306,"type=xy,x_or_task=1,y_or_landing=0,yaw=0,hex=AA FF 01 06 00 01 00 00 00 00 B1,reason=normal"
946686451306,"type=mission,x_or_task=1,y_or_landing=1,yaw=0,hex=AA FF 02 02 01 01 AF,reason=normal"
946686451356,"type=xy,x_or_task=1,y_or_landing=0,yaw=0,hex=AA FF 01 06 00 01 00 00 00 00 B1,reason=normal"
946686451406,"type=xy,x_or_task=1,y_or_landing=0,yaw=0,hex=AA FF 01 06 00 01 00 00 00 00 B1,reason=normal"
946686451416,"type=mission,x_or_task=1,y_or_landing=1,yaw=0,hex=AA FF 02 02 01 01 AF,reason=normal"
946686451456,"type=xy,x_or_task=1,y_or_landing=0,yaw=0,hex=AA FF 01 06 00 01 00 00 00 00 B1,reason=normal"
946686451516,"type=xy,x_or_task=1,y_or_landing=0,yaw=0,hex=AA FF 01 06 00 01 00 00 00 00 B1,reason=normal"
946686451516,"type=mission,x_or_task=1,y_or_landing=1,yaw=0,hex=AA FF 02 02 01 01 AF,reason=normal"
946686451556,"type=xy,x_or_task=1,y_or_landing=0,yaw=0,hex=AA FF 01 06 00 01 00 00 00 00 B1,reason=normal"
946686451606,"type=xy,x_or_task=1,y_or_landing=0,yaw=0,hex=AA FF 01 06 00 01 00 00 00 00 B1,reason=normal"
946686451606,"type=mission,x_or_task=1,y_or_landing=1,yaw=0,hex=AA FF 02 02 01 01 AF,reason=normal"
946686451656,"type=xy,x_or_task=1,y_or_landing=0,yaw=0,hex=AA FF 01 06 00 01 00 00 00 00 B1,reason=normal"
946686451706,"type=xy,x_or_task=1,y_or_landing=0,yaw=0,hex=AA FF 01 06 00 01 00 00 00 00 B1,reason=normal"
946686451706,"type=mission,x_or_task=1,y_or_landing=1,yaw=0,hex=AA FF 02 02 01 01 AF,reason=normal"
946686451756,"type=xy,x_or_task=1,y_or_landing=0,yaw=0,hex=AA FF 01 06 00 01 00 00 00 00 B1,reason=normal"
946686451806,"type=xy,x_or_task=1,y_or_landing=0,yaw=0,hex=AA FF 01 06 00 01 00 00 00 00 B1,reason=normal"
946686451806,"type=mission,x_or_task=1,y_or_landing=1,yaw=0,hex=AA FF 02 02 01 01 AF,reason=normal"
946686451856,"type=xy,x_or_task=1,y_or_landing=0,yaw=0,hex=AA FF 01 06 00 01 00 00 00 00 B1,reason=normal"
946686451906,"type=xy,x_or_task=1,y_or_landing=0,yaw=0,hex=AA FF 01 06 00 01 00 00 00 00 B1,reason=normal"
946686451906,"type=mission,x_or_task=1,y_or_landing=1,yaw=0,hex=AA FF 02 02 01 01 AF,reason=normal"
946686451956,"type=xy,x_or_task=1,y_or_landing=0,yaw=0,hex=AA FF 01 06 00 01 00 00 00 00 B1,reason=normal"
946686452006,"type=xy,x_or_task=1,y_or_landing=0,yaw=0,hex=AA FF 01 06 00 01 00 00 00 00 B1,reason=normal"
946686452006,"type=mission,x_or_task=1,y_or_landing=1,yaw=0,hex=AA FF 02 02 01 01 AF,reason=normal"
946686452056,"type=xy,x_or_task=1,y_or_landing=0,yaw=0,hex=AA FF 01 06 00 01 00 00 00 00 B1,reason=normal"
946686452106,"type=xy,x_or_task=1,y_or_landing=0,yaw=0,hex=AA FF 01 06 00 01 00 00 00 00 B1,reason=normal"
946686452118,"type=mission,x_or_task=1,y_or_landing=1,yaw=0,hex=AA FF 02 02 01 01 AF,reason=normal"
946686452156,"type=xy,x_or_task=1,y_or_landing=0,yaw=0,hex=AA FF 01 06 00 01 00 00 00 00 B1,reason=normal"
946686452206,"type=xy,x_or_task=1,y_or_landing=0,yaw=0,hex=AA FF 01 06 00 01 00 00 00 00 B1,reason=normal"
946686452206,"type=mission,x_or_task=1,y_or_landing=1,yaw=0,hex=AA FF 02 02 01 01 AF,reason=normal"
946686452256,"type=xy,x_or_task=1,y_or_landing=0,yaw=0,hex=AA FF 01 06 00 01 00 00 00 00 B1,reason=normal"
946686452306,"type=xy,x_or_task=1,y_or_landing=0,yaw=0,hex=AA FF 01 06 00 01 00 00 00 00 B1,reason=normal"
946686452306,"type=mission,x_or_task=1,y_or_landing=1,yaw=0,hex=AA FF 02 02 01 01 AF,reason=normal"
946686452356,"type=xy,x_or_task=1,y_or_landing=0,yaw=0,hex=AA FF 01 06 00 01 00 00 00 00 B1,reason=normal"
946686452417,"type=xy,x_or_task=1,y_or_landing=0,yaw=0,hex=AA FF 01 06 00 01 00 00 00 00 B1,reason=normal"
946686452417,"type=mission,x_or_task=1,y_or_landing=1,yaw=0,hex=AA FF 02 02 01 01 AF,reason=normal"
946686452456,"type=xy,x_or_task=1,y_or_landing=0,yaw=0,hex=AA FF 01 06 00 01 00 00 00 00 B1,reason=normal"
946686452506,"type=xy,x_or_task=1,y_or_landing=0,yaw=0,hex=AA FF 01 06 00 01 00 00 00 00 B1,reason=normal"
946686452506,"type=mission,x_or_task=1,y_or_landing=1,yaw=0,hex=AA FF 02 02 01 01 AF,reason=normal"
946686452556,"type=xy,x_or_task=1,y_or_landing=0,yaw=0,hex=AA FF 01 06 00 01 00 00 00 00 B1,reason=normal"
946686452606,"type=xy,x_or_task=1,y_or_landing=0,yaw=0,hex=AA FF 01 06 00 01 00 00 00 00 B1,reason=normal"
946686452606,"type=mission,x_or_task=1,y_or_landing=1,yaw=0,hex=AA FF 02 02 01 01 AF,reason=normal"
946686452656,"type=xy,x_or_task=1,y_or_landing=0,yaw=0,hex=AA FF 01 06 00 01 00 00 00 00 B1,reason=normal"
946686452706,"type=xy,x_or_task=1,y_or_landing=0,yaw=0,hex=AA FF 01 06 00 01 00 00 00 00 B1,reason=normal"
946686452718,"type=mission,x_or_task=1,y_or_landing=1,yaw=0,hex=AA FF 02 02 01 01 AF,reason=normal"
946686452756,"type=xy,x_or_task=1,y_or_landing=0,yaw=0,hex=AA FF 01 06 00 01 00 00 00 00 B1,reason=normal"
946686452806,"type=xy,x_or_task=1,y_or_landing=0,yaw=0,hex=AA FF 01 06 00 01 00 00 00 00 B1,reason=normal"
946686452806,"type=mission,x_or_task=1,y_or_landing=1,yaw=0,hex=AA FF 02 02 01 01 AF,reason=normal"
946686452856,"type=xy,x_or_task=1,y_or_landing=0,yaw=0,hex=AA FF 01 06 00 01 00 00 00 00 B1,reason=normal"
946686452906,"type=xy,x_or_task=1,y_or_landing=0,yaw=0,hex=AA FF 01 06 00 01 00 00 00 00 B1,reason=normal"
946686452906,"type=mission,x_or_task=1,y_or_landing=1,yaw=0,hex=AA FF 02 02 01 01 AF,reason=normal"
946686452956,"type=xy,x_or_task=1,y_or_landing=0,yaw=0,hex=AA FF 01 06 00 01 00 00 00 00 B1,reason=normal"
946686453006,"type=xy,x_or_task=1,y_or_landing=0,yaw=0,hex=AA FF 01 06 00 01 00 00 00 00 B1,reason=normal"
946686453006,"type=mission,x_or_task=1,y_or_landing=1,yaw=0,hex=AA FF 02 02 01 01 AF,reason=normal"
946686453056,"type=xy,x_or_task=1,y_or_landing=0,yaw=0,hex=AA FF 01 06 00 01 00 00 00 00 B1,reason=normal"
946686453106,"type=xy,x_or_task=1,y_or_landing=0,yaw=0,hex=AA FF 01 06 00 01 00 00 00 00 B1,reason=normal"
946686453106,"type=mission,x_or_task=1,y_or_landing=1,yaw=0,hex=AA FF 02 02 01 01 AF,reason=normal"
946686453156,"type=xy,x_or_task=1,y_or_landing=0,yaw=0,hex=AA FF 01 06 00 01 00 00 00 00 B1,reason=normal"
946686453206,"type=xy,x_or_task=1,y_or_landing=0,yaw=0,hex=AA FF 01 06 00 01 00 00 00 00 B1,reason=normal"
946686453206,"type=mission,x_or_task=1,y_or_landing=1,yaw=0,hex=AA FF 02 02 01 01 AF,reason=normal"
946686453256,"type=xy,x_or_task=1,y_or_landing=0,yaw=0,hex=AA FF 01 06 00 01 00 00 00 00 B1,reason=normal"
946686453318,"type=xy,x_or_task=1,y_or_landing=0,yaw=0,hex=AA FF 01 06 00 01 00 00 00 00 B1,reason=normal"
946686453318,"type=mission,x_or_task=1,y_or_landing=1,yaw=0,hex=AA FF 02 02 01 01 AF,reason=normal"
946686453356,"type=xy,x_or_task=1,y_or_landing=0,yaw=0,hex=AA FF 01 06 00 01 00 00 00 00 B1,reason=normal"
946686453406,"type=xy,x_or_task=1,y_or_landing=0,yaw=0,hex=AA FF 01 06 00 01 00 00 00 00 B1,reason=normal"
946686453406,"type=mission,x_or_task=1,y_or_landing=1,yaw=0,hex=AA FF 02 02 01 01 AF,reason=normal"
946686453456,"type=xy,x_or_task=1,y_or_landing=0,yaw=0,hex=AA FF 01 06 00 01 00 00 00 00 B1,reason=normal"
946686453506,"type=xy,x_or_task=1,y_or_landing=0,yaw=0,hex=AA FF 01 06 00 01 00 00 00 00 B1,reason=normal"
946686453506,"type=mission,x_or_task=1,y_or_landing=1,yaw=0,hex=AA FF 02 02 01 01 AF,reason=normal"
946686453556,"type=xy,x_or_task=1,y_or_landing=0,yaw=0,hex=AA FF 01 06 00 01 00 00 00 00 B1,reason=normal"
946686453618,"type=xy,x_or_task=0,y_or_landing=0,yaw=0,hex=AA FF 01 06 00 00 00 00 00 00 B0,reason=normal"
946686453618,"type=mission,x_or_task=1,y_or_landing=1,yaw=0,hex=AA FF 02 02 01 01 AF,reason=normal"
946686453656,"type=xy,x_or_task=0,y_or_landing=0,yaw=0,hex=AA FF 01 06 00 00 00 00 00 00 B0,reason=normal"
946686453706,"type=xy,x_or_task=0,y_or_landing=0,yaw=0,hex=AA FF 01 06 00 00 00 00 00 00 B0,reason=normal"
946686453716,"type=mission,x_or_task=1,y_or_landing=1,yaw=0,hex=AA FF 02 02 01 01 AF,reason=normal"
946686453756,"type=xy,x_or_task=0,y_or_landing=0,yaw=0,hex=AA FF 01 06 00 00 00 00 00 00 B0,reason=normal"
946686453806,"type=xy,x_or_task=1,y_or_landing=0,yaw=0,hex=AA FF 01 06 00 01 00 00 00 00 B1,reason=normal"
946686453806,"type=mission,x_or_task=1,y_or_landing=1,yaw=0,hex=AA FF 02 02 01 01 AF,reason=normal"
946686453856,"type=xy,x_or_task=1,y_or_landing=0,yaw=0,hex=AA FF 01 06 00 01 00 00 00 00 B1,reason=normal"
946686453906,"type=xy,x_or_task=1,y_or_landing=0,yaw=0,hex=AA FF 01 06 00 01 00 00 00 00 B1,reason=normal"
946686453906,"type=mission,x_or_task=1,y_or_landing=1,yaw=0,hex=AA FF 02 02 01 01 AF,reason=normal"
946686453956,"type=xy,x_or_task=1,y_or_landing=0,yaw=0,hex=AA FF 01 06 00 01 00 00 00 00 B1,reason=normal"
946686454006,"type=xy,x_or_task=1,y_or_landing=0,yaw=0,hex=AA FF 01 06 00 01 00 00 00 00 B1,reason=normal"
946686454006,"type=mission,x_or_task=1,y_or_landing=1,yaw=0,hex=AA FF 02 02 01 01 AF,reason=normal"
946686454056,"type=xy,x_or_task=1,y_or_landing=0,yaw=0,hex=AA FF 01 06 00 01 00 00 00 00 B1,reason=normal"
946686454106,"type=xy,x_or_task=1,y_or_landing=0,yaw=0,hex=AA FF 01 06 00 01 00 00 00 00 B1,reason=normal"
946686454106,"type=mission,x_or_task=1,y_or_landing=1,yaw=0,hex=AA FF 02 02 01 01 AF,reason=normal"
946686454156,"type=xy,x_or_task=1,y_or_landing=0,yaw=0,hex=AA FF 01 06 00 01 00 00 00 00 B1,reason=normal"
946686454206,"type=xy,x_or_task=1,y_or_landing=0,yaw=0,hex=AA FF 01 06 00 01 00 00 00 00 B1,reason=normal"
946686454206,"type=mission,x_or_task=1,y_or_landing=1,yaw=0,hex=AA FF 02 02 01 01 AF,reason=normal"
946686454256,"type=xy,x_or_task=1,y_or_landing=0,yaw=0,hex=AA FF 01 06 00 01 00 00 00 00 B1,reason=normal"
946686454306,"type=xy,x_or_task=1,y_or_landing=0,yaw=0,hex=AA FF 01 06 00 01 00 00 00 00 B1,reason=normal"
946686454306,"type=mission,x_or_task=1,y_or_landing=1,yaw=0,hex=AA FF 02 02 01 01 AF,reason=normal"
946686454356,"type=xy,x_or_task=1,y_or_landing=0,yaw=0,hex=AA FF 01 06 00 01 00 00 00 00 B1,reason=normal"
946686454406,"type=xy,x_or_task=1,y_or_landing=0,yaw=0,hex=AA FF 01 06 00 01 00 00 00 00 B1,reason=normal"
946686454406,"type=mission,x_or_task=1,y_or_landing=1,yaw=0,hex=AA FF 02 02 01 01 AF,reason=normal"
946686454456,"type=xy,x_or_task=1,y_or_landing=0,yaw=0,hex=AA FF 01 06 00 01 00 00 00 00 B1,reason=normal"
946686454506,"type=xy,x_or_task=1,y_or_landing=0,yaw=0,hex=AA FF 01 06 00 01 00 00 00 00 B1,reason=normal"
946686454518,"type=mission,x_or_task=1,y_or_landing=1,yaw=0,hex=AA FF 02 02 01 01 AF,reason=normal"
946686454556,"type=xy,x_or_task=1,y_or_landing=0,yaw=0,hex=AA FF 01 06 00 01 00 00 00 00 B1,reason=normal"
946686454606,"type=xy,x_or_task=1,y_or_landing=0,yaw=0,hex=AA FF 01 06 00 01 00 00 00 00 B1,reason=normal"
946686454606,"type=mission,x_or_task=1,y_or_landing=1,yaw=0,hex=AA FF 02 02 01 01 AF,reason=normal"
946686454656,"type=xy,x_or_task=1,y_or_landing=0,yaw=0,hex=AA FF 01 06 00 01 00 00 00 00 B1,reason=normal"
946686454706,"type=xy,x_or_task=1,y_or_landing=0,yaw=0,hex=AA FF 01 06 00 01 00 00 00 00 B1,reason=normal"
946686454706,"type=mission,x_or_task=1,y_or_landing=1,yaw=0,hex=AA FF 02 02 01 01 AF,reason=normal"
946686454756,"type=xy,x_or_task=1,y_or_landing=0,yaw=0,hex=AA FF 01 06 00 01 00 00 00 00 B1,reason=normal"
946686454806,"type=xy,x_or_task=1,y_or_landing=0,yaw=0,hex=AA FF 01 06 00 01 00 00 00 00 B1,reason=normal"
946686454816,"type=mission,x_or_task=1,y_or_landing=1,yaw=0,hex=AA FF 02 02 01 01 AF,reason=normal"
946686454856,"type=xy,x_or_task=1,y_or_landing=0,yaw=0,hex=AA FF 01 06 00 01 00 00 00 00 B1,reason=normal"
946686454906,"type=xy,x_or_task=1,y_or_landing=0,yaw=0,hex=AA FF 01 06 00 01 00 00 00 00 B1,reason=normal"
946686454906,"type=mission,x_or_task=1,y_or_landing=1,yaw=0,hex=AA FF 02 02 01 01 AF,reason=normal"
946686454956,"type=xy,x_or_task=1,y_or_landing=0,yaw=0,hex=AA FF 01 06 00 01 00 00 00 00 B1,reason=normal"
946686455006,"type=xy,x_or_task=1,y_or_landing=0,yaw=0,hex=AA FF 01 06 00 01 00 00 00 00 B1,reason=normal"
946686455006,"type=mission,x_or_task=1,y_or_landing=1,yaw=0,hex=AA FF 02 02 01 01 AF,reason=normal"
946686455056,"type=xy,x_or_task=1,y_or_landing=0,yaw=0,hex=AA FF 01 06 00 01 00 00 00 00 B1,reason=normal"
946686455116,"type=xy,x_or_task=1,y_or_landing=0,yaw=0,hex=AA FF 01 06 00 01 00 00 00 00 B1,reason=normal"
946686455116,"type=mission,x_or_task=1,y_or_landing=1,yaw=0,hex=AA FF 02 02 01 01 AF,reason=normal"
946686455156,"type=xy,x_or_task=1,y_or_landing=0,yaw=0,hex=AA FF 01 06 00 01 00 00 00 00 B1,reason=normal"
946686455206,"type=xy,x_or_task=1,y_or_landing=0,yaw=0,hex=AA FF 01 06 00 01 00 00 00 00 B1,reason=normal"
946686455216,"type=mission,x_or_task=1,y_or_landing=1,yaw=0,hex=AA FF 02 02 01 01 AF,reason=normal"
946686455256,"type=xy,x_or_task=1,y_or_landing=0,yaw=0,hex=AA FF 01 06 00 01 00 00 00 00 B1,reason=normal"
946686455306,"type=xy,x_or_task=1,y_or_landing=0,yaw=0,hex=AA FF 01 06 00 01 00 00 00 00 B1,reason=normal"
946686455306,"type=mission,x_or_task=1,y_or_landing=1,yaw=0,hex=AA FF 02 02 01 01 AF,reason=normal"
946686455356,"type=xy,x_or_task=1,y_or_landing=0,yaw=0,hex=AA FF 01 06 00 01 00 00 00 00 B1,reason=normal"
946686455406,"type=xy,x_or_task=1,y_or_landing=0,yaw=0,hex=AA FF 01 06 00 01 00 00 00 00 B1,reason=normal"
946686455406,"type=mission,x_or_task=1,y_or_landing=1,yaw=0,hex=AA FF 02 02 01 01 AF,reason=normal"
946686455456,"type=xy,x_or_task=1,y_or_landing=0,yaw=0,hex=AA FF 01 06 00 01 00 00 00 00 B1,reason=normal"
946686455506,"type=xy,x_or_task=1,y_or_landing=0,yaw=0,hex=AA FF 01 06 00 01 00 00 00 00 B1,reason=normal"
946686455506,"type=mission,x_or_task=1,y_or_landing=1,yaw=0,hex=AA FF 02 02 01 01 AF,reason=normal"
946686455556,"type=xy,x_or_task=1,y_or_landing=0,yaw=0,hex=AA FF 01 06 00 01 00 00 00 00 B1,reason=normal"
946686455606,"type=xy,x_or_task=1,y_or_landing=0,yaw=0,hex=AA FF 01 06 00 01 00 00 00 00 B1,reason=normal"
946686455606,"type=mission,x_or_task=1,y_or_landing=1,yaw=0,hex=AA FF 02 02 01 01 AF,reason=normal"
946686455656,"type=xy,x_or_task=1,y_or_landing=0,yaw=0,hex=AA FF 01 06 00 01 00 00 00 00 B1,reason=normal"
946686455706,"type=xy,x_or_task=1,y_or_landing=0,yaw=0,hex=AA FF 01 06 00 01 00 00 00 00 B1,reason=normal"
946686455706,"type=mission,x_or_task=1,y_or_landing=1,yaw=0,hex=AA FF 02 02 01 01 AF,reason=normal"
946686455756,"type=xy,x_or_task=1,y_or_landing=0,yaw=0,hex=AA FF 01 06 00 01 00 00 00 00 B1,reason=normal"
946686455818,"type=xy,x_or_task=1,y_or_landing=0,yaw=0,hex=AA FF 01 06 00 01 00 00 00 00 B1,reason=normal"
946686455818,"type=mission,x_or_task=1,y_or_landing=1,yaw=0,hex=AA FF 02 02 01 01 AF,reason=normal"
946686455856,"type=xy,x_or_task=1,y_or_landing=0,yaw=0,hex=AA FF 01 06 00 01 00 00 00 00 B1,reason=normal"
946686455906,"type=xy,x_or_task=1,y_or_landing=0,yaw=0,hex=AA FF 01 06 00 01 00 00 00 00 B1,reason=normal"
946686455906,"type=mission,x_or_task=1,y_or_landing=1,yaw=0,hex=AA FF 02 02 01 01 AF,reason=normal"
946686455956,"type=xy,x_or_task=1,y_or_landing=0,yaw=0,hex=AA FF 01 06 00 01 00 00 00 00 B1,reason=normal"
946686456006,"type=xy,x_or_task=1,y_or_landing=0,yaw=0,hex=AA FF 01 06 00 01 00 00 00 00 B1,reason=normal"
946686456018,"type=mission,x_or_task=1,y_or_landing=1,yaw=0,hex=AA FF 02 02 01 01 AF,reason=normal"
946686456056,"type=xy,x_or_task=1,y_or_landing=0,yaw=0,hex=AA FF 01 06 00 01 00 00 00 00 B1,reason=normal"
946686456106,"type=xy,x_or_task=1,y_or_landing=0,yaw=0,hex=AA FF 01 06 00 01 00 00 00 00 B1,reason=normal"
946686456106,"type=mission,x_or_task=1,y_or_landing=1,yaw=0,hex=AA FF 02 02 01 01 AF,reason=normal"
946686456156,"type=xy,x_or_task=1,y_or_landing=0,yaw=0,hex=AA FF 01 06 00 01 00 00 00 00 B1,reason=normal"
946686456206,"type=xy,x_or_task=1,y_or_landing=0,yaw=0,hex=AA FF 01 06 00 01 00 00 00 00 B1,reason=normal"
946686456206,"type=mission,x_or_task=1,y_or_landing=1,yaw=0,hex=AA FF 02 02 01 01 AF,reason=normal"
946686456256,"type=xy,x_or_task=1,y_or_landing=0,yaw=0,hex=AA FF 01 06 00 01 00 00 00 00 B1,reason=normal"
946686456306,"type=xy,x_or_task=1,y_or_landing=0,yaw=0,hex=AA FF 01 06 00 01 00 00 00 00 B1,reason=normal"
946686456306,"type=mission,x_or_task=1,y_or_landing=1,yaw=0,hex=AA FF 02 02 01 01 AF,reason=normal"
946686456356,"type=xy,x_or_task=1,y_or_landing=0,yaw=0,hex=AA FF 01 06 00 01 00 00 00 00 B1,reason=normal"
946686456406,"type=xy,x_or_task=1,y_or_landing=0,yaw=0,hex=AA FF 01 06 00 01 00 00 00 00 B1,reason=normal"
946686456406,"type=mission,x_or_task=1,y_or_landing=1,yaw=0,hex=AA FF 02 02 01 01 AF,reason=normal"
946686456456,"type=xy,x_or_task=1,y_or_landing=0,yaw=0,hex=AA FF 01 06 00 01 00 00 00 00 B1,reason=normal"
946686456506,"type=xy,x_or_task=1,y_or_landing=0,yaw=0,hex=AA FF 01 06 00 01 00 00 00 00 B1,reason=normal"
946686456506,"type=mission,x_or_task=1,y_or_landing=1,yaw=0,hex=AA FF 02 02 01 01 AF,reason=normal"
946686456556,"type=xy,x_or_task=1,y_or_landing=0,yaw=0,hex=AA FF 01 06 00 01 00 00 00 00 B1,reason=normal"
946686456606,"type=xy,x_or_task=1,y_or_landing=0,yaw=0,hex=AA FF 01 06 00 01 00 00 00 00 B1,reason=normal"
946686456606,"type=mission,x_or_task=1,y_or_landing=1,yaw=0,hex=AA FF 02 02 01 01 AF,reason=normal"
946686456656,"type=xy,x_or_task=1,y_or_landing=0,yaw=0,hex=AA FF 01 06 00 01 00 00 00 00 B1,reason=normal"
946686456706,"type=xy,x_or_task=1,y_or_landing=0,yaw=0,hex=AA FF 01 06 00 01 00 00 00 00 B1,reason=normal"
946686456706,"type=mission,x_or_task=1,y_or_landing=1,yaw=0,hex=AA FF 02 02 01 01 AF,reason=normal"
946686456756,"type=xy,x_or_task=1,y_or_landing=0,yaw=0,hex=AA FF 01 06 00 01 00 00 00 00 B1,reason=normal"
946686456806,"type=xy,x_or_task=1,y_or_landing=0,yaw=0,hex=AA FF 01 06 00 01 00 00 00 00 B1,reason=normal"
946686456806,"type=mission,x_or_task=1,y_or_landing=1,yaw=0,hex=AA FF 02 02 01 01 AF,reason=normal"
946686456856,"type=xy,x_or_task=1,y_or_landing=0,yaw=0,hex=AA FF 01 06 00 01 00 00 00 00 B1,reason=normal"
946686456906,"type=xy,x_or_task=1,y_or_landing=0,yaw=0,hex=AA FF 01 06 00 01 00 00 00 00 B1,reason=normal"
946686456906,"type=mission,x_or_task=1,y_or_landing=1,yaw=0,hex=AA FF 02 02 01 01 AF,reason=normal"
946686456956,"type=xy,x_or_task=1,y_or_landing=0,yaw=0,hex=AA FF 01 06 00 01 00 00 00 00 B1,reason=normal"
946686457006,"type=xy,x_or_task=1,y_or_landing=0,yaw=0,hex=AA FF 01 06 00 01 00 00 00 00 B1,reason=normal"
946686457006,"type=mission,x_or_task=1,y_or_landing=1,yaw=0,hex=AA FF 02 02 01 01 AF,reason=normal"
946686457056,"type=xy,x_or_task=1,y_or_landing=0,yaw=0,hex=AA FF 01 06 00 01 00 00 00 00 B1,reason=normal"
946686457106,"type=xy,x_or_task=1,y_or_landing=0,yaw=0,hex=AA FF 01 06 00 01 00 00 00 00 B1,reason=normal"
946686457106,"type=mission,x_or_task=1,y_or_landing=1,yaw=0,hex=AA FF 02 02 01 01 AF,reason=normal"
946686457156,"type=xy,x_or_task=1,y_or_landing=0,yaw=0,hex=AA FF 01 06 00 01 00 00 00 00 B1,reason=normal"
946686457206,"type=xy,x_or_task=1,y_or_landing=0,yaw=0,hex=AA FF 01 06 00 01 00 00 00 00 B1,reason=normal"
946686457206,"type=mission,x_or_task=1,y_or_landing=1,yaw=0,hex=AA FF 02 02 01 01 AF,reason=normal"
946686457256,"type=xy,x_or_task=1,y_or_landing=0,yaw=0,hex=AA FF 01 06 00 01 00 00 00 00 B1,reason=normal"
946686457306,"type=xy,x_or_task=1,y_or_landing=0,yaw=0,hex=AA FF 01 06 00 01 00 00 00 00 B1,reason=normal"
946686457318,"type=mission,x_or_task=1,y_or_landing=1,yaw=0,hex=AA FF 02 02 01 01 AF,reason=normal"
946686457356,"type=xy,x_or_task=1,y_or_landing=0,yaw=0,hex=AA FF 01 06 00 01 00 00 00 00 B1,reason=normal"
946686457406,"type=xy,x_or_task=1,y_or_landing=0,yaw=0,hex=AA FF 01 06 00 01 00 00 00 00 B1,reason=normal"
946686457406,"type=mission,x_or_task=1,y_or_landing=1,yaw=0,hex=AA FF 02 02 01 01 AF,reason=normal"
946686457456,"type=xy,x_or_task=1,y_or_landing=0,yaw=0,hex=AA FF 01 06 00 01 00 00 00 00 B1,reason=normal"
946686457506,"type=xy,x_or_task=1,y_or_landing=0,yaw=0,hex=AA FF 01 06 00 01 00 00 00 00 B1,reason=normal"
946686457506,"type=mission,x_or_task=1,y_or_landing=1,yaw=0,hex=AA FF 02 02 01 01 AF,reason=normal"
946686457556,"type=xy,x_or_task=1,y_or_landing=0,yaw=0,hex=AA FF 01 06 00 01 00 00 00 00 B1,reason=normal"
946686457606,"type=xy,x_or_task=1,y_or_landing=0,yaw=0,hex=AA FF 01 06 00 01 00 00 00 00 B1,reason=normal"
946686457606,"type=mission,x_or_task=1,y_or_landing=1,yaw=0,hex=AA FF 02 02 01 01 AF,reason=normal"
946686457656,"type=xy,x_or_task=1,y_or_landing=0,yaw=0,hex=AA FF 01 06 00 01 00 00 00 00 B1,reason=normal"
946686457706,"type=xy,x_or_task=1,y_or_landing=0,yaw=0,hex=AA FF 01 06 00 01 00 00 00 00 B1,reason=normal"
946686457706,"type=mission,x_or_task=1,y_or_landing=1,yaw=0,hex=AA FF 02 02 01 01 AF,reason=normal"
946686457756,"type=xy,x_or_task=1,y_or_landing=0,yaw=0,hex=AA FF 01 06 00 01 00 00 00 00 B1,reason=normal"
946686457806,"type=xy,x_or_task=1,y_or_landing=0,yaw=0,hex=AA FF 01 06 00 01 00 00 00 00 B1,reason=normal"
946686457816,"type=mission,x_or_task=1,y_or_landing=1,yaw=0,hex=AA FF 02 02 01 01 AF,reason=normal"
946686457856,"type=xy,x_or_task=1,y_or_landing=0,yaw=0,hex=AA FF 01 06 00 01 00 00 00 00 B1,reason=normal"
946686457906,"type=xy,x_or_task=1,y_or_landing=0,yaw=0,hex=AA FF 01 06 00 01 00 00 00 00 B1,reason=normal"
946686457906,"type=mission,x_or_task=1,y_or_landing=1,yaw=0,hex=AA FF 02 02 01 01 AF,reason=normal"
946686457956,"type=xy,x_or_task=1,y_or_landing=0,yaw=0,hex=AA FF 01 06 00 01 00 00 00 00 B1,reason=normal"
946686458006,"type=xy,x_or_task=1,y_or_landing=0,yaw=0,hex=AA FF 01 06 00 01 00 00 00 00 B1,reason=normal"
946686458006,"type=mission,x_or_task=1,y_or_landing=1,yaw=0,hex=AA FF 02 02 01 01 AF,reason=normal"
946686458056,"type=xy,x_or_task=1,y_or_landing=0,yaw=0,hex=AA FF 01 06 00 01 00 00 00 00 B1,reason=normal"
946686458106,"type=xy,x_or_task=1,y_or_landing=0,yaw=0,hex=AA FF 01 06 00 01 00 00 00 00 B1,reason=normal"
946686458106,"type=mission,x_or_task=1,y_or_landing=1,yaw=0,hex=AA FF 02 02 01 01 AF,reason=normal"
946686458156,"type=xy,x_or_task=1,y_or_landing=0,yaw=0,hex=AA FF 01 06 00 01 00 00 00 00 B1,reason=normal"
946686458206,"type=xy,x_or_task=1,y_or_landing=0,yaw=0,hex=AA FF 01 06 00 01 00 00 00 00 B1,reason=normal"
946686458206,"type=mission,x_or_task=1,y_or_landing=1,yaw=0,hex=AA FF 02 02 01 01 AF,reason=normal"
946686458256,"type=xy,x_or_task=1,y_or_landing=0,yaw=0,hex=AA FF 01 06 00 01 00 00 00 00 B1,reason=normal"
946686458306,"type=xy,x_or_task=1,y_or_landing=0,yaw=0,hex=AA FF 01 06 00 01 00 00 00 00 B1,reason=normal"
946686458306,"type=mission,x_or_task=1,y_or_landing=1,yaw=0,hex=AA FF 02 02 01 01 AF,reason=normal"
946686458356,"type=xy,x_or_task=1,y_or_landing=0,yaw=0,hex=AA FF 01 06 00 01 00 00 00 00 B1,reason=normal"
946686458416,"type=xy,x_or_task=1,y_or_landing=0,yaw=0,hex=AA FF 01 06 00 01 00 00 00 00 B1,reason=normal"
946686458416,"type=mission,x_or_task=1,y_or_landing=1,yaw=0,hex=AA FF 02 02 01 01 AF,reason=normal"
946686458456,"type=xy,x_or_task=1,y_or_landing=0,yaw=0,hex=AA FF 01 06 00 01 00 00 00 00 B1,reason=normal"
946686458518,"type=xy,x_or_task=1,y_or_landing=0,yaw=0,hex=AA FF 01 06 00 01 00 00 00 00 B1,reason=normal"
946686458519,"type=mission,x_or_task=1,y_or_landing=1,yaw=0,hex=AA FF 02 02 01 01 AF,reason=normal"
946686458556,"type=xy,x_or_task=1,y_or_landing=0,yaw=0,hex=AA FF 01 06 00 01 00 00 00 00 B1,reason=normal"
946686458606,"type=xy,x_or_task=1,y_or_landing=0,yaw=0,hex=AA FF 01 06 00 01 00 00 00 00 B1,reason=normal"
946686458619,"type=mission,x_or_task=1,y_or_landing=1,yaw=0,hex=AA FF 02 02 01 01 AF,reason=normal"
946686458656,"type=xy,x_or_task=1,y_or_landing=0,yaw=0,hex=AA FF 01 06 00 01 00 00 00 00 B1,reason=normal"
946686458706,"type=xy,x_or_task=1,y_or_landing=0,yaw=0,hex=AA FF 01 06 00 01 00 00 00 00 B1,reason=normal"
946686458706,"type=mission,x_or_task=1,y_or_landing=1,yaw=0,hex=AA FF 02 02 01 01 AF,reason=normal"
946686458756,"type=xy,x_or_task=1,y_or_landing=0,yaw=0,hex=AA FF 01 06 00 01 00 00 00 00 B1,reason=normal"
946686458806,"type=xy,x_or_task=1,y_or_landing=0,yaw=0,hex=AA FF 01 06 00 01 00 00 00 00 B1,reason=normal"
946686458819,"type=mission,x_or_task=1,y_or_landing=1,yaw=0,hex=AA FF 02 02 01 01 AF,reason=normal"
946686458856,"type=xy,x_or_task=1,y_or_landing=0,yaw=0,hex=AA FF 01 06 00 01 00 00 00 00 B1,reason=normal"
946686458906,"type=xy,x_or_task=1,y_or_landing=0,yaw=0,hex=AA FF 01 06 00 01 00 00 00 00 B1,reason=normal"
946686458906,"type=mission,x_or_task=1,y_or_landing=1,yaw=0,hex=AA FF 02 02 01 01 AF,reason=normal"
946686458956,"type=xy,x_or_task=1,y_or_landing=0,yaw=0,hex=AA FF 01 06 00 01 00 00 00 00 B1,reason=normal"
946686459006,"type=xy,x_or_task=1,y_or_landing=0,yaw=0,hex=AA FF 01 06 00 01 00 00 00 00 B1,reason=normal"
946686459006,"type=mission,x_or_task=1,y_or_landing=1,yaw=0,hex=AA FF 02 02 01 01 AF,reason=normal"
946686459056,"type=xy,x_or_task=1,y_or_landing=0,yaw=0,hex=AA FF 01 06 00 01 00 00 00 00 B1,reason=normal"
946686459116,"type=xy,x_or_task=1,y_or_landing=0,yaw=0,hex=AA FF 01 06 00 01 00 00 00 00 B1,reason=normal"
946686459117,"type=mission,x_or_task=1,y_or_landing=1,yaw=0,hex=AA FF 02 02 01 01 AF,reason=normal"
946686459156,"type=xy,x_or_task=1,y_or_landing=0,yaw=0,hex=AA FF 01 06 00 01 00 00 00 00 B1,reason=normal"
946686459206,"type=xy,x_or_task=1,y_or_landing=0,yaw=0,hex=AA FF 01 06 00 01 00 00 00 00 B1,reason=normal"
946686459218,"type=mission,x_or_task=1,y_or_landing=1,yaw=0,hex=AA FF 02 02 01 01 AF,reason=normal"
946686459256,"type=xy,x_or_task=1,y_or_landing=0,yaw=0,hex=AA FF 01 06 00 01 00 00 00 00 B1,reason=normal"
946686459306,"type=xy,x_or_task=1,y_or_landing=0,yaw=0,hex=AA FF 01 06 00 01 00 00 00 00 B1,reason=normal"
946686459306,"type=mission,x_or_task=1,y_or_landing=1,yaw=0,hex=AA FF 02 02 01 01 AF,reason=normal"
946686459356,"type=xy,x_or_task=1,y_or_landing=0,yaw=0,hex=AA FF 01 06 00 01 00 00 00 00 B1,reason=normal"
946686459406,"type=xy,x_or_task=1,y_or_landing=0,yaw=0,hex=AA FF 01 06 00 01 00 00 00 00 B1,reason=normal"
946686459406,"type=mission,x_or_task=1,y_or_landing=1,yaw=0,hex=AA FF 02 02 01 01 AF,reason=normal"
946686459456,"type=xy,x_or_task=1,y_or_landing=0,yaw=0,hex=AA FF 01 06 00 01 00 00 00 00 B1,reason=normal"
946686459506,"type=xy,x_or_task=1,y_or_landing=0,yaw=0,hex=AA FF 01 06 00 01 00 00 00 00 B1,reason=normal"
946686459517,"type=mission,x_or_task=1,y_or_landing=1,yaw=0,hex=AA FF 02 02 01 01 AF,reason=normal"
946686459556,"type=xy,x_or_task=1,y_or_landing=0,yaw=0,hex=AA FF 01 06 00 01 00 00 00 00 B1,reason=normal"
946686459606,"type=xy,x_or_task=1,y_or_landing=0,yaw=0,hex=AA FF 01 06 00 01 00 00 00 00 B1,reason=normal"
946686459606,"type=mission,x_or_task=1,y_or_landing=1,yaw=0,hex=AA FF 02 02 01 01 AF,reason=normal"
946686459656,"type=xy,x_or_task=1,y_or_landing=0,yaw=0,hex=AA FF 01 06 00 01 00 00 00 00 B1,reason=normal"
946686459717,"type=xy,x_or_task=1,y_or_landing=0,yaw=0,hex=AA FF 01 06 00 01 00 00 00 00 B1,reason=normal"
946686459717,"type=mission,x_or_task=1,y_or_landing=1,yaw=0,hex=AA FF 02 02 01 01 AF,reason=normal"
946686459756,"type=xy,x_or_task=1,y_or_landing=0,yaw=0,hex=AA FF 01 06 00 01 00 00 00 00 B1,reason=normal"
946686459806,"type=xy,x_or_task=1,y_or_landing=0,yaw=0,hex=AA FF 01 06 00 01 00 00 00 00 B1,reason=normal"
946686459806,"type=mission,x_or_task=1,y_or_landing=1,yaw=0,hex=AA FF 02 02 01 01 AF,reason=normal"
946686459856,"type=xy,x_or_task=1,y_or_landing=0,yaw=0,hex=AA FF 01 06 00 01 00 00 00 00 B1,reason=normal"
946686459906,"type=xy,x_or_task=1,y_or_landing=0,yaw=0,hex=AA FF 01 06 00 01 00 00 00 00 B1,reason=normal"
946686459919,"type=mission,x_or_task=1,y_or_landing=1,yaw=0,hex=AA FF 02 02 01 01 AF,reason=normal"
946686459956,"type=xy,x_or_task=1,y_or_landing=0,yaw=0,hex=AA FF 01 06 00 01 00 00 00 00 B1,reason=normal"
946686460006,"type=xy,x_or_task=1,y_or_landing=0,yaw=0,hex=AA FF 01 06 00 01 00 00 00 00 B1,reason=normal"
946686460006,"type=mission,x_or_task=1,y_or_landing=1,yaw=0,hex=AA FF 02 02 01 01 AF,reason=normal"
946686460056,"type=xy,x_or_task=1,y_or_landing=0,yaw=0,hex=AA FF 01 06 00 01 00 00 00 00 B1,reason=normal"
946686460106,"type=xy,x_or_task=1,y_or_landing=0,yaw=0,hex=AA FF 01 06 00 01 00 00 00 00 B1,reason=normal"
946686460106,"type=mission,x_or_task=1,y_or_landing=1,yaw=0,hex=AA FF 02 02 01 01 AF,reason=normal"
946686460156,"type=xy,x_or_task=1,y_or_landing=0,yaw=0,hex=AA FF 01 06 00 01 00 00 00 00 B1,reason=normal"
946686460206,"type=xy,x_or_task=1,y_or_landing=0,yaw=0,hex=AA FF 01 06 00 01 00 00 00 00 B1,reason=normal"
946686460217,"type=mission,x_or_task=1,y_or_landing=1,yaw=0,hex=AA FF 02 02 01 01 AF,reason=normal"
946686460256,"type=xy,x_or_task=1,y_or_landing=0,yaw=0,hex=AA FF 01 06 00 01 00 00 00 00 B1,reason=normal"
946686460306,"type=xy,x_or_task=1,y_or_landing=0,yaw=0,hex=AA FF 01 06 00 01 00 00 00 00 B1,reason=normal"
946686460306,"type=mission,x_or_task=1,y_or_landing=1,yaw=0,hex=AA FF 02 02 01 01 AF,reason=normal"
946686460356,"type=xy,x_or_task=1,y_or_landing=0,yaw=0,hex=AA FF 01 06 00 01 00 00 00 00 B1,reason=normal"
946686460406,"type=xy,x_or_task=1,y_or_landing=0,yaw=0,hex=AA FF 01 06 00 01 00 00 00 00 B1,reason=normal"
946686460406,"type=mission,x_or_task=1,y_or_landing=1,yaw=0,hex=AA FF 02 02 01 01 AF,reason=normal"
946686460456,"type=xy,x_or_task=1,y_or_landing=0,yaw=0,hex=AA FF 01 06 00 01 00 00 00 00 B1,reason=normal"
946686460506,"type=xy,x_or_task=1,y_or_landing=0,yaw=0,hex=AA FF 01 06 00 01 00 00 00 00 B1,reason=normal"
946686460506,"type=mission,x_or_task=1,y_or_landing=1,yaw=0,hex=AA FF 02 02 01 01 AF,reason=normal"
946686460556,"type=xy,x_or_task=1,y_or_landing=0,yaw=0,hex=AA FF 01 06 00 01 00 00 00 00 B1,reason=normal"
946686460606,"type=xy,x_or_task=1,y_or_landing=0,yaw=0,hex=AA FF 01 06 00 01 00 00 00 00 B1,reason=normal"
946686460618,"type=mission,x_or_task=1,y_or_landing=1,yaw=0,hex=AA FF 02 02 01 01 AF,reason=normal"
946686460656,"type=xy,x_or_task=1,y_or_landing=0,yaw=0,hex=AA FF 01 06 00 01 00 00 00 00 B1,reason=normal"
946686460706,"type=xy,x_or_task=1,y_or_landing=0,yaw=0,hex=AA FF 01 06 00 01 00 00 00 00 B1,reason=normal"
946686460718,"type=mission,x_or_task=1,y_or_landing=1,yaw=0,hex=AA FF 02 02 01 01 AF,reason=normal"
946686460756,"type=xy,x_or_task=1,y_or_landing=0,yaw=0,hex=AA FF 01 06 00 01 00 00 00 00 B1,reason=normal"
946686460806,"type=xy,x_or_task=1,y_or_landing=0,yaw=0,hex=AA FF 01 06 00 01 00 00 00 00 B1,reason=normal"
946686460807,"type=mission,x_or_task=1,y_or_landing=1,yaw=0,hex=AA FF 02 02 01 01 AF,reason=normal"
946686460856,"type=xy,x_or_task=1,y_or_landing=0,yaw=0,hex=AA FF 01 06 00 01 00 00 00 00 B1,reason=normal"
946686460906,"type=xy,x_or_task=1,y_or_landing=0,yaw=0,hex=AA FF 01 06 00 01 00 00 00 00 B1,reason=normal"
946686460906,"type=mission,x_or_task=1,y_or_landing=1,yaw=0,hex=AA FF 02 02 01 01 AF,reason=normal"
946686460956,"type=xy,x_or_task=1,y_or_landing=0,yaw=0,hex=AA FF 01 06 00 01 00 00 00 00 B1,reason=normal"
946686461006,"type=xy,x_or_task=1,y_or_landing=0,yaw=0,hex=AA FF 01 06 00 01 00 00 00 00 B1,reason=normal"
946686461006,"type=mission,x_or_task=1,y_or_landing=1,yaw=0,hex=AA FF 02 02 01 01 AF,reason=normal"
946686461056,"type=xy,x_or_task=1,y_or_landing=0,yaw=0,hex=AA FF 01 06 00 01 00 00 00 00 B1,reason=normal"
946686461106,"type=xy,x_or_task=1,y_or_landing=0,yaw=0,hex=AA FF 01 06 00 01 00 00 00 00 B1,reason=normal"
946686461106,"type=mission,x_or_task=1,y_or_landing=1,yaw=0,hex=AA FF 02 02 01 01 AF,reason=normal"
946686461156,"type=xy,x_or_task=1,y_or_landing=0,yaw=0,hex=AA FF 01 06 00 01 00 00 00 00 B1,reason=normal"
946686461206,"type=xy,x_or_task=1,y_or_landing=0,yaw=0,hex=AA FF 01 06 00 01 00 00 00 00 B1,reason=normal"
946686461206,"type=mission,x_or_task=1,y_or_landing=1,yaw=0,hex=AA FF 02 02 01 01 AF,reason=normal"
946686461256,"type=xy,x_or_task=1,y_or_landing=0,yaw=0,hex=AA FF 01 06 00 01 00 00 00 00 B1,reason=normal"
946686461316,"type=xy,x_or_task=1,y_or_landing=0,yaw=0,hex=AA FF 01 06 00 01 00 00 00 00 B1,reason=normal"
946686461316,"type=mission,x_or_task=1,y_or_landing=1,yaw=0,hex=AA FF 02 02 01 01 AF,reason=normal"
946686461356,"type=xy,x_or_task=1,y_or_landing=0,yaw=0,hex=AA FF 01 06 00 01 00 00 00 00 B1,reason=normal"
946686461406,"type=xy,x_or_task=1,y_or_landing=0,yaw=0,hex=AA FF 01 06 00 01 00 00 00 00 B1,reason=normal"
946686461406,"type=mission,x_or_task=1,y_or_landing=1,yaw=0,hex=AA FF 02 02 01 01 AF,reason=normal"
946686461456,"type=xy,x_or_task=1,y_or_landing=0,yaw=0,hex=AA FF 01 06 00 01 00 00 00 00 B1,reason=normal"
946686461506,"type=xy,x_or_task=1,y_or_landing=0,yaw=0,hex=AA FF 01 06 00 01 00 00 00 00 B1,reason=normal"
946686461506,"type=mission,x_or_task=1,y_or_landing=1,yaw=0,hex=AA FF 02 02 01 01 AF,reason=normal"
946686461556,"type=xy,x_or_task=1,y_or_landing=0,yaw=0,hex=AA FF 01 06 00 01 00 00 00 00 B1,reason=normal"
946686461606,"type=xy,x_or_task=1,y_or_landing=0,yaw=0,hex=AA FF 01 06 00 01 00 00 00 00 B1,reason=normal"
946686461616,"type=mission,x_or_task=1,y_or_landing=1,yaw=0,hex=AA FF 02 02 01 01 AF,reason=normal"
946686461656,"type=xy,x_or_task=1,y_or_landing=0,yaw=0,hex=AA FF 01 06 00 01 00 00 00 00 B1,reason=normal"
946686461706,"type=xy,x_or_task=1,y_or_landing=0,yaw=0,hex=AA FF 01 06 00 01 00 00 00 00 B1,reason=normal"
946686461706,"type=mission,x_or_task=1,y_or_landing=1,yaw=0,hex=AA FF 02 02 01 01 AF,reason=normal"
946686461756,"type=xy,x_or_task=1,y_or_landing=0,yaw=0,hex=AA FF 01 06 00 01 00 00 00 00 B1,reason=normal"
946686461806,"type=xy,x_or_task=1,y_or_landing=0,yaw=0,hex=AA FF 01 06 00 01 00 00 00 00 B1,reason=normal"
946686461806,"type=mission,x_or_task=1,y_or_landing=1,yaw=0,hex=AA FF 02 02 01 01 AF,reason=normal"
946686461856,"type=xy,x_or_task=1,y_or_landing=0,yaw=0,hex=AA FF 01 06 00 01 00 00 00 00 B1,reason=normal"
946686461906,"type=xy,x_or_task=1,y_or_landing=0,yaw=0,hex=AA FF 01 06 00 01 00 00 00 00 B1,reason=normal"
946686461906,"type=mission,x_or_task=1,y_or_landing=1,yaw=0,hex=AA FF 02 02 01 01 AF,reason=normal"
946686461956,"type=xy,x_or_task=1,y_or_landing=0,yaw=0,hex=AA FF 01 06 00 01 00 00 00 00 B1,reason=normal"
946686462006,"type=xy,x_or_task=1,y_or_landing=0,yaw=0,hex=AA FF 01 06 00 01 00 00 00 00 B1,reason=normal"
946686462006,"type=mission,x_or_task=1,y_or_landing=1,yaw=0,hex=AA FF 02 02 01 01 AF,reason=normal"
946686462056,"type=xy,x_or_task=1,y_or_landing=0,yaw=0,hex=AA FF 01 06 00 01 00 00 00 00 B1,reason=normal"
946686462106,"type=xy,x_or_task=1,y_or_landing=0,yaw=0,hex=AA FF 01 06 00 01 00 00 00 00 B1,reason=normal"
946686462106,"type=mission,x_or_task=1,y_or_landing=1,yaw=0,hex=AA FF 02 02 01 01 AF,reason=normal"
946686462156,"type=xy,x_or_task=1,y_or_landing=0,yaw=0,hex=AA FF 01 06 00 01 00 00 00 00 B1,reason=normal"
946686462206,"type=xy,x_or_task=1,y_or_landing=0,yaw=0,hex=AA FF 01 06 00 01 00 00 00 00 B1,reason=normal"
946686462218,"type=mission,x_or_task=1,y_or_landing=1,yaw=0,hex=AA FF 02 02 01 01 AF,reason=normal"
946686462256,"type=xy,x_or_task=1,y_or_landing=0,yaw=0,hex=AA FF 01 06 00 01 00 00 00 00 B1,reason=normal"
946686462317,"type=xy,x_or_task=1,y_or_landing=0,yaw=0,hex=AA FF 01 06 00 01 00 00 00 00 B1,reason=normal"
946686462318,"type=mission,x_or_task=1,y_or_landing=1,yaw=0,hex=AA FF 02 02 01 01 AF,reason=normal"
946686462356,"type=xy,x_or_task=1,y_or_landing=0,yaw=0,hex=AA FF 01 06 00 01 00 00 00 00 B1,reason=normal"
946686462406,"type=xy,x_or_task=1,y_or_landing=0,yaw=0,hex=AA FF 01 06 00 01 00 00 00 00 B1,reason=normal"
946686462406,"type=mission,x_or_task=1,y_or_landing=1,yaw=0,hex=AA FF 02 02 01 01 AF,reason=normal"
946686462456,"type=xy,x_or_task=1,y_or_landing=0,yaw=0,hex=AA FF 01 06 00 01 00 00 00 00 B1,reason=normal"
946686462506,"type=xy,x_or_task=1,y_or_landing=0,yaw=0,hex=AA FF 01 06 00 01 00 00 00 00 B1,reason=normal"
946686462506,"type=mission,x_or_task=1,y_or_landing=1,yaw=0,hex=AA FF 02 02 01 01 AF,reason=normal"
946686462556,"type=xy,x_or_task=1,y_or_landing=0,yaw=0,hex=AA FF 01 06 00 01 00 00 00 00 B1,reason=normal"
946686462618,"type=xy,x_or_task=1,y_or_landing=0,yaw=0,hex=AA FF 01 06 00 01 00 00 00 00 B1,reason=normal"
946686462618,"type=mission,x_or_task=1,y_or_landing=1,yaw=0,hex=AA FF 02 02 01 01 AF,reason=normal"
946686462656,"type=xy,x_or_task=1,y_or_landing=0,yaw=0,hex=AA FF 01 06 00 01 00 00 00 00 B1,reason=normal"
946686462706,"type=xy,x_or_task=1,y_or_landing=0,yaw=0,hex=AA FF 01 06 00 01 00 00 00 00 B1,reason=normal"
946686462706,"type=mission,x_or_task=1,y_or_landing=1,yaw=0,hex=AA FF 02 02 01 01 AF,reason=normal"
946686462756,"type=xy,x_or_task=1,y_or_landing=0,yaw=0,hex=AA FF 01 06 00 01 00 00 00 00 B1,reason=normal"
946686462806,"type=xy,x_or_task=1,y_or_landing=0,yaw=0,hex=AA FF 01 06 00 01 00 00 00 00 B1,reason=normal"
946686462806,"type=mission,x_or_task=1,y_or_landing=1,yaw=0,hex=AA FF 02 02 01 01 AF,reason=normal"
946686462856,"type=xy,x_or_task=1,y_or_landing=0,yaw=0,hex=AA FF 01 06 00 01 00 00 00 00 B1,reason=normal"
946686462906,"type=xy,x_or_task=1,y_or_landing=0,yaw=0,hex=AA FF 01 06 00 01 00 00 00 00 B1,reason=normal"
946686462906,"type=mission,x_or_task=1,y_or_landing=1,yaw=0,hex=AA FF 02 02 01 01 AF,reason=normal"
946686462956,"type=xy,x_or_task=1,y_or_landing=0,yaw=0,hex=AA FF 01 06 00 01 00 00 00 00 B1,reason=normal"
946686463006,"type=xy,x_or_task=1,y_or_landing=0,yaw=0,hex=AA FF 01 06 00 01 00 00 00 00 B1,reason=normal"
946686463006,"type=mission,x_or_task=1,y_or_landing=1,yaw=0,hex=AA FF 02 02 01 01 AF,reason=normal"
946686463056,"type=xy,x_or_task=1,y_or_landing=0,yaw=0,hex=AA FF 01 06 00 01 00 00 00 00 B1,reason=normal"
946686463106,"type=xy,x_or_task=1,y_or_landing=0,yaw=0,hex=AA FF 01 06 00 01 00 00 00 00 B1,reason=normal"
946686463106,"type=mission,x_or_task=1,y_or_landing=1,yaw=0,hex=AA FF 02 02 01 01 AF,reason=normal"
946686463156,"type=xy,x_or_task=1,y_or_landing=0,yaw=0,hex=AA FF 01 06 00 01 00 00 00 00 B1,reason=normal"
946686463206,"type=xy,x_or_task=1,y_or_landing=0,yaw=0,hex=AA FF 01 06 00 01 00 00 00 00 B1,reason=normal"
946686463219,"type=mission,x_or_task=1,y_or_landing=1,yaw=0,hex=AA FF 02 02 01 01 AF,reason=normal"
946686463256,"type=xy,x_or_task=1,y_or_landing=0,yaw=0,hex=AA FF 01 06 00 01 00 00 00 00 B1,reason=normal"
946686463306,"type=xy,x_or_task=1,y_or_landing=0,yaw=0,hex=AA FF 01 06 00 01 00 00 00 00 B1,reason=normal"
946686463306,"type=mission,x_or_task=1,y_or_landing=1,yaw=0,hex=AA FF 02 02 01 01 AF,reason=normal"
946686463356,"type=xy,x_or_task=1,y_or_landing=0,yaw=0,hex=AA FF 01 06 00 01 00 00 00 00 B1,reason=normal"
946686463406,"type=xy,x_or_task=1,y_or_landing=0,yaw=0,hex=AA FF 01 06 00 01 00 00 00 00 B1,reason=normal"
946686463406,"type=mission,x_or_task=1,y_or_landing=1,yaw=0,hex=AA FF 02 02 01 01 AF,reason=normal"
946686463456,"type=xy,x_or_task=1,y_or_landing=0,yaw=0,hex=AA FF 01 06 00 01 00 00 00 00 B1,reason=normal"
946686463519,"type=xy,x_or_task=1,y_or_landing=0,yaw=0,hex=AA FF 01 06 00 01 00 00 00 00 B1,reason=normal"
946686463520,"type=mission,x_or_task=1,y_or_landing=1,yaw=0,hex=AA FF 02 02 01 01 AF,reason=normal"
946686463556,"type=xy,x_or_task=1,y_or_landing=0,yaw=0,hex=AA FF 01 06 00 01 00 00 00 00 B1,reason=normal"
946686463606,"type=xy,x_or_task=1,y_or_landing=0,yaw=0,hex=AA FF 01 06 00 01 00 00 00 00 B1,reason=normal"
946686463606,"type=mission,x_or_task=1,y_or_landing=1,yaw=0,hex=AA FF 02 02 01 01 AF,reason=normal"
946686463656,"type=xy,x_or_task=1,y_or_landing=0,yaw=0,hex=AA FF 01 06 00 01 00 00 00 00 B1,reason=normal"
946686463706,"type=xy,x_or_task=1,y_or_landing=0,yaw=0,hex=AA FF 01 06 00 01 00 00 00 00 B1,reason=normal"
946686463706,"type=mission,x_or_task=1,y_or_landing=1,yaw=0,hex=AA FF 02 02 01 01 AF,reason=normal"
946686463756,"type=xy,x_or_task=1,y_or_landing=0,yaw=0,hex=AA FF 01 06 00 01 00 00 00 00 B1,reason=normal"
946686463806,"type=xy,x_or_task=1,y_or_landing=0,yaw=0,hex=AA FF 01 06 00 01 00 00 00 00 B1,reason=normal"
946686463818,"type=mission,x_or_task=1,y_or_landing=1,yaw=0,hex=AA FF 02 02 01 01 AF,reason=normal"
946686463856,"type=xy,x_or_task=1,y_or_landing=0,yaw=0,hex=AA FF 01 06 00 01 00 00 00 00 B1,reason=normal"
946686463906,"type=xy,x_or_task=1,y_or_landing=0,yaw=0,hex=AA FF 01 06 00 01 00 00 00 00 B1,reason=normal"
946686463906,"type=mission,x_or_task=1,y_or_landing=1,yaw=0,hex=AA FF 02 02 01 01 AF,reason=normal"
946686463956,"type=xy,x_or_task=1,y_or_landing=0,yaw=0,hex=AA FF 01 06 00 01 00 00 00 00 B1,reason=normal"
946686464006,"type=xy,x_or_task=1,y_or_landing=0,yaw=0,hex=AA FF 01 06 00 01 00 00 00 00 B1,reason=normal"
946686464006,"type=mission,x_or_task=1,y_or_landing=1,yaw=0,hex=AA FF 02 02 01 01 AF,reason=normal"
946686464056,"type=xy,x_or_task=1,y_or_landing=0,yaw=0,hex=AA FF 01 06 00 01 00 00 00 00 B1,reason=normal"
946686464106,"type=xy,x_or_task=1,y_or_landing=0,yaw=0,hex=AA FF 01 06 00 01 00 00 00 00 B1,reason=normal"
946686464106,"type=mission,x_or_task=1,y_or_landing=1,yaw=0,hex=AA FF 02 02 01 01 AF,reason=normal"
946686464156,"type=xy,x_or_task=1,y_or_landing=0,yaw=0,hex=AA FF 01 06 00 01 00 00 00 00 B1,reason=normal"
946686464206,"type=xy,x_or_task=1,y_or_landing=0,yaw=0,hex=AA FF 01 06 00 01 00 00 00 00 B1,reason=normal"
946686464206,"type=mission,x_or_task=1,y_or_landing=1,yaw=0,hex=AA FF 02 02 01 01 AF,reason=normal"
946686464256,"type=xy,x_or_task=1,y_or_landing=0,yaw=0,hex=AA FF 01 06 00 01 00 00 00 00 B1,reason=normal"
946686464306,"type=xy,x_or_task=1,y_or_landing=0,yaw=0,hex=AA FF 01 06 00 01 00 00 00 00 B1,reason=normal"
946686464316,"type=mission,x_or_task=1,y_or_landing=1,yaw=0,hex=AA FF 02 02 01 01 AF,reason=normal"
946686464356,"type=xy,x_or_task=1,y_or_landing=0,yaw=0,hex=AA FF 01 06 00 01 00 00 00 00 B1,reason=normal"
946686464406,"type=xy,x_or_task=1,y_or_landing=0,yaw=0,hex=AA FF 01 06 00 01 00 00 00 00 B1,reason=normal"
946686464406,"type=mission,x_or_task=1,y_or_landing=1,yaw=0,hex=AA FF 02 02 01 01 AF,reason=normal"
946686464456,"type=xy,x_or_task=1,y_or_landing=0,yaw=0,hex=AA FF 01 06 00 01 00 00 00 00 B1,reason=normal"
946686464506,"type=xy,x_or_task=1,y_or_landing=0,yaw=0,hex=AA FF 01 06 00 01 00 00 00 00 B1,reason=normal"
946686464506,"type=mission,x_or_task=1,y_or_landing=1,yaw=0,hex=AA FF 02 02 01 01 AF,reason=normal"
946686464556,"type=xy,x_or_task=1,y_or_landing=0,yaw=0,hex=AA FF 01 06 00 01 00 00 00 00 B1,reason=normal"
946686464606,"type=xy,x_or_task=1,y_or_landing=0,yaw=0,hex=AA FF 01 06 00 01 00 00 00 00 B1,reason=normal"
946686464606,"type=mission,x_or_task=1,y_or_landing=1,yaw=0,hex=AA FF 02 02 01 01 AF,reason=normal"
946686464656,"type=xy,x_or_task=1,y_or_landing=0,yaw=0,hex=AA FF 01 06 00 01 00 00 00 00 B1,reason=normal"
946686464706,"type=xy,x_or_task=1,y_or_landing=0,yaw=0,hex=AA FF 01 06 00 01 00 00 00 00 B1,reason=normal"
946686464706,"type=mission,x_or_task=1,y_or_landing=1,yaw=0,hex=AA FF 02 02 01 01 AF,reason=normal"
946686464756,"type=xy,x_or_task=1,y_or_landing=0,yaw=0,hex=AA FF 01 06 00 01 00 00 00 00 B1,reason=normal"
946686464806,"type=xy,x_or_task=1,y_or_landing=0,yaw=0,hex=AA FF 01 06 00 01 00 00 00 00 B1,reason=normal"
946686464806,"type=mission,x_or_task=1,y_or_landing=1,yaw=0,hex=AA FF 02 02 01 01 AF,reason=normal"
946686464856,"type=xy,x_or_task=1,y_or_landing=0,yaw=0,hex=AA FF 01 06 00 01 00 00 00 00 B1,reason=normal"
946686464906,"type=xy,x_or_task=1,y_or_landing=0,yaw=0,hex=AA FF 01 06 00 01 00 00 00 00 B1,reason=normal"
946686464919,"type=mission,x_or_task=1,y_or_landing=1,yaw=0,hex=AA FF 02 02 01 01 AF,reason=normal"
946686464956,"type=xy,x_or_task=1,y_or_landing=0,yaw=0,hex=AA FF 01 06 00 01 00 00 00 00 B1,reason=normal"
946686465016,"type=xy,x_or_task=1,y_or_landing=0,yaw=0,hex=AA FF 01 06 00 01 00 00 00 00 B1,reason=normal"
946686465016,"type=mission,x_or_task=1,y_or_landing=1,yaw=0,hex=AA FF 02 02 01 01 AF,reason=normal"
946686465056,"type=xy,x_or_task=1,y_or_landing=0,yaw=0,hex=AA FF 01 06 00 01 00 00 00 00 B1,reason=normal"
946686465106,"type=xy,x_or_task=1,y_or_landing=0,yaw=0,hex=AA FF 01 06 00 01 00 00 00 00 B1,reason=normal"
946686465106,"type=mission,x_or_task=1,y_or_landing=1,yaw=0,hex=AA FF 02 02 01 01 AF,reason=normal"
946686465156,"type=xy,x_or_task=1,y_or_landing=0,yaw=0,hex=AA FF 01 06 00 01 00 00 00 00 B1,reason=normal"
946686465206,"type=xy,x_or_task=1,y_or_landing=0,yaw=0,hex=AA FF 01 06 00 01 00 00 00 00 B1,reason=normal"
946686465206,"type=mission,x_or_task=1,y_or_landing=1,yaw=0,hex=AA FF 02 02 01 01 AF,reason=normal"
946686465256,"type=xy,x_or_task=1,y_or_landing=0,yaw=0,hex=AA FF 01 06 00 01 00 00 00 00 B1,reason=normal"
946686465306,"type=xy,x_or_task=1,y_or_landing=0,yaw=0,hex=AA FF 01 06 00 01 00 00 00 00 B1,reason=normal"
946686465306,"type=mission,x_or_task=1,y_or_landing=1,yaw=0,hex=AA FF 02 02 01 01 AF,reason=normal"
946686465356,"type=xy,x_or_task=1,y_or_landing=0,yaw=0,hex=AA FF 01 06 00 01 00 00 00 00 B1,reason=normal"
946686465406,"type=xy,x_or_task=1,y_or_landing=0,yaw=0,hex=AA FF 01 06 00 01 00 00 00 00 B1,reason=normal"
946686465406,"type=mission,x_or_task=1,y_or_landing=1,yaw=0,hex=AA FF 02 02 01 01 AF,reason=normal"
946686465456,"type=xy,x_or_task=1,y_or_landing=0,yaw=0,hex=AA FF 01 06 00 01 00 00 00 00 B1,reason=normal"
946686465506,"type=xy,x_or_task=1,y_or_landing=0,yaw=0,hex=AA FF 01 06 00 01 00 00 00 00 B1,reason=normal"
946686465518,"type=mission,x_or_task=1,y_or_landing=1,yaw=0,hex=AA FF 02 02 01 01 AF,reason=normal"
946686465556,"type=xy,x_or_task=1,y_or_landing=0,yaw=0,hex=AA FF 01 06 00 01 00 00 00 00 B1,reason=normal"
946686465606,"type=xy,x_or_task=1,y_or_landing=0,yaw=0,hex=AA FF 01 06 00 01 00 00 00 00 B1,reason=normal"
946686465619,"type=mission,x_or_task=1,y_or_landing=1,yaw=0,hex=AA FF 02 02 01 01 AF,reason=normal"
946686465656,"type=xy,x_or_task=1,y_or_landing=0,yaw=0,hex=AA FF 01 06 00 01 00 00 00 00 B1,reason=normal"
946686465706,"type=xy,x_or_task=1,y_or_landing=0,yaw=0,hex=AA FF 01 06 00 01 00 00 00 00 B1,reason=normal"
946686465706,"type=mission,x_or_task=1,y_or_landing=1,yaw=0,hex=AA FF 02 02 01 01 AF,reason=normal"
946686465756,"type=xy,x_or_task=1,y_or_landing=0,yaw=0,hex=AA FF 01 06 00 01 00 00 00 00 B1,reason=normal"
946686465806,"type=xy,x_or_task=1,y_or_landing=0,yaw=0,hex=AA FF 01 06 00 01 00 00 00 00 B1,reason=normal"
946686465806,"type=mission,x_or_task=1,y_or_landing=1,yaw=0,hex=AA FF 02 02 01 01 AF,reason=normal"
946686465856,"type=xy,x_or_task=1,y_or_landing=0,yaw=0,hex=AA FF 01 06 00 01 00 00 00 00 B1,reason=normal"
946686465920,"type=xy,x_or_task=1,y_or_landing=0,yaw=0,hex=AA FF 01 06 00 01 00 00 00 00 B1,reason=normal"
946686465920,"type=mission,x_or_task=1,y_or_landing=1,yaw=0,hex=AA FF 02 02 01 01 AF,reason=normal"
946686465956,"type=xy,x_or_task=1,y_or_landing=0,yaw=0,hex=AA FF 01 06 00 01 00 00 00 00 B1,reason=normal"
946686466016,"type=xy,x_or_task=1,y_or_landing=0,yaw=0,hex=AA FF 01 06 00 01 00 00 00 00 B1,reason=normal"
946686466016,"type=mission,x_or_task=1,y_or_landing=1,yaw=0,hex=AA FF 02 02 01 01 AF,reason=normal"
946686466056,"type=xy,x_or_task=1,y_or_landing=0,yaw=0,hex=AA FF 01 06 00 01 00 00 00 00 B1,reason=normal"
946686466106,"type=xy,x_or_task=1,y_or_landing=0,yaw=0,hex=AA FF 01 06 00 01 00 00 00 00 B1,reason=normal"
946686466116,"type=mission,x_or_task=1,y_or_landing=1,yaw=0,hex=AA FF 02 02 01 01 AF,reason=normal"
946686466156,"type=xy,x_or_task=1,y_or_landing=0,yaw=0,hex=AA FF 01 06 00 01 00 00 00 00 B1,reason=normal"
946686466206,"type=xy,x_or_task=1,y_or_landing=0,yaw=0,hex=AA FF 01 06 00 01 00 00 00 00 B1,reason=normal"
946686466216,"type=mission,x_or_task=1,y_or_landing=1,yaw=0,hex=AA FF 02 02 01 01 AF,reason=normal"
946686466256,"type=xy,x_or_task=1,y_or_landing=0,yaw=0,hex=AA FF 01 06 00 01 00 00 00 00 B1,reason=normal"
946686466306,"type=xy,x_or_task=1,y_or_landing=0,yaw=0,hex=AA FF 01 06 00 01 00 00 00 00 B1,reason=normal"
946686466306,"type=mission,x_or_task=1,y_or_landing=1,yaw=0,hex=AA FF 02 02 01 01 AF,reason=normal"
946686466356,"type=xy,x_or_task=1,y_or_landing=0,yaw=0,hex=AA FF 01 06 00 01 00 00 00 00 B1,reason=normal"
946686466406,"type=xy,x_or_task=1,y_or_landing=0,yaw=0,hex=AA FF 01 06 00 01 00 00 00 00 B1,reason=normal"
946686466406,"type=mission,x_or_task=1,y_or_landing=1,yaw=0,hex=AA FF 02 02 01 01 AF,reason=normal"
946686466456,"type=xy,x_or_task=1,y_or_landing=0,yaw=0,hex=AA FF 01 06 00 01 00 00 00 00 B1,reason=normal"
946686466506,"type=xy,x_or_task=1,y_or_landing=0,yaw=0,hex=AA FF 01 06 00 01 00 00 00 00 B1,reason=normal"
946686466506,"type=mission,x_or_task=1,y_or_landing=1,yaw=0,hex=AA FF 02 02 01 01 AF,reason=normal"
946686466556,"type=xy,x_or_task=1,y_or_landing=0,yaw=0,hex=AA FF 01 06 00 01 00 00 00 00 B1,reason=normal"
946686466606,"type=xy,x_or_task=1,y_or_landing=0,yaw=0,hex=AA FF 01 06 00 01 00 00 00 00 B1,reason=normal"
946686466606,"type=mission,x_or_task=1,y_or_landing=1,yaw=0,hex=AA FF 02 02 01 01 AF,reason=normal"
946686466656,"type=xy,x_or_task=1,y_or_landing=0,yaw=0,hex=AA FF 01 06 00 01 00 00 00 00 B1,reason=normal"
946686466706,"type=xy,x_or_task=1,y_or_landing=0,yaw=0,hex=AA FF 01 06 00 01 00 00 00 00 B1,reason=normal"
946686466706,"type=mission,x_or_task=1,y_or_landing=1,yaw=0,hex=AA FF 02 02 01 01 AF,reason=normal"
946686466756,"type=xy,x_or_task=1,y_or_landing=0,yaw=0,hex=AA FF 01 06 00 01 00 00 00 00 B1,reason=normal"
946686466806,"type=xy,x_or_task=1,y_or_landing=0,yaw=0,hex=AA FF 01 06 00 01 00 00 00 00 B1,reason=normal"
946686466806,"type=mission,x_or_task=1,y_or_landing=1,yaw=0,hex=AA FF 02 02 01 01 AF,reason=normal"
946686466856,"type=xy,x_or_task=1,y_or_landing=0,yaw=0,hex=AA FF 01 06 00 01 00 00 00 00 B1,reason=normal"
946686466918,"type=xy,x_or_task=1,y_or_landing=0,yaw=0,hex=AA FF 01 06 00 01 00 00 00 00 B1,reason=normal"
946686466918,"type=mission,x_or_task=1,y_or_landing=1,yaw=0,hex=AA FF 02 02 01 01 AF,reason=normal"
946686466956,"type=xy,x_or_task=1,y_or_landing=0,yaw=0,hex=AA FF 01 06 00 01 00 00 00 00 B1,reason=normal"
946686467006,"type=xy,x_or_task=1,y_or_landing=0,yaw=0,hex=AA FF 01 06 00 01 00 00 00 00 B1,reason=normal"
946686467006,"type=mission,x_or_task=1,y_or_landing=1,yaw=0,hex=AA FF 02 02 01 01 AF,reason=normal"
946686467056,"type=xy,x_or_task=1,y_or_landing=0,yaw=0,hex=AA FF 01 06 00 01 00 00 00 00 B1,reason=normal"
946686467106,"type=xy,x_or_task=1,y_or_landing=0,yaw=0,hex=AA FF 01 06 00 01 00 00 00 00 B1,reason=normal"
946686467106,"type=mission,x_or_task=1,y_or_landing=1,yaw=0,hex=AA FF 02 02 01 01 AF,reason=normal"
946686467156,"type=xy,x_or_task=1,y_or_landing=0,yaw=0,hex=AA FF 01 06 00 01 00 00 00 00 B1,reason=normal"
946686467206,"type=xy,x_or_task=1,y_or_landing=0,yaw=0,hex=AA FF 01 06 00 01 00 00 00 00 B1,reason=normal"
946686467206,"type=mission,x_or_task=1,y_or_landing=1,yaw=0,hex=AA FF 02 02 01 01 AF,reason=normal"
946686467256,"type=xy,x_or_task=1,y_or_landing=0,yaw=0,hex=AA FF 01 06 00 01 00 00 00 00 B1,reason=normal"
946686467306,"type=xy,x_or_task=1,y_or_landing=0,yaw=0,hex=AA FF 01 06 00 01 00 00 00 00 B1,reason=normal"
946686467306,"type=mission,x_or_task=1,y_or_landing=1,yaw=0,hex=AA FF 02 02 01 01 AF,reason=normal"
946686467356,"type=xy,x_or_task=1,y_or_landing=0,yaw=0,hex=AA FF 01 06 00 01 00 00 00 00 B1,reason=normal"
946686467416,"type=xy,x_or_task=1,y_or_landing=0,yaw=0,hex=AA FF 01 06 00 01 00 00 00 00 B1,reason=normal"
946686467416,"type=mission,x_or_task=1,y_or_landing=1,yaw=0,hex=AA FF 02 02 01 01 AF,reason=normal"
946686467456,"type=xy,x_or_task=1,y_or_landing=0,yaw=0,hex=AA FF 01 06 00 01 00 00 00 00 B1,reason=normal"
946686467506,"type=xy,x_or_task=1,y_or_landing=0,yaw=0,hex=AA FF 01 06 00 01 00 00 00 00 B1,reason=normal"
946686467506,"type=mission,x_or_task=1,y_or_landing=1,yaw=0,hex=AA FF 02 02 01 01 AF,reason=normal"
946686467556,"type=xy,x_or_task=1,y_or_landing=0,yaw=0,hex=AA FF 01 06 00 01 00 00 00 00 B1,reason=normal"
946686467606,"type=xy,x_or_task=1,y_or_landing=0,yaw=0,hex=AA FF 01 06 00 01 00 00 00 00 B1,reason=normal"
946686467606,"type=mission,x_or_task=1,y_or_landing=1,yaw=0,hex=AA FF 02 02 01 01 AF,reason=normal"
946686467656,"type=xy,x_or_task=1,y_or_landing=0,yaw=0,hex=AA FF 01 06 00 01 00 00 00 00 B1,reason=normal"
946686467706,"type=xy,x_or_task=1,y_or_landing=0,yaw=0,hex=AA FF 01 06 00 01 00 00 00 00 B1,reason=normal"
946686467706,"type=mission,x_or_task=1,y_or_landing=1,yaw=0,hex=AA FF 02 02 01 01 AF,reason=normal"
946686467756,"type=xy,x_or_task=1,y_or_landing=0,yaw=0,hex=AA FF 01 06 00 01 00 00 00 00 B1,reason=normal"
946686467806,"type=xy,x_or_task=1,y_or_landing=0,yaw=0,hex=AA FF 01 06 00 01 00 00 00 00 B1,reason=normal"
946686467806,"type=mission,x_or_task=1,y_or_landing=1,yaw=0,hex=AA FF 02 02 01 01 AF,reason=normal"
946686467856,"type=xy,x_or_task=1,y_or_landing=0,yaw=0,hex=AA FF 01 06 00 01 00 00 00 00 B1,reason=normal"
946686467906,"type=xy,x_or_task=1,y_or_landing=0,yaw=0,hex=AA FF 01 06 00 01 00 00 00 00 B1,reason=normal"
946686467906,"type=mission,x_or_task=1,y_or_landing=1,yaw=0,hex=AA FF 02 02 01 01 AF,reason=normal"
946686467956,"type=xy,x_or_task=1,y_or_landing=0,yaw=0,hex=AA FF 01 06 00 01 00 00 00 00 B1,reason=normal"
946686468006,"type=xy,x_or_task=1,y_or_landing=0,yaw=0,hex=AA FF 01 06 00 01 00 00 00 00 B1,reason=normal"
946686468016,"type=mission,x_or_task=1,y_or_landing=1,yaw=0,hex=AA FF 02 02 01 01 AF,reason=normal"
946686468056,"type=xy,x_or_task=1,y_or_landing=0,yaw=0,hex=AA FF 01 06 00 01 00 00 00 00 B1,reason=normal"
946686468106,"type=xy,x_or_task=1,y_or_landing=0,yaw=0,hex=AA FF 01 06 00 01 00 00 00 00 B1,reason=normal"
946686468106,"type=mission,x_or_task=1,y_or_landing=1,yaw=0,hex=AA FF 02 02 01 01 AF,reason=normal"
946686468156,"type=xy,x_or_task=1,y_or_landing=0,yaw=0,hex=AA FF 01 06 00 01 00 00 00 00 B1,reason=normal"
946686468217,"type=xy,x_or_task=1,y_or_landing=0,yaw=0,hex=AA FF 01 06 00 01 00 00 00 00 B1,reason=normal"
946686468217,"type=mission,x_or_task=1,y_or_landing=1,yaw=0,hex=AA FF 02 02 01 01 AF,reason=normal"
946686468256,"type=xy,x_or_task=1,y_or_landing=0,yaw=0,hex=AA FF 01 06 00 01 00 00 00 00 B1,reason=normal"
946686468306,"type=xy,x_or_task=1,y_or_landing=0,yaw=0,hex=AA FF 01 06 00 01 00 00 00 00 B1,reason=normal"
946686468318,"type=mission,x_or_task=1,y_or_landing=1,yaw=0,hex=AA FF 02 02 01 01 AF,reason=normal"
946686468356,"type=xy,x_or_task=1,y_or_landing=0,yaw=0,hex=AA FF 01 06 00 01 00 00 00 00 B1,reason=normal"
946686468406,"type=xy,x_or_task=1,y_or_landing=0,yaw=0,hex=AA FF 01 06 00 01 00 00 00 00 B1,reason=normal"
946686468418,"type=mission,x_or_task=1,y_or_landing=1,yaw=0,hex=AA FF 02 02 01 01 AF,reason=normal"
946686468456,"type=xy,x_or_task=1,y_or_landing=0,yaw=0,hex=AA FF 01 06 00 01 00 00 00 00 B1,reason=normal"
946686468506,"type=xy,x_or_task=1,y_or_landing=0,yaw=0,hex=AA FF 01 06 00 01 00 00 00 00 B1,reason=normal"
946686468506,"type=mission,x_or_task=1,y_or_landing=1,yaw=0,hex=AA FF 02 02 01 01 AF,reason=normal"
946686468556,"type=xy,x_or_task=1,y_or_landing=0,yaw=0,hex=AA FF 01 06 00 01 00 00 00 00 B1,reason=normal"
946686468618,"type=xy,x_or_task=1,y_or_landing=0,yaw=0,hex=AA FF 01 06 00 01 00 00 00 00 B1,reason=normal"
946686468618,"type=mission,x_or_task=1,y_or_landing=1,yaw=0,hex=AA FF 02 02 01 01 AF,reason=normal"
946686468656,"type=xy,x_or_task=1,y_or_landing=0,yaw=0,hex=AA FF 01 06 00 01 00 00 00 00 B1,reason=normal"
946686468706,"type=xy,x_or_task=1,y_or_landing=0,yaw=0,hex=AA FF 01 06 00 01 00 00 00 00 B1,reason=normal"
946686468706,"type=mission,x_or_task=1,y_or_landing=1,yaw=0,hex=AA FF 02 02 01 01 AF,reason=normal"
946686468756,"type=xy,x_or_task=1,y_or_landing=0,yaw=0,hex=AA FF 01 06 00 01 00 00 00 00 B1,reason=normal"
946686468806,"type=xy,x_or_task=1,y_or_landing=0,yaw=0,hex=AA FF 01 06 00 01 00 00 00 00 B1,reason=normal"
946686468806,"type=mission,x_or_task=1,y_or_landing=1,yaw=0,hex=AA FF 02 02 01 01 AF,reason=normal"
946686468856,"type=xy,x_or_task=1,y_or_landing=0,yaw=0,hex=AA FF 01 06 00 01 00 00 00 00 B1,reason=normal"
946686468906,"type=xy,x_or_task=1,y_or_landing=0,yaw=0,hex=AA FF 01 06 00 01 00 00 00 00 B1,reason=normal"
946686468906,"type=mission,x_or_task=1,y_or_landing=1,yaw=0,hex=AA FF 02 02 01 01 AF,reason=normal"
946686468956,"type=xy,x_or_task=1,y_or_landing=0,yaw=0,hex=AA FF 01 06 00 01 00 00 00 00 B1,reason=normal"
946686469018,"type=xy,x_or_task=1,y_or_landing=0,yaw=0,hex=AA FF 01 06 00 01 00 00 00 00 B1,reason=normal"
946686469018,"type=mission,x_or_task=1,y_or_landing=1,yaw=0,hex=AA FF 02 02 01 01 AF,reason=normal"
946686469056,"type=xy,x_or_task=1,y_or_landing=0,yaw=0,hex=AA FF 01 06 00 01 00 00 00 00 B1,reason=normal"
946686469106,"type=xy,x_or_task=1,y_or_landing=0,yaw=0,hex=AA FF 01 06 00 01 00 00 00 00 B1,reason=normal"
946686469106,"type=mission,x_or_task=1,y_or_landing=1,yaw=0,hex=AA FF 02 02 01 01 AF,reason=normal"
946686469156,"type=xy,x_or_task=1,y_or_landing=0,yaw=0,hex=AA FF 01 06 00 01 00 00 00 00 B1,reason=normal"
946686469206,"type=xy,x_or_task=1,y_or_landing=0,yaw=0,hex=AA FF 01 06 00 01 00 00 00 00 B1,reason=normal"
946686469218,"type=mission,x_or_task=1,y_or_landing=1,yaw=0,hex=AA FF 02 02 01 01 AF,reason=normal"
946686469256,"type=xy,x_or_task=1,y_or_landing=0,yaw=0,hex=AA FF 01 06 00 01 00 00 00 00 B1,reason=normal"
946686469306,"type=xy,x_or_task=1,y_or_landing=0,yaw=0,hex=AA FF 01 06 00 01 00 00 00 00 B1,reason=normal"
946686469306,"type=mission,x_or_task=1,y_or_landing=1,yaw=0,hex=AA FF 02 02 01 01 AF,reason=normal"
946686469356,"type=xy,x_or_task=1,y_or_landing=0,yaw=0,hex=AA FF 01 06 00 01 00 00 00 00 B1,reason=normal"
946686469406,"type=xy,x_or_task=1,y_or_landing=0,yaw=0,hex=AA FF 01 06 00 01 00 00 00 00 B1,reason=normal"
946686469406,"type=mission,x_or_task=1,y_or_landing=1,yaw=0,hex=AA FF 02 02 01 01 AF,reason=normal"
946686469456,"type=xy,x_or_task=1,y_or_landing=0,yaw=0,hex=AA FF 01 06 00 01 00 00 00 00 B1,reason=normal"
946686469506,"type=xy,x_or_task=1,y_or_landing=0,yaw=0,hex=AA FF 01 06 00 01 00 00 00 00 B1,reason=normal"
946686469506,"type=mission,x_or_task=1,y_or_landing=1,yaw=0,hex=AA FF 02 02 01 01 AF,reason=normal"
946686469556,"type=xy,x_or_task=1,y_or_landing=0,yaw=0,hex=AA FF 01 06 00 01 00 00 00 00 B1,reason=normal"
946686469606,"type=xy,x_or_task=1,y_or_landing=0,yaw=0,hex=AA FF 01 06 00 01 00 00 00 00 B1,reason=normal"
946686469606,"type=mission,x_or_task=1,y_or_landing=1,yaw=0,hex=AA FF 02 02 01 01 AF,reason=normal"
946686469656,"type=xy,x_or_task=1,y_or_landing=0,yaw=0,hex=AA FF 01 06 00 01 00 00 00 00 B1,reason=normal"
946686469706,"type=xy,x_or_task=1,y_or_landing=0,yaw=0,hex=AA FF 01 06 00 01 00 00 00 00 B1,reason=normal"
946686469706,"type=mission,x_or_task=1,y_or_landing=1,yaw=0,hex=AA FF 02 02 01 01 AF,reason=normal"
946686469756,"type=xy,x_or_task=1,y_or_landing=0,yaw=0,hex=AA FF 01 06 00 01 00 00 00 00 B1,reason=normal"
946686469816,"type=xy,x_or_task=1,y_or_landing=0,yaw=0,hex=AA FF 01 06 00 01 00 00 00 00 B1,reason=normal"
946686469816,"type=mission,x_or_task=1,y_or_landing=1,yaw=0,hex=AA FF 02 02 01 01 AF,reason=normal"
946686469856,"type=xy,x_or_task=1,y_or_landing=0,yaw=0,hex=AA FF 01 06 00 01 00 00 00 00 B1,reason=normal"
946686469906,"type=xy,x_or_task=1,y_or_landing=0,yaw=0,hex=AA FF 01 06 00 01 00 00 00 00 B1,reason=normal"
946686469906,"type=mission,x_or_task=1,y_or_landing=1,yaw=0,hex=AA FF 02 02 01 01 AF,reason=normal"
946686469956,"type=xy,x_or_task=1,y_or_landing=0,yaw=0,hex=AA FF 01 06 00 01 00 00 00 00 B1,reason=normal"
946686470006,"type=xy,x_or_task=1,y_or_landing=0,yaw=0,hex=AA FF 01 06 00 01 00 00 00 00 B1,reason=normal"
946686470018,"type=mission,x_or_task=1,y_or_landing=1,yaw=0,hex=AA FF 02 02 01 01 AF,reason=normal"
946686470056,"type=xy,x_or_task=1,y_or_landing=0,yaw=0,hex=AA FF 01 06 00 01 00 00 00 00 B1,reason=normal"
946686470106,"type=xy,x_or_task=1,y_or_landing=0,yaw=0,hex=AA FF 01 06 00 01 00 00 00 00 B1,reason=normal"
946686470121,"type=mission,x_or_task=1,y_or_landing=1,yaw=0,hex=AA FF 02 02 01 01 AF,reason=normal"
946686470156,"type=xy,x_or_task=1,y_or_landing=0,yaw=0,hex=AA FF 01 06 00 01 00 00 00 00 B1,reason=normal"
946686470206,"type=xy,x_or_task=1,y_or_landing=0,yaw=0,hex=AA FF 01 06 00 01 00 00 00 00 B1,reason=normal"
946686470206,"type=mission,x_or_task=1,y_or_landing=1,yaw=0,hex=AA FF 02 02 01 01 AF,reason=normal"
946686470256,"type=xy,x_or_task=1,y_or_landing=0,yaw=0,hex=AA FF 01 06 00 01 00 00 00 00 B1,reason=normal"
946686470306,"type=xy,x_or_task=1,y_or_landing=0,yaw=0,hex=AA FF 01 06 00 01 00 00 00 00 B1,reason=normal"
946686470316,"type=mission,x_or_task=1,y_or_landing=1,yaw=0,hex=AA FF 02 02 01 01 AF,reason=normal"
946686470356,"type=xy,x_or_task=1,y_or_landing=0,yaw=0,hex=AA FF 01 06 00 01 00 00 00 00 B1,reason=normal"
946686470406,"type=xy,x_or_task=1,y_or_landing=0,yaw=0,hex=AA FF 01 06 00 01 00 00 00 00 B1,reason=normal"
946686470406,"type=mission,x_or_task=1,y_or_landing=1,yaw=0,hex=AA FF 02 02 01 01 AF,reason=normal"
946686470456,"type=xy,x_or_task=1,y_or_landing=0,yaw=0,hex=AA FF 01 06 00 01 00 00 00 00 B1,reason=normal"
946686470506,"type=xy,x_or_task=1,y_or_landing=0,yaw=0,hex=AA FF 01 06 00 01 00 00 00 00 B1,reason=normal"
946686470506,"type=mission,x_or_task=1,y_or_landing=1,yaw=0,hex=AA FF 02 02 01 01 AF,reason=normal"
946686470556,"type=xy,x_or_task=1,y_or_landing=0,yaw=0,hex=AA FF 01 06 00 01 00 00 00 00 B1,reason=normal"
946686470606,"type=xy,x_or_task=1,y_or_landing=0,yaw=0,hex=AA FF 01 06 00 01 00 00 00 00 B1,reason=normal"
946686470619,"type=mission,x_or_task=1,y_or_landing=1,yaw=0,hex=AA FF 02 02 01 01 AF,reason=normal"
946686470656,"type=xy,x_or_task=1,y_or_landing=0,yaw=0,hex=AA FF 01 06 00 01 00 00 00 00 B1,reason=normal"
946686470718,"type=xy,x_or_task=1,y_or_landing=0,yaw=0,hex=AA FF 01 06 00 01 00 00 00 00 B1,reason=normal"
946686470718,"type=mission,x_or_task=1,y_or_landing=1,yaw=0,hex=AA FF 02 02 01 01 AF,reason=normal"
946686470756,"type=xy,x_or_task=1,y_or_landing=0,yaw=0,hex=AA FF 01 06 00 01 00 00 00 00 B1,reason=normal"
946686470806,"type=xy,x_or_task=1,y_or_landing=0,yaw=0,hex=AA FF 01 06 00 01 00 00 00 00 B1,reason=normal"
946686470806,"type=mission,x_or_task=1,y_or_landing=1,yaw=0,hex=AA FF 02 02 01 01 AF,reason=normal"
946686470856,"type=xy,x_or_task=1,y_or_landing=0,yaw=0,hex=AA FF 01 06 00 01 00 00 00 00 B1,reason=normal"
946686470906,"type=xy,x_or_task=1,y_or_landing=0,yaw=0,hex=AA FF 01 06 00 01 00 00 00 00 B1,reason=normal"
946686470919,"type=mission,x_or_task=1,y_or_landing=1,yaw=0,hex=AA FF 02 02 01 01 AF,reason=normal"
946686470956,"type=xy,x_or_task=1,y_or_landing=0,yaw=0,hex=AA FF 01 06 00 01 00 00 00 00 B1,reason=normal"
946686471006,"type=xy,x_or_task=1,y_or_landing=0,yaw=0,hex=AA FF 01 06 00 01 00 00 00 00 B1,reason=normal"
946686471006,"type=mission,x_or_task=1,y_or_landing=1,yaw=0,hex=AA FF 02 02 01 01 AF,reason=normal"
946686471056,"type=xy,x_or_task=1,y_or_landing=0,yaw=0,hex=AA FF 01 06 00 01 00 00 00 00 B1,reason=normal"
946686471106,"type=xy,x_or_task=1,y_or_landing=0,yaw=0,hex=AA FF 01 06 00 01 00 00 00 00 B1,reason=normal"
946686471119,"type=mission,x_or_task=1,y_or_landing=1,yaw=0,hex=AA FF 02 02 01 01 AF,reason=normal"
946686471156,"type=xy,x_or_task=1,y_or_landing=0,yaw=0,hex=AA FF 01 06 00 01 00 00 00 00 B1,reason=normal"
946686471206,"type=xy,x_or_task=1,y_or_landing=0,yaw=0,hex=AA FF 01 06 00 01 00 00 00 00 B1,reason=normal"
946686471206,"type=mission,x_or_task=1,y_or_landing=1,yaw=0,hex=AA FF 02 02 01 01 AF,reason=normal"
946686471256,"type=xy,x_or_task=1,y_or_landing=0,yaw=0,hex=AA FF 01 06 00 01 00 00 00 00 B1,reason=normal"
946686471306,"type=xy,x_or_task=1,y_or_landing=0,yaw=0,hex=AA FF 01 06 00 01 00 00 00 00 B1,reason=normal"
946686471320,"type=mission,x_or_task=1,y_or_landing=1,yaw=0,hex=AA FF 02 02 01 01 AF,reason=normal"
946686471356,"type=xy,x_or_task=1,y_or_landing=0,yaw=0,hex=AA FF 01 06 00 01 00 00 00 00 B1,reason=normal"
946686471406,"type=xy,x_or_task=1,y_or_landing=0,yaw=0,hex=AA FF 01 06 00 01 00 00 00 00 B1,reason=normal"
946686471406,"type=mission,x_or_task=1,y_or_landing=1,yaw=0,hex=AA FF 02 02 01 01 AF,reason=normal"
946686471456,"type=xy,x_or_task=1,y_or_landing=0,yaw=0,hex=AA FF 01 06 00 01 00 00 00 00 B1,reason=normal"
946686471506,"type=xy,x_or_task=1,y_or_landing=0,yaw=0,hex=AA FF 01 06 00 01 00 00 00 00 B1,reason=normal"
946686471506,"type=mission,x_or_task=1,y_or_landing=1,yaw=0,hex=AA FF 02 02 01 01 AF,reason=normal"
946686471556,"type=xy,x_or_task=1,y_or_landing=0,yaw=0,hex=AA FF 01 06 00 01 00 00 00 00 B1,reason=normal"
946686471618,"type=xy,x_or_task=1,y_or_landing=0,yaw=0,hex=AA FF 01 06 00 01 00 00 00 00 B1,reason=normal"
946686471618,"type=mission,x_or_task=1,y_or_landing=1,yaw=0,hex=AA FF 02 02 01 01 AF,reason=normal"
946686471656,"type=xy,x_or_task=1,y_or_landing=0,yaw=0,hex=AA FF 01 06 00 01 00 00 00 00 B1,reason=normal"
946686471706,"type=xy,x_or_task=1,y_or_landing=0,yaw=0,hex=AA FF 01 06 00 01 00 00 00 00 B1,reason=normal"
946686471706,"type=mission,x_or_task=1,y_or_landing=1,yaw=0,hex=AA FF 02 02 01 01 AF,reason=normal"
946686471756,"type=xy,x_or_task=1,y_or_landing=0,yaw=0,hex=AA FF 01 06 00 01 00 00 00 00 B1,reason=normal"
946686471806,"type=xy,x_or_task=1,y_or_landing=0,yaw=0,hex=AA FF 01 06 00 01 00 00 00 00 B1,reason=normal"
946686471806,"type=mission,x_or_task=1,y_or_landing=1,yaw=0,hex=AA FF 02 02 01 01 AF,reason=normal"
946686471856,"type=xy,x_or_task=1,y_or_landing=0,yaw=0,hex=AA FF 01 06 00 01 00 00 00 00 B1,reason=normal"
946686471917,"type=xy,x_or_task=1,y_or_landing=0,yaw=0,hex=AA FF 01 06 00 01 00 00 00 00 B1,reason=normal"
946686471918,"type=mission,x_or_task=1,y_or_landing=1,yaw=0,hex=AA FF 02 02 01 01 AF,reason=normal"
946686471956,"type=xy,x_or_task=1,y_or_landing=0,yaw=0,hex=AA FF 01 06 00 01 00 00 00 00 B1,reason=normal"
946686472006,"type=xy,x_or_task=1,y_or_landing=0,yaw=0,hex=AA FF 01 06 00 01 00 00 00 00 B1,reason=normal"
946686472006,"type=mission,x_or_task=1,y_or_landing=1,yaw=0,hex=AA FF 02 02 01 01 AF,reason=normal"
946686472056,"type=xy,x_or_task=1,y_or_landing=0,yaw=0,hex=AA FF 01 06 00 01 00 00 00 00 B1,reason=normal"
946686472106,"type=xy,x_or_task=1,y_or_landing=0,yaw=0,hex=AA FF 01 06 00 01 00 00 00 00 B1,reason=normal"
946686472106,"type=mission,x_or_task=1,y_or_landing=1,yaw=0,hex=AA FF 02 02 01 01 AF,reason=normal"
946686472156,"type=xy,x_or_task=1,y_or_landing=0,yaw=0,hex=AA FF 01 06 00 01 00 00 00 00 B1,reason=normal"
946686472206,"type=xy,x_or_task=1,y_or_landing=0,yaw=0,hex=AA FF 01 06 00 01 00 00 00 00 B1,reason=normal"
946686472218,"type=mission,x_or_task=1,y_or_landing=1,yaw=0,hex=AA FF 02 02 01 01 AF,reason=normal"
946686472256,"type=xy,x_or_task=1,y_or_landing=0,yaw=0,hex=AA FF 01 06 00 01 00 00 00 00 B1,reason=normal"
946686472306,"type=xy,x_or_task=1,y_or_landing=0,yaw=0,hex=AA FF 01 06 00 01 00 00 00 00 B1,reason=normal"
946686472306,"type=mission,x_or_task=1,y_or_landing=1,yaw=0,hex=AA FF 02 02 01 01 AF,reason=normal"
946686472356,"type=xy,x_or_task=1,y_or_landing=0,yaw=0,hex=AA FF 01 06 00 01 00 00 00 00 B1,reason=normal"
946686472406,"type=xy,x_or_task=1,y_or_landing=0,yaw=0,hex=AA FF 01 06 00 01 00 00 00 00 B1,reason=normal"
946686472418,"type=mission,x_or_task=1,y_or_landing=1,yaw=0,hex=AA FF 02 02 01 01 AF,reason=normal"
946686472456,"type=xy,x_or_task=1,y_or_landing=0,yaw=0,hex=AA FF 01 06 00 01 00 00 00 00 B1,reason=normal"
946686472506,"type=xy,x_or_task=1,y_or_landing=0,yaw=0,hex=AA FF 01 06 00 01 00 00 00 00 B1,reason=normal"
946686472518,"type=mission,x_or_task=1,y_or_landing=1,yaw=0,hex=AA FF 02 02 01 01 AF,reason=normal"
946686472556,"type=xy,x_or_task=1,y_or_landing=0,yaw=0,hex=AA FF 01 06 00 01 00 00 00 00 B1,reason=normal"
946686472616,"type=xy,x_or_task=1,y_or_landing=0,yaw=0,hex=AA FF 01 06 00 01 00 00 00 00 B1,reason=normal"
946686472616,"type=mission,x_or_task=1,y_or_landing=1,yaw=0,hex=AA FF 02 02 01 01 AF,reason=normal"
946686472656,"type=xy,x_or_task=1,y_or_landing=0,yaw=0,hex=AA FF 01 06 00 01 00 00 00 00 B1,reason=normal"
946686472718,"type=xy,x_or_task=1,y_or_landing=0,yaw=0,hex=AA FF 01 06 00 01 00 00 00 00 B1,reason=normal"
946686472718,"type=mission,x_or_task=1,y_or_landing=1,yaw=0,hex=AA FF 02 02 01 01 AF,reason=normal"
946686472756,"type=xy,x_or_task=1,y_or_landing=0,yaw=0,hex=AA FF 01 06 00 01 00 00 00 00 B1,reason=normal"
946686472806,"type=xy,x_or_task=1,y_or_landing=0,yaw=0,hex=AA FF 01 06 00 01 00 00 00 00 B1,reason=normal"
946686472806,"type=mission,x_or_task=1,y_or_landing=1,yaw=0,hex=AA FF 02 02 01 01 AF,reason=normal"
946686472856,"type=xy,x_or_task=1,y_or_landing=0,yaw=0,hex=AA FF 01 06 00 01 00 00 00 00 B1,reason=normal"
946686472906,"type=xy,x_or_task=1,y_or_landing=0,yaw=0,hex=AA FF 01 06 00 01 00 00 00 00 B1,reason=normal"
946686472917,"type=mission,x_or_task=1,y_or_landing=1,yaw=0,hex=AA FF 02 02 01 01 AF,reason=normal"
946686472956,"type=xy,x_or_task=1,y_or_landing=0,yaw=0,hex=AA FF 01 06 00 01 00 00 00 00 B1,reason=normal"
946686473006,"type=xy,x_or_task=1,y_or_landing=0,yaw=0,hex=AA FF 01 06 00 01 00 00 00 00 B1,reason=normal"
946686473006,"type=mission,x_or_task=1,y_or_landing=1,yaw=0,hex=AA FF 02 02 01 01 AF,reason=normal"
946686473056,"type=xy,x_or_task=1,y_or_landing=0,yaw=0,hex=AA FF 01 06 00 01 00 00 00 00 B1,reason=normal"
946686473106,"type=xy,x_or_task=1,y_or_landing=0,yaw=0,hex=AA FF 01 06 00 01 00 00 00 00 B1,reason=normal"
946686473106,"type=mission,x_or_task=1,y_or_landing=1,yaw=0,hex=AA FF 02 02 01 01 AF,reason=normal"
946686473156,"type=xy,x_or_task=1,y_or_landing=0,yaw=0,hex=AA FF 01 06 00 01 00 00 00 00 B1,reason=normal"
946686473217,"type=xy,x_or_task=1,y_or_landing=0,yaw=0,hex=AA FF 01 06 00 01 00 00 00 00 B1,reason=normal"
946686473217,"type=mission,x_or_task=1,y_or_landing=1,yaw=0,hex=AA FF 02 02 01 01 AF,reason=normal"
946686473256,"type=xy,x_or_task=1,y_or_landing=0,yaw=0,hex=AA FF 01 06 00 01 00 00 00 00 B1,reason=normal"
946686473315,"type=xy,x_or_task=1,y_or_landing=0,yaw=0,hex=AA FF 01 06 00 01 00 00 00 00 B1,reason=normal"
946686473315,"type=mission,x_or_task=1,y_or_landing=1,yaw=0,hex=AA FF 02 02 01 01 AF,reason=normal"
946686473356,"type=xy,x_or_task=1,y_or_landing=0,yaw=0,hex=AA FF 01 06 00 01 00 00 00 00 B1,reason=normal"
946686473414,"type=xy,x_or_task=1,y_or_landing=0,yaw=0,hex=AA FF 01 06 00 01 00 00 00 00 B1,reason=normal"
946686473414,"type=mission,x_or_task=1,y_or_landing=1,yaw=0,hex=AA FF 02 02 01 01 AF,reason=normal"
946686473456,"type=xy,x_or_task=1,y_or_landing=0,yaw=0,hex=AA FF 01 06 00 01 00 00 00 00 B1,reason=normal"
946686473516,"type=xy,x_or_task=1,y_or_landing=0,yaw=0,hex=AA FF 01 06 00 01 00 00 00 00 B1,reason=normal"
946686473517,"type=mission,x_or_task=1,y_or_landing=1,yaw=0,hex=AA FF 02 02 01 01 AF,reason=normal"
946686473556,"type=xy,x_or_task=1,y_or_landing=0,yaw=0,hex=AA FF 01 06 00 01 00 00 00 00 B1,reason=normal"
946686473615,"type=xy,x_or_task=1,y_or_landing=0,yaw=0,hex=AA FF 01 06 00 01 00 00 00 00 B1,reason=normal"
946686473615,"type=mission,x_or_task=1,y_or_landing=1,yaw=0,hex=AA FF 02 02 01 01 AF,reason=normal"
946686473656,"type=xy,x_or_task=1,y_or_landing=0,yaw=0,hex=AA FF 01 06 00 01 00 00 00 00 B1,reason=normal"
946686473706,"type=xy,x_or_task=1,y_or_landing=0,yaw=0,hex=AA FF 01 06 00 01 00 00 00 00 B1,reason=normal"
946686473706,"type=mission,x_or_task=1,y_or_landing=1,yaw=0,hex=AA FF 02 02 01 01 AF,reason=normal"
946686473756,"type=xy,x_or_task=1,y_or_landing=0,yaw=0,hex=AA FF 01 06 00 01 00 00 00 00 B1,reason=normal"
946686473822,"type=xy,x_or_task=1,y_or_landing=0,yaw=0,hex=AA FF 01 06 00 01 00 00 00 00 B1,reason=normal"
946686473823,"type=mission,x_or_task=1,y_or_landing=1,yaw=0,hex=AA FF 02 02 01 01 AF,reason=normal"
946686473856,"type=xy,x_or_task=1,y_or_landing=0,yaw=0,hex=AA FF 01 06 00 01 00 00 00 00 B1,reason=normal"
946686473914,"type=xy,x_or_task=1,y_or_landing=0,yaw=0,hex=AA FF 01 06 00 01 00 00 00 00 B1,reason=normal"
946686473914,"type=mission,x_or_task=1,y_or_landing=1,yaw=0,hex=AA FF 02 02 01 01 AF,reason=normal"
946686473956,"type=xy,x_or_task=1,y_or_landing=0,yaw=0,hex=AA FF 01 06 00 01 00 00 00 00 B1,reason=normal"
946686474015,"type=xy,x_or_task=1,y_or_landing=0,yaw=0,hex=AA FF 01 06 00 01 00 00 00 00 B1,reason=normal"
946686474015,"type=mission,x_or_task=1,y_or_landing=1,yaw=0,hex=AA FF 02 02 01 01 AF,reason=normal"
946686474056,"type=xy,x_or_task=1,y_or_landing=0,yaw=0,hex=AA FF 01 06 00 01 00 00 00 00 B1,reason=normal"
946686474106,"type=xy,x_or_task=1,y_or_landing=0,yaw=0,hex=AA FF 01 06 00 01 00 00 00 00 B1,reason=normal"
946686474119,"type=mission,x_or_task=1,y_or_landing=1,yaw=0,hex=AA FF 02 02 01 01 AF,reason=normal"
946686474156,"type=xy,x_or_task=1,y_or_landing=0,yaw=0,hex=AA FF 01 06 00 01 00 00 00 00 B1,reason=normal"
946686474206,"type=xy,x_or_task=1,y_or_landing=0,yaw=0,hex=AA FF 01 06 00 01 00 00 00 00 B1,reason=normal"
946686474206,"type=mission,x_or_task=1,y_or_landing=1,yaw=0,hex=AA FF 02 02 01 01 AF,reason=normal"
946686474256,"type=xy,x_or_task=1,y_or_landing=0,yaw=0,hex=AA FF 01 06 00 01 00 00 00 00 B1,reason=normal"
946686474306,"type=xy,x_or_task=1,y_or_landing=0,yaw=0,hex=AA FF 01 06 00 01 00 00 00 00 B1,reason=normal"
946686474306,"type=mission,x_or_task=1,y_or_landing=1,yaw=0,hex=AA FF 02 02 01 01 AF,reason=normal"
946686474356,"type=xy,x_or_task=1,y_or_landing=0,yaw=0,hex=AA FF 01 06 00 01 00 00 00 00 B1,reason=normal"
946686474406,"type=xy,x_or_task=1,y_or_landing=0,yaw=0,hex=AA FF 01 06 00 01 00 00 00 00 B1,reason=normal"
946686474406,"type=mission,x_or_task=1,y_or_landing=1,yaw=0,hex=AA FF 02 02 01 01 AF,reason=normal"
946686474456,"type=xy,x_or_task=1,y_or_landing=0,yaw=0,hex=AA FF 01 06 00 01 00 00 00 00 B1,reason=normal"
946686474506,"type=xy,x_or_task=1,y_or_landing=0,yaw=0,hex=AA FF 01 06 00 01 00 00 00 00 B1,reason=normal"
946686474506,"type=mission,x_or_task=1,y_or_landing=1,yaw=0,hex=AA FF 02 02 01 01 AF,reason=normal"
946686474556,"type=xy,x_or_task=1,y_or_landing=0,yaw=0,hex=AA FF 01 06 00 01 00 00 00 00 B1,reason=normal"
946686474618,"type=xy,x_or_task=1,y_or_landing=0,yaw=0,hex=AA FF 01 06 00 01 00 00 00 00 B1,reason=normal"
946686474618,"type=mission,x_or_task=1,y_or_landing=1,yaw=0,hex=AA FF 02 02 01 01 AF,reason=normal"
946686474656,"type=xy,x_or_task=1,y_or_landing=0,yaw=0,hex=AA FF 01 06 00 01 00 00 00 00 B1,reason=normal"
946686474706,"type=xy,x_or_task=1,y_or_landing=0,yaw=0,hex=AA FF 01 06 00 01 00 00 00 00 B1,reason=normal"
946686474706,"type=mission,x_or_task=1,y_or_landing=1,yaw=0,hex=AA FF 02 02 01 01 AF,reason=normal"
946686474756,"type=xy,x_or_task=1,y_or_landing=0,yaw=0,hex=AA FF 01 06 00 01 00 00 00 00 B1,reason=normal"
946686474806,"type=xy,x_or_task=1,y_or_landing=0,yaw=0,hex=AA FF 01 06 00 01 00 00 00 00 B1,reason=normal"
946686474806,"type=mission,x_or_task=1,y_or_landing=1,yaw=0,hex=AA FF 02 02 01 01 AF,reason=normal"
946686474856,"type=xy,x_or_task=1,y_or_landing=0,yaw=0,hex=AA FF 01 06 00 01 00 00 00 00 B1,reason=normal"
946686474917,"type=xy,x_or_task=1,y_or_landing=0,yaw=0,hex=AA FF 01 06 00 01 00 00 00 00 B1,reason=normal"
946686474917,"type=mission,x_or_task=1,y_or_landing=1,yaw=0,hex=AA FF 02 02 01 01 AF,reason=normal"
946686474956,"type=xy,x_or_task=1,y_or_landing=0,yaw=0,hex=AA FF 01 06 00 01 00 00 00 00 B1,reason=normal"
946686475006,"type=xy,x_or_task=1,y_or_landing=0,yaw=0,hex=AA FF 01 06 00 01 00 00 00 00 B1,reason=normal"
946686475006,"type=mission,x_or_task=1,y_or_landing=1,yaw=0,hex=AA FF 02 02 01 01 AF,reason=normal"
946686475056,"type=xy,x_or_task=1,y_or_landing=0,yaw=0,hex=AA FF 01 06 00 01 00 00 00 00 B1,reason=normal"
946686475106,"type=xy,x_or_task=1,y_or_landing=0,yaw=0,hex=AA FF 01 06 00 01 00 00 00 00 B1,reason=normal"
946686475106,"type=mission,x_or_task=1,y_or_landing=1,yaw=0,hex=AA FF 02 02 01 01 AF,reason=normal"
946686475156,"type=xy,x_or_task=1,y_or_landing=0,yaw=0,hex=AA FF 01 06 00 01 00 00 00 00 B1,reason=normal"
946686475218,"type=xy,x_or_task=1,y_or_landing=0,yaw=0,hex=AA FF 01 06 00 01 00 00 00 00 B1,reason=normal"
946686475218,"type=mission,x_or_task=1,y_or_landing=1,yaw=0,hex=AA FF 02 02 01 01 AF,reason=normal"
946686475256,"type=xy,x_or_task=1,y_or_landing=0,yaw=0,hex=AA FF 01 06 00 01 00 00 00 00 B1,reason=normal"
946686475306,"type=xy,x_or_task=1,y_or_landing=0,yaw=0,hex=AA FF 01 06 00 01 00 00 00 00 B1,reason=normal"
946686475306,"type=mission,x_or_task=1,y_or_landing=1,yaw=0,hex=AA FF 02 02 01 01 AF,reason=normal"
946686475356,"type=xy,x_or_task=1,y_or_landing=0,yaw=0,hex=AA FF 01 06 00 01 00 00 00 00 B1,reason=normal"
946686475406,"type=xy,x_or_task=1,y_or_landing=0,yaw=0,hex=AA FF 01 06 00 01 00 00 00 00 B1,reason=normal"
946686475406,"type=mission,x_or_task=1,y_or_landing=1,yaw=0,hex=AA FF 02 02 01 01 AF,reason=normal"
946686475456,"type=xy,x_or_task=1,y_or_landing=0,yaw=0,hex=AA FF 01 06 00 01 00 00 00 00 B1,reason=normal"
946686475506,"type=xy,x_or_task=1,y_or_landing=0,yaw=0,hex=AA FF 01 06 00 01 00 00 00 00 B1,reason=normal"
946686475506,"type=mission,x_or_task=1,y_or_landing=1,yaw=0,hex=AA FF 02 02 01 01 AF,reason=normal"
946686475556,"type=xy,x_or_task=1,y_or_landing=0,yaw=0,hex=AA FF 01 06 00 01 00 00 00 00 B1,reason=normal"
946686475606,"type=xy,x_or_task=1,y_or_landing=0,yaw=0,hex=AA FF 01 06 00 01 00 00 00 00 B1,reason=normal"
946686475606,"type=mission,x_or_task=1,y_or_landing=1,yaw=0,hex=AA FF 02 02 01 01 AF,reason=normal"
946686475656,"type=xy,x_or_task=1,y_or_landing=0,yaw=0,hex=AA FF 01 06 00 01 00 00 00 00 B1,reason=normal"
946686475706,"type=xy,x_or_task=1,y_or_landing=0,yaw=0,hex=AA FF 01 06 00 01 00 00 00 00 B1,reason=normal"
946686475706,"type=mission,x_or_task=1,y_or_landing=1,yaw=0,hex=AA FF 02 02 01 01 AF,reason=normal"
946686475756,"type=xy,x_or_task=1,y_or_landing=0,yaw=0,hex=AA FF 01 06 00 01 00 00 00 00 B1,reason=normal"
946686475806,"type=xy,x_or_task=1,y_or_landing=0,yaw=0,hex=AA FF 01 06 00 01 00 00 00 00 B1,reason=normal"
946686475818,"type=mission,x_or_task=1,y_or_landing=1,yaw=0,hex=AA FF 02 02 01 01 AF,reason=normal"
946686475856,"type=xy,x_or_task=1,y_or_landing=0,yaw=0,hex=AA FF 01 06 00 01 00 00 00 00 B1,reason=normal"
946686475906,"type=xy,x_or_task=1,y_or_landing=0,yaw=0,hex=AA FF 01 06 00 01 00 00 00 00 B1,reason=normal"
946686475906,"type=mission,x_or_task=1,y_or_landing=1,yaw=0,hex=AA FF 02 02 01 01 AF,reason=normal"
946686475956,"type=xy,x_or_task=1,y_or_landing=0,yaw=0,hex=AA FF 01 06 00 01 00 00 00 00 B1,reason=normal"
946686476006,"type=xy,x_or_task=1,y_or_landing=0,yaw=0,hex=AA FF 01 06 00 01 00 00 00 00 B1,reason=normal"
946686476006,"type=mission,x_or_task=1,y_or_landing=1,yaw=0,hex=AA FF 02 02 01 01 AF,reason=normal"
946686476056,"type=xy,x_or_task=1,y_or_landing=0,yaw=0,hex=AA FF 01 06 00 01 00 00 00 00 B1,reason=normal"
946686476106,"type=xy,x_or_task=1,y_or_landing=0,yaw=0,hex=AA FF 01 06 00 01 00 00 00 00 B1,reason=normal"
946686476106,"type=mission,x_or_task=1,y_or_landing=1,yaw=0,hex=AA FF 02 02 01 01 AF,reason=normal"
946686476156,"type=xy,x_or_task=1,y_or_landing=0,yaw=0,hex=AA FF 01 06 00 01 00 00 00 00 B1,reason=normal"
946686476206,"type=xy,x_or_task=1,y_or_landing=0,yaw=0,hex=AA FF 01 06 00 01 00 00 00 00 B1,reason=normal"
946686476218,"type=mission,x_or_task=1,y_or_landing=1,yaw=0,hex=AA FF 02 02 01 01 AF,reason=normal"
946686476256,"type=xy,x_or_task=1,y_or_landing=0,yaw=0,hex=AA FF 01 06 00 01 00 00 00 00 B1,reason=normal"
946686476306,"type=xy,x_or_task=1,y_or_landing=0,yaw=0,hex=AA FF 01 06 00 01 00 00 00 00 B1,reason=normal"
946686476306,"type=mission,x_or_task=1,y_or_landing=1,yaw=0,hex=AA FF 02 02 01 01 AF,reason=normal"
946686476356,"type=xy,x_or_task=1,y_or_landing=0,yaw=0,hex=AA FF 01 06 00 01 00 00 00 00 B1,reason=normal"
946686476406,"type=xy,x_or_task=1,y_or_landing=0,yaw=0,hex=AA FF 01 06 00 01 00 00 00 00 B1,reason=normal"
946686476418,"type=mission,x_or_task=1,y_or_landing=1,yaw=0,hex=AA FF 02 02 01 01 AF,reason=normal"
946686476456,"type=xy,x_or_task=1,y_or_landing=0,yaw=0,hex=AA FF 01 06 00 01 00 00 00 00 B1,reason=normal"
946686476506,"type=xy,x_or_task=1,y_or_landing=0,yaw=0,hex=AA FF 01 06 00 01 00 00 00 00 B1,reason=normal"
946686476518,"type=mission,x_or_task=1,y_or_landing=1,yaw=0,hex=AA FF 02 02 01 01 AF,reason=normal"
946686476556,"type=xy,x_or_task=1,y_or_landing=0,yaw=0,hex=AA FF 01 06 00 01 00 00 00 00 B1,reason=normal"
946686476606,"type=xy,x_or_task=1,y_or_landing=0,yaw=0,hex=AA FF 01 06 00 01 00 00 00 00 B1,reason=normal"
946686476606,"type=mission,x_or_task=1,y_or_landing=1,yaw=0,hex=AA FF 02 02 01 01 AF,reason=normal"
946686476656,"type=xy,x_or_task=1,y_or_landing=0,yaw=0,hex=AA FF 01 06 00 01 00 00 00 00 B1,reason=normal"
946686476706,"type=xy,x_or_task=1,y_or_landing=0,yaw=0,hex=AA FF 01 06 00 01 00 00 00 00 B1,reason=normal"
946686476706,"type=mission,x_or_task=1,y_or_landing=1,yaw=0,hex=AA FF 02 02 01 01 AF,reason=normal"
946686476756,"type=xy,x_or_task=1,y_or_landing=0,yaw=0,hex=AA FF 01 06 00 01 00 00 00 00 B1,reason=normal"
946686476818,"type=xy,x_or_task=1,y_or_landing=0,yaw=0,hex=AA FF 01 06 00 01 00 00 00 00 B1,reason=normal"
946686476818,"type=mission,x_or_task=1,y_or_landing=1,yaw=0,hex=AA FF 02 02 01 01 AF,reason=normal"
946686476856,"type=xy,x_or_task=1,y_or_landing=0,yaw=0,hex=AA FF 01 06 00 01 00 00 00 00 B1,reason=normal"
946686476906,"type=xy,x_or_task=1,y_or_landing=0,yaw=0,hex=AA FF 01 06 00 01 00 00 00 00 B1,reason=normal"
946686476906,"type=mission,x_or_task=1,y_or_landing=1,yaw=0,hex=AA FF 02 02 01 01 AF,reason=normal"
946686476956,"type=xy,x_or_task=1,y_or_landing=0,yaw=0,hex=AA FF 01 06 00 01 00 00 00 00 B1,reason=normal"
946686477018,"type=xy,x_or_task=1,y_or_landing=0,yaw=0,hex=AA FF 01 06 00 01 00 00 00 00 B1,reason=normal"
946686477018,"type=mission,x_or_task=1,y_or_landing=1,yaw=0,hex=AA FF 02 02 01 01 AF,reason=normal"
946686477056,"type=xy,x_or_task=1,y_or_landing=0,yaw=0,hex=AA FF 01 06 00 01 00 00 00 00 B1,reason=normal"
946686477118,"type=xy,x_or_task=1,y_or_landing=0,yaw=0,hex=AA FF 01 06 00 01 00 00 00 00 B1,reason=normal"
946686477119,"type=mission,x_or_task=1,y_or_landing=1,yaw=0,hex=AA FF 02 02 01 01 AF,reason=normal"
946686477156,"type=xy,x_or_task=1,y_or_landing=0,yaw=0,hex=AA FF 01 06 00 01 00 00 00 00 B1,reason=normal"
946686477206,"type=xy,x_or_task=1,y_or_landing=0,yaw=0,hex=AA FF 01 06 00 01 00 00 00 00 B1,reason=normal"
946686477206,"type=mission,x_or_task=1,y_or_landing=1,yaw=0,hex=AA FF 02 02 01 01 AF,reason=normal"
946686477256,"type=xy,x_or_task=1,y_or_landing=0,yaw=0,hex=AA FF 01 06 00 01 00 00 00 00 B1,reason=normal"
946686477306,"type=xy,x_or_task=1,y_or_landing=0,yaw=0,hex=AA FF 01 06 00 01 00 00 00 00 B1,reason=normal"
946686477306,"type=mission,x_or_task=1,y_or_landing=1,yaw=0,hex=AA FF 02 02 01 01 AF,reason=normal"
946686477356,"type=xy,x_or_task=1,y_or_landing=0,yaw=0,hex=AA FF 01 06 00 01 00 00 00 00 B1,reason=normal"
946686477406,"type=xy,x_or_task=1,y_or_landing=0,yaw=0,hex=AA FF 01 06 00 01 00 00 00 00 B1,reason=normal"
946686477406,"type=mission,x_or_task=1,y_or_landing=1,yaw=0,hex=AA FF 02 02 01 01 AF,reason=normal"
946686477456,"type=xy,x_or_task=1,y_or_landing=0,yaw=0,hex=AA FF 01 06 00 01 00 00 00 00 B1,reason=normal"
946686477506,"type=xy,x_or_task=1,y_or_landing=0,yaw=0,hex=AA FF 01 06 00 01 00 00 00 00 B1,reason=normal"
946686477506,"type=mission,x_or_task=1,y_or_landing=1,yaw=0,hex=AA FF 02 02 01 01 AF,reason=normal"
946686477556,"type=xy,x_or_task=1,y_or_landing=0,yaw=0,hex=AA FF 01 06 00 01 00 00 00 00 B1,reason=normal"
946686477606,"type=xy,x_or_task=1,y_or_landing=0,yaw=0,hex=AA FF 01 06 00 01 00 00 00 00 B1,reason=normal"
946686477616,"type=mission,x_or_task=1,y_or_landing=1,yaw=0,hex=AA FF 02 02 01 01 AF,reason=normal"
946686477656,"type=xy,x_or_task=1,y_or_landing=0,yaw=0,hex=AA FF 01 06 00 01 00 00 00 00 B1,reason=normal"
946686477706,"type=xy,x_or_task=1,y_or_landing=0,yaw=0,hex=AA FF 01 06 00 01 00 00 00 00 B1,reason=normal"
946686477706,"type=mission,x_or_task=1,y_or_landing=1,yaw=0,hex=AA FF 02 02 01 01 AF,reason=normal"
946686477756,"type=xy,x_or_task=1,y_or_landing=0,yaw=0,hex=AA FF 01 06 00 01 00 00 00 00 B1,reason=normal"
946686477818,"type=xy,x_or_task=1,y_or_landing=0,yaw=0,hex=AA FF 01 06 00 01 00 00 00 00 B1,reason=normal"
946686477818,"type=mission,x_or_task=1,y_or_landing=1,yaw=0,hex=AA FF 02 02 01 01 AF,reason=normal"
946686477856,"type=xy,x_or_task=1,y_or_landing=0,yaw=0,hex=AA FF 01 06 00 01 00 00 00 00 B1,reason=normal"
946686477906,"type=xy,x_or_task=1,y_or_landing=0,yaw=0,hex=AA FF 01 06 00 01 00 00 00 00 B1,reason=normal"
946686477906,"type=mission,x_or_task=1,y_or_landing=1,yaw=0,hex=AA FF 02 02 01 01 AF,reason=normal"
946686477956,"type=xy,x_or_task=1,y_or_landing=0,yaw=0,hex=AA FF 01 06 00 01 00 00 00 00 B1,reason=normal"
946686478018,"type=xy,x_or_task=1,y_or_landing=0,yaw=0,hex=AA FF 01 06 00 01 00 00 00 00 B1,reason=normal"
946686478018,"type=mission,x_or_task=1,y_or_landing=1,yaw=0,hex=AA FF 02 02 01 01 AF,reason=normal"
946686478056,"type=xy,x_or_task=1,y_or_landing=0,yaw=0,hex=AA FF 01 06 00 01 00 00 00 00 B1,reason=normal"
946686478106,"type=xy,x_or_task=1,y_or_landing=0,yaw=0,hex=AA FF 01 06 00 01 00 00 00 00 B1,reason=normal"
946686478106,"type=mission,x_or_task=1,y_or_landing=1,yaw=0,hex=AA FF 02 02 01 01 AF,reason=normal"
946686478156,"type=xy,x_or_task=1,y_or_landing=0,yaw=0,hex=AA FF 01 06 00 01 00 00 00 00 B1,reason=normal"
946686478218,"type=xy,x_or_task=1,y_or_landing=0,yaw=0,hex=AA FF 01 06 00 01 00 00 00 00 B1,reason=normal"
946686478219,"type=mission,x_or_task=1,y_or_landing=1,yaw=0,hex=AA FF 02 02 01 01 AF,reason=normal"
946686478256,"type=xy,x_or_task=1,y_or_landing=0,yaw=0,hex=AA FF 01 06 00 01 00 00 00 00 B1,reason=normal"
946686478306,"type=xy,x_or_task=1,y_or_landing=0,yaw=0,hex=AA FF 01 06 00 01 00 00 00 00 B1,reason=normal"
946686478306,"type=mission,x_or_task=1,y_or_landing=1,yaw=0,hex=AA FF 02 02 01 01 AF,reason=normal"
946686478356,"type=xy,x_or_task=1,y_or_landing=0,yaw=0,hex=AA FF 01 06 00 01 00 00 00 00 B1,reason=normal"
946686478406,"type=xy,x_or_task=1,y_or_landing=0,yaw=0,hex=AA FF 01 06 00 01 00 00 00 00 B1,reason=normal"
946686478406,"type=mission,x_or_task=1,y_or_landing=1,yaw=0,hex=AA FF 02 02 01 01 AF,reason=normal"
946686478456,"type=xy,x_or_task=1,y_or_landing=0,yaw=0,hex=AA FF 01 06 00 01 00 00 00 00 B1,reason=normal"
946686478506,"type=xy,x_or_task=1,y_or_landing=0,yaw=0,hex=AA FF 01 06 00 01 00 00 00 00 B1,reason=normal"
946686478506,"type=mission,x_or_task=1,y_or_landing=1,yaw=0,hex=AA FF 02 02 01 01 AF,reason=normal"
946686478556,"type=xy,x_or_task=1,y_or_landing=0,yaw=0,hex=AA FF 01 06 00 01 00 00 00 00 B1,reason=normal"
946686478606,"type=xy,x_or_task=1,y_or_landing=0,yaw=0,hex=AA FF 01 06 00 01 00 00 00 00 B1,reason=normal"
946686478618,"type=mission,x_or_task=1,y_or_landing=1,yaw=0,hex=AA FF 02 02 01 01 AF,reason=normal"
946686478656,"type=xy,x_or_task=1,y_or_landing=0,yaw=0,hex=AA FF 01 06 00 01 00 00 00 00 B1,reason=normal"
946686478706,"type=xy,x_or_task=1,y_or_landing=0,yaw=0,hex=AA FF 01 06 00 01 00 00 00 00 B1,reason=normal"
946686478706,"type=mission,x_or_task=1,y_or_landing=1,yaw=0,hex=AA FF 02 02 01 01 AF,reason=normal"
946686478756,"type=xy,x_or_task=1,y_or_landing=0,yaw=0,hex=AA FF 01 06 00 01 00 00 00 00 B1,reason=normal"
946686478806,"type=xy,x_or_task=1,y_or_landing=0,yaw=0,hex=AA FF 01 06 00 01 00 00 00 00 B1,reason=normal"
946686478816,"type=mission,x_or_task=1,y_or_landing=1,yaw=0,hex=AA FF 02 02 01 01 AF,reason=normal"
946686478856,"type=xy,x_or_task=1,y_or_landing=0,yaw=0,hex=AA FF 01 06 00 01 00 00 00 00 B1,reason=normal"
946686478906,"type=xy,x_or_task=1,y_or_landing=0,yaw=0,hex=AA FF 01 06 00 01 00 00 00 00 B1,reason=normal"
946686478906,"type=mission,x_or_task=1,y_or_landing=1,yaw=0,hex=AA FF 02 02 01 01 AF,reason=normal"
946686478956,"type=xy,x_or_task=1,y_or_landing=0,yaw=0,hex=AA FF 01 06 00 01 00 00 00 00 B1,reason=normal"
946686479006,"type=xy,x_or_task=1,y_or_landing=0,yaw=0,hex=AA FF 01 06 00 01 00 00 00 00 B1,reason=normal"
946686479006,"type=mission,x_or_task=1,y_or_landing=1,yaw=0,hex=AA FF 02 02 01 01 AF,reason=normal"
946686479056,"type=xy,x_or_task=1,y_or_landing=0,yaw=0,hex=AA FF 01 06 00 01 00 00 00 00 B1,reason=normal"
946686479106,"type=xy,x_or_task=1,y_or_landing=0,yaw=0,hex=AA FF 01 06 00 01 00 00 00 00 B1,reason=normal"
946686479106,"type=mission,x_or_task=1,y_or_landing=1,yaw=0,hex=AA FF 02 02 01 01 AF,reason=normal"
946686479156,"type=xy,x_or_task=1,y_or_landing=0,yaw=0,hex=AA FF 01 06 00 01 00 00 00 00 B1,reason=normal"
946686479218,"type=xy,x_or_task=1,y_or_landing=0,yaw=0,hex=AA FF 01 06 00 01 00 00 00 00 B1,reason=normal"
946686479218,"type=mission,x_or_task=1,y_or_landing=1,yaw=0,hex=AA FF 02 02 01 01 AF,reason=normal"
946686479256,"type=xy,x_or_task=1,y_or_landing=0,yaw=0,hex=AA FF 01 06 00 01 00 00 00 00 B1,reason=normal"
946686479319,"type=xy,x_or_task=1,y_or_landing=0,yaw=0,hex=AA FF 01 06 00 01 00 00 00 00 B1,reason=normal"
946686479320,"type=mission,x_or_task=1,y_or_landing=1,yaw=0,hex=AA FF 02 02 01 01 AF,reason=normal"
946686479356,"type=xy,x_or_task=1,y_or_landing=0,yaw=0,hex=AA FF 01 06 00 01 00 00 00 00 B1,reason=normal"
946686479406,"type=xy,x_or_task=1,y_or_landing=0,yaw=0,hex=AA FF 01 06 00 01 00 00 00 00 B1,reason=normal"
946686479406,"type=mission,x_or_task=1,y_or_landing=1,yaw=0,hex=AA FF 02 02 01 01 AF,reason=normal"
946686479456,"type=xy,x_or_task=1,y_or_landing=0,yaw=0,hex=AA FF 01 06 00 01 00 00 00 00 B1,reason=normal"
946686479506,"type=xy,x_or_task=1,y_or_landing=0,yaw=0,hex=AA FF 01 06 00 01 00 00 00 00 B1,reason=normal"
946686479506,"type=mission,x_or_task=1,y_or_landing=1,yaw=0,hex=AA FF 02 02 01 01 AF,reason=normal"
946686479556,"type=xy,x_or_task=1,y_or_landing=0,yaw=0,hex=AA FF 01 06 00 01 00 00 00 00 B1,reason=normal"
946686479606,"type=xy,x_or_task=1,y_or_landing=0,yaw=0,hex=AA FF 01 06 00 01 00 00 00 00 B1,reason=normal"
946686479606,"type=mission,x_or_task=1,y_or_landing=1,yaw=0,hex=AA FF 02 02 01 01 AF,reason=normal"
946686479656,"type=xy,x_or_task=1,y_or_landing=0,yaw=0,hex=AA FF 01 06 00 01 00 00 00 00 B1,reason=normal"
946686479706,"type=xy,x_or_task=1,y_or_landing=0,yaw=0,hex=AA FF 01 06 00 01 00 00 00 00 B1,reason=normal"
946686479706,"type=mission,x_or_task=1,y_or_landing=1,yaw=0,hex=AA FF 02 02 01 01 AF,reason=normal"
946686479756,"type=xy,x_or_task=1,y_or_landing=0,yaw=0,hex=AA FF 01 06 00 01 00 00 00 00 B1,reason=normal"
946686479817,"type=xy,x_or_task=1,y_or_landing=0,yaw=0,hex=AA FF 01 06 00 01 00 00 00 00 B1,reason=normal"
946686479817,"type=mission,x_or_task=1,y_or_landing=1,yaw=0,hex=AA FF 02 02 01 01 AF,reason=normal"
946686479856,"type=xy,x_or_task=1,y_or_landing=0,yaw=0,hex=AA FF 01 06 00 01 00 00 00 00 B1,reason=normal"
946686479906,"type=xy,x_or_task=1,y_or_landing=0,yaw=0,hex=AA FF 01 06 00 01 00 00 00 00 B1,reason=normal"
946686479906,"type=mission,x_or_task=1,y_or_landing=1,yaw=0,hex=AA FF 02 02 01 01 AF,reason=normal"
946686479956,"type=xy,x_or_task=1,y_or_landing=0,yaw=0,hex=AA FF 01 06 00 01 00 00 00 00 B1,reason=normal"
946686480006,"type=xy,x_or_task=1,y_or_landing=0,yaw=0,hex=AA FF 01 06 00 01 00 00 00 00 B1,reason=normal"
946686480018,"type=mission,x_or_task=1,y_or_landing=1,yaw=0,hex=AA FF 02 02 01 01 AF,reason=normal"
946686480056,"type=xy,x_or_task=1,y_or_landing=0,yaw=0,hex=AA FF 01 06 00 01 00 00 00 00 B1,reason=normal"
946686480106,"type=xy,x_or_task=1,y_or_landing=0,yaw=0,hex=AA FF 01 06 00 01 00 00 00 00 B1,reason=normal"
946686480106,"type=mission,x_or_task=1,y_or_landing=1,yaw=0,hex=AA FF 02 02 01 01 AF,reason=normal"
946686480156,"type=xy,x_or_task=1,y_or_landing=0,yaw=0,hex=AA FF 01 06 00 01 00 00 00 00 B1,reason=normal"
946686480218,"type=xy,x_or_task=1,y_or_landing=0,yaw=0,hex=AA FF 01 06 00 01 00 00 00 00 B1,reason=normal"
946686480218,"type=mission,x_or_task=1,y_or_landing=1,yaw=0,hex=AA FF 02 02 01 01 AF,reason=normal"
946686480256,"type=xy,x_or_task=1,y_or_landing=0,yaw=0,hex=AA FF 01 06 00 01 00 00 00 00 B1,reason=normal"
946686480306,"type=xy,x_or_task=1,y_or_landing=0,yaw=0,hex=AA FF 01 06 00 01 00 00 00 00 B1,reason=normal"
946686480318,"type=mission,x_or_task=1,y_or_landing=1,yaw=0,hex=AA FF 02 02 01 01 AF,reason=normal"
946686480356,"type=xy,x_or_task=1,y_or_landing=0,yaw=0,hex=AA FF 01 06 00 01 00 00 00 00 B1,reason=normal"
946686480406,"type=xy,x_or_task=1,y_or_landing=0,yaw=0,hex=AA FF 01 06 00 01 00 00 00 00 B1,reason=normal"
946686480406,"type=mission,x_or_task=1,y_or_landing=1,yaw=0,hex=AA FF 02 02 01 01 AF,reason=normal"
946686480456,"type=xy,x_or_task=1,y_or_landing=0,yaw=0,hex=AA FF 01 06 00 01 00 00 00 00 B1,reason=normal"
946686480506,"type=xy,x_or_task=1,y_or_landing=0,yaw=0,hex=AA FF 01 06 00 01 00 00 00 00 B1,reason=normal"
946686480516,"type=mission,x_or_task=1,y_or_landing=1,yaw=0,hex=AA FF 02 02 01 01 AF,reason=normal"
946686480556,"type=xy,x_or_task=1,y_or_landing=0,yaw=0,hex=AA FF 01 06 00 01 00 00 00 00 B1,reason=normal"
946686480606,"type=xy,x_or_task=1,y_or_landing=0,yaw=0,hex=AA FF 01 06 00 01 00 00 00 00 B1,reason=normal"
946686480606,"type=mission,x_or_task=1,y_or_landing=1,yaw=0,hex=AA FF 02 02 01 01 AF,reason=normal"
946686480656,"type=xy,x_or_task=1,y_or_landing=0,yaw=0,hex=AA FF 01 06 00 01 00 00 00 00 B1,reason=normal"
946686480706,"type=xy,x_or_task=1,y_or_landing=0,yaw=0,hex=AA FF 01 06 00 01 00 00 00 00 B1,reason=normal"
946686480706,"type=mission,x_or_task=1,y_or_landing=1,yaw=0,hex=AA FF 02 02 01 01 AF,reason=normal"
946686480756,"type=xy,x_or_task=1,y_or_landing=0,yaw=0,hex=AA FF 01 06 00 01 00 00 00 00 B1,reason=normal"
946686480806,"type=xy,x_or_task=1,y_or_landing=0,yaw=0,hex=AA FF 01 06 00 01 00 00 00 00 B1,reason=normal"
946686480806,"type=mission,x_or_task=1,y_or_landing=1,yaw=0,hex=AA FF 02 02 01 01 AF,reason=normal"
946686480856,"type=xy,x_or_task=1,y_or_landing=0,yaw=0,hex=AA FF 01 06 00 01 00 00 00 00 B1,reason=normal"
946686480906,"type=xy,x_or_task=1,y_or_landing=0,yaw=0,hex=AA FF 01 06 00 01 00 00 00 00 B1,reason=normal"
946686480918,"type=mission,x_or_task=1,y_or_landing=1,yaw=0,hex=AA FF 02 02 01 01 AF,reason=normal"
946686480956,"type=xy,x_or_task=1,y_or_landing=0,yaw=0,hex=AA FF 01 06 00 01 00 00 00 00 B1,reason=normal"
946686481006,"type=xy,x_or_task=1,y_or_landing=0,yaw=0,hex=AA FF 01 06 00 01 00 00 00 00 B1,reason=normal"
946686481006,"type=mission,x_or_task=1,y_or_landing=1,yaw=0,hex=AA FF 02 02 01 01 AF,reason=normal"
946686481056,"type=xy,x_or_task=1,y_or_landing=0,yaw=0,hex=AA FF 01 06 00 01 00 00 00 00 B1,reason=normal"
946686481106,"type=xy,x_or_task=1,y_or_landing=0,yaw=0,hex=AA FF 01 06 00 01 00 00 00 00 B1,reason=normal"
946686481106,"type=mission,x_or_task=1,y_or_landing=1,yaw=0,hex=AA FF 02 02 01 01 AF,reason=normal"
946686481156,"type=xy,x_or_task=1,y_or_landing=0,yaw=0,hex=AA FF 01 06 00 01 00 00 00 00 B1,reason=normal"
946686481206,"type=xy,x_or_task=1,y_or_landing=0,yaw=0,hex=AA FF 01 06 00 01 00 00 00 00 B1,reason=normal"
946686481206,"type=mission,x_or_task=1,y_or_landing=1,yaw=0,hex=AA FF 02 02 01 01 AF,reason=normal"
946686481256,"type=xy,x_or_task=1,y_or_landing=0,yaw=0,hex=AA FF 01 06 00 01 00 00 00 00 B1,reason=normal"
946686481306,"type=xy,x_or_task=1,y_or_landing=0,yaw=0,hex=AA FF 01 06 00 01 00 00 00 00 B1,reason=normal"
946686481306,"type=mission,x_or_task=1,y_or_landing=1,yaw=0,hex=AA FF 02 02 01 01 AF,reason=normal"
946686481356,"type=xy,x_or_task=1,y_or_landing=0,yaw=0,hex=AA FF 01 06 00 01 00 00 00 00 B1,reason=normal"
946686481406,"type=xy,x_or_task=1,y_or_landing=0,yaw=0,hex=AA FF 01 06 00 01 00 00 00 00 B1,reason=normal"
946686481406,"type=mission,x_or_task=1,y_or_landing=1,yaw=0,hex=AA FF 02 02 01 01 AF,reason=normal"
946686481456,"type=xy,x_or_task=1,y_or_landing=0,yaw=0,hex=AA FF 01 06 00 01 00 00 00 00 B1,reason=normal"
946686481506,"type=xy,x_or_task=1,y_or_landing=0,yaw=0,hex=AA FF 01 06 00 01 00 00 00 00 B1,reason=normal"
946686481506,"type=mission,x_or_task=1,y_or_landing=1,yaw=0,hex=AA FF 02 02 01 01 AF,reason=normal"
946686481556,"type=xy,x_or_task=1,y_or_landing=0,yaw=0,hex=AA FF 01 06 00 01 00 00 00 00 B1,reason=normal"
946686481606,"type=xy,x_or_task=1,y_or_landing=0,yaw=0,hex=AA FF 01 06 00 01 00 00 00 00 B1,reason=normal"
946686481618,"type=mission,x_or_task=1,y_or_landing=1,yaw=0,hex=AA FF 02 02 01 01 AF,reason=normal"
946686481656,"type=xy,x_or_task=1,y_or_landing=0,yaw=0,hex=AA FF 01 06 00 01 00 00 00 00 B1,reason=normal"
946686481706,"type=xy,x_or_task=1,y_or_landing=0,yaw=0,hex=AA FF 01 06 00 01 00 00 00 00 B1,reason=normal"
946686481706,"type=mission,x_or_task=1,y_or_landing=1,yaw=0,hex=AA FF 02 02 01 01 AF,reason=normal"
946686481756,"type=xy,x_or_task=1,y_or_landing=0,yaw=0,hex=AA FF 01 06 00 01 00 00 00 00 B1,reason=normal"
946686481806,"type=xy,x_or_task=1,y_or_landing=0,yaw=0,hex=AA FF 01 06 00 01 00 00 00 00 B1,reason=normal"
946686481806,"type=mission,x_or_task=1,y_or_landing=1,yaw=0,hex=AA FF 02 02 01 01 AF,reason=normal"
946686481856,"type=xy,x_or_task=1,y_or_landing=0,yaw=0,hex=AA FF 01 06 00 01 00 00 00 00 B1,reason=normal"
946686481906,"type=xy,x_or_task=1,y_or_landing=0,yaw=0,hex=AA FF 01 06 00 01 00 00 00 00 B1,reason=normal"
946686481906,"type=mission,x_or_task=1,y_or_landing=1,yaw=0,hex=AA FF 02 02 01 01 AF,reason=normal"
946686481956,"type=xy,x_or_task=1,y_or_landing=0,yaw=0,hex=AA FF 01 06 00 01 00 00 00 00 B1,reason=normal"
946686482006,"type=xy,x_or_task=1,y_or_landing=0,yaw=0,hex=AA FF 01 06 00 01 00 00 00 00 B1,reason=normal"
946686482006,"type=mission,x_or_task=1,y_or_landing=1,yaw=0,hex=AA FF 02 02 01 01 AF,reason=normal"
946686482056,"type=xy,x_or_task=1,y_or_landing=0,yaw=0,hex=AA FF 01 06 00 01 00 00 00 00 B1,reason=normal"
946686482106,"type=xy,x_or_task=1,y_or_landing=0,yaw=0,hex=AA FF 01 06 00 01 00 00 00 00 B1,reason=normal"
946686482106,"type=mission,x_or_task=1,y_or_landing=1,yaw=0,hex=AA FF 02 02 01 01 AF,reason=normal"
946686482156,"type=xy,x_or_task=1,y_or_landing=0,yaw=0,hex=AA FF 01 06 00 01 00 00 00 00 B1,reason=normal"
946686482218,"type=xy,x_or_task=1,y_or_landing=0,yaw=0,hex=AA FF 01 06 00 01 00 00 00 00 B1,reason=normal"
946686482218,"type=mission,x_or_task=1,y_or_landing=1,yaw=0,hex=AA FF 02 02 01 01 AF,reason=normal"
946686482256,"type=xy,x_or_task=1,y_or_landing=0,yaw=0,hex=AA FF 01 06 00 01 00 00 00 00 B1,reason=normal"
946686482306,"type=xy,x_or_task=1,y_or_landing=0,yaw=0,hex=AA FF 01 06 00 01 00 00 00 00 B1,reason=normal"
946686482306,"type=mission,x_or_task=1,y_or_landing=1,yaw=0,hex=AA FF 02 02 01 01 AF,reason=normal"
946686482356,"type=xy,x_or_task=1,y_or_landing=0,yaw=0,hex=AA FF 01 06 00 01 00 00 00 00 B1,reason=normal"
946686482406,"type=xy,x_or_task=1,y_or_landing=0,yaw=0,hex=AA FF 01 06 00 01 00 00 00 00 B1,reason=normal"
946686482406,"type=mission,x_or_task=1,y_or_landing=1,yaw=0,hex=AA FF 02 02 01 01 AF,reason=normal"
946686482456,"type=xy,x_or_task=1,y_or_landing=0,yaw=0,hex=AA FF 01 06 00 01 00 00 00 00 B1,reason=normal"
946686482506,"type=xy,x_or_task=1,y_or_landing=0,yaw=0,hex=AA FF 01 06 00 01 00 00 00 00 B1,reason=normal"
946686482518,"type=mission,x_or_task=1,y_or_landing=1,yaw=0,hex=AA FF 02 02 01 01 AF,reason=normal"
946686482556,"type=xy,x_or_task=1,y_or_landing=0,yaw=0,hex=AA FF 01 06 00 01 00 00 00 00 B1,reason=normal"
946686482606,"type=xy,x_or_task=1,y_or_landing=0,yaw=0,hex=AA FF 01 06 00 01 00 00 00 00 B1,reason=normal"
946686482606,"type=mission,x_or_task=1,y_or_landing=1,yaw=0,hex=AA FF 02 02 01 01 AF,reason=normal"
946686482656,"type=xy,x_or_task=1,y_or_landing=0,yaw=0,hex=AA FF 01 06 00 01 00 00 00 00 B1,reason=normal"
946686482706,"type=xy,x_or_task=1,y_or_landing=0,yaw=0,hex=AA FF 01 06 00 01 00 00 00 00 B1,reason=normal"
946686482717,"type=mission,x_or_task=1,y_or_landing=1,yaw=0,hex=AA FF 02 02 01 01 AF,reason=normal"
946686482756,"type=xy,x_or_task=1,y_or_landing=0,yaw=0,hex=AA FF 01 06 00 01 00 00 00 00 B1,reason=normal"
946686482806,"type=xy,x_or_task=1,y_or_landing=0,yaw=0,hex=AA FF 01 06 00 01 00 00 00 00 B1,reason=normal"
946686482820,"type=mission,x_or_task=1,y_or_landing=1,yaw=0,hex=AA FF 02 02 01 01 AF,reason=normal"
946686482856,"type=xy,x_or_task=1,y_or_landing=0,yaw=0,hex=AA FF 01 06 00 01 00 00 00 00 B1,reason=normal"
946686482906,"type=xy,x_or_task=1,y_or_landing=0,yaw=0,hex=AA FF 01 06 00 01 00 00 00 00 B1,reason=normal"
946686482906,"type=mission,x_or_task=1,y_or_landing=1,yaw=0,hex=AA FF 02 02 01 01 AF,reason=normal"
946686482956,"type=xy,x_or_task=1,y_or_landing=0,yaw=0,hex=AA FF 01 06 00 01 00 00 00 00 B1,reason=normal"
946686483006,"type=xy,x_or_task=1,y_or_landing=0,yaw=0,hex=AA FF 01 06 00 01 00 00 00 00 B1,reason=normal"
946686483006,"type=mission,x_or_task=1,y_or_landing=1,yaw=0,hex=AA FF 02 02 01 01 AF,reason=normal"
946686483056,"type=xy,x_or_task=1,y_or_landing=0,yaw=0,hex=AA FF 01 06 00 01 00 00 00 00 B1,reason=normal"
946686483118,"type=xy,x_or_task=1,y_or_landing=0,yaw=0,hex=AA FF 01 06 00 01 00 00 00 00 B1,reason=normal"
946686483118,"type=mission,x_or_task=1,y_or_landing=1,yaw=0,hex=AA FF 02 02 01 01 AF,reason=normal"
946686483156,"type=xy,x_or_task=1,y_or_landing=0,yaw=0,hex=AA FF 01 06 00 01 00 00 00 00 B1,reason=normal"
946686483206,"type=xy,x_or_task=1,y_or_landing=0,yaw=0,hex=AA FF 01 06 00 01 00 00 00 00 B1,reason=normal"
946686483206,"type=mission,x_or_task=1,y_or_landing=1,yaw=0,hex=AA FF 02 02 01 01 AF,reason=normal"
946686483256,"type=xy,x_or_task=1,y_or_landing=0,yaw=0,hex=AA FF 01 06 00 01 00 00 00 00 B1,reason=normal"
946686483306,"type=xy,x_or_task=1,y_or_landing=0,yaw=0,hex=AA FF 01 06 00 01 00 00 00 00 B1,reason=normal"
946686483306,"type=mission,x_or_task=1,y_or_landing=1,yaw=0,hex=AA FF 02 02 01 01 AF,reason=normal"
946686483356,"type=xy,x_or_task=1,y_or_landing=0,yaw=0,hex=AA FF 01 06 00 01 00 00 00 00 B1,reason=normal"
946686483418,"type=xy,x_or_task=1,y_or_landing=0,yaw=0,hex=AA FF 01 06 00 01 00 00 00 00 B1,reason=normal"
946686483418,"type=mission,x_or_task=1,y_or_landing=1,yaw=0,hex=AA FF 02 02 01 01 AF,reason=normal"
946686483456,"type=xy,x_or_task=1,y_or_landing=0,yaw=0,hex=AA FF 01 06 00 01 00 00 00 00 B1,reason=normal"
946686483506,"type=xy,x_or_task=1,y_or_landing=0,yaw=0,hex=AA FF 01 06 00 01 00 00 00 00 B1,reason=normal"
946686483506,"type=mission,x_or_task=1,y_or_landing=1,yaw=0,hex=AA FF 02 02 01 01 AF,reason=normal"
946686483556,"type=xy,x_or_task=1,y_or_landing=0,yaw=0,hex=AA FF 01 06 00 01 00 00 00 00 B1,reason=normal"
946686483606,"type=xy,x_or_task=1,y_or_landing=0,yaw=0,hex=AA FF 01 06 00 01 00 00 00 00 B1,reason=normal"
946686483606,"type=mission,x_or_task=1,y_or_landing=1,yaw=0,hex=AA FF 02 02 01 01 AF,reason=normal"
946686483656,"type=xy,x_or_task=1,y_or_landing=0,yaw=0,hex=AA FF 01 06 00 01 00 00 00 00 B1,reason=normal"
946686483706,"type=xy,x_or_task=1,y_or_landing=0,yaw=0,hex=AA FF 01 06 00 01 00 00 00 00 B1,reason=normal"
946686483706,"type=mission,x_or_task=1,y_or_landing=1,yaw=0,hex=AA FF 02 02 01 01 AF,reason=normal"
946686483756,"type=xy,x_or_task=1,y_or_landing=0,yaw=0,hex=AA FF 01 06 00 01 00 00 00 00 B1,reason=normal"
946686483815,"type=xy,x_or_task=1,y_or_landing=0,yaw=0,hex=AA FF 01 06 00 01 00 00 00 00 B1,reason=normal"
946686483815,"type=mission,x_or_task=1,y_or_landing=1,yaw=0,hex=AA FF 02 02 01 01 AF,reason=normal"
946686483856,"type=xy,x_or_task=1,y_or_landing=0,yaw=0,hex=AA FF 01 06 00 01 00 00 00 00 B1,reason=normal"
946686483906,"type=xy,x_or_task=1,y_or_landing=0,yaw=0,hex=AA FF 01 06 00 01 00 00 00 00 B1,reason=normal"
946686483906,"type=mission,x_or_task=1,y_or_landing=1,yaw=0,hex=AA FF 02 02 01 01 AF,reason=normal"
946686483956,"type=xy,x_or_task=1,y_or_landing=0,yaw=0,hex=AA FF 01 06 00 01 00 00 00 00 B1,reason=normal"
946686484006,"type=xy,x_or_task=1,y_or_landing=0,yaw=0,hex=AA FF 01 06 00 01 00 00 00 00 B1,reason=normal"
946686484006,"type=mission,x_or_task=1,y_or_landing=1,yaw=0,hex=AA FF 02 02 01 01 AF,reason=normal"
946686484056,"type=xy,x_or_task=1,y_or_landing=0,yaw=0,hex=AA FF 01 06 00 01 00 00 00 00 B1,reason=normal"
946686484115,"type=xy,x_or_task=1,y_or_landing=0,yaw=0,hex=AA FF 01 06 00 01 00 00 00 00 B1,reason=normal"
946686484116,"type=mission,x_or_task=1,y_or_landing=1,yaw=0,hex=AA FF 02 02 01 01 AF,reason=normal"
946686484156,"type=xy,x_or_task=1,y_or_landing=0,yaw=0,hex=AA FF 01 06 00 01 00 00 00 00 B1,reason=normal"
946686484206,"type=xy,x_or_task=1,y_or_landing=0,yaw=0,hex=AA FF 01 06 00 01 00 00 00 00 B1,reason=normal"
946686484206,"type=mission,x_or_task=1,y_or_landing=1,yaw=0,hex=AA FF 02 02 01 01 AF,reason=normal"
946686484256,"type=xy,x_or_task=1,y_or_landing=0,yaw=0,hex=AA FF 01 06 00 01 00 00 00 00 B1,reason=normal"
946686484316,"type=xy,x_or_task=1,y_or_landing=0,yaw=0,hex=AA FF 01 06 00 01 00 00 00 00 B1,reason=normal"
946686484316,"type=mission,x_or_task=1,y_or_landing=1,yaw=0,hex=AA FF 02 02 01 01 AF,reason=normal"
946686484356,"type=xy,x_or_task=1,y_or_landing=0,yaw=0,hex=AA FF 01 06 00 01 00 00 00 00 B1,reason=normal"
946686484406,"type=xy,x_or_task=1,y_or_landing=0,yaw=0,hex=AA FF 01 06 00 01 00 00 00 00 B1,reason=normal"
946686484418,"type=mission,x_or_task=1,y_or_landing=1,yaw=0,hex=AA FF 02 02 01 01 AF,reason=normal"
946686484456,"type=xy,x_or_task=1,y_or_landing=0,yaw=0,hex=AA FF 01 06 00 01 00 00 00 00 B1,reason=normal"
946686484506,"type=xy,x_or_task=1,y_or_landing=0,yaw=0,hex=AA FF 01 06 00 01 00 00 00 00 B1,reason=normal"
946686484506,"type=mission,x_or_task=1,y_or_landing=1,yaw=0,hex=AA FF 02 02 01 01 AF,reason=normal"
946686484556,"type=xy,x_or_task=1,y_or_landing=0,yaw=0,hex=AA FF 01 06 00 01 00 00 00 00 B1,reason=normal"
946686484606,"type=xy,x_or_task=1,y_or_landing=0,yaw=0,hex=AA FF 01 06 00 01 00 00 00 00 B1,reason=normal"
946686484606,"type=mission,x_or_task=1,y_or_landing=1,yaw=0,hex=AA FF 02 02 01 01 AF,reason=normal"
946686484656,"type=xy,x_or_task=1,y_or_landing=0,yaw=0,hex=AA FF 01 06 00 01 00 00 00 00 B1,reason=normal"
946686484717,"type=xy,x_or_task=1,y_or_landing=0,yaw=0,hex=AA FF 01 06 00 01 00 00 00 00 B1,reason=normal"
946686484717,"type=mission,x_or_task=1,y_or_landing=1,yaw=0,hex=AA FF 02 02 01 01 AF,reason=normal"
946686484756,"type=xy,x_or_task=1,y_or_landing=0,yaw=0,hex=AA FF 01 06 00 01 00 00 00 00 B1,reason=normal"
946686484806,"type=xy,x_or_task=1,y_or_landing=0,yaw=0,hex=AA FF 01 06 00 01 00 00 00 00 B1,reason=normal"
946686484806,"type=mission,x_or_task=1,y_or_landing=1,yaw=0,hex=AA FF 02 02 01 01 AF,reason=normal"
946686484856,"type=xy,x_or_task=1,y_or_landing=0,yaw=0,hex=AA FF 01 06 00 01 00 00 00 00 B1,reason=normal"
946686484906,"type=xy,x_or_task=1,y_or_landing=0,yaw=0,hex=AA FF 01 06 00 01 00 00 00 00 B1,reason=normal"
946686484906,"type=mission,x_or_task=1,y_or_landing=1,yaw=0,hex=AA FF 02 02 01 01 AF,reason=normal"
946686484956,"type=xy,x_or_task=1,y_or_landing=0,yaw=0,hex=AA FF 01 06 00 01 00 00 00 00 B1,reason=normal"
946686485006,"type=xy,x_or_task=1,y_or_landing=0,yaw=0,hex=AA FF 01 06 00 01 00 00 00 00 B1,reason=normal"
946686485018,"type=mission,x_or_task=1,y_or_landing=1,yaw=0,hex=AA FF 02 02 01 01 AF,reason=normal"
946686485056,"type=xy,x_or_task=1,y_or_landing=0,yaw=0,hex=AA FF 01 06 00 01 00 00 00 00 B1,reason=normal"
946686485106,"type=xy,x_or_task=1,y_or_landing=0,yaw=0,hex=AA FF 01 06 00 01 00 00 00 00 B1,reason=normal"
946686485106,"type=mission,x_or_task=1,y_or_landing=1,yaw=0,hex=AA FF 02 02 01 01 AF,reason=normal"
946686485156,"type=xy,x_or_task=1,y_or_landing=0,yaw=0,hex=AA FF 01 06 00 01 00 00 00 00 B1,reason=normal"
946686485206,"type=xy,x_or_task=1,y_or_landing=0,yaw=0,hex=AA FF 01 06 00 01 00 00 00 00 B1,reason=normal"
946686485218,"type=mission,x_or_task=1,y_or_landing=1,yaw=0,hex=AA FF 02 02 01 01 AF,reason=normal"
946686485256,"type=xy,x_or_task=1,y_or_landing=0,yaw=0,hex=AA FF 01 06 00 01 00 00 00 00 B1,reason=normal"
946686485318,"type=xy,x_or_task=1,y_or_landing=0,yaw=0,hex=AA FF 01 06 00 01 00 00 00 00 B1,reason=normal"
946686485318,"type=mission,x_or_task=1,y_or_landing=1,yaw=0,hex=AA FF 02 02 01 01 AF,reason=normal"
946686485356,"type=xy,x_or_task=1,y_or_landing=0,yaw=0,hex=AA FF 01 06 00 01 00 00 00 00 B1,reason=normal"
946686485406,"type=xy,x_or_task=1,y_or_landing=0,yaw=0,hex=AA FF 01 06 00 01 00 00 00 00 B1,reason=normal"
946686485406,"type=mission,x_or_task=1,y_or_landing=1,yaw=0,hex=AA FF 02 02 01 01 AF,reason=normal"
946686485456,"type=xy,x_or_task=1,y_or_landing=0,yaw=0,hex=AA FF 01 06 00 01 00 00 00 00 B1,reason=normal"
946686485506,"type=xy,x_or_task=1,y_or_landing=0,yaw=0,hex=AA FF 01 06 00 01 00 00 00 00 B1,reason=normal"
946686485506,"type=mission,x_or_task=1,y_or_landing=1,yaw=0,hex=AA FF 02 02 01 01 AF,reason=normal"
946686485556,"type=xy,x_or_task=1,y_or_landing=0,yaw=0,hex=AA FF 01 06 00 01 00 00 00 00 B1,reason=normal"
946686485617,"type=xy,x_or_task=1,y_or_landing=0,yaw=0,hex=AA FF 01 06 00 01 00 00 00 00 B1,reason=normal"
946686485618,"type=mission,x_or_task=1,y_or_landing=1,yaw=0,hex=AA FF 02 02 01 01 AF,reason=normal"
946686485656,"type=xy,x_or_task=1,y_or_landing=0,yaw=0,hex=AA FF 01 06 00 01 00 00 00 00 B1,reason=normal"
946686485706,"type=xy,x_or_task=1,y_or_landing=0,yaw=0,hex=AA FF 01 06 00 01 00 00 00 00 B1,reason=normal"
946686485706,"type=mission,x_or_task=1,y_or_landing=1,yaw=0,hex=AA FF 02 02 01 01 AF,reason=normal"
946686485756,"type=xy,x_or_task=1,y_or_landing=0,yaw=0,hex=AA FF 01 06 00 01 00 00 00 00 B1,reason=normal"
946686485818,"type=xy,x_or_task=1,y_or_landing=0,yaw=0,hex=AA FF 01 06 00 01 00 00 00 00 B1,reason=normal"
946686485818,"type=mission,x_or_task=1,y_or_landing=1,yaw=0,hex=AA FF 02 02 01 01 AF,reason=normal"
946686485856,"type=xy,x_or_task=1,y_or_landing=0,yaw=0,hex=AA FF 01 06 00 01 00 00 00 00 B1,reason=normal"
946686485906,"type=xy,x_or_task=1,y_or_landing=0,yaw=0,hex=AA FF 01 06 00 01 00 00 00 00 B1,reason=normal"
946686485918,"type=mission,x_or_task=1,y_or_landing=1,yaw=0,hex=AA FF 02 02 01 01 AF,reason=normal"
946686485956,"type=xy,x_or_task=1,y_or_landing=0,yaw=0,hex=AA FF 01 06 00 01 00 00 00 00 B1,reason=normal"
946686486006,"type=xy,x_or_task=1,y_or_landing=0,yaw=0,hex=AA FF 01 06 00 01 00 00 00 00 B1,reason=normal"
946686486006,"type=mission,x_or_task=1,y_or_landing=1,yaw=0,hex=AA FF 02 02 01 01 AF,reason=normal"
946686486056,"type=xy,x_or_task=1,y_or_landing=0,yaw=0,hex=AA FF 01 06 00 01 00 00 00 00 B1,reason=normal"
946686486106,"type=xy,x_or_task=1,y_or_landing=0,yaw=0,hex=AA FF 01 06 00 01 00 00 00 00 B1,reason=normal"
946686486116,"type=mission,x_or_task=1,y_or_landing=1,yaw=0,hex=AA FF 02 02 01 01 AF,reason=normal"
946686486156,"type=xy,x_or_task=1,y_or_landing=0,yaw=0,hex=AA FF 01 06 00 01 00 00 00 00 B1,reason=normal"
946686486218,"type=xy,x_or_task=1,y_or_landing=0,yaw=0,hex=AA FF 01 06 00 01 00 00 00 00 B1,reason=normal"
946686486218,"type=mission,x_or_task=1,y_or_landing=1,yaw=0,hex=AA FF 02 02 01 01 AF,reason=normal"
946686486256,"type=xy,x_or_task=1,y_or_landing=0,yaw=0,hex=AA FF 01 06 00 01 00 00 00 00 B1,reason=normal"
946686486318,"type=xy,x_or_task=1,y_or_landing=0,yaw=0,hex=AA FF 01 06 00 01 00 00 00 00 B1,reason=normal"
946686486318,"type=mission,x_or_task=1,y_or_landing=1,yaw=0,hex=AA FF 02 02 01 01 AF,reason=normal"
946686486356,"type=xy,x_or_task=1,y_or_landing=0,yaw=0,hex=AA FF 01 06 00 01 00 00 00 00 B1,reason=normal"
946686486418,"type=xy,x_or_task=1,y_or_landing=0,yaw=0,hex=AA FF 01 06 00 01 00 00 00 00 B1,reason=normal"
946686486418,"type=mission,x_or_task=1,y_or_landing=1,yaw=0,hex=AA FF 02 02 01 01 AF,reason=normal"
946686486456,"type=xy,x_or_task=1,y_or_landing=0,yaw=0,hex=AA FF 01 06 00 01 00 00 00 00 B1,reason=normal"
946686486506,"type=xy,x_or_task=1,y_or_landing=0,yaw=0,hex=AA FF 01 06 00 01 00 00 00 00 B1,reason=normal"
946686486506,"type=mission,x_or_task=1,y_or_landing=1,yaw=0,hex=AA FF 02 02 01 01 AF,reason=normal"
946686486556,"type=xy,x_or_task=1,y_or_landing=0,yaw=0,hex=AA FF 01 06 00 01 00 00 00 00 B1,reason=normal"
946686486606,"type=xy,x_or_task=1,y_or_landing=0,yaw=0,hex=AA FF 01 06 00 01 00 00 00 00 B1,reason=normal"
946686486606,"type=mission,x_or_task=1,y_or_landing=1,yaw=0,hex=AA FF 02 02 01 01 AF,reason=normal"
946686486656,"type=xy,x_or_task=1,y_or_landing=0,yaw=0,hex=AA FF 01 06 00 01 00 00 00 00 B1,reason=normal"
946686486706,"type=xy,x_or_task=1,y_or_landing=0,yaw=0,hex=AA FF 01 06 00 01 00 00 00 00 B1,reason=normal"
946686486706,"type=mission,x_or_task=1,y_or_landing=1,yaw=0,hex=AA FF 02 02 01 01 AF,reason=normal"
946686486756,"type=xy,x_or_task=1,y_or_landing=0,yaw=0,hex=AA FF 01 06 00 01 00 00 00 00 B1,reason=normal"
946686486818,"type=xy,x_or_task=1,y_or_landing=0,yaw=0,hex=AA FF 01 06 00 01 00 00 00 00 B1,reason=normal"
946686486818,"type=mission,x_or_task=1,y_or_landing=1,yaw=0,hex=AA FF 02 02 01 01 AF,reason=normal"
946686486856,"type=xy,x_or_task=1,y_or_landing=0,yaw=0,hex=AA FF 01 06 00 01 00 00 00 00 B1,reason=normal"
946686486906,"type=xy,x_or_task=1,y_or_landing=0,yaw=0,hex=AA FF 01 06 00 01 00 00 00 00 B1,reason=normal"
946686486906,"type=mission,x_or_task=1,y_or_landing=1,yaw=0,hex=AA FF 02 02 01 01 AF,reason=normal"
946686486956,"type=xy,x_or_task=1,y_or_landing=0,yaw=0,hex=AA FF 01 06 00 01 00 00 00 00 B1,reason=normal"
946686487006,"type=xy,x_or_task=1,y_or_landing=0,yaw=0,hex=AA FF 01 06 00 01 00 00 00 00 B1,reason=normal"
946686487006,"type=mission,x_or_task=1,y_or_landing=1,yaw=0,hex=AA FF 02 02 01 01 AF,reason=normal"
946686487056,"type=xy,x_or_task=1,y_or_landing=0,yaw=0,hex=AA FF 01 06 00 01 00 00 00 00 B1,reason=normal"
946686487106,"type=xy,x_or_task=1,y_or_landing=0,yaw=0,hex=AA FF 01 06 00 01 00 00 00 00 B1,reason=normal"
946686487119,"type=mission,x_or_task=1,y_or_landing=1,yaw=0,hex=AA FF 02 02 01 01 AF,reason=normal"
946686487156,"type=xy,x_or_task=1,y_or_landing=0,yaw=0,hex=AA FF 01 06 00 01 00 00 00 00 B1,reason=normal"
946686487206,"type=xy,x_or_task=1,y_or_landing=0,yaw=0,hex=AA FF 01 06 00 01 00 00 00 00 B1,reason=normal"
946686487206,"type=mission,x_or_task=1,y_or_landing=1,yaw=0,hex=AA FF 02 02 01 01 AF,reason=normal"
946686487256,"type=xy,x_or_task=1,y_or_landing=0,yaw=0,hex=AA FF 01 06 00 01 00 00 00 00 B1,reason=normal"
946686487306,"type=xy,x_or_task=1,y_or_landing=0,yaw=0,hex=AA FF 01 06 00 01 00 00 00 00 B1,reason=normal"
946686487316,"type=mission,x_or_task=1,y_or_landing=1,yaw=0,hex=AA FF 02 02 01 01 AF,reason=normal"
946686487356,"type=xy,x_or_task=1,y_or_landing=0,yaw=0,hex=AA FF 01 06 00 01 00 00 00 00 B1,reason=normal"
946686487406,"type=xy,x_or_task=1,y_or_landing=0,yaw=0,hex=AA FF 01 06 00 01 00 00 00 00 B1,reason=normal"
946686487406,"type=mission,x_or_task=1,y_or_landing=1,yaw=0,hex=AA FF 02 02 01 01 AF,reason=normal"
946686487456,"type=xy,x_or_task=1,y_or_landing=0,yaw=0,hex=AA FF 01 06 00 01 00 00 00 00 B1,reason=normal"
946686487506,"type=xy,x_or_task=1,y_or_landing=0,yaw=0,hex=AA FF 01 06 00 01 00 00 00 00 B1,reason=normal"
946686487506,"type=mission,x_or_task=1,y_or_landing=1,yaw=0,hex=AA FF 02 02 01 01 AF,reason=normal"
946686487556,"type=xy,x_or_task=1,y_or_landing=0,yaw=0,hex=AA FF 01 06 00 01 00 00 00 00 B1,reason=normal"
946686487606,"type=xy,x_or_task=1,y_or_landing=0,yaw=0,hex=AA FF 01 06 00 01 00 00 00 00 B1,reason=normal"
946686487606,"type=mission,x_or_task=1,y_or_landing=1,yaw=0,hex=AA FF 02 02 01 01 AF,reason=normal"
946686487656,"type=xy,x_or_task=1,y_or_landing=0,yaw=0,hex=AA FF 01 06 00 01 00 00 00 00 B1,reason=normal"
946686487706,"type=xy,x_or_task=1,y_or_landing=0,yaw=0,hex=AA FF 01 06 00 01 00 00 00 00 B1,reason=normal"
946686487706,"type=mission,x_or_task=1,y_or_landing=1,yaw=0,hex=AA FF 02 02 01 01 AF,reason=normal"
946686487756,"type=xy,x_or_task=1,y_or_landing=0,yaw=0,hex=AA FF 01 06 00 01 00 00 00 00 B1,reason=normal"
946686487806,"type=xy,x_or_task=1,y_or_landing=0,yaw=0,hex=AA FF 01 06 00 01 00 00 00 00 B1,reason=normal"
946686487806,"type=mission,x_or_task=1,y_or_landing=1,yaw=0,hex=AA FF 02 02 01 01 AF,reason=normal"
946686487856,"type=xy,x_or_task=1,y_or_landing=0,yaw=0,hex=AA FF 01 06 00 01 00 00 00 00 B1,reason=normal"
946686487916,"type=xy,x_or_task=1,y_or_landing=0,yaw=0,hex=AA FF 01 06 00 01 00 00 00 00 B1,reason=normal"
946686487916,"type=mission,x_or_task=1,y_or_landing=1,yaw=0,hex=AA FF 02 02 01 01 AF,reason=normal"
946686487956,"type=xy,x_or_task=1,y_or_landing=0,yaw=0,hex=AA FF 01 06 00 01 00 00 00 00 B1,reason=normal"
946686488006,"type=xy,x_or_task=1,y_or_landing=0,yaw=0,hex=AA FF 01 06 00 01 00 00 00 00 B1,reason=normal"
946686488006,"type=mission,x_or_task=1,y_or_landing=1,yaw=0,hex=AA FF 02 02 01 01 AF,reason=normal"
946686488056,"type=xy,x_or_task=1,y_or_landing=0,yaw=0,hex=AA FF 01 06 00 01 00 00 00 00 B1,reason=normal"
946686488106,"type=xy,x_or_task=1,y_or_landing=0,yaw=0,hex=AA FF 01 06 00 01 00 00 00 00 B1,reason=normal"
946686488106,"type=mission,x_or_task=1,y_or_landing=1,yaw=0,hex=AA FF 02 02 01 01 AF,reason=normal"
946686488156,"type=xy,x_or_task=1,y_or_landing=0,yaw=0,hex=AA FF 01 06 00 01 00 00 00 00 B1,reason=normal"
946686488206,"type=xy,x_or_task=1,y_or_landing=0,yaw=0,hex=AA FF 01 06 00 01 00 00 00 00 B1,reason=normal"
946686488206,"type=mission,x_or_task=1,y_or_landing=1,yaw=0,hex=AA FF 02 02 01 01 AF,reason=normal"
946686488256,"type=xy,x_or_task=1,y_or_landing=0,yaw=0,hex=AA FF 01 06 00 01 00 00 00 00 B1,reason=normal"
946686488306,"type=xy,x_or_task=1,y_or_landing=0,yaw=0,hex=AA FF 01 06 00 01 00 00 00 00 B1,reason=normal"
946686488306,"type=mission,x_or_task=1,y_or_landing=1,yaw=0,hex=AA FF 02 02 01 01 AF,reason=normal"
946686488356,"type=xy,x_or_task=1,y_or_landing=0,yaw=0,hex=AA FF 01 06 00 01 00 00 00 00 B1,reason=normal"
946686488418,"type=xy,x_or_task=1,y_or_landing=0,yaw=0,hex=AA FF 01 06 00 01 00 00 00 00 B1,reason=normal"
946686488418,"type=mission,x_or_task=1,y_or_landing=1,yaw=0,hex=AA FF 02 02 01 01 AF,reason=normal"
946686488456,"type=xy,x_or_task=1,y_or_landing=0,yaw=0,hex=AA FF 01 06 00 01 00 00 00 00 B1,reason=normal"
946686488506,"type=xy,x_or_task=1,y_or_landing=0,yaw=0,hex=AA FF 01 06 00 01 00 00 00 00 B1,reason=normal"
946686488506,"type=mission,x_or_task=1,y_or_landing=1,yaw=0,hex=AA FF 02 02 01 01 AF,reason=normal"
946686488556,"type=xy,x_or_task=1,y_or_landing=0,yaw=0,hex=AA FF 01 06 00 01 00 00 00 00 B1,reason=normal"
946686488606,"type=xy,x_or_task=1,y_or_landing=0,yaw=0,hex=AA FF 01 06 00 01 00 00 00 00 B1,reason=normal"
946686488606,"type=mission,x_or_task=1,y_or_landing=1,yaw=0,hex=AA FF 02 02 01 01 AF,reason=normal"
946686488656,"type=xy,x_or_task=1,y_or_landing=0,yaw=0,hex=AA FF 01 06 00 01 00 00 00 00 B1,reason=normal"
946686488706,"type=xy,x_or_task=1,y_or_landing=0,yaw=0,hex=AA FF 01 06 00 01 00 00 00 00 B1,reason=normal"
946686488706,"type=mission,x_or_task=1,y_or_landing=1,yaw=0,hex=AA FF 02 02 01 01 AF,reason=normal"
946686488756,"type=xy,x_or_task=1,y_or_landing=0,yaw=0,hex=AA FF 01 06 00 01 00 00 00 00 B1,reason=normal"
946686488807,"type=xy,x_or_task=1,y_or_landing=0,yaw=0,hex=AA FF 01 06 00 01 00 00 00 00 B1,reason=normal"
946686488819,"type=mission,x_or_task=1,y_or_landing=1,yaw=0,hex=AA FF 02 02 01 01 AF,reason=normal"
946686488856,"type=xy,x_or_task=1,y_or_landing=0,yaw=0,hex=AA FF 01 06 00 01 00 00 00 00 B1,reason=normal"
946686488906,"type=xy,x_or_task=1,y_or_landing=0,yaw=0,hex=AA FF 01 06 00 01 00 00 00 00 B1,reason=normal"
946686488906,"type=mission,x_or_task=1,y_or_landing=1,yaw=0,hex=AA FF 02 02 01 01 AF,reason=normal"
946686488956,"type=xy,x_or_task=1,y_or_landing=0,yaw=0,hex=AA FF 01 06 00 01 00 00 00 00 B1,reason=normal"
946686489018,"type=xy,x_or_task=1,y_or_landing=0,yaw=0,hex=AA FF 01 06 00 01 00 00 00 00 B1,reason=normal"
946686489018,"type=mission,x_or_task=1,y_or_landing=1,yaw=0,hex=AA FF 02 02 01 01 AF,reason=normal"
946686489056,"type=xy,x_or_task=1,y_or_landing=0,yaw=0,hex=AA FF 01 06 00 01 00 00 00 00 B1,reason=normal"
946686489106,"type=xy,x_or_task=1,y_or_landing=0,yaw=0,hex=AA FF 01 06 00 01 00 00 00 00 B1,reason=normal"
946686489120,"type=mission,x_or_task=1,y_or_landing=1,yaw=0,hex=AA FF 02 02 01 01 AF,reason=normal"
946686489156,"type=xy,x_or_task=1,y_or_landing=0,yaw=0,hex=AA FF 01 06 00 01 00 00 00 00 B1,reason=normal"
946686489206,"type=xy,x_or_task=1,y_or_landing=0,yaw=0,hex=AA FF 01 06 00 01 00 00 00 00 B1,reason=normal"
946686489206,"type=mission,x_or_task=1,y_or_landing=1,yaw=0,hex=AA FF 02 02 01 01 AF,reason=normal"
946686489256,"type=xy,x_or_task=1,y_or_landing=0,yaw=0,hex=AA FF 01 06 00 01 00 00 00 00 B1,reason=normal"
946686489306,"type=xy,x_or_task=1,y_or_landing=0,yaw=0,hex=AA FF 01 06 00 01 00 00 00 00 B1,reason=normal"
946686489306,"type=mission,x_or_task=1,y_or_landing=1,yaw=0,hex=AA FF 02 02 01 01 AF,reason=normal"
946686489356,"type=xy,x_or_task=1,y_or_landing=0,yaw=0,hex=AA FF 01 06 00 01 00 00 00 00 B1,reason=normal"
946686489406,"type=xy,x_or_task=1,y_or_landing=0,yaw=0,hex=AA FF 01 06 00 01 00 00 00 00 B1,reason=normal"
946686489406,"type=mission,x_or_task=1,y_or_landing=1,yaw=0,hex=AA FF 02 02 01 01 AF,reason=normal"
946686489456,"type=xy,x_or_task=1,y_or_landing=0,yaw=0,hex=AA FF 01 06 00 01 00 00 00 00 B1,reason=normal"
946686489506,"type=xy,x_or_task=1,y_or_landing=0,yaw=0,hex=AA FF 01 06 00 01 00 00 00 00 B1,reason=normal"
946686489506,"type=mission,x_or_task=1,y_or_landing=1,yaw=0,hex=AA FF 02 02 01 01 AF,reason=normal"
946686489556,"type=xy,x_or_task=1,y_or_landing=0,yaw=0,hex=AA FF 01 06 00 01 00 00 00 00 B1,reason=normal"
946686489606,"type=xy,x_or_task=1,y_or_landing=0,yaw=0,hex=AA FF 01 06 00 01 00 00 00 00 B1,reason=normal"
946686489606,"type=mission,x_or_task=1,y_or_landing=1,yaw=0,hex=AA FF 02 02 01 01 AF,reason=normal"
946686489656,"type=xy,x_or_task=1,y_or_landing=0,yaw=0,hex=AA FF 01 06 00 01 00 00 00 00 B1,reason=normal"
946686489706,"type=xy,x_or_task=1,y_or_landing=0,yaw=0,hex=AA FF 01 06 00 01 00 00 00 00 B1,reason=normal"
946686489718,"type=mission,x_or_task=1,y_or_landing=1,yaw=0,hex=AA FF 02 02 01 01 AF,reason=normal"
946686489756,"type=xy,x_or_task=1,y_or_landing=0,yaw=0,hex=AA FF 01 06 00 01 00 00 00 00 B1,reason=normal"
946686489806,"type=xy,x_or_task=1,y_or_landing=0,yaw=0,hex=AA FF 01 06 00 01 00 00 00 00 B1,reason=normal"
946686489806,"type=mission,x_or_task=1,y_or_landing=1,yaw=0,hex=AA FF 02 02 01 01 AF,reason=normal"
946686489856,"type=xy,x_or_task=1,y_or_landing=0,yaw=0,hex=AA FF 01 06 00 01 00 00 00 00 B1,reason=normal"
946686489906,"type=xy,x_or_task=1,y_or_landing=0,yaw=0,hex=AA FF 01 06 00 01 00 00 00 00 B1,reason=normal"
946686489906,"type=mission,x_or_task=1,y_or_landing=1,yaw=0,hex=AA FF 02 02 01 01 AF,reason=normal"
946686489956,"type=xy,x_or_task=1,y_or_landing=0,yaw=0,hex=AA FF 01 06 00 01 00 00 00 00 B1,reason=normal"
946686490006,"type=xy,x_or_task=1,y_or_landing=0,yaw=0,hex=AA FF 01 06 00 01 00 00 00 00 B1,reason=normal"
946686490006,"type=mission,x_or_task=1,y_or_landing=1,yaw=0,hex=AA FF 02 02 01 01 AF,reason=normal"
946686490056,"type=xy,x_or_task=1,y_or_landing=0,yaw=0,hex=AA FF 01 06 00 01 00 00 00 00 B1,reason=normal"
946686490106,"type=xy,x_or_task=1,y_or_landing=0,yaw=0,hex=AA FF 01 06 00 01 00 00 00 00 B1,reason=normal"
946686490106,"type=mission,x_or_task=1,y_or_landing=1,yaw=0,hex=AA FF 02 02 01 01 AF,reason=normal"
946686490156,"type=xy,x_or_task=1,y_or_landing=0,yaw=0,hex=AA FF 01 06 00 01 00 00 00 00 B1,reason=normal"
946686490206,"type=xy,x_or_task=1,y_or_landing=0,yaw=0,hex=AA FF 01 06 00 01 00 00 00 00 B1,reason=normal"
946686490206,"type=mission,x_or_task=1,y_or_landing=1,yaw=0,hex=AA FF 02 02 01 01 AF,reason=normal"
946686490256,"type=xy,x_or_task=1,y_or_landing=0,yaw=0,hex=AA FF 01 06 00 01 00 00 00 00 B1,reason=normal"
946686490306,"type=xy,x_or_task=1,y_or_landing=0,yaw=0,hex=AA FF 01 06 00 01 00 00 00 00 B1,reason=normal"
946686490306,"type=mission,x_or_task=1,y_or_landing=1,yaw=0,hex=AA FF 02 02 01 01 AF,reason=normal"
946686490356,"type=xy,x_or_task=1,y_or_landing=0,yaw=0,hex=AA FF 01 06 00 01 00 00 00 00 B1,reason=normal"
946686490418,"type=xy,x_or_task=1,y_or_landing=0,yaw=0,hex=AA FF 01 06 00 01 00 00 00 00 B1,reason=normal"
946686490418,"type=mission,x_or_task=1,y_or_landing=1,yaw=0,hex=AA FF 02 02 01 01 AF,reason=normal"
946686490456,"type=xy,x_or_task=1,y_or_landing=0,yaw=0,hex=AA FF 01 06 00 01 00 00 00 00 B1,reason=normal"
946686490506,"type=xy,x_or_task=1,y_or_landing=0,yaw=0,hex=AA FF 01 06 00 01 00 00 00 00 B1,reason=normal"
946686490506,"type=mission,x_or_task=1,y_or_landing=1,yaw=0,hex=AA FF 02 02 01 01 AF,reason=normal"
946686490556,"type=xy,x_or_task=1,y_or_landing=0,yaw=0,hex=AA FF 01 06 00 01 00 00 00 00 B1,reason=normal"
946686490606,"type=xy,x_or_task=1,y_or_landing=0,yaw=0,hex=AA FF 01 06 00 01 00 00 00 00 B1,reason=normal"
946686490606,"type=mission,x_or_task=1,y_or_landing=1,yaw=0,hex=AA FF 02 02 01 01 AF,reason=normal"
946686490656,"type=xy,x_or_task=1,y_or_landing=0,yaw=0,hex=AA FF 01 06 00 01 00 00 00 00 B1,reason=normal"
946686490715,"type=xy,x_or_task=1,y_or_landing=0,yaw=0,hex=AA FF 01 06 00 01 00 00 00 00 B1,reason=normal"
946686490716,"type=mission,x_or_task=1,y_or_landing=1,yaw=0,hex=AA FF 02 02 01 01 AF,reason=normal"
946686490756,"type=xy,x_or_task=1,y_or_landing=0,yaw=0,hex=AA FF 01 06 00 01 00 00 00 00 B1,reason=normal"
946686490806,"type=xy,x_or_task=1,y_or_landing=0,yaw=0,hex=AA FF 01 06 00 01 00 00 00 00 B1,reason=normal"
946686490820,"type=mission,x_or_task=1,y_or_landing=1,yaw=0,hex=AA FF 02 02 01 01 AF,reason=normal"
946686490856,"type=xy,x_or_task=1,y_or_landing=0,yaw=0,hex=AA FF 01 06 00 01 00 00 00 00 B1,reason=normal"
946686490918,"type=xy,x_or_task=1,y_or_landing=0,yaw=0,hex=AA FF 01 06 00 01 00 00 00 00 B1,reason=normal"
946686490918,"type=mission,x_or_task=1,y_or_landing=1,yaw=0,hex=AA FF 02 02 01 01 AF,reason=normal"
946686490956,"type=xy,x_or_task=1,y_or_landing=0,yaw=0,hex=AA FF 01 06 00 01 00 00 00 00 B1,reason=normal"
946686491006,"type=xy,x_or_task=1,y_or_landing=0,yaw=0,hex=AA FF 01 06 00 01 00 00 00 00 B1,reason=normal"
946686491018,"type=mission,x_or_task=1,y_or_landing=1,yaw=0,hex=AA FF 02 02 01 01 AF,reason=normal"
946686491056,"type=xy,x_or_task=1,y_or_landing=0,yaw=0,hex=AA FF 01 06 00 01 00 00 00 00 B1,reason=normal"
946686491116,"type=xy,x_or_task=1,y_or_landing=0,yaw=0,hex=AA FF 01 06 00 01 00 00 00 00 B1,reason=normal"
946686491116,"type=mission,x_or_task=1,y_or_landing=1,yaw=0,hex=AA FF 02 02 01 01 AF,reason=normal"
946686491156,"type=xy,x_or_task=1,y_or_landing=0,yaw=0,hex=AA FF 01 06 00 01 00 00 00 00 B1,reason=normal"
946686491215,"type=xy,x_or_task=1,y_or_landing=0,yaw=0,hex=AA FF 01 06 00 01 00 00 00 00 B1,reason=normal"
946686491216,"type=mission,x_or_task=1,y_or_landing=1,yaw=0,hex=AA FF 02 02 01 01 AF,reason=normal"
946686491256,"type=xy,x_or_task=1,y_or_landing=0,yaw=0,hex=AA FF 01 06 00 01 00 00 00 00 B1,reason=normal"
946686491306,"type=xy,x_or_task=1,y_or_landing=0,yaw=0,hex=AA FF 01 06 00 01 00 00 00 00 B1,reason=normal"
946686491306,"type=mission,x_or_task=1,y_or_landing=1,yaw=0,hex=AA FF 02 02 01 01 AF,reason=normal"
946686491356,"type=xy,x_or_task=1,y_or_landing=0,yaw=0,hex=AA FF 01 06 00 01 00 00 00 00 B1,reason=normal"
946686491406,"type=xy,x_or_task=1,y_or_landing=0,yaw=0,hex=AA FF 01 06 00 01 00 00 00 00 B1,reason=normal"
946686491406,"type=mission,x_or_task=1,y_or_landing=1,yaw=0,hex=AA FF 02 02 01 01 AF,reason=normal"
946686491456,"type=xy,x_or_task=1,y_or_landing=0,yaw=0,hex=AA FF 01 06 00 01 00 00 00 00 B1,reason=normal"
946686491518,"type=xy,x_or_task=1,y_or_landing=0,yaw=0,hex=AA FF 01 06 00 01 00 00 00 00 B1,reason=normal"
946686491518,"type=mission,x_or_task=1,y_or_landing=1,yaw=0,hex=AA FF 02 02 01 01 AF,reason=normal"
946686491556,"type=xy,x_or_task=1,y_or_landing=0,yaw=0,hex=AA FF 01 06 00 01 00 00 00 00 B1,reason=normal"
946686491606,"type=xy,x_or_task=1,y_or_landing=0,yaw=0,hex=AA FF 01 06 00 01 00 00 00 00 B1,reason=normal"
946686491616,"type=mission,x_or_task=1,y_or_landing=1,yaw=0,hex=AA FF 02 02 01 01 AF,reason=normal"
946686491656,"type=xy,x_or_task=1,y_or_landing=0,yaw=0,hex=AA FF 01 06 00 01 00 00 00 00 B1,reason=normal"
946686491706,"type=xy,x_or_task=1,y_or_landing=0,yaw=0,hex=AA FF 01 06 00 01 00 00 00 00 B1,reason=normal"
946686491706,"type=mission,x_or_task=1,y_or_landing=1,yaw=0,hex=AA FF 02 02 01 01 AF,reason=normal"
946686491756,"type=xy,x_or_task=1,y_or_landing=0,yaw=0,hex=AA FF 01 06 00 01 00 00 00 00 B1,reason=normal"
946686491806,"type=xy,x_or_task=1,y_or_landing=0,yaw=0,hex=AA FF 01 06 00 01 00 00 00 00 B1,reason=normal"
946686491806,"type=mission,x_or_task=1,y_or_landing=1,yaw=0,hex=AA FF 02 02 01 01 AF,reason=normal"
946686491856,"type=xy,x_or_task=1,y_or_landing=0,yaw=0,hex=AA FF 01 06 00 01 00 00 00 00 B1,reason=normal"
946686491918,"type=xy,x_or_task=1,y_or_landing=0,yaw=0,hex=AA FF 01 06 00 01 00 00 00 00 B1,reason=normal"
946686491918,"type=mission,x_or_task=1,y_or_landing=1,yaw=0,hex=AA FF 02 02 01 01 AF,reason=normal"
946686491956,"type=xy,x_or_task=1,y_or_landing=0,yaw=0,hex=AA FF 01 06 00 01 00 00 00 00 B1,reason=normal"
946686492018,"type=xy,x_or_task=1,y_or_landing=0,yaw=0,hex=AA FF 01 06 00 01 00 00 00 00 B1,reason=normal"
946686492018,"type=mission,x_or_task=1,y_or_landing=1,yaw=0,hex=AA FF 02 02 01 01 AF,reason=normal"
946686492056,"type=xy,x_or_task=1,y_or_landing=0,yaw=0,hex=AA FF 01 06 00 01 00 00 00 00 B1,reason=normal"
946686492106,"type=xy,x_or_task=1,y_or_landing=0,yaw=0,hex=AA FF 01 06 00 01 00 00 00 00 B1,reason=normal"
946686492119,"type=mission,x_or_task=1,y_or_landing=1,yaw=0,hex=AA FF 02 02 01 01 AF,reason=normal"
946686492156,"type=xy,x_or_task=1,y_or_landing=0,yaw=0,hex=AA FF 01 06 00 01 00 00 00 00 B1,reason=normal"
946686492206,"type=xy,x_or_task=1,y_or_landing=0,yaw=0,hex=AA FF 01 06 00 01 00 00 00 00 B1,reason=normal"
946686492206,"type=mission,x_or_task=1,y_or_landing=1,yaw=0,hex=AA FF 02 02 01 01 AF,reason=normal"
946686492256,"type=xy,x_or_task=1,y_or_landing=0,yaw=0,hex=AA FF 01 06 00 01 00 00 00 00 B1,reason=normal"
946686492306,"type=xy,x_or_task=1,y_or_landing=0,yaw=0,hex=AA FF 01 06 00 01 00 00 00 00 B1,reason=normal"
946686492306,"type=mission,x_or_task=1,y_or_landing=1,yaw=0,hex=AA FF 02 02 01 01 AF,reason=normal"
946686492356,"type=xy,x_or_task=1,y_or_landing=0,yaw=0,hex=AA FF 01 06 00 01 00 00 00 00 B1,reason=normal"
946686492406,"type=xy,x_or_task=1,y_or_landing=0,yaw=0,hex=AA FF 01 06 00 01 00 00 00 00 B1,reason=normal"
946686492418,"type=mission,x_or_task=1,y_or_landing=1,yaw=0,hex=AA FF 02 02 01 01 AF,reason=normal"
946686492456,"type=xy,x_or_task=1,y_or_landing=0,yaw=0,hex=AA FF 01 06 00 01 00 00 00 00 B1,reason=normal"
946686492506,"type=xy,x_or_task=1,y_or_landing=0,yaw=0,hex=AA FF 01 06 00 01 00 00 00 00 B1,reason=normal"
946686492506,"type=mission,x_or_task=1,y_or_landing=1,yaw=0,hex=AA FF 02 02 01 01 AF,reason=normal"
946686492556,"type=xy,x_or_task=1,y_or_landing=0,yaw=0,hex=AA FF 01 06 00 01 00 00 00 00 B1,reason=normal"
946686492606,"type=xy,x_or_task=1,y_or_landing=0,yaw=0,hex=AA FF 01 06 00 01 00 00 00 00 B1,reason=normal"
946686492606,"type=mission,x_or_task=1,y_or_landing=1,yaw=0,hex=AA FF 02 02 01 01 AF,reason=normal"
946686492656,"type=xy,x_or_task=1,y_or_landing=0,yaw=0,hex=AA FF 01 06 00 01 00 00 00 00 B1,reason=normal"
946686492706,"type=xy,x_or_task=1,y_or_landing=0,yaw=0,hex=AA FF 01 06 00 01 00 00 00 00 B1,reason=normal"
946686492718,"type=mission,x_or_task=1,y_or_landing=1,yaw=0,hex=AA FF 02 02 01 01 AF,reason=normal"
946686492756,"type=xy,x_or_task=1,y_or_landing=0,yaw=0,hex=AA FF 01 06 00 01 00 00 00 00 B1,reason=normal"
946686492817,"type=xy,x_or_task=1,y_or_landing=0,yaw=0,hex=AA FF 01 06 00 01 00 00 00 00 B1,reason=normal"
946686492817,"type=mission,x_or_task=1,y_or_landing=1,yaw=0,hex=AA FF 02 02 01 01 AF,reason=normal"
946686492856,"type=xy,x_or_task=1,y_or_landing=0,yaw=0,hex=AA FF 01 06 00 01 00 00 00 00 B1,reason=normal"
946686492906,"type=xy,x_or_task=1,y_or_landing=0,yaw=0,hex=AA FF 01 06 00 01 00 00 00 00 B1,reason=normal"
946686492906,"type=mission,x_or_task=1,y_or_landing=1,yaw=0,hex=AA FF 02 02 01 01 AF,reason=normal"
946686492956,"type=xy,x_or_task=1,y_or_landing=0,yaw=0,hex=AA FF 01 06 00 01 00 00 00 00 B1,reason=normal"
946686493006,"type=xy,x_or_task=1,y_or_landing=0,yaw=0,hex=AA FF 01 06 00 01 00 00 00 00 B1,reason=normal"
946686493006,"type=mission,x_or_task=1,y_or_landing=1,yaw=0,hex=AA FF 02 02 01 01 AF,reason=normal"
946686493056,"type=xy,x_or_task=1,y_or_landing=0,yaw=0,hex=AA FF 01 06 00 01 00 00 00 00 B1,reason=normal"
946686493117,"type=xy,x_or_task=1,y_or_landing=0,yaw=0,hex=AA FF 01 06 00 01 00 00 00 00 B1,reason=normal"
946686493117,"type=mission,x_or_task=1,y_or_landing=1,yaw=0,hex=AA FF 02 02 01 01 AF,reason=normal"
946686493156,"type=xy,x_or_task=1,y_or_landing=0,yaw=0,hex=AA FF 01 06 00 01 00 00 00 00 B1,reason=normal"
946686493206,"type=xy,x_or_task=1,y_or_landing=0,yaw=0,hex=AA FF 01 06 00 01 00 00 00 00 B1,reason=normal"
946686493206,"type=mission,x_or_task=1,y_or_landing=1,yaw=0,hex=AA FF 02 02 01 01 AF,reason=normal"
946686493256,"type=xy,x_or_task=1,y_or_landing=0,yaw=0,hex=AA FF 01 06 00 01 00 00 00 00 B1,reason=normal"
946686493316,"type=xy,x_or_task=1,y_or_landing=0,yaw=0,hex=AA FF 01 06 00 01 00 00 00 00 B1,reason=normal"
946686493316,"type=mission,x_or_task=1,y_or_landing=1,yaw=0,hex=AA FF 02 02 01 01 AF,reason=normal"
946686493356,"type=xy,x_or_task=1,y_or_landing=0,yaw=0,hex=AA FF 01 06 00 01 00 00 00 00 B1,reason=normal"
946686493406,"type=xy,x_or_task=1,y_or_landing=0,yaw=0,hex=AA FF 01 06 00 01 00 00 00 00 B1,reason=normal"
946686493417,"type=mission,x_or_task=1,y_or_landing=1,yaw=0,hex=AA FF 02 02 01 01 AF,reason=normal"
946686493456,"type=xy,x_or_task=1,y_or_landing=0,yaw=0,hex=AA FF 01 06 00 01 00 00 00 00 B1,reason=normal"
946686493519,"type=xy,x_or_task=1,y_or_landing=0,yaw=0,hex=AA FF 01 06 00 01 00 00 00 00 B1,reason=normal"
946686493519,"type=mission,x_or_task=1,y_or_landing=1,yaw=0,hex=AA FF 02 02 01 01 AF,reason=normal"
946686493556,"type=xy,x_or_task=1,y_or_landing=0,yaw=0,hex=AA FF 01 06 00 01 00 00 00 00 B1,reason=normal"
946686493606,"type=xy,x_or_task=1,y_or_landing=0,yaw=0,hex=AA FF 01 06 00 01 00 00 00 00 B1,reason=normal"
946686493618,"type=mission,x_or_task=1,y_or_landing=1,yaw=0,hex=AA FF 02 02 01 01 AF,reason=normal"
946686493656,"type=xy,x_or_task=1,y_or_landing=0,yaw=0,hex=AA FF 01 06 00 01 00 00 00 00 B1,reason=normal"
946686493706,"type=xy,x_or_task=1,y_or_landing=0,yaw=0,hex=AA FF 01 06 00 01 00 00 00 00 B1,reason=normal"
946686493706,"type=mission,x_or_task=1,y_or_landing=1,yaw=0,hex=AA FF 02 02 01 01 AF,reason=normal"
946686493756,"type=xy,x_or_task=1,y_or_landing=0,yaw=0,hex=AA FF 01 06 00 01 00 00 00 00 B1,reason=normal"
946686493806,"type=xy,x_or_task=1,y_or_landing=0,yaw=0,hex=AA FF 01 06 00 01 00 00 00 00 B1,reason=normal"
946686493806,"type=mission,x_or_task=1,y_or_landing=1,yaw=0,hex=AA FF 02 02 01 01 AF,reason=normal"
946686493856,"type=xy,x_or_task=1,y_or_landing=0,yaw=0,hex=AA FF 01 06 00 01 00 00 00 00 B1,reason=normal"
946686493906,"type=xy,x_or_task=1,y_or_landing=0,yaw=0,hex=AA FF 01 06 00 01 00 00 00 00 B1,reason=normal"
946686493906,"type=mission,x_or_task=1,y_or_landing=1,yaw=0,hex=AA FF 02 02 01 01 AF,reason=normal"
946686493956,"type=xy,x_or_task=1,y_or_landing=0,yaw=0,hex=AA FF 01 06 00 01 00 00 00 00 B1,reason=normal"
946686494006,"type=xy,x_or_task=1,y_or_landing=0,yaw=0,hex=AA FF 01 06 00 01 00 00 00 00 B1,reason=normal"
946686494006,"type=mission,x_or_task=1,y_or_landing=1,yaw=0,hex=AA FF 02 02 01 01 AF,reason=normal"
946686494056,"type=xy,x_or_task=1,y_or_landing=0,yaw=0,hex=AA FF 01 06 00 01 00 00 00 00 B1,reason=normal"
946686494106,"type=xy,x_or_task=1,y_or_landing=0,yaw=0,hex=AA FF 01 06 00 01 00 00 00 00 B1,reason=normal"
946686494106,"type=mission,x_or_task=1,y_or_landing=1,yaw=0,hex=AA FF 02 02 01 01 AF,reason=normal"
946686494156,"type=xy,x_or_task=1,y_or_landing=0,yaw=0,hex=AA FF 01 06 00 01 00 00 00 00 B1,reason=normal"
946686494206,"type=xy,x_or_task=1,y_or_landing=0,yaw=0,hex=AA FF 01 06 00 01 00 00 00 00 B1,reason=normal"
946686494220,"type=mission,x_or_task=1,y_or_landing=1,yaw=0,hex=AA FF 02 02 01 01 AF,reason=normal"
946686494256,"type=xy,x_or_task=1,y_or_landing=0,yaw=0,hex=AA FF 01 06 00 01 00 00 00 00 B1,reason=normal"
946686494306,"type=xy,x_or_task=1,y_or_landing=0,yaw=0,hex=AA FF 01 06 00 01 00 00 00 00 B1,reason=normal"
946686494316,"type=mission,x_or_task=1,y_or_landing=1,yaw=0,hex=AA FF 02 02 01 01 AF,reason=normal"
946686494356,"type=xy,x_or_task=1,y_or_landing=0,yaw=0,hex=AA FF 01 06 00 01 00 00 00 00 B1,reason=normal"
946686494406,"type=xy,x_or_task=1,y_or_landing=0,yaw=0,hex=AA FF 01 06 00 01 00 00 00 00 B1,reason=normal"
946686494406,"type=mission,x_or_task=1,y_or_landing=1,yaw=0,hex=AA FF 02 02 01 01 AF,reason=normal"
946686494456,"type=xy,x_or_task=1,y_or_landing=0,yaw=0,hex=AA FF 01 06 00 01 00 00 00 00 B1,reason=normal"
946686494518,"type=xy,x_or_task=1,y_or_landing=0,yaw=0,hex=AA FF 01 06 00 01 00 00 00 00 B1,reason=normal"
946686494518,"type=mission,x_or_task=1,y_or_landing=1,yaw=0,hex=AA FF 02 02 01 01 AF,reason=normal"
946686494556,"type=xy,x_or_task=1,y_or_landing=0,yaw=0,hex=AA FF 01 06 00 01 00 00 00 00 B1,reason=normal"
946686494606,"type=xy,x_or_task=1,y_or_landing=0,yaw=0,hex=AA FF 01 06 00 01 00 00 00 00 B1,reason=normal"
946686494619,"type=mission,x_or_task=1,y_or_landing=1,yaw=0,hex=AA FF 02 02 01 01 AF,reason=normal"
946686494656,"type=xy,x_or_task=1,y_or_landing=0,yaw=0,hex=AA FF 01 06 00 01 00 00 00 00 B1,reason=normal"
946686494706,"type=xy,x_or_task=1,y_or_landing=0,yaw=0,hex=AA FF 01 06 00 01 00 00 00 00 B1,reason=normal"
946686494706,"type=mission,x_or_task=1,y_or_landing=1,yaw=0,hex=AA FF 02 02 01 01 AF,reason=normal"
946686494756,"type=xy,x_or_task=1,y_or_landing=0,yaw=0,hex=AA FF 01 06 00 01 00 00 00 00 B1,reason=normal"
946686494817,"type=xy,x_or_task=1,y_or_landing=0,yaw=0,hex=AA FF 01 06 00 01 00 00 00 00 B1,reason=normal"
946686494817,"type=mission,x_or_task=1,y_or_landing=1,yaw=0,hex=AA FF 02 02 01 01 AF,reason=normal"
946686494856,"type=xy,x_or_task=1,y_or_landing=0,yaw=0,hex=AA FF 01 06 00 01 00 00 00 00 B1,reason=normal"
946686494906,"type=xy,x_or_task=1,y_or_landing=0,yaw=0,hex=AA FF 01 06 00 01 00 00 00 00 B1,reason=normal"
946686494906,"type=mission,x_or_task=1,y_or_landing=1,yaw=0,hex=AA FF 02 02 01 01 AF,reason=normal"
946686494956,"type=xy,x_or_task=1,y_or_landing=0,yaw=0,hex=AA FF 01 06 00 01 00 00 00 00 B1,reason=normal"
946686495006,"type=xy,x_or_task=1,y_or_landing=0,yaw=0,hex=AA FF 01 06 00 01 00 00 00 00 B1,reason=normal"
946686495006,"type=mission,x_or_task=1,y_or_landing=1,yaw=0,hex=AA FF 02 02 01 01 AF,reason=normal"
946686495056,"type=xy,x_or_task=1,y_or_landing=0,yaw=0,hex=AA FF 01 06 00 01 00 00 00 00 B1,reason=normal"
946686495106,"type=xy,x_or_task=1,y_or_landing=0,yaw=0,hex=AA FF 01 06 00 01 00 00 00 00 B1,reason=normal"
946686495106,"type=mission,x_or_task=1,y_or_landing=1,yaw=0,hex=AA FF 02 02 01 01 AF,reason=normal"
946686495156,"type=xy,x_or_task=1,y_or_landing=0,yaw=0,hex=AA FF 01 06 00 01 00 00 00 00 B1,reason=normal"
946686495218,"type=xy,x_or_task=1,y_or_landing=0,yaw=0,hex=AA FF 01 06 00 01 00 00 00 00 B1,reason=normal"
946686495218,"type=mission,x_or_task=1,y_or_landing=1,yaw=0,hex=AA FF 02 02 01 01 AF,reason=normal"
946686495256,"type=xy,x_or_task=1,y_or_landing=0,yaw=0,hex=AA FF 01 06 00 01 00 00 00 00 B1,reason=normal"
946686495319,"type=xy,x_or_task=1,y_or_landing=0,yaw=0,hex=AA FF 01 06 00 01 00 00 00 00 B1,reason=normal"
946686495319,"type=mission,x_or_task=1,y_or_landing=1,yaw=0,hex=AA FF 02 02 01 01 AF,reason=normal"
946686495356,"type=xy,x_or_task=1,y_or_landing=0,yaw=0,hex=AA FF 01 06 00 01 00 00 00 00 B1,reason=normal"
946686495416,"type=xy,x_or_task=1,y_or_landing=0,yaw=0,hex=AA FF 01 06 00 01 00 00 00 00 B1,reason=normal"
946686495416,"type=mission,x_or_task=1,y_or_landing=1,yaw=0,hex=AA FF 02 02 01 01 AF,reason=normal"
946686495456,"type=xy,x_or_task=1,y_or_landing=0,yaw=0,hex=AA FF 01 06 00 01 00 00 00 00 B1,reason=normal"
946686495506,"type=xy,x_or_task=1,y_or_landing=0,yaw=0,hex=AA FF 01 06 00 01 00 00 00 00 B1,reason=normal"
946686495506,"type=mission,x_or_task=1,y_or_landing=1,yaw=0,hex=AA FF 02 02 01 01 AF,reason=normal"
946686495556,"type=xy,x_or_task=1,y_or_landing=0,yaw=0,hex=AA FF 01 06 00 01 00 00 00 00 B1,reason=normal"
946686495606,"type=xy,x_or_task=1,y_or_landing=0,yaw=0,hex=AA FF 01 06 00 01 00 00 00 00 B1,reason=normal"
946686495606,"type=mission,x_or_task=1,y_or_landing=1,yaw=0,hex=AA FF 02 02 01 01 AF,reason=normal"
946686495656,"type=xy,x_or_task=1,y_or_landing=0,yaw=0,hex=AA FF 01 06 00 01 00 00 00 00 B1,reason=normal"
946686495706,"type=xy,x_or_task=1,y_or_landing=0,yaw=0,hex=AA FF 01 06 00 01 00 00 00 00 B1,reason=normal"
946686495718,"type=mission,x_or_task=1,y_or_landing=1,yaw=0,hex=AA FF 02 02 01 01 AF,reason=normal"
946686495756,"type=xy,x_or_task=1,y_or_landing=0,yaw=0,hex=AA FF 01 06 00 01 00 00 00 00 B1,reason=normal"
946686495806,"type=xy,x_or_task=1,y_or_landing=0,yaw=0,hex=AA FF 01 06 00 01 00 00 00 00 B1,reason=normal"
946686495819,"type=mission,x_or_task=1,y_or_landing=1,yaw=0,hex=AA FF 02 02 01 01 AF,reason=normal"
946686495856,"type=xy,x_or_task=1,y_or_landing=0,yaw=0,hex=AA FF 01 06 00 01 00 00 00 00 B1,reason=normal"
946686495906,"type=xy,x_or_task=1,y_or_landing=0,yaw=0,hex=AA FF 01 06 00 01 00 00 00 00 B1,reason=normal"
946686495906,"type=mission,x_or_task=1,y_or_landing=1,yaw=0,hex=AA FF 02 02 01 01 AF,reason=normal"
946686495956,"type=xy,x_or_task=1,y_or_landing=0,yaw=0,hex=AA FF 01 06 00 01 00 00 00 00 B1,reason=normal"
946686496006,"type=xy,x_or_task=1,y_or_landing=0,yaw=0,hex=AA FF 01 06 00 01 00 00 00 00 B1,reason=normal"
946686496006,"type=mission,x_or_task=1,y_or_landing=1,yaw=0,hex=AA FF 02 02 01 01 AF,reason=normal"
946686496056,"type=xy,x_or_task=1,y_or_landing=0,yaw=0,hex=AA FF 01 06 00 01 00 00 00 00 B1,reason=normal"
946686496118,"type=xy,x_or_task=1,y_or_landing=0,yaw=0,hex=AA FF 01 06 00 01 00 00 00 00 B1,reason=normal"
946686496118,"type=mission,x_or_task=1,y_or_landing=1,yaw=0,hex=AA FF 02 02 01 01 AF,reason=normal"
946686496156,"type=xy,x_or_task=1,y_or_landing=0,yaw=0,hex=AA FF 01 06 00 01 00 00 00 00 B1,reason=normal"
946686496206,"type=xy,x_or_task=1,y_or_landing=0,yaw=0,hex=AA FF 01 06 00 01 00 00 00 00 B1,reason=normal"
946686496206,"type=mission,x_or_task=1,y_or_landing=1,yaw=0,hex=AA FF 02 02 01 01 AF,reason=normal"
946686496256,"type=xy,x_or_task=1,y_or_landing=0,yaw=0,hex=AA FF 01 06 00 01 00 00 00 00 B1,reason=normal"
946686496306,"type=xy,x_or_task=1,y_or_landing=0,yaw=0,hex=AA FF 01 06 00 01 00 00 00 00 B1,reason=normal"
946686496306,"type=mission,x_or_task=1,y_or_landing=1,yaw=0,hex=AA FF 02 02 01 01 AF,reason=normal"
946686496356,"type=xy,x_or_task=1,y_or_landing=0,yaw=0,hex=AA FF 01 06 00 01 00 00 00 00 B1,reason=normal"
946686496406,"type=xy,x_or_task=1,y_or_landing=0,yaw=0,hex=AA FF 01 06 00 01 00 00 00 00 B1,reason=normal"
946686496406,"type=mission,x_or_task=1,y_or_landing=1,yaw=0,hex=AA FF 02 02 01 01 AF,reason=normal"
946686496456,"type=xy,x_or_task=1,y_or_landing=0,yaw=0,hex=AA FF 01 06 00 01 00 00 00 00 B1,reason=normal"
946686496506,"type=xy,x_or_task=1,y_or_landing=0,yaw=0,hex=AA FF 01 06 00 01 00 00 00 00 B1,reason=normal"
946686496506,"type=mission,x_or_task=1,y_or_landing=1,yaw=0,hex=AA FF 02 02 01 01 AF,reason=normal"
946686496556,"type=xy,x_or_task=1,y_or_landing=0,yaw=0,hex=AA FF 01 06 00 01 00 00 00 00 B1,reason=normal"
946686496618,"type=xy,x_or_task=1,y_or_landing=0,yaw=0,hex=AA FF 01 06 00 01 00 00 00 00 B1,reason=normal"
946686496619,"type=mission,x_or_task=1,y_or_landing=1,yaw=0,hex=AA FF 02 02 01 01 AF,reason=normal"
946686496656,"type=xy,x_or_task=1,y_or_landing=0,yaw=0,hex=AA FF 01 06 00 01 00 00 00 00 B1,reason=normal"
946686496706,"type=xy,x_or_task=1,y_or_landing=0,yaw=0,hex=AA FF 01 06 00 01 00 00 00 00 B1,reason=normal"
946686496706,"type=mission,x_or_task=1,y_or_landing=1,yaw=0,hex=AA FF 02 02 01 01 AF,reason=normal"
946686496756,"type=xy,x_or_task=1,y_or_landing=0,yaw=0,hex=AA FF 01 06 00 01 00 00 00 00 B1,reason=normal"
946686496806,"type=xy,x_or_task=1,y_or_landing=0,yaw=0,hex=AA FF 01 06 00 01 00 00 00 00 B1,reason=normal"
946686496806,"type=mission,x_or_task=1,y_or_landing=1,yaw=0,hex=AA FF 02 02 01 01 AF,reason=normal"
946686496856,"type=xy,x_or_task=1,y_or_landing=0,yaw=0,hex=AA FF 01 06 00 01 00 00 00 00 B1,reason=normal"
946686496906,"type=xy,x_or_task=1,y_or_landing=0,yaw=0,hex=AA FF 01 06 00 01 00 00 00 00 B1,reason=normal"
946686496906,"type=mission,x_or_task=1,y_or_landing=1,yaw=0,hex=AA FF 02 02 01 01 AF,reason=normal"
946686496956,"type=xy,x_or_task=1,y_or_landing=0,yaw=0,hex=AA FF 01 06 00 01 00 00 00 00 B1,reason=normal"
946686497006,"type=xy,x_or_task=1,y_or_landing=0,yaw=0,hex=AA FF 01 06 00 01 00 00 00 00 B1,reason=normal"
946686497006,"type=mission,x_or_task=1,y_or_landing=1,yaw=0,hex=AA FF 02 02 01 01 AF,reason=normal"
946686497056,"type=xy,x_or_task=1,y_or_landing=0,yaw=0,hex=AA FF 01 06 00 01 00 00 00 00 B1,reason=normal"
946686497106,"type=xy,x_or_task=1,y_or_landing=0,yaw=0,hex=AA FF 01 06 00 01 00 00 00 00 B1,reason=normal"
946686497106,"type=mission,x_or_task=1,y_or_landing=1,yaw=0,hex=AA FF 02 02 01 01 AF,reason=normal"
946686497156,"type=xy,x_or_task=1,y_or_landing=0,yaw=0,hex=AA FF 01 06 00 01 00 00 00 00 B1,reason=normal"
946686497206,"type=xy,x_or_task=1,y_or_landing=0,yaw=0,hex=AA FF 01 06 00 01 00 00 00 00 B1,reason=normal"
946686497218,"type=mission,x_or_task=1,y_or_landing=1,yaw=0,hex=AA FF 02 02 01 01 AF,reason=normal"
946686497256,"type=xy,x_or_task=1,y_or_landing=0,yaw=0,hex=AA FF 01 06 00 01 00 00 00 00 B1,reason=normal"
946686497318,"type=xy,x_or_task=1,y_or_landing=0,yaw=0,hex=AA FF 01 06 00 01 00 00 00 00 B1,reason=normal"
946686497318,"type=mission,x_or_task=1,y_or_landing=1,yaw=0,hex=AA FF 02 02 01 01 AF,reason=normal"
946686497356,"type=xy,x_or_task=1,y_or_landing=0,yaw=0,hex=AA FF 01 06 00 01 00 00 00 00 B1,reason=normal"
946686497406,"type=xy,x_or_task=1,y_or_landing=0,yaw=0,hex=AA FF 01 06 00 01 00 00 00 00 B1,reason=normal"
946686497406,"type=mission,x_or_task=1,y_or_landing=1,yaw=0,hex=AA FF 02 02 01 01 AF,reason=normal"
946686497456,"type=xy,x_or_task=1,y_or_landing=0,yaw=0,hex=AA FF 01 06 00 01 00 00 00 00 B1,reason=normal"
946686497518,"type=xy,x_or_task=1,y_or_landing=0,yaw=0,hex=AA FF 01 06 00 01 00 00 00 00 B1,reason=normal"
946686497518,"type=mission,x_or_task=1,y_or_landing=1,yaw=0,hex=AA FF 02 02 01 01 AF,reason=normal"
946686497556,"type=xy,x_or_task=1,y_or_landing=0,yaw=0,hex=AA FF 01 06 00 01 00 00 00 00 B1,reason=normal"
946686497618,"type=xy,x_or_task=1,y_or_landing=0,yaw=0,hex=AA FF 01 06 00 01 00 00 00 00 B1,reason=normal"
946686497618,"type=mission,x_or_task=1,y_or_landing=1,yaw=0,hex=AA FF 02 02 01 01 AF,reason=normal"
946686497656,"type=xy,x_or_task=1,y_or_landing=0,yaw=0,hex=AA FF 01 06 00 01 00 00 00 00 B1,reason=normal"
946686497706,"type=xy,x_or_task=1,y_or_landing=0,yaw=0,hex=AA FF 01 06 00 01 00 00 00 00 B1,reason=normal"
946686497706,"type=mission,x_or_task=1,y_or_landing=1,yaw=0,hex=AA FF 02 02 01 01 AF,reason=normal"
946686497756,"type=xy,x_or_task=1,y_or_landing=0,yaw=0,hex=AA FF 01 06 00 01 00 00 00 00 B1,reason=normal"
946686497806,"type=xy,x_or_task=1,y_or_landing=0,yaw=0,hex=AA FF 01 06 00 01 00 00 00 00 B1,reason=normal"
946686497818,"type=mission,x_or_task=1,y_or_landing=1,yaw=0,hex=AA FF 02 02 01 01 AF,reason=normal"
946686497856,"type=xy,x_or_task=1,y_or_landing=0,yaw=0,hex=AA FF 01 06 00 01 00 00 00 00 B1,reason=normal"
946686497906,"type=xy,x_or_task=1,y_or_landing=0,yaw=0,hex=AA FF 01 06 00 01 00 00 00 00 B1,reason=normal"
946686497906,"type=mission,x_or_task=1,y_or_landing=1,yaw=0,hex=AA FF 02 02 01 01 AF,reason=normal"
946686497956,"type=xy,x_or_task=1,y_or_landing=0,yaw=0,hex=AA FF 01 06 00 01 00 00 00 00 B1,reason=normal"
946686498006,"type=xy,x_or_task=1,y_or_landing=0,yaw=0,hex=AA FF 01 06 00 01 00 00 00 00 B1,reason=normal"
946686498018,"type=mission,x_or_task=1,y_or_landing=1,yaw=0,hex=AA FF 02 02 01 01 AF,reason=normal"
946686498056,"type=xy,x_or_task=1,y_or_landing=0,yaw=0,hex=AA FF 01 06 00 01 00 00 00 00 B1,reason=normal"
946686498116,"type=xy,x_or_task=1,y_or_landing=0,yaw=0,hex=AA FF 01 06 00 01 00 00 00 00 B1,reason=normal"
946686498117,"type=mission,x_or_task=1,y_or_landing=1,yaw=0,hex=AA FF 02 02 01 01 AF,reason=normal"
946686498156,"type=xy,x_or_task=1,y_or_landing=0,yaw=0,hex=AA FF 01 06 00 01 00 00 00 00 B1,reason=normal"
946686498218,"type=xy,x_or_task=1,y_or_landing=0,yaw=0,hex=AA FF 01 06 00 01 00 00 00 00 B1,reason=normal"
946686498218,"type=mission,x_or_task=1,y_or_landing=1,yaw=0,hex=AA FF 02 02 01 01 AF,reason=normal"
946686498256,"type=xy,x_or_task=1,y_or_landing=0,yaw=0,hex=AA FF 01 06 00 01 00 00 00 00 B1,reason=normal"
946686498318,"type=xy,x_or_task=1,y_or_landing=0,yaw=0,hex=AA FF 01 06 00 01 00 00 00 00 B1,reason=normal"
946686498318,"type=mission,x_or_task=1,y_or_landing=1,yaw=0,hex=AA FF 02 02 01 01 AF,reason=normal"
946686498356,"type=xy,x_or_task=1,y_or_landing=0,yaw=0,hex=AA FF 01 06 00 01 00 00 00 00 B1,reason=normal"
946686498406,"type=xy,x_or_task=1,y_or_landing=0,yaw=0,hex=AA FF 01 06 00 01 00 00 00 00 B1,reason=normal"
946686498418,"type=mission,x_or_task=1,y_or_landing=1,yaw=0,hex=AA FF 02 02 01 01 AF,reason=normal"
946686498456,"type=xy,x_or_task=1,y_or_landing=0,yaw=0,hex=AA FF 01 06 00 01 00 00 00 00 B1,reason=normal"
946686498506,"type=xy,x_or_task=1,y_or_landing=0,yaw=0,hex=AA FF 01 06 00 01 00 00 00 00 B1,reason=normal"
946686498506,"type=mission,x_or_task=1,y_or_landing=1,yaw=0,hex=AA FF 02 02 01 01 AF,reason=normal"
946686498556,"type=xy,x_or_task=1,y_or_landing=0,yaw=0,hex=AA FF 01 06 00 01 00 00 00 00 B1,reason=normal"
946686498618,"type=xy,x_or_task=1,y_or_landing=0,yaw=0,hex=AA FF 01 06 00 01 00 00 00 00 B1,reason=normal"
946686498618,"type=mission,x_or_task=1,y_or_landing=1,yaw=0,hex=AA FF 02 02 01 01 AF,reason=normal"
946686498656,"type=xy,x_or_task=1,y_or_landing=0,yaw=0,hex=AA FF 01 06 00 01 00 00 00 00 B1,reason=normal"
946686498706,"type=xy,x_or_task=1,y_or_landing=0,yaw=0,hex=AA FF 01 06 00 01 00 00 00 00 B1,reason=normal"
946686498718,"type=mission,x_or_task=1,y_or_landing=1,yaw=0,hex=AA FF 02 02 01 01 AF,reason=normal"
946686498756,"type=xy,x_or_task=1,y_or_landing=0,yaw=0,hex=AA FF 01 06 00 01 00 00 00 00 B1,reason=normal"
946686498806,"type=xy,x_or_task=1,y_or_landing=0,yaw=0,hex=AA FF 01 06 00 01 00 00 00 00 B1,reason=normal"
946686498818,"type=mission,x_or_task=1,y_or_landing=1,yaw=0,hex=AA FF 02 02 01 01 AF,reason=normal"
946686498856,"type=xy,x_or_task=1,y_or_landing=0,yaw=0,hex=AA FF 01 06 00 01 00 00 00 00 B1,reason=normal"
946686498906,"type=xy,x_or_task=1,y_or_landing=0,yaw=0,hex=AA FF 01 06 00 01 00 00 00 00 B1,reason=normal"
946686498906,"type=mission,x_or_task=1,y_or_landing=1,yaw=0,hex=AA FF 02 02 01 01 AF,reason=normal"
946686498956,"type=xy,x_or_task=1,y_or_landing=0,yaw=0,hex=AA FF 01 06 00 01 00 00 00 00 B1,reason=normal"
946686499006,"type=xy,x_or_task=1,y_or_landing=0,yaw=0,hex=AA FF 01 06 00 01 00 00 00 00 B1,reason=normal"
946686499018,"type=mission,x_or_task=1,y_or_landing=1,yaw=0,hex=AA FF 02 02 01 01 AF,reason=normal"
946686499056,"type=xy,x_or_task=1,y_or_landing=0,yaw=0,hex=AA FF 01 06 00 01 00 00 00 00 B1,reason=normal"
946686499106,"type=xy,x_or_task=1,y_or_landing=0,yaw=0,hex=AA FF 01 06 00 01 00 00 00 00 B1,reason=normal"
946686499106,"type=mission,x_or_task=1,y_or_landing=1,yaw=0,hex=AA FF 02 02 01 01 AF,reason=normal"
946686499156,"type=xy,x_or_task=1,y_or_landing=0,yaw=0,hex=AA FF 01 06 00 01 00 00 00 00 B1,reason=normal"
946686499206,"type=xy,x_or_task=1,y_or_landing=0,yaw=0,hex=AA FF 01 06 00 01 00 00 00 00 B1,reason=normal"
946686499218,"type=mission,x_or_task=1,y_or_landing=1,yaw=0,hex=AA FF 02 02 01 01 AF,reason=normal"
946686499256,"type=xy,x_or_task=1,y_or_landing=0,yaw=0,hex=AA FF 01 06 00 01 00 00 00 00 B1,reason=normal"
946686499319,"type=xy,x_or_task=1,y_or_landing=0,yaw=0,hex=AA FF 01 06 00 01 00 00 00 00 B1,reason=normal"
946686499320,"type=mission,x_or_task=1,y_or_landing=1,yaw=0,hex=AA FF 02 02 01 01 AF,reason=normal"
946686499356,"type=xy,x_or_task=1,y_or_landing=0,yaw=0,hex=AA FF 01 06 00 01 00 00 00 00 B1,reason=normal"
946686499418,"type=xy,x_or_task=1,y_or_landing=0,yaw=0,hex=AA FF 01 06 00 01 00 00 00 00 B1,reason=normal"
946686499418,"type=mission,x_or_task=1,y_or_landing=1,yaw=0,hex=AA FF 02 02 01 01 AF,reason=normal"
946686499456,"type=xy,x_or_task=1,y_or_landing=0,yaw=0,hex=AA FF 01 06 00 01 00 00 00 00 B1,reason=normal"
946686499506,"type=xy,x_or_task=1,y_or_landing=0,yaw=0,hex=AA FF 01 06 00 01 00 00 00 00 B1,reason=normal"
946686499506,"type=mission,x_or_task=1,y_or_landing=1,yaw=0,hex=AA FF 02 02 01 01 AF,reason=normal"
946686499556,"type=xy,x_or_task=1,y_or_landing=0,yaw=0,hex=AA FF 01 06 00 01 00 00 00 00 B1,reason=normal"
946686499618,"type=xy,x_or_task=1,y_or_landing=0,yaw=0,hex=AA FF 01 06 00 01 00 00 00 00 B1,reason=normal"
946686499618,"type=mission,x_or_task=1,y_or_landing=1,yaw=0,hex=AA FF 02 02 01 01 AF,reason=normal"
946686499656,"type=xy,x_or_task=1,y_or_landing=0,yaw=0,hex=AA FF 01 06 00 01 00 00 00 00 B1,reason=normal"
946686499706,"type=xy,x_or_task=1,y_or_landing=0,yaw=0,hex=AA FF 01 06 00 01 00 00 00 00 B1,reason=normal"
946686499718,"type=mission,x_or_task=1,y_or_landing=1,yaw=0,hex=AA FF 02 02 01 01 AF,reason=normal"
946686499756,"type=xy,x_or_task=1,y_or_landing=0,yaw=0,hex=AA FF 01 06 00 01 00 00 00 00 B1,reason=normal"
946686499806,"type=xy,x_or_task=1,y_or_landing=0,yaw=0,hex=AA FF 01 06 00 01 00 00 00 00 B1,reason=normal"
946686499806,"type=mission,x_or_task=1,y_or_landing=1,yaw=0,hex=AA FF 02 02 01 01 AF,reason=normal"
946686499856,"type=xy,x_or_task=1,y_or_landing=0,yaw=0,hex=AA FF 01 06 00 01 00 00 00 00 B1,reason=normal"
946686499906,"type=xy,x_or_task=1,y_or_landing=0,yaw=0,hex=AA FF 01 06 00 01 00 00 00 00 B1,reason=normal"
946686499906,"type=mission,x_or_task=1,y_or_landing=1,yaw=0,hex=AA FF 02 02 01 01 AF,reason=normal"
946686499956,"type=xy,x_or_task=1,y_or_landing=0,yaw=0,hex=AA FF 01 06 00 01 00 00 00 00 B1,reason=normal"
946686500006,"type=xy,x_or_task=1,y_or_landing=0,yaw=0,hex=AA FF 01 06 00 01 00 00 00 00 B1,reason=normal"
946686500018,"type=mission,x_or_task=1,y_or_landing=1,yaw=0,hex=AA FF 02 02 01 01 AF,reason=normal"
946686500056,"type=xy,x_or_task=1,y_or_landing=0,yaw=0,hex=AA FF 01 06 00 01 00 00 00 00 B1,reason=normal"
946686500106,"type=xy,x_or_task=1,y_or_landing=0,yaw=0,hex=AA FF 01 06 00 01 00 00 00 00 B1,reason=normal"
946686500106,"type=mission,x_or_task=1,y_or_landing=1,yaw=0,hex=AA FF 02 02 01 01 AF,reason=normal"
946686500156,"type=xy,x_or_task=1,y_or_landing=0,yaw=0,hex=AA FF 01 06 00 01 00 00 00 00 B1,reason=normal"
946686500206,"type=xy,x_or_task=1,y_or_landing=0,yaw=0,hex=AA FF 01 06 00 01 00 00 00 00 B1,reason=normal"
946686500218,"type=mission,x_or_task=1,y_or_landing=1,yaw=0,hex=AA FF 02 02 01 01 AF,reason=normal"
946686500256,"type=xy,x_or_task=1,y_or_landing=0,yaw=0,hex=AA FF 01 06 00 01 00 00 00 00 B1,reason=normal"
946686500319,"type=xy,x_or_task=1,y_or_landing=0,yaw=0,hex=AA FF 01 06 00 01 00 00 00 00 B1,reason=normal"
946686500320,"type=mission,x_or_task=1,y_or_landing=1,yaw=0,hex=AA FF 02 02 01 01 AF,reason=normal"
946686500356,"type=xy,x_or_task=1,y_or_landing=0,yaw=0,hex=AA FF 01 06 00 01 00 00 00 00 B1,reason=normal"
946686500406,"type=xy,x_or_task=1,y_or_landing=0,yaw=0,hex=AA FF 01 06 00 01 00 00 00 00 B1,reason=normal"
946686500406,"type=mission,x_or_task=1,y_or_landing=1,yaw=0,hex=AA FF 02 02 01 01 AF,reason=normal"
946686500456,"type=xy,x_or_task=1,y_or_landing=0,yaw=0,hex=AA FF 01 06 00 01 00 00 00 00 B1,reason=normal"
946686500518,"type=xy,x_or_task=1,y_or_landing=0,yaw=0,hex=AA FF 01 06 00 01 00 00 00 00 B1,reason=normal"
946686500518,"type=mission,x_or_task=1,y_or_landing=1,yaw=0,hex=AA FF 02 02 01 01 AF,reason=normal"
946686500556,"type=xy,x_or_task=1,y_or_landing=0,yaw=0,hex=AA FF 01 06 00 01 00 00 00 00 B1,reason=normal"
946686500606,"type=xy,x_or_task=1,y_or_landing=0,yaw=0,hex=AA FF 01 06 00 01 00 00 00 00 B1,reason=normal"
946686500619,"type=mission,x_or_task=1,y_or_landing=1,yaw=0,hex=AA FF 02 02 01 01 AF,reason=normal"
946686500656,"type=xy,x_or_task=1,y_or_landing=0,yaw=0,hex=AA FF 01 06 00 01 00 00 00 00 B1,reason=normal"
946686500706,"type=xy,x_or_task=1,y_or_landing=0,yaw=0,hex=AA FF 01 06 00 01 00 00 00 00 B1,reason=normal"
946686500706,"type=mission,x_or_task=1,y_or_landing=1,yaw=0,hex=AA FF 02 02 01 01 AF,reason=normal"
946686500756,"type=xy,x_or_task=1,y_or_landing=0,yaw=0,hex=AA FF 01 06 00 01 00 00 00 00 B1,reason=normal"
946686500818,"type=xy,x_or_task=1,y_or_landing=0,yaw=0,hex=AA FF 01 06 00 01 00 00 00 00 B1,reason=normal"
946686500818,"type=mission,x_or_task=1,y_or_landing=1,yaw=0,hex=AA FF 02 02 01 01 AF,reason=normal"
946686500856,"type=xy,x_or_task=1,y_or_landing=0,yaw=0,hex=AA FF 01 06 00 01 00 00 00 00 B1,reason=normal"
946686500906,"type=xy,x_or_task=1,y_or_landing=0,yaw=0,hex=AA FF 01 06 00 01 00 00 00 00 B1,reason=normal"
946686500918,"type=mission,x_or_task=1,y_or_landing=1,yaw=0,hex=AA FF 02 02 01 01 AF,reason=normal"
946686500956,"type=xy,x_or_task=1,y_or_landing=0,yaw=0,hex=AA FF 01 06 00 01 00 00 00 00 B1,reason=normal"
946686501018,"type=xy,x_or_task=1,y_or_landing=0,yaw=0,hex=AA FF 01 06 00 01 00 00 00 00 B1,reason=normal"
946686501018,"type=mission,x_or_task=1,y_or_landing=1,yaw=0,hex=AA FF 02 02 01 01 AF,reason=normal"
946686501056,"type=xy,x_or_task=1,y_or_landing=0,yaw=0,hex=AA FF 01 06 00 01 00 00 00 00 B1,reason=normal"
946686501106,"type=xy,x_or_task=1,y_or_landing=0,yaw=0,hex=AA FF 01 06 00 01 00 00 00 00 B1,reason=normal"
946686501106,"type=mission,x_or_task=1,y_or_landing=1,yaw=0,hex=AA FF 02 02 01 01 AF,reason=normal"
946686501156,"type=xy,x_or_task=1,y_or_landing=0,yaw=0,hex=AA FF 01 06 00 01 00 00 00 00 B1,reason=normal"
946686501206,"type=xy,x_or_task=1,y_or_landing=0,yaw=0,hex=AA FF 01 06 00 01 00 00 00 00 B1,reason=normal"
946686501206,"type=mission,x_or_task=1,y_or_landing=1,yaw=0,hex=AA FF 02 02 01 01 AF,reason=normal"
946686501256,"type=xy,x_or_task=1,y_or_landing=0,yaw=0,hex=AA FF 01 06 00 01 00 00 00 00 B1,reason=normal"
946686501306,"type=xy,x_or_task=1,y_or_landing=0,yaw=0,hex=AA FF 01 06 00 01 00 00 00 00 B1,reason=normal"
946686501318,"type=mission,x_or_task=1,y_or_landing=1,yaw=0,hex=AA FF 02 02 01 01 AF,reason=normal"
946686501356,"type=xy,x_or_task=1,y_or_landing=0,yaw=0,hex=AA FF 01 06 00 01 00 00 00 00 B1,reason=normal"
946686501418,"type=xy,x_or_task=1,y_or_landing=0,yaw=0,hex=AA FF 01 06 00 01 00 00 00 00 B1,reason=normal"
946686501418,"type=mission,x_or_task=1,y_or_landing=1,yaw=0,hex=AA FF 02 02 01 01 AF,reason=normal"
946686501456,"type=xy,x_or_task=1,y_or_landing=0,yaw=0,hex=AA FF 01 06 00 01 00 00 00 00 B1,reason=normal"
946686501506,"type=xy,x_or_task=1,y_or_landing=0,yaw=0,hex=AA FF 01 06 00 01 00 00 00 00 B1,reason=normal"
946686501518,"type=mission,x_or_task=1,y_or_landing=1,yaw=0,hex=AA FF 02 02 01 01 AF,reason=normal"
946686501556,"type=xy,x_or_task=1,y_or_landing=0,yaw=0,hex=AA FF 01 06 00 01 00 00 00 00 B1,reason=normal"
946686501606,"type=xy,x_or_task=1,y_or_landing=0,yaw=0,hex=AA FF 01 06 00 01 00 00 00 00 B1,reason=normal"
946686501606,"type=mission,x_or_task=1,y_or_landing=1,yaw=0,hex=AA FF 02 02 01 01 AF,reason=normal"
946686501656,"type=xy,x_or_task=1,y_or_landing=0,yaw=0,hex=AA FF 01 06 00 01 00 00 00 00 B1,reason=normal"
946686501706,"type=xy,x_or_task=1,y_or_landing=0,yaw=0,hex=AA FF 01 06 00 01 00 00 00 00 B1,reason=normal"
946686501706,"type=mission,x_or_task=1,y_or_landing=1,yaw=0,hex=AA FF 02 02 01 01 AF,reason=normal"
946686501756,"type=xy,x_or_task=1,y_or_landing=0,yaw=0,hex=AA FF 01 06 00 01 00 00 00 00 B1,reason=normal"
946686501818,"type=xy,x_or_task=1,y_or_landing=0,yaw=0,hex=AA FF 01 06 00 01 00 00 00 00 B1,reason=normal"
946686501818,"type=mission,x_or_task=1,y_or_landing=1,yaw=0,hex=AA FF 02 02 01 01 AF,reason=normal"
946686501856,"type=xy,x_or_task=1,y_or_landing=0,yaw=0,hex=AA FF 01 06 00 01 00 00 00 00 B1,reason=normal"
946686501906,"type=xy,x_or_task=1,y_or_landing=0,yaw=0,hex=AA FF 01 06 00 01 00 00 00 00 B1,reason=normal"
946686501906,"type=mission,x_or_task=1,y_or_landing=1,yaw=0,hex=AA FF 02 02 01 01 AF,reason=normal"
946686501956,"type=xy,x_or_task=1,y_or_landing=0,yaw=0,hex=AA FF 01 06 00 01 00 00 00 00 B1,reason=normal"
946686502006,"type=xy,x_or_task=1,y_or_landing=0,yaw=0,hex=AA FF 01 06 00 01 00 00 00 00 B1,reason=normal"
946686502006,"type=mission,x_or_task=1,y_or_landing=1,yaw=0,hex=AA FF 02 02 01 01 AF,reason=normal"
946686502056,"type=xy,x_or_task=1,y_or_landing=0,yaw=0,hex=AA FF 01 06 00 01 00 00 00 00 B1,reason=normal"
946686502106,"type=xy,x_or_task=1,y_or_landing=0,yaw=0,hex=AA FF 01 06 00 01 00 00 00 00 B1,reason=normal"
946686502118,"type=mission,x_or_task=1,y_or_landing=1,yaw=0,hex=AA FF 02 02 01 01 AF,reason=normal"
946686502156,"type=xy,x_or_task=1,y_or_landing=0,yaw=0,hex=AA FF 01 06 00 01 00 00 00 00 B1,reason=normal"
946686502206,"type=xy,x_or_task=1,y_or_landing=0,yaw=0,hex=AA FF 01 06 00 01 00 00 00 00 B1,reason=normal"
946686502206,"type=mission,x_or_task=1,y_or_landing=1,yaw=0,hex=AA FF 02 02 01 01 AF,reason=normal"
946686502256,"type=xy,x_or_task=1,y_or_landing=0,yaw=0,hex=AA FF 01 06 00 01 00 00 00 00 B1,reason=normal"
946686502306,"type=xy,x_or_task=1,y_or_landing=0,yaw=0,hex=AA FF 01 06 00 01 00 00 00 00 B1,reason=normal"
946686502306,"type=mission,x_or_task=1,y_or_landing=1,yaw=0,hex=AA FF 02 02 01 01 AF,reason=normal"
946686502356,"type=xy,x_or_task=1,y_or_landing=0,yaw=0,hex=AA FF 01 06 00 01 00 00 00 00 B1,reason=normal"
946686502406,"type=xy,x_or_task=1,y_or_landing=0,yaw=0,hex=AA FF 01 06 00 01 00 00 00 00 B1,reason=normal"
946686502406,"type=mission,x_or_task=1,y_or_landing=1,yaw=0,hex=AA FF 02 02 01 01 AF,reason=normal"
946686502456,"type=xy,x_or_task=1,y_or_landing=0,yaw=0,hex=AA FF 01 06 00 01 00 00 00 00 B1,reason=normal"
946686502506,"type=xy,x_or_task=1,y_or_landing=0,yaw=0,hex=AA FF 01 06 00 01 00 00 00 00 B1,reason=normal"
946686502506,"type=mission,x_or_task=1,y_or_landing=1,yaw=0,hex=AA FF 02 02 01 01 AF,reason=normal"
946686502556,"type=xy,x_or_task=1,y_or_landing=0,yaw=0,hex=AA FF 01 06 00 01 00 00 00 00 B1,reason=normal"
946686502618,"type=xy,x_or_task=1,y_or_landing=0,yaw=0,hex=AA FF 01 06 00 01 00 00 00 00 B1,reason=normal"
946686502619,"type=mission,x_or_task=1,y_or_landing=1,yaw=0,hex=AA FF 02 02 01 01 AF,reason=normal"
946686502656,"type=xy,x_or_task=1,y_or_landing=0,yaw=0,hex=AA FF 01 06 00 01 00 00 00 00 B1,reason=normal"
946686502706,"type=xy,x_or_task=1,y_or_landing=0,yaw=0,hex=AA FF 01 06 00 01 00 00 00 00 B1,reason=normal"
946686502718,"type=mission,x_or_task=1,y_or_landing=1,yaw=0,hex=AA FF 02 02 01 01 AF,reason=normal"
946686502756,"type=xy,x_or_task=1,y_or_landing=0,yaw=0,hex=AA FF 01 06 00 01 00 00 00 00 B1,reason=normal"
946686502816,"type=xy,x_or_task=1,y_or_landing=0,yaw=0,hex=AA FF 01 06 00 01 00 00 00 00 B1,reason=normal"
946686502816,"type=mission,x_or_task=1,y_or_landing=1,yaw=0,hex=AA FF 02 02 01 01 AF,reason=normal"
946686502856,"type=xy,x_or_task=1,y_or_landing=0,yaw=0,hex=AA FF 01 06 00 01 00 00 00 00 B1,reason=normal"
946686502906,"type=xy,x_or_task=1,y_or_landing=0,yaw=0,hex=AA FF 01 06 00 01 00 00 00 00 B1,reason=normal"
946686502906,"type=mission,x_or_task=1,y_or_landing=1,yaw=0,hex=AA FF 02 02 01 01 AF,reason=normal"
946686502956,"type=xy,x_or_task=1,y_or_landing=0,yaw=0,hex=AA FF 01 06 00 01 00 00 00 00 B1,reason=normal"
946686503017,"type=xy,x_or_task=1,y_or_landing=0,yaw=0,hex=AA FF 01 06 00 01 00 00 00 00 B1,reason=normal"
946686503017,"type=mission,x_or_task=1,y_or_landing=1,yaw=0,hex=AA FF 02 02 01 01 AF,reason=normal"
946686503056,"type=xy,x_or_task=1,y_or_landing=0,yaw=0,hex=AA FF 01 06 00 01 00 00 00 00 B1,reason=normal"
946686503106,"type=xy,x_or_task=1,y_or_landing=0,yaw=0,hex=AA FF 01 06 00 01 00 00 00 00 B1,reason=normal"
946686503106,"type=mission,x_or_task=1,y_or_landing=1,yaw=0,hex=AA FF 02 02 01 01 AF,reason=normal"
946686503156,"type=xy,x_or_task=1,y_or_landing=0,yaw=0,hex=AA FF 01 06 00 01 00 00 00 00 B1,reason=normal"
946686503218,"type=xy,x_or_task=1,y_or_landing=0,yaw=0,hex=AA FF 01 06 00 01 00 00 00 00 B1,reason=normal"
946686503218,"type=mission,x_or_task=1,y_or_landing=1,yaw=0,hex=AA FF 02 02 01 01 AF,reason=normal"
946686503256,"type=xy,x_or_task=1,y_or_landing=0,yaw=0,hex=AA FF 01 06 00 01 00 00 00 00 B1,reason=normal"
946686503317,"type=xy,x_or_task=1,y_or_landing=0,yaw=0,hex=AA FF 01 06 00 01 00 00 00 00 B1,reason=normal"
946686503318,"type=mission,x_or_task=1,y_or_landing=1,yaw=0,hex=AA FF 02 02 01 01 AF,reason=normal"
946686503356,"type=xy,x_or_task=1,y_or_landing=0,yaw=0,hex=AA FF 01 06 00 01 00 00 00 00 B1,reason=normal"
946686503417,"type=xy,x_or_task=1,y_or_landing=0,yaw=0,hex=AA FF 01 06 00 01 00 00 00 00 B1,reason=normal"
946686503417,"type=mission,x_or_task=1,y_or_landing=1,yaw=0,hex=AA FF 02 02 01 01 AF,reason=normal"
946686503456,"type=xy,x_or_task=1,y_or_landing=0,yaw=0,hex=AA FF 01 06 00 01 00 00 00 00 B1,reason=normal"
946686503506,"type=xy,x_or_task=1,y_or_landing=0,yaw=0,hex=AA FF 01 06 00 01 00 00 00 00 B1,reason=normal"
946686503518,"type=mission,x_or_task=1,y_or_landing=1,yaw=0,hex=AA FF 02 02 01 01 AF,reason=normal"
946686503556,"type=xy,x_or_task=1,y_or_landing=0,yaw=0,hex=AA FF 01 06 00 01 00 00 00 00 B1,reason=normal"
946686503606,"type=xy,x_or_task=1,y_or_landing=0,yaw=0,hex=AA FF 01 06 00 01 00 00 00 00 B1,reason=normal"
946686503606,"type=mission,x_or_task=1,y_or_landing=1,yaw=0,hex=AA FF 02 02 01 01 AF,reason=normal"
946686503656,"type=xy,x_or_task=1,y_or_landing=0,yaw=0,hex=AA FF 01 06 00 01 00 00 00 00 B1,reason=normal"
946686503706,"type=xy,x_or_task=1,y_or_landing=0,yaw=0,hex=AA FF 01 06 00 01 00 00 00 00 B1,reason=normal"
946686503706,"type=mission,x_or_task=1,y_or_landing=1,yaw=0,hex=AA FF 02 02 01 01 AF,reason=normal"
946686503756,"type=xy,x_or_task=1,y_or_landing=0,yaw=0,hex=AA FF 01 06 00 01 00 00 00 00 B1,reason=normal"
946686503806,"type=xy,x_or_task=1,y_or_landing=0,yaw=0,hex=AA FF 01 06 00 01 00 00 00 00 B1,reason=normal"
946686503819,"type=mission,x_or_task=1,y_or_landing=1,yaw=0,hex=AA FF 02 02 01 01 AF,reason=normal"
946686503856,"type=xy,x_or_task=1,y_or_landing=0,yaw=0,hex=AA FF 01 06 00 01 00 00 00 00 B1,reason=normal"
946686503906,"type=xy,x_or_task=1,y_or_landing=0,yaw=0,hex=AA FF 01 06 00 01 00 00 00 00 B1,reason=normal"
946686503906,"type=mission,x_or_task=1,y_or_landing=1,yaw=0,hex=AA FF 02 02 01 01 AF,reason=normal"
946686503956,"type=xy,x_or_task=1,y_or_landing=0,yaw=0,hex=AA FF 01 06 00 01 00 00 00 00 B1,reason=normal"
946686504018,"type=xy,x_or_task=1,y_or_landing=0,yaw=0,hex=AA FF 01 06 00 01 00 00 00 00 B1,reason=normal"
946686504018,"type=mission,x_or_task=1,y_or_landing=1,yaw=0,hex=AA FF 02 02 01 01 AF,reason=normal"
946686504056,"type=xy,x_or_task=1,y_or_landing=0,yaw=0,hex=AA FF 01 06 00 01 00 00 00 00 B1,reason=normal"
946686504118,"type=xy,x_or_task=1,y_or_landing=0,yaw=0,hex=AA FF 01 06 00 01 00 00 00 00 B1,reason=normal"
946686504118,"type=mission,x_or_task=1,y_or_landing=1,yaw=0,hex=AA FF 02 02 01 01 AF,reason=normal"
946686504156,"type=xy,x_or_task=1,y_or_landing=0,yaw=0,hex=AA FF 01 06 00 01 00 00 00 00 B1,reason=normal"
946686504218,"type=xy,x_or_task=1,y_or_landing=0,yaw=0,hex=AA FF 01 06 00 01 00 00 00 00 B1,reason=normal"
946686504219,"type=mission,x_or_task=1,y_or_landing=1,yaw=0,hex=AA FF 02 02 01 01 AF,reason=normal"
946686504256,"type=xy,x_or_task=1,y_or_landing=0,yaw=0,hex=AA FF 01 06 00 01 00 00 00 00 B1,reason=normal"
946686504319,"type=xy,x_or_task=1,y_or_landing=0,yaw=0,hex=AA FF 01 06 00 01 00 00 00 00 B1,reason=normal"
946686504320,"type=mission,x_or_task=1,y_or_landing=1,yaw=0,hex=AA FF 02 02 01 01 AF,reason=normal"
946686504356,"type=xy,x_or_task=1,y_or_landing=0,yaw=0,hex=AA FF 01 06 00 01 00 00 00 00 B1,reason=normal"
946686504420,"type=xy,x_or_task=1,y_or_landing=0,yaw=0,hex=AA FF 01 06 00 01 00 00 00 00 B1,reason=normal"
946686504420,"type=mission,x_or_task=1,y_or_landing=1,yaw=0,hex=AA FF 02 02 01 01 AF,reason=normal"
946686504456,"type=xy,x_or_task=1,y_or_landing=0,yaw=0,hex=AA FF 01 06 00 01 00 00 00 00 B1,reason=normal"
946686504506,"type=xy,x_or_task=1,y_or_landing=0,yaw=0,hex=AA FF 01 06 00 01 00 00 00 00 B1,reason=normal"
946686504518,"type=mission,x_or_task=1,y_or_landing=1,yaw=0,hex=AA FF 02 02 01 01 AF,reason=normal"
946686504556,"type=xy,x_or_task=1,y_or_landing=0,yaw=0,hex=AA FF 01 06 00 01 00 00 00 00 B1,reason=normal"
946686504606,"type=xy,x_or_task=1,y_or_landing=0,yaw=0,hex=AA FF 01 06 00 01 00 00 00 00 B1,reason=normal"
946686504606,"type=mission,x_or_task=1,y_or_landing=1,yaw=0,hex=AA FF 02 02 01 01 AF,reason=normal"
946686504656,"type=xy,x_or_task=1,y_or_landing=0,yaw=0,hex=AA FF 01 06 00 01 00 00 00 00 B1,reason=normal"
946686504706,"type=xy,x_or_task=1,y_or_landing=0,yaw=0,hex=AA FF 01 06 00 01 00 00 00 00 B1,reason=normal"
946686504717,"type=mission,x_or_task=1,y_or_landing=1,yaw=0,hex=AA FF 02 02 01 01 AF,reason=normal"
946686504756,"type=xy,x_or_task=1,y_or_landing=0,yaw=0,hex=AA FF 01 06 00 01 00 00 00 00 B1,reason=normal"
946686504806,"type=xy,x_or_task=1,y_or_landing=0,yaw=0,hex=AA FF 01 06 00 01 00 00 00 00 B1,reason=normal"
946686504806,"type=mission,x_or_task=1,y_or_landing=1,yaw=0,hex=AA FF 02 02 01 01 AF,reason=normal"
946686504856,"type=xy,x_or_task=1,y_or_landing=0,yaw=0,hex=AA FF 01 06 00 01 00 00 00 00 B1,reason=normal"
946686504906,"type=xy,x_or_task=1,y_or_landing=0,yaw=0,hex=AA FF 01 06 00 01 00 00 00 00 B1,reason=normal"
946686504906,"type=mission,x_or_task=1,y_or_landing=1,yaw=0,hex=AA FF 02 02 01 01 AF,reason=normal"
946686504956,"type=xy,x_or_task=1,y_or_landing=0,yaw=0,hex=AA FF 01 06 00 01 00 00 00 00 B1,reason=normal"
946686505006,"type=xy,x_or_task=1,y_or_landing=0,yaw=0,hex=AA FF 01 06 00 01 00 00 00 00 B1,reason=normal"
946686505006,"type=mission,x_or_task=1,y_or_landing=1,yaw=0,hex=AA FF 02 02 01 01 AF,reason=normal"
946686505056,"type=xy,x_or_task=1,y_or_landing=0,yaw=0,hex=AA FF 01 06 00 01 00 00 00 00 B1,reason=normal"
946686505106,"type=xy,x_or_task=1,y_or_landing=0,yaw=0,hex=AA FF 01 06 00 01 00 00 00 00 B1,reason=normal"
946686505106,"type=mission,x_or_task=1,y_or_landing=1,yaw=0,hex=AA FF 02 02 01 01 AF,reason=normal"
946686505156,"type=xy,x_or_task=1,y_or_landing=0,yaw=0,hex=AA FF 01 06 00 01 00 00 00 00 B1,reason=normal"
946686505206,"type=xy,x_or_task=1,y_or_landing=0,yaw=0,hex=AA FF 01 06 00 01 00 00 00 00 B1,reason=normal"
946686505206,"type=mission,x_or_task=1,y_or_landing=1,yaw=0,hex=AA FF 02 02 01 01 AF,reason=normal"
946686505256,"type=xy,x_or_task=1,y_or_landing=0,yaw=0,hex=AA FF 01 06 00 01 00 00 00 00 B1,reason=normal"
946686505318,"type=xy,x_or_task=1,y_or_landing=0,yaw=0,hex=AA FF 01 06 00 01 00 00 00 00 B1,reason=normal"
946686505318,"type=mission,x_or_task=1,y_or_landing=1,yaw=0,hex=AA FF 02 02 01 01 AF,reason=normal"
946686505356,"type=xy,x_or_task=1,y_or_landing=0,yaw=0,hex=AA FF 01 06 00 01 00 00 00 00 B1,reason=normal"
946686505418,"type=xy,x_or_task=1,y_or_landing=0,yaw=0,hex=AA FF 01 06 00 01 00 00 00 00 B1,reason=normal"
946686505418,"type=mission,x_or_task=1,y_or_landing=1,yaw=0,hex=AA FF 02 02 01 01 AF,reason=normal"
946686505456,"type=xy,x_or_task=1,y_or_landing=0,yaw=0,hex=AA FF 01 06 00 01 00 00 00 00 B1,reason=normal"
946686505506,"type=xy,x_or_task=1,y_or_landing=0,yaw=0,hex=AA FF 01 06 00 01 00 00 00 00 B1,reason=normal"
946686505518,"type=mission,x_or_task=1,y_or_landing=1,yaw=0,hex=AA FF 02 02 01 01 AF,reason=normal"
946686505556,"type=xy,x_or_task=1,y_or_landing=0,yaw=0,hex=AA FF 01 06 00 01 00 00 00 00 B1,reason=normal"
946686505606,"type=xy,x_or_task=1,y_or_landing=0,yaw=0,hex=AA FF 01 06 00 01 00 00 00 00 B1,reason=normal"
946686505607,"type=mission,x_or_task=1,y_or_landing=1,yaw=0,hex=AA FF 02 02 01 01 AF,reason=normal"
946686505656,"type=xy,x_or_task=1,y_or_landing=0,yaw=0,hex=AA FF 01 06 00 01 00 00 00 00 B1,reason=normal"
946686505706,"type=xy,x_or_task=1,y_or_landing=0,yaw=0,hex=AA FF 01 06 00 01 00 00 00 00 B1,reason=normal"
946686505706,"type=mission,x_or_task=1,y_or_landing=1,yaw=0,hex=AA FF 02 02 01 01 AF,reason=normal"
946686505756,"type=xy,x_or_task=1,y_or_landing=0,yaw=0,hex=AA FF 01 06 00 01 00 00 00 00 B1,reason=normal"
946686505806,"type=xy,x_or_task=1,y_or_landing=0,yaw=0,hex=AA FF 01 06 00 01 00 00 00 00 B1,reason=normal"
946686505806,"type=mission,x_or_task=1,y_or_landing=1,yaw=0,hex=AA FF 02 02 01 01 AF,reason=normal"
946686505856,"type=xy,x_or_task=1,y_or_landing=0,yaw=0,hex=AA FF 01 06 00 01 00 00 00 00 B1,reason=normal"
946686505906,"type=xy,x_or_task=1,y_or_landing=0,yaw=0,hex=AA FF 01 06 00 01 00 00 00 00 B1,reason=normal"
946686505918,"type=mission,x_or_task=1,y_or_landing=1,yaw=0,hex=AA FF 02 02 01 01 AF,reason=normal"
946686505956,"type=xy,x_or_task=1,y_or_landing=0,yaw=0,hex=AA FF 01 06 00 01 00 00 00 00 B1,reason=normal"
946686506018,"type=xy,x_or_task=1,y_or_landing=0,yaw=0,hex=AA FF 01 06 00 01 00 00 00 00 B1,reason=normal"
946686506018,"type=mission,x_or_task=1,y_or_landing=1,yaw=0,hex=AA FF 02 02 01 01 AF,reason=normal"
946686506056,"type=xy,x_or_task=1,y_or_landing=0,yaw=0,hex=AA FF 01 06 00 01 00 00 00 00 B1,reason=normal"
946686506106,"type=xy,x_or_task=1,y_or_landing=0,yaw=0,hex=AA FF 01 06 00 01 00 00 00 00 B1,reason=normal"
946686506106,"type=mission,x_or_task=1,y_or_landing=1,yaw=0,hex=AA FF 02 02 01 01 AF,reason=normal"
946686506156,"type=xy,x_or_task=1,y_or_landing=0,yaw=0,hex=AA FF 01 06 00 01 00 00 00 00 B1,reason=normal"
946686506206,"type=xy,x_or_task=1,y_or_landing=0,yaw=0,hex=AA FF 01 06 00 01 00 00 00 00 B1,reason=normal"
946686506217,"type=mission,x_or_task=1,y_or_landing=1,yaw=0,hex=AA FF 02 02 01 01 AF,reason=normal"
946686506256,"type=xy,x_or_task=1,y_or_landing=0,yaw=0,hex=AA FF 01 06 00 01 00 00 00 00 B1,reason=normal"
946686506306,"type=xy,x_or_task=1,y_or_landing=0,yaw=0,hex=AA FF 01 06 00 01 00 00 00 00 B1,reason=normal"
946686506306,"type=mission,x_or_task=1,y_or_landing=1,yaw=0,hex=AA FF 02 02 01 01 AF,reason=normal"
946686506356,"type=xy,x_or_task=1,y_or_landing=0,yaw=0,hex=AA FF 01 06 00 01 00 00 00 00 B1,reason=normal"
946686506406,"type=xy,x_or_task=1,y_or_landing=0,yaw=0,hex=AA FF 01 06 00 01 00 00 00 00 B1,reason=normal"
946686506406,"type=mission,x_or_task=1,y_or_landing=1,yaw=0,hex=AA FF 02 02 01 01 AF,reason=normal"
946686506456,"type=xy,x_or_task=1,y_or_landing=0,yaw=0,hex=AA FF 01 06 00 01 00 00 00 00 B1,reason=normal"
946686506517,"type=xy,x_or_task=1,y_or_landing=0,yaw=0,hex=AA FF 01 06 00 01 00 00 00 00 B1,reason=normal"
946686506517,"type=mission,x_or_task=1,y_or_landing=1,yaw=0,hex=AA FF 02 02 01 01 AF,reason=normal"
946686506556,"type=xy,x_or_task=1,y_or_landing=0,yaw=0,hex=AA FF 01 06 00 01 00 00 00 00 B1,reason=normal"
946686506606,"type=xy,x_or_task=1,y_or_landing=0,yaw=0,hex=AA FF 01 06 00 01 00 00 00 00 B1,reason=normal"
946686506606,"type=mission,x_or_task=1,y_or_landing=1,yaw=0,hex=AA FF 02 02 01 01 AF,reason=normal"
946686506656,"type=xy,x_or_task=1,y_or_landing=0,yaw=0,hex=AA FF 01 06 00 01 00 00 00 00 B1,reason=normal"
946686506706,"type=xy,x_or_task=1,y_or_landing=0,yaw=0,hex=AA FF 01 06 00 01 00 00 00 00 B1,reason=normal"
946686506706,"type=mission,x_or_task=1,y_or_landing=1,yaw=0,hex=AA FF 02 02 01 01 AF,reason=normal"
946686506756,"type=xy,x_or_task=1,y_or_landing=0,yaw=0,hex=AA FF 01 06 00 01 00 00 00 00 B1,reason=normal"
946686506806,"type=xy,x_or_task=1,y_or_landing=0,yaw=0,hex=AA FF 01 06 00 01 00 00 00 00 B1,reason=normal"
946686506806,"type=mission,x_or_task=1,y_or_landing=1,yaw=0,hex=AA FF 02 02 01 01 AF,reason=normal"
946686506856,"type=xy,x_or_task=1,y_or_landing=0,yaw=0,hex=AA FF 01 06 00 01 00 00 00 00 B1,reason=normal"
946686506906,"type=xy,x_or_task=1,y_or_landing=0,yaw=0,hex=AA FF 01 06 00 01 00 00 00 00 B1,reason=normal"
946686506906,"type=mission,x_or_task=1,y_or_landing=1,yaw=0,hex=AA FF 02 02 01 01 AF,reason=normal"
946686506956,"type=xy,x_or_task=1,y_or_landing=0,yaw=0,hex=AA FF 01 06 00 01 00 00 00 00 B1,reason=normal"
946686507006,"type=xy,x_or_task=1,y_or_landing=0,yaw=0,hex=AA FF 01 06 00 01 00 00 00 00 B1,reason=normal"
946686507006,"type=mission,x_or_task=1,y_or_landing=1,yaw=0,hex=AA FF 02 02 01 01 AF,reason=normal"
946686507056,"type=xy,x_or_task=1,y_or_landing=0,yaw=0,hex=AA FF 01 06 00 01 00 00 00 00 B1,reason=normal"
946686507106,"type=xy,x_or_task=1,y_or_landing=0,yaw=0,hex=AA FF 01 06 00 01 00 00 00 00 B1,reason=normal"
946686507106,"type=mission,x_or_task=1,y_or_landing=1,yaw=0,hex=AA FF 02 02 01 01 AF,reason=normal"
946686507156,"type=xy,x_or_task=1,y_or_landing=0,yaw=0,hex=AA FF 01 06 00 01 00 00 00 00 B1,reason=normal"
946686507206,"type=xy,x_or_task=1,y_or_landing=0,yaw=0,hex=AA FF 01 06 00 01 00 00 00 00 B1,reason=normal"
946686507206,"type=mission,x_or_task=1,y_or_landing=1,yaw=0,hex=AA FF 02 02 01 01 AF,reason=normal"
946686507256,"type=xy,x_or_task=1,y_or_landing=0,yaw=0,hex=AA FF 01 06 00 01 00 00 00 00 B1,reason=normal"
946686507306,"type=xy,x_or_task=1,y_or_landing=0,yaw=0,hex=AA FF 01 06 00 01 00 00 00 00 B1,reason=normal"
946686507306,"type=mission,x_or_task=1,y_or_landing=1,yaw=0,hex=AA FF 02 02 01 01 AF,reason=normal"
946686507356,"type=xy,x_or_task=1,y_or_landing=0,yaw=0,hex=AA FF 01 06 00 01 00 00 00 00 B1,reason=normal"
946686507406,"type=xy,x_or_task=1,y_or_landing=0,yaw=0,hex=AA FF 01 06 00 01 00 00 00 00 B1,reason=normal"
946686507406,"type=mission,x_or_task=1,y_or_landing=1,yaw=0,hex=AA FF 02 02 01 01 AF,reason=normal"
946686507456,"type=xy,x_or_task=1,y_or_landing=0,yaw=0,hex=AA FF 01 06 00 01 00 00 00 00 B1,reason=normal"
946686507506,"type=xy,x_or_task=1,y_or_landing=0,yaw=0,hex=AA FF 01 06 00 01 00 00 00 00 B1,reason=normal"
946686507506,"type=mission,x_or_task=1,y_or_landing=1,yaw=0,hex=AA FF 02 02 01 01 AF,reason=normal"
946686507556,"type=xy,x_or_task=1,y_or_landing=0,yaw=0,hex=AA FF 01 06 00 01 00 00 00 00 B1,reason=normal"
946686507618,"type=xy,x_or_task=1,y_or_landing=0,yaw=0,hex=AA FF 01 06 00 01 00 00 00 00 B1,reason=normal"
946686507618,"type=mission,x_or_task=1,y_or_landing=1,yaw=0,hex=AA FF 02 02 01 01 AF,reason=normal"
946686507656,"type=xy,x_or_task=1,y_or_landing=0,yaw=0,hex=AA FF 01 06 00 01 00 00 00 00 B1,reason=normal"
946686507706,"type=xy,x_or_task=1,y_or_landing=0,yaw=0,hex=AA FF 01 06 00 01 00 00 00 00 B1,reason=normal"
946686507706,"type=mission,x_or_task=1,y_or_landing=1,yaw=0,hex=AA FF 02 02 01 01 AF,reason=normal"
946686507756,"type=xy,x_or_task=1,y_or_landing=0,yaw=0,hex=AA FF 01 06 00 01 00 00 00 00 B1,reason=normal"
946686507806,"type=xy,x_or_task=1,y_or_landing=0,yaw=0,hex=AA FF 01 06 00 01 00 00 00 00 B1,reason=normal"
946686507806,"type=mission,x_or_task=1,y_or_landing=1,yaw=0,hex=AA FF 02 02 01 01 AF,reason=normal"
946686507856,"type=xy,x_or_task=1,y_or_landing=0,yaw=0,hex=AA FF 01 06 00 01 00 00 00 00 B1,reason=normal"
946686507906,"type=xy,x_or_task=1,y_or_landing=0,yaw=0,hex=AA FF 01 06 00 01 00 00 00 00 B1,reason=normal"
946686507906,"type=mission,x_or_task=1,y_or_landing=1,yaw=0,hex=AA FF 02 02 01 01 AF,reason=normal"
946686507956,"type=xy,x_or_task=1,y_or_landing=0,yaw=0,hex=AA FF 01 06 00 01 00 00 00 00 B1,reason=normal"
946686508006,"type=xy,x_or_task=1,y_or_landing=0,yaw=0,hex=AA FF 01 06 00 01 00 00 00 00 B1,reason=normal"
946686508006,"type=mission,x_or_task=1,y_or_landing=1,yaw=0,hex=AA FF 02 02 01 01 AF,reason=normal"
946686508056,"type=xy,x_or_task=1,y_or_landing=0,yaw=0,hex=AA FF 01 06 00 01 00 00 00 00 B1,reason=normal"
946686508106,"type=xy,x_or_task=1,y_or_landing=0,yaw=0,hex=AA FF 01 06 00 01 00 00 00 00 B1,reason=normal"
946686508106,"type=mission,x_or_task=1,y_or_landing=1,yaw=0,hex=AA FF 02 02 01 01 AF,reason=normal"
946686508156,"type=xy,x_or_task=1,y_or_landing=0,yaw=0,hex=AA FF 01 06 00 01 00 00 00 00 B1,reason=normal"
946686508206,"type=xy,x_or_task=1,y_or_landing=0,yaw=0,hex=AA FF 01 06 00 01 00 00 00 00 B1,reason=normal"
946686508206,"type=mission,x_or_task=1,y_or_landing=1,yaw=0,hex=AA FF 02 02 01 01 AF,reason=normal"
946686508256,"type=xy,x_or_task=1,y_or_landing=0,yaw=0,hex=AA FF 01 06 00 01 00 00 00 00 B1,reason=normal"
946686508306,"type=xy,x_or_task=1,y_or_landing=0,yaw=0,hex=AA FF 01 06 00 01 00 00 00 00 B1,reason=normal"
946686508306,"type=mission,x_or_task=1,y_or_landing=1,yaw=0,hex=AA FF 02 02 01 01 AF,reason=normal"
946686508356,"type=xy,x_or_task=1,y_or_landing=0,yaw=0,hex=AA FF 01 06 00 01 00 00 00 00 B1,reason=normal"
946686508406,"type=xy,x_or_task=1,y_or_landing=0,yaw=0,hex=AA FF 01 06 00 01 00 00 00 00 B1,reason=normal"
946686508406,"type=mission,x_or_task=1,y_or_landing=1,yaw=0,hex=AA FF 02 02 01 01 AF,reason=normal"
946686508456,"type=xy,x_or_task=1,y_or_landing=0,yaw=0,hex=AA FF 01 06 00 01 00 00 00 00 B1,reason=normal"
946686508506,"type=xy,x_or_task=1,y_or_landing=0,yaw=0,hex=AA FF 01 06 00 01 00 00 00 00 B1,reason=normal"
946686508506,"type=mission,x_or_task=1,y_or_landing=1,yaw=0,hex=AA FF 02 02 01 01 AF,reason=normal"
946686508556,"type=xy,x_or_task=1,y_or_landing=0,yaw=0,hex=AA FF 01 06 00 01 00 00 00 00 B1,reason=normal"
946686508606,"type=xy,x_or_task=1,y_or_landing=0,yaw=0,hex=AA FF 01 06 00 01 00 00 00 00 B1,reason=normal"
946686508606,"type=mission,x_or_task=1,y_or_landing=1,yaw=0,hex=AA FF 02 02 01 01 AF,reason=normal"
946686508656,"type=xy,x_or_task=1,y_or_landing=0,yaw=0,hex=AA FF 01 06 00 01 00 00 00 00 B1,reason=normal"
946686508706,"type=xy,x_or_task=1,y_or_landing=0,yaw=0,hex=AA FF 01 06 00 01 00 00 00 00 B1,reason=normal"
946686508706,"type=mission,x_or_task=1,y_or_landing=1,yaw=0,hex=AA FF 02 02 01 01 AF,reason=normal"
946686508756,"type=xy,x_or_task=1,y_or_landing=0,yaw=0,hex=AA FF 01 06 00 01 00 00 00 00 B1,reason=normal"
946686508806,"type=xy,x_or_task=1,y_or_landing=0,yaw=0,hex=AA FF 01 06 00 01 00 00 00 00 B1,reason=normal"
946686508806,"type=mission,x_or_task=1,y_or_landing=1,yaw=0,hex=AA FF 02 02 01 01 AF,reason=normal"
946686508856,"type=xy,x_or_task=1,y_or_landing=0,yaw=0,hex=AA FF 01 06 00 01 00 00 00 00 B1,reason=normal"
946686508906,"type=xy,x_or_task=1,y_or_landing=0,yaw=0,hex=AA FF 01 06 00 01 00 00 00 00 B1,reason=normal"
946686508906,"type=mission,x_or_task=1,y_or_landing=1,yaw=0,hex=AA FF 02 02 01 01 AF,reason=normal"
946686508956,"type=xy,x_or_task=1,y_or_landing=0,yaw=0,hex=AA FF 01 06 00 01 00 00 00 00 B1,reason=normal"
946686509006,"type=xy,x_or_task=1,y_or_landing=0,yaw=0,hex=AA FF 01 06 00 01 00 00 00 00 B1,reason=normal"
946686509006,"type=mission,x_or_task=1,y_or_landing=1,yaw=0,hex=AA FF 02 02 01 01 AF,reason=normal"
946686509056,"type=xy,x_or_task=1,y_or_landing=0,yaw=0,hex=AA FF 01 06 00 01 00 00 00 00 B1,reason=normal"
946686509115,"type=xy,x_or_task=1,y_or_landing=0,yaw=0,hex=AA FF 01 06 00 01 00 00 00 00 B1,reason=normal"
946686509115,"type=mission,x_or_task=1,y_or_landing=1,yaw=0,hex=AA FF 02 02 01 01 AF,reason=normal"
946686509156,"type=xy,x_or_task=1,y_or_landing=0,yaw=0,hex=AA FF 01 06 00 01 00 00 00 00 B1,reason=normal"
946686509213,"type=xy,x_or_task=1,y_or_landing=0,yaw=0,hex=AA FF 01 06 00 01 00 00 00 00 B1,reason=normal"
946686509214,"type=mission,x_or_task=1,y_or_landing=1,yaw=0,hex=AA FF 02 02 01 01 AF,reason=normal"
946686509255,"type=xy,x_or_task=1,y_or_landing=0,yaw=0,hex=AA FF 01 06 00 01 00 00 00 00 B1,reason=normal"
946686509306,"type=xy,x_or_task=1,y_or_landing=0,yaw=0,hex=AA FF 01 06 00 01 00 00 00 00 B1,reason=normal"
946686509306,"type=mission,x_or_task=1,y_or_landing=1,yaw=0,hex=AA FF 02 02 01 01 AF,reason=normal"
946686509356,"type=xy,x_or_task=1,y_or_landing=0,yaw=0,hex=AA FF 01 06 00 01 00 00 00 00 B1,reason=normal"
946686509406,"type=xy,x_or_task=1,y_or_landing=0,yaw=0,hex=AA FF 01 06 00 01 00 00 00 00 B1,reason=normal"
946686509406,"type=mission,x_or_task=1,y_or_landing=1,yaw=0,hex=AA FF 02 02 01 01 AF,reason=normal"
946686509456,"type=xy,x_or_task=1,y_or_landing=0,yaw=0,hex=AA FF 01 06 00 01 00 00 00 00 B1,reason=normal"
946686509515,"type=xy,x_or_task=1,y_or_landing=0,yaw=0,hex=AA FF 01 06 00 01 00 00 00 00 B1,reason=normal"
946686509515,"type=mission,x_or_task=1,y_or_landing=1,yaw=0,hex=AA FF 02 02 01 01 AF,reason=normal"
946686509556,"type=xy,x_or_task=1,y_or_landing=0,yaw=0,hex=AA FF 01 06 00 01 00 00 00 00 B1,reason=normal"
946686509606,"type=xy,x_or_task=1,y_or_landing=0,yaw=0,hex=AA FF 01 06 00 01 00 00 00 00 B1,reason=normal"
946686509606,"type=mission,x_or_task=1,y_or_landing=1,yaw=0,hex=AA FF 02 02 01 01 AF,reason=normal"
946686509656,"type=xy,x_or_task=1,y_or_landing=0,yaw=0,hex=AA FF 01 06 00 01 00 00 00 00 B1,reason=normal"
946686509706,"type=xy,x_or_task=1,y_or_landing=0,yaw=0,hex=AA FF 01 06 00 01 00 00 00 00 B1,reason=normal"
946686509706,"type=mission,x_or_task=1,y_or_landing=1,yaw=0,hex=AA FF 02 02 01 01 AF,reason=normal"
946686509756,"type=xy,x_or_task=1,y_or_landing=0,yaw=0,hex=AA FF 01 06 00 01 00 00 00 00 B1,reason=normal"
946686509806,"type=xy,x_or_task=1,y_or_landing=0,yaw=0,hex=AA FF 01 06 00 01 00 00 00 00 B1,reason=normal"
946686509806,"type=mission,x_or_task=1,y_or_landing=1,yaw=0,hex=AA FF 02 02 01 01 AF,reason=normal"
946686509856,"type=xy,x_or_task=1,y_or_landing=0,yaw=0,hex=AA FF 01 06 00 01 00 00 00 00 B1,reason=normal"
946686509916,"type=xy,x_or_task=1,y_or_landing=0,yaw=0,hex=AA FF 01 06 00 01 00 00 00 00 B1,reason=normal"
946686509917,"type=mission,x_or_task=1,y_or_landing=1,yaw=0,hex=AA FF 02 02 01 01 AF,reason=normal"
946686509956,"type=xy,x_or_task=1,y_or_landing=0,yaw=0,hex=AA FF 01 06 00 01 00 00 00 00 B1,reason=normal"
946686510015,"type=xy,x_or_task=1,y_or_landing=0,yaw=0,hex=AA FF 01 06 00 01 00 00 00 00 B1,reason=normal"
946686510015,"type=mission,x_or_task=1,y_or_landing=1,yaw=0,hex=AA FF 02 02 01 01 AF,reason=normal"
946686510056,"type=xy,x_or_task=1,y_or_landing=0,yaw=0,hex=AA FF 01 06 00 01 00 00 00 00 B1,reason=normal"
946686510116,"type=xy,x_or_task=1,y_or_landing=0,yaw=0,hex=AA FF 01 06 00 01 00 00 00 00 B1,reason=normal"
946686510117,"type=mission,x_or_task=1,y_or_landing=1,yaw=0,hex=AA FF 02 02 01 01 AF,reason=normal"
946686510156,"type=xy,x_or_task=1,y_or_landing=0,yaw=0,hex=AA FF 01 06 00 01 00 00 00 00 B1,reason=normal"
946686510218,"type=xy,x_or_task=1,y_or_landing=0,yaw=0,hex=AA FF 01 06 00 01 00 00 00 00 B1,reason=normal"
946686510218,"type=mission,x_or_task=1,y_or_landing=1,yaw=0,hex=AA FF 02 02 01 01 AF,reason=normal"
946686510256,"type=xy,x_or_task=1,y_or_landing=0,yaw=0,hex=AA FF 01 06 00 01 00 00 00 00 B1,reason=normal"
946686510306,"type=xy,x_or_task=1,y_or_landing=0,yaw=0,hex=AA FF 01 06 00 01 00 00 00 00 B1,reason=normal"
946686510306,"type=mission,x_or_task=1,y_or_landing=1,yaw=0,hex=AA FF 02 02 01 01 AF,reason=normal"
946686510356,"type=xy,x_or_task=1,y_or_landing=0,yaw=0,hex=AA FF 01 06 00 01 00 00 00 00 B1,reason=normal"
946686510414,"type=xy,x_or_task=1,y_or_landing=0,yaw=0,hex=AA FF 01 06 00 01 00 00 00 00 B1,reason=normal"
946686510414,"type=mission,x_or_task=1,y_or_landing=1,yaw=0,hex=AA FF 02 02 01 01 AF,reason=normal"
946686510456,"type=xy,x_or_task=1,y_or_landing=0,yaw=0,hex=AA FF 01 06 00 01 00 00 00 00 B1,reason=normal"
946686510515,"type=xy,x_or_task=1,y_or_landing=0,yaw=0,hex=AA FF 01 06 00 01 00 00 00 00 B1,reason=normal"
946686510515,"type=mission,x_or_task=1,y_or_landing=1,yaw=0,hex=AA FF 02 02 01 01 AF,reason=normal"
946686510556,"type=xy,x_or_task=1,y_or_landing=0,yaw=0,hex=AA FF 01 06 00 01 00 00 00 00 B1,reason=normal"
946686510618,"type=xy,x_or_task=1,y_or_landing=0,yaw=0,hex=AA FF 01 06 00 01 00 00 00 00 B1,reason=normal"
946686510618,"type=mission,x_or_task=1,y_or_landing=1,yaw=0,hex=AA FF 02 02 01 01 AF,reason=normal"
946686510656,"type=xy,x_or_task=1,y_or_landing=0,yaw=0,hex=AA FF 01 06 00 01 00 00 00 00 B1,reason=normal"
946686510717,"type=xy,x_or_task=1,y_or_landing=0,yaw=0,hex=AA FF 01 06 00 01 00 00 00 00 B1,reason=normal"
946686510717,"type=mission,x_or_task=1,y_or_landing=1,yaw=0,hex=AA FF 02 02 01 01 AF,reason=normal"
946686510756,"type=xy,x_or_task=1,y_or_landing=0,yaw=0,hex=AA FF 01 06 00 01 00 00 00 00 B1,reason=normal"
946686510814,"type=xy,x_or_task=1,y_or_landing=0,yaw=0,hex=AA FF 01 06 00 01 00 00 00 00 B1,reason=normal"
946686510814,"type=mission,x_or_task=1,y_or_landing=1,yaw=0,hex=AA FF 02 02 01 01 AF,reason=normal"
946686510856,"type=xy,x_or_task=1,y_or_landing=0,yaw=0,hex=AA FF 01 06 00 01 00 00 00 00 B1,reason=normal"
946686510918,"type=xy,x_or_task=1,y_or_landing=0,yaw=0,hex=AA FF 01 06 00 01 00 00 00 00 B1,reason=normal"
946686510919,"type=mission,x_or_task=1,y_or_landing=1,yaw=0,hex=AA FF 02 02 01 01 AF,reason=normal"
946686510956,"type=xy,x_or_task=1,y_or_landing=0,yaw=0,hex=AA FF 01 06 00 01 00 00 00 00 B1,reason=normal"
946686511006,"type=xy,x_or_task=1,y_or_landing=0,yaw=0,hex=AA FF 01 06 00 01 00 00 00 00 B1,reason=normal"
946686511018,"type=mission,x_or_task=1,y_or_landing=1,yaw=0,hex=AA FF 02 02 01 01 AF,reason=normal"
946686511056,"type=xy,x_or_task=1,y_or_landing=0,yaw=0,hex=AA FF 01 06 00 01 00 00 00 00 B1,reason=normal"
946686511106,"type=xy,x_or_task=1,y_or_landing=0,yaw=0,hex=AA FF 01 06 00 01 00 00 00 00 B1,reason=normal"
946686511106,"type=mission,x_or_task=1,y_or_landing=1,yaw=0,hex=AA FF 02 02 01 01 AF,reason=normal"
946686511156,"type=xy,x_or_task=1,y_or_landing=0,yaw=0,hex=AA FF 01 06 00 01 00 00 00 00 B1,reason=normal"
946686511206,"type=xy,x_or_task=1,y_or_landing=0,yaw=0,hex=AA FF 01 06 00 01 00 00 00 00 B1,reason=normal"
946686511218,"type=mission,x_or_task=1,y_or_landing=1,yaw=0,hex=AA FF 02 02 01 01 AF,reason=normal"
946686511256,"type=xy,x_or_task=1,y_or_landing=0,yaw=0,hex=AA FF 01 06 00 01 00 00 00 00 B1,reason=normal"
946686511318,"type=xy,x_or_task=1,y_or_landing=0,yaw=0,hex=AA FF 01 06 00 01 00 00 00 00 B1,reason=normal"
946686511319,"type=mission,x_or_task=1,y_or_landing=1,yaw=0,hex=AA FF 02 02 01 01 AF,reason=normal"
946686511356,"type=xy,x_or_task=1,y_or_landing=0,yaw=0,hex=AA FF 01 06 00 01 00 00 00 00 B1,reason=normal"
946686511406,"type=xy,x_or_task=1,y_or_landing=0,yaw=0,hex=AA FF 01 06 00 01 00 00 00 00 B1,reason=normal"
946686511419,"type=mission,x_or_task=1,y_or_landing=1,yaw=0,hex=AA FF 02 02 01 01 AF,reason=normal"
946686511456,"type=xy,x_or_task=1,y_or_landing=0,yaw=0,hex=AA FF 01 06 00 01 00 00 00 00 B1,reason=normal"
946686511518,"type=xy,x_or_task=1,y_or_landing=0,yaw=0,hex=AA FF 01 06 00 01 00 00 00 00 B1,reason=normal"
946686511518,"type=mission,x_or_task=1,y_or_landing=1,yaw=0,hex=AA FF 02 02 01 01 AF,reason=normal"
946686511556,"type=xy,x_or_task=1,y_or_landing=0,yaw=0,hex=AA FF 01 06 00 01 00 00 00 00 B1,reason=normal"
946686511606,"type=xy,x_or_task=1,y_or_landing=0,yaw=0,hex=AA FF 01 06 00 01 00 00 00 00 B1,reason=normal"
946686511606,"type=mission,x_or_task=1,y_or_landing=1,yaw=0,hex=AA FF 02 02 01 01 AF,reason=normal"
946686511656,"type=xy,x_or_task=1,y_or_landing=0,yaw=0,hex=AA FF 01 06 00 01 00 00 00 00 B1,reason=normal"
946686511706,"type=xy,x_or_task=1,y_or_landing=0,yaw=0,hex=AA FF 01 06 00 01 00 00 00 00 B1,reason=normal"
946686511706,"type=mission,x_or_task=1,y_or_landing=1,yaw=0,hex=AA FF 02 02 01 01 AF,reason=normal"
946686511756,"type=xy,x_or_task=1,y_or_landing=0,yaw=0,hex=AA FF 01 06 00 01 00 00 00 00 B1,reason=normal"
946686511815,"type=xy,x_or_task=1,y_or_landing=0,yaw=0,hex=AA FF 01 06 00 01 00 00 00 00 B1,reason=normal"
946686511815,"type=mission,x_or_task=1,y_or_landing=1,yaw=0,hex=AA FF 02 02 01 01 AF,reason=normal"
946686511856,"type=xy,x_or_task=1,y_or_landing=0,yaw=0,hex=AA FF 01 06 00 01 00 00 00 00 B1,reason=normal"
946686511906,"type=xy,x_or_task=1,y_or_landing=0,yaw=0,hex=AA FF 01 06 00 01 00 00 00 00 B1,reason=normal"
946686511918,"type=mission,x_or_task=1,y_or_landing=1,yaw=0,hex=AA FF 02 02 01 01 AF,reason=normal"
946686511956,"type=xy,x_or_task=1,y_or_landing=0,yaw=0,hex=AA FF 01 06 00 01 00 00 00 00 B1,reason=normal"
946686512020,"type=xy,x_or_task=1,y_or_landing=0,yaw=0,hex=AA FF 01 06 00 01 00 00 00 00 B1,reason=normal"
946686512020,"type=mission,x_or_task=1,y_or_landing=1,yaw=0,hex=AA FF 02 02 01 01 AF,reason=normal"
946686512056,"type=xy,x_or_task=1,y_or_landing=0,yaw=0,hex=AA FF 01 06 00 01 00 00 00 00 B1,reason=normal"
946686512118,"type=xy,x_or_task=1,y_or_landing=0,yaw=0,hex=AA FF 01 06 00 01 00 00 00 00 B1,reason=normal"
946686512119,"type=mission,x_or_task=1,y_or_landing=1,yaw=0,hex=AA FF 02 02 01 01 AF,reason=normal"
946686512156,"type=xy,x_or_task=1,y_or_landing=0,yaw=0,hex=AA FF 01 06 00 01 00 00 00 00 B1,reason=normal"
946686512218,"type=xy,x_or_task=1,y_or_landing=0,yaw=0,hex=AA FF 01 06 00 01 00 00 00 00 B1,reason=normal"
946686512218,"type=mission,x_or_task=1,y_or_landing=1,yaw=0,hex=AA FF 02 02 01 01 AF,reason=normal"
946686512256,"type=xy,x_or_task=1,y_or_landing=0,yaw=0,hex=AA FF 01 06 00 01 00 00 00 00 B1,reason=normal"
946686512306,"type=xy,x_or_task=1,y_or_landing=0,yaw=0,hex=AA FF 01 06 00 01 00 00 00 00 B1,reason=normal"
946686512319,"type=mission,x_or_task=1,y_or_landing=1,yaw=0,hex=AA FF 02 02 01 01 AF,reason=normal"
946686512356,"type=xy,x_or_task=1,y_or_landing=0,yaw=0,hex=AA FF 01 06 00 01 00 00 00 00 B1,reason=normal"
946686512406,"type=xy,x_or_task=1,y_or_landing=0,yaw=0,hex=AA FF 01 06 00 01 00 00 00 00 B1,reason=normal"
946686512406,"type=mission,x_or_task=1,y_or_landing=1,yaw=0,hex=AA FF 02 02 01 01 AF,reason=normal"
946686512456,"type=xy,x_or_task=1,y_or_landing=0,yaw=0,hex=AA FF 01 06 00 01 00 00 00 00 B1,reason=normal"
946686512506,"type=xy,x_or_task=1,y_or_landing=0,yaw=0,hex=AA FF 01 06 00 01 00 00 00 00 B1,reason=normal"
946686512506,"type=mission,x_or_task=1,y_or_landing=1,yaw=0,hex=AA FF 02 02 01 01 AF,reason=normal"
946686512556,"type=xy,x_or_task=1,y_or_landing=0,yaw=0,hex=AA FF 01 06 00 01 00 00 00 00 B1,reason=normal"
946686512606,"type=xy,x_or_task=1,y_or_landing=0,yaw=0,hex=AA FF 01 06 00 01 00 00 00 00 B1,reason=normal"
946686512606,"type=mission,x_or_task=1,y_or_landing=1,yaw=0,hex=AA FF 02 02 01 01 AF,reason=normal"
946686512656,"type=xy,x_or_task=1,y_or_landing=0,yaw=0,hex=AA FF 01 06 00 01 00 00 00 00 B1,reason=normal"
946686512718,"type=xy,x_or_task=1,y_or_landing=0,yaw=0,hex=AA FF 01 06 00 01 00 00 00 00 B1,reason=normal"
946686512718,"type=mission,x_or_task=1,y_or_landing=1,yaw=0,hex=AA FF 02 02 01 01 AF,reason=normal"
946686512756,"type=xy,x_or_task=1,y_or_landing=0,yaw=0,hex=AA FF 01 06 00 01 00 00 00 00 B1,reason=normal"
946686512818,"type=xy,x_or_task=1,y_or_landing=0,yaw=0,hex=AA FF 01 06 00 01 00 00 00 00 B1,reason=normal"
946686512818,"type=mission,x_or_task=1,y_or_landing=1,yaw=0,hex=AA FF 02 02 01 01 AF,reason=normal"
946686512856,"type=xy,x_or_task=1,y_or_landing=0,yaw=0,hex=AA FF 01 06 00 01 00 00 00 00 B1,reason=normal"
946686512906,"type=xy,x_or_task=1,y_or_landing=0,yaw=0,hex=AA FF 01 06 00 01 00 00 00 00 B1,reason=normal"
946686512918,"type=mission,x_or_task=1,y_or_landing=1,yaw=0,hex=AA FF 02 02 01 01 AF,reason=normal"
946686512956,"type=xy,x_or_task=1,y_or_landing=0,yaw=0,hex=AA FF 01 06 00 01 00 00 00 00 B1,reason=normal"
946686513006,"type=xy,x_or_task=1,y_or_landing=0,yaw=0,hex=AA FF 01 06 00 01 00 00 00 00 B1,reason=normal"
946686513006,"type=mission,x_or_task=1,y_or_landing=1,yaw=0,hex=AA FF 02 02 01 01 AF,reason=normal"
946686513056,"type=xy,x_or_task=1,y_or_landing=0,yaw=0,hex=AA FF 01 06 00 01 00 00 00 00 B1,reason=normal"
946686513106,"type=xy,x_or_task=1,y_or_landing=0,yaw=0,hex=AA FF 01 06 00 01 00 00 00 00 B1,reason=normal"
946686513106,"type=mission,x_or_task=1,y_or_landing=1,yaw=0,hex=AA FF 02 02 01 01 AF,reason=normal"
946686513156,"type=xy,x_or_task=1,y_or_landing=0,yaw=0,hex=AA FF 01 06 00 01 00 00 00 00 B1,reason=normal"
946686513206,"type=xy,x_or_task=1,y_or_landing=0,yaw=0,hex=AA FF 01 06 00 01 00 00 00 00 B1,reason=normal"
946686513206,"type=mission,x_or_task=1,y_or_landing=1,yaw=0,hex=AA FF 02 02 01 01 AF,reason=normal"
946686513256,"type=xy,x_or_task=1,y_or_landing=0,yaw=0,hex=AA FF 01 06 00 01 00 00 00 00 B1,reason=normal"
946686513306,"type=xy,x_or_task=1,y_or_landing=0,yaw=0,hex=AA FF 01 06 00 01 00 00 00 00 B1,reason=normal"
946686513306,"type=mission,x_or_task=1,y_or_landing=1,yaw=0,hex=AA FF 02 02 01 01 AF,reason=normal"
946686513356,"type=xy,x_or_task=1,y_or_landing=0,yaw=0,hex=AA FF 01 06 00 01 00 00 00 00 B1,reason=normal"
946686513406,"type=xy,x_or_task=1,y_or_landing=0,yaw=0,hex=AA FF 01 06 00 01 00 00 00 00 B1,reason=normal"
946686513406,"type=mission,x_or_task=1,y_or_landing=1,yaw=0,hex=AA FF 02 02 01 01 AF,reason=normal"
946686513456,"type=xy,x_or_task=1,y_or_landing=0,yaw=0,hex=AA FF 01 06 00 01 00 00 00 00 B1,reason=normal"
946686513506,"type=xy,x_or_task=1,y_or_landing=0,yaw=0,hex=AA FF 01 06 00 01 00 00 00 00 B1,reason=normal"
946686513518,"type=mission,x_or_task=1,y_or_landing=1,yaw=0,hex=AA FF 02 02 01 01 AF,reason=normal"
946686513556,"type=xy,x_or_task=1,y_or_landing=0,yaw=0,hex=AA FF 01 06 00 01 00 00 00 00 B1,reason=normal"
946686513618,"type=xy,x_or_task=1,y_or_landing=0,yaw=0,hex=AA FF 01 06 00 01 00 00 00 00 B1,reason=normal"
946686513618,"type=mission,x_or_task=1,y_or_landing=1,yaw=0,hex=AA FF 02 02 01 01 AF,reason=normal"
946686513656,"type=xy,x_or_task=1,y_or_landing=0,yaw=0,hex=AA FF 01 06 00 01 00 00 00 00 B1,reason=normal"
946686513706,"type=xy,x_or_task=1,y_or_landing=0,yaw=0,hex=AA FF 01 06 00 01 00 00 00 00 B1,reason=normal"
946686513718,"type=mission,x_or_task=1,y_or_landing=1,yaw=0,hex=AA FF 02 02 01 01 AF,reason=normal"
946686513756,"type=xy,x_or_task=1,y_or_landing=0,yaw=0,hex=AA FF 01 06 00 01 00 00 00 00 B1,reason=normal"
946686513818,"type=xy,x_or_task=1,y_or_landing=0,yaw=0,hex=AA FF 01 06 00 01 00 00 00 00 B1,reason=normal"
946686513819,"type=mission,x_or_task=1,y_or_landing=1,yaw=0,hex=AA FF 02 02 01 01 AF,reason=normal"
946686513856,"type=xy,x_or_task=1,y_or_landing=0,yaw=0,hex=AA FF 01 06 00 01 00 00 00 00 B1,reason=normal"
946686513918,"type=xy,x_or_task=1,y_or_landing=0,yaw=0,hex=AA FF 01 06 00 01 00 00 00 00 B1,reason=normal"
946686513918,"type=mission,x_or_task=1,y_or_landing=1,yaw=0,hex=AA FF 02 02 01 01 AF,reason=normal"
946686513956,"type=xy,x_or_task=1,y_or_landing=0,yaw=0,hex=AA FF 01 06 00 01 00 00 00 00 B1,reason=normal"
946686514006,"type=xy,x_or_task=1,y_or_landing=0,yaw=0,hex=AA FF 01 06 00 01 00 00 00 00 B1,reason=normal"
946686514006,"type=mission,x_or_task=1,y_or_landing=1,yaw=0,hex=AA FF 02 02 01 01 AF,reason=normal"
946686514056,"type=xy,x_or_task=1,y_or_landing=0,yaw=0,hex=AA FF 01 06 00 01 00 00 00 00 B1,reason=normal"
946686514106,"type=xy,x_or_task=1,y_or_landing=0,yaw=0,hex=AA FF 01 06 00 01 00 00 00 00 B1,reason=normal"
946686514106,"type=mission,x_or_task=1,y_or_landing=1,yaw=0,hex=AA FF 02 02 01 01 AF,reason=normal"
946686514156,"type=xy,x_or_task=1,y_or_landing=0,yaw=0,hex=AA FF 01 06 00 01 00 00 00 00 B1,reason=normal"
946686514218,"type=xy,x_or_task=1,y_or_landing=0,yaw=0,hex=AA FF 01 06 00 01 00 00 00 00 B1,reason=normal"
946686514218,"type=mission,x_or_task=1,y_or_landing=1,yaw=0,hex=AA FF 02 02 01 01 AF,reason=normal"
946686514256,"type=xy,x_or_task=1,y_or_landing=0,yaw=0,hex=AA FF 01 06 00 01 00 00 00 00 B1,reason=normal"
946686514306,"type=xy,x_or_task=1,y_or_landing=0,yaw=0,hex=AA FF 01 06 00 01 00 00 00 00 B1,reason=normal"
946686514318,"type=mission,x_or_task=1,y_or_landing=1,yaw=0,hex=AA FF 02 02 01 01 AF,reason=normal"
946686514356,"type=xy,x_or_task=1,y_or_landing=0,yaw=0,hex=AA FF 01 06 00 01 00 00 00 00 B1,reason=normal"
946686514406,"type=xy,x_or_task=1,y_or_landing=0,yaw=0,hex=AA FF 01 06 00 01 00 00 00 00 B1,reason=normal"
946686514416,"type=mission,x_or_task=1,y_or_landing=1,yaw=0,hex=AA FF 02 02 01 01 AF,reason=normal"
946686514456,"type=xy,x_or_task=1,y_or_landing=0,yaw=0,hex=AA FF 01 06 00 01 00 00 00 00 B1,reason=normal"
946686514518,"type=xy,x_or_task=1,y_or_landing=0,yaw=0,hex=AA FF 01 06 00 01 00 00 00 00 B1,reason=normal"
946686514518,"type=mission,x_or_task=1,y_or_landing=1,yaw=0,hex=AA FF 02 02 01 01 AF,reason=normal"
946686514556,"type=xy,x_or_task=1,y_or_landing=0,yaw=0,hex=AA FF 01 06 00 01 00 00 00 00 B1,reason=normal"
946686514616,"type=xy,x_or_task=1,y_or_landing=0,yaw=0,hex=AA FF 01 06 00 01 00 00 00 00 B1,reason=normal"
946686514616,"type=mission,x_or_task=1,y_or_landing=1,yaw=0,hex=AA FF 02 02 01 01 AF,reason=normal"
946686514656,"type=xy,x_or_task=1,y_or_landing=0,yaw=0,hex=AA FF 01 06 00 01 00 00 00 00 B1,reason=normal"
946686514706,"type=xy,x_or_task=1,y_or_landing=0,yaw=0,hex=AA FF 01 06 00 01 00 00 00 00 B1,reason=normal"
946686514706,"type=mission,x_or_task=1,y_or_landing=1,yaw=0,hex=AA FF 02 02 01 01 AF,reason=normal"
946686514756,"type=xy,x_or_task=1,y_or_landing=0,yaw=0,hex=AA FF 01 06 00 01 00 00 00 00 B1,reason=normal"
946686514806,"type=xy,x_or_task=1,y_or_landing=0,yaw=0,hex=AA FF 01 06 00 01 00 00 00 00 B1,reason=normal"
946686514818,"type=mission,x_or_task=1,y_or_landing=1,yaw=0,hex=AA FF 02 02 01 01 AF,reason=normal"
946686514856,"type=xy,x_or_task=1,y_or_landing=0,yaw=0,hex=AA FF 01 06 00 01 00 00 00 00 B1,reason=normal"
946686514906,"type=xy,x_or_task=1,y_or_landing=0,yaw=0,hex=AA FF 01 06 00 01 00 00 00 00 B1,reason=normal"
946686514906,"type=mission,x_or_task=1,y_or_landing=1,yaw=0,hex=AA FF 02 02 01 01 AF,reason=normal"
946686514956,"type=xy,x_or_task=1,y_or_landing=0,yaw=0,hex=AA FF 01 06 00 01 00 00 00 00 B1,reason=normal"
946686515006,"type=xy,x_or_task=1,y_or_landing=0,yaw=0,hex=AA FF 01 06 00 01 00 00 00 00 B1,reason=normal"
946686515006,"type=mission,x_or_task=1,y_or_landing=1,yaw=0,hex=AA FF 02 02 01 01 AF,reason=normal"
946686515056,"type=xy,x_or_task=1,y_or_landing=0,yaw=0,hex=AA FF 01 06 00 01 00 00 00 00 B1,reason=normal"
946686515118,"type=xy,x_or_task=1,y_or_landing=0,yaw=0,hex=AA FF 01 06 00 01 00 00 00 00 B1,reason=normal"
946686515118,"type=mission,x_or_task=1,y_or_landing=1,yaw=0,hex=AA FF 02 02 01 01 AF,reason=normal"
946686515156,"type=xy,x_or_task=1,y_or_landing=0,yaw=0,hex=AA FF 01 06 00 01 00 00 00 00 B1,reason=normal"
946686515206,"type=xy,x_or_task=1,y_or_landing=0,yaw=0,hex=AA FF 01 06 00 01 00 00 00 00 B1,reason=normal"
946686515218,"type=mission,x_or_task=1,y_or_landing=1,yaw=0,hex=AA FF 02 02 01 01 AF,reason=normal"
946686515256,"type=xy,x_or_task=1,y_or_landing=0,yaw=0,hex=AA FF 01 06 00 01 00 00 00 00 B1,reason=normal"
946686515306,"type=xy,x_or_task=1,y_or_landing=0,yaw=0,hex=AA FF 01 06 00 01 00 00 00 00 B1,reason=normal"
946686515318,"type=mission,x_or_task=1,y_or_landing=1,yaw=0,hex=AA FF 02 02 01 01 AF,reason=normal"
946686515356,"type=xy,x_or_task=1,y_or_landing=0,yaw=0,hex=AA FF 01 06 00 01 00 00 00 00 B1,reason=normal"
946686515406,"type=xy,x_or_task=1,y_or_landing=0,yaw=0,hex=AA FF 01 06 00 01 00 00 00 00 B1,reason=normal"
946686515406,"type=mission,x_or_task=1,y_or_landing=1,yaw=0,hex=AA FF 02 02 01 01 AF,reason=normal"
946686515456,"type=xy,x_or_task=1,y_or_landing=0,yaw=0,hex=AA FF 01 06 00 01 00 00 00 00 B1,reason=normal"
946686515517,"type=xy,x_or_task=1,y_or_landing=0,yaw=0,hex=AA FF 01 06 00 01 00 00 00 00 B1,reason=normal"
946686515517,"type=mission,x_or_task=1,y_or_landing=1,yaw=0,hex=AA FF 02 02 01 01 AF,reason=normal"
946686515556,"type=xy,x_or_task=1,y_or_landing=0,yaw=0,hex=AA FF 01 06 00 01 00 00 00 00 B1,reason=normal"
946686515618,"type=xy,x_or_task=1,y_or_landing=0,yaw=0,hex=AA FF 01 06 00 01 00 00 00 00 B1,reason=normal"
946686515618,"type=mission,x_or_task=1,y_or_landing=1,yaw=0,hex=AA FF 02 02 01 01 AF,reason=normal"
946686515656,"type=xy,x_or_task=1,y_or_landing=0,yaw=0,hex=AA FF 01 06 00 01 00 00 00 00 B1,reason=normal"
946686515706,"type=xy,x_or_task=1,y_or_landing=0,yaw=0,hex=AA FF 01 06 00 01 00 00 00 00 B1,reason=normal"
946686515706,"type=mission,x_or_task=1,y_or_landing=1,yaw=0,hex=AA FF 02 02 01 01 AF,reason=normal"
946686515756,"type=xy,x_or_task=1,y_or_landing=0,yaw=0,hex=AA FF 01 06 00 01 00 00 00 00 B1,reason=normal"
946686515806,"type=xy,x_or_task=1,y_or_landing=0,yaw=0,hex=AA FF 01 06 00 01 00 00 00 00 B1,reason=normal"
946686515806,"type=mission,x_or_task=1,y_or_landing=1,yaw=0,hex=AA FF 02 02 01 01 AF,reason=normal"
946686515856,"type=xy,x_or_task=1,y_or_landing=0,yaw=0,hex=AA FF 01 06 00 01 00 00 00 00 B1,reason=normal"
946686515906,"type=xy,x_or_task=1,y_or_landing=0,yaw=0,hex=AA FF 01 06 00 01 00 00 00 00 B1,reason=normal"
946686515918,"type=mission,x_or_task=1,y_or_landing=1,yaw=0,hex=AA FF 02 02 01 01 AF,reason=normal"
946686515956,"type=xy,x_or_task=1,y_or_landing=0,yaw=0,hex=AA FF 01 06 00 01 00 00 00 00 B1,reason=normal"
946686516006,"type=xy,x_or_task=1,y_or_landing=0,yaw=0,hex=AA FF 01 06 00 01 00 00 00 00 B1,reason=normal"
946686516006,"type=mission,x_or_task=1,y_or_landing=1,yaw=0,hex=AA FF 02 02 01 01 AF,reason=normal"
946686516056,"type=xy,x_or_task=1,y_or_landing=0,yaw=0,hex=AA FF 01 06 00 01 00 00 00 00 B1,reason=normal"
946686516120,"type=xy,x_or_task=1,y_or_landing=0,yaw=0,hex=AA FF 01 06 00 01 00 00 00 00 B1,reason=normal"
946686516120,"type=mission,x_or_task=1,y_or_landing=1,yaw=0,hex=AA FF 02 02 01 01 AF,reason=normal"
946686516156,"type=xy,x_or_task=1,y_or_landing=0,yaw=0,hex=AA FF 01 06 00 01 00 00 00 00 B1,reason=normal"
946686516206,"type=xy,x_or_task=1,y_or_landing=0,yaw=0,hex=AA FF 01 06 00 01 00 00 00 00 B1,reason=normal"
946686516218,"type=mission,x_or_task=1,y_or_landing=1,yaw=0,hex=AA FF 02 02 01 01 AF,reason=normal"
946686516256,"type=xy,x_or_task=1,y_or_landing=0,yaw=0,hex=AA FF 01 06 00 01 00 00 00 00 B1,reason=normal"
946686516306,"type=xy,x_or_task=1,y_or_landing=0,yaw=0,hex=AA FF 01 06 00 01 00 00 00 00 B1,reason=normal"
946686516319,"type=mission,x_or_task=1,y_or_landing=1,yaw=0,hex=AA FF 02 02 01 01 AF,reason=normal"
946686516356,"type=xy,x_or_task=1,y_or_landing=0,yaw=0,hex=AA FF 01 06 00 01 00 00 00 00 B1,reason=normal"
946686516406,"type=xy,x_or_task=1,y_or_landing=0,yaw=0,hex=AA FF 01 06 00 01 00 00 00 00 B1,reason=normal"
946686516420,"type=mission,x_or_task=1,y_or_landing=1,yaw=0,hex=AA FF 02 02 01 01 AF,reason=normal"
946686516456,"type=xy,x_or_task=1,y_or_landing=0,yaw=0,hex=AA FF 01 06 00 01 00 00 00 00 B1,reason=normal"
946686516520,"type=xy,x_or_task=1,y_or_landing=0,yaw=0,hex=AA FF 01 06 00 01 00 00 00 00 B1,reason=normal"
946686516520,"type=mission,x_or_task=1,y_or_landing=1,yaw=0,hex=AA FF 02 02 01 01 AF,reason=normal"
946686516556,"type=xy,x_or_task=1,y_or_landing=0,yaw=0,hex=AA FF 01 06 00 01 00 00 00 00 B1,reason=normal"
946686516606,"type=xy,x_or_task=1,y_or_landing=0,yaw=0,hex=AA FF 01 06 00 01 00 00 00 00 B1,reason=normal"
946686516616,"type=mission,x_or_task=1,y_or_landing=1,yaw=0,hex=AA FF 02 02 01 01 AF,reason=normal"
946686516656,"type=xy,x_or_task=1,y_or_landing=0,yaw=0,hex=AA FF 01 06 00 01 00 00 00 00 B1,reason=normal"
946686516718,"type=xy,x_or_task=1,y_or_landing=0,yaw=0,hex=AA FF 01 06 00 01 00 00 00 00 B1,reason=normal"
946686516718,"type=mission,x_or_task=1,y_or_landing=1,yaw=0,hex=AA FF 02 02 01 01 AF,reason=normal"
946686516756,"type=xy,x_or_task=1,y_or_landing=0,yaw=0,hex=AA FF 01 06 00 01 00 00 00 00 B1,reason=normal"
946686516806,"type=xy,x_or_task=1,y_or_landing=0,yaw=0,hex=AA FF 01 06 00 01 00 00 00 00 B1,reason=normal"
946686516806,"type=mission,x_or_task=1,y_or_landing=1,yaw=0,hex=AA FF 02 02 01 01 AF,reason=normal"
946686516856,"type=xy,x_or_task=1,y_or_landing=0,yaw=0,hex=AA FF 01 06 00 01 00 00 00 00 B1,reason=normal"
946686516906,"type=xy,x_or_task=1,y_or_landing=0,yaw=0,hex=AA FF 01 06 00 01 00 00 00 00 B1,reason=normal"
946686516906,"type=mission,x_or_task=1,y_or_landing=1,yaw=0,hex=AA FF 02 02 01 01 AF,reason=normal"
946686516956,"type=xy,x_or_task=1,y_or_landing=0,yaw=0,hex=AA FF 01 06 00 01 00 00 00 00 B1,reason=normal"
946686517006,"type=xy,x_or_task=1,y_or_landing=0,yaw=0,hex=AA FF 01 06 00 01 00 00 00 00 B1,reason=normal"
946686517018,"type=mission,x_or_task=1,y_or_landing=1,yaw=0,hex=AA FF 02 02 01 01 AF,reason=normal"
946686517056,"type=xy,x_or_task=1,y_or_landing=0,yaw=0,hex=AA FF 01 06 00 01 00 00 00 00 B1,reason=normal"
946686517118,"type=xy,x_or_task=1,y_or_landing=0,yaw=0,hex=AA FF 01 06 00 01 00 00 00 00 B1,reason=normal"
946686517119,"type=mission,x_or_task=1,y_or_landing=1,yaw=0,hex=AA FF 02 02 01 01 AF,reason=normal"
946686517156,"type=xy,x_or_task=1,y_or_landing=0,yaw=0,hex=AA FF 01 06 00 01 00 00 00 00 B1,reason=normal"
946686517218,"type=xy,x_or_task=1,y_or_landing=0,yaw=0,hex=AA FF 01 06 00 01 00 00 00 00 B1,reason=normal"
946686517218,"type=mission,x_or_task=1,y_or_landing=1,yaw=0,hex=AA FF 02 02 01 01 AF,reason=normal"
946686517256,"type=xy,x_or_task=1,y_or_landing=0,yaw=0,hex=AA FF 01 06 00 01 00 00 00 00 B1,reason=normal"
946686517316,"type=xy,x_or_task=1,y_or_landing=0,yaw=0,hex=AA FF 01 06 00 01 00 00 00 00 B1,reason=normal"
946686517316,"type=mission,x_or_task=1,y_or_landing=1,yaw=0,hex=AA FF 02 02 01 01 AF,reason=normal"
946686517356,"type=xy,x_or_task=1,y_or_landing=0,yaw=0,hex=AA FF 01 06 00 01 00 00 00 00 B1,reason=normal"
946686517418,"type=xy,x_or_task=1,y_or_landing=0,yaw=0,hex=AA FF 01 06 00 01 00 00 00 00 B1,reason=normal"
946686517418,"type=mission,x_or_task=1,y_or_landing=1,yaw=0,hex=AA FF 02 02 01 01 AF,reason=normal"
946686517456,"type=xy,x_or_task=1,y_or_landing=0,yaw=0,hex=AA FF 01 06 00 01 00 00 00 00 B1,reason=normal"
946686517506,"type=xy,x_or_task=1,y_or_landing=0,yaw=0,hex=AA FF 01 06 00 01 00 00 00 00 B1,reason=normal"
946686517506,"type=mission,x_or_task=1,y_or_landing=1,yaw=0,hex=AA FF 02 02 01 01 AF,reason=normal"
946686517556,"type=xy,x_or_task=1,y_or_landing=0,yaw=0,hex=AA FF 01 06 00 01 00 00 00 00 B1,reason=normal"
946686517606,"type=xy,x_or_task=1,y_or_landing=0,yaw=0,hex=AA FF 01 06 00 01 00 00 00 00 B1,reason=normal"
946686517618,"type=mission,x_or_task=1,y_or_landing=1,yaw=0,hex=AA FF 02 02 01 01 AF,reason=normal"
946686517656,"type=xy,x_or_task=1,y_or_landing=0,yaw=0,hex=AA FF 01 06 00 01 00 00 00 00 B1,reason=normal"
946686517706,"type=xy,x_or_task=1,y_or_landing=0,yaw=0,hex=AA FF 01 06 00 01 00 00 00 00 B1,reason=normal"
946686517706,"type=mission,x_or_task=1,y_or_landing=1,yaw=0,hex=AA FF 02 02 01 01 AF,reason=normal"
946686517756,"type=xy,x_or_task=1,y_or_landing=0,yaw=0,hex=AA FF 01 06 00 01 00 00 00 00 B1,reason=normal"
946686517806,"type=xy,x_or_task=1,y_or_landing=0,yaw=0,hex=AA FF 01 06 00 01 00 00 00 00 B1,reason=normal"
946686517816,"type=mission,x_or_task=1,y_or_landing=1,yaw=0,hex=AA FF 02 02 01 01 AF,reason=normal"
946686517856,"type=xy,x_or_task=1,y_or_landing=0,yaw=0,hex=AA FF 01 06 00 01 00 00 00 00 B1,reason=normal"
946686517906,"type=xy,x_or_task=1,y_or_landing=0,yaw=0,hex=AA FF 01 06 00 01 00 00 00 00 B1,reason=normal"
946686517916,"type=mission,x_or_task=1,y_or_landing=1,yaw=0,hex=AA FF 02 02 01 01 AF,reason=normal"
946686517956,"type=xy,x_or_task=1,y_or_landing=0,yaw=0,hex=AA FF 01 06 00 01 00 00 00 00 B1,reason=normal"
946686518018,"type=xy,x_or_task=1,y_or_landing=0,yaw=0,hex=AA FF 01 06 00 01 00 00 00 00 B1,reason=normal"
946686518018,"type=mission,x_or_task=1,y_or_landing=1,yaw=0,hex=AA FF 02 02 01 01 AF,reason=normal"
946686518056,"type=xy,x_or_task=1,y_or_landing=0,yaw=0,hex=AA FF 01 06 00 01 00 00 00 00 B1,reason=normal"
946686518106,"type=xy,x_or_task=1,y_or_landing=0,yaw=0,hex=AA FF 01 06 00 01 00 00 00 00 B1,reason=normal"
946686518119,"type=mission,x_or_task=1,y_or_landing=1,yaw=0,hex=AA FF 02 02 01 01 AF,reason=normal"
946686518156,"type=xy,x_or_task=1,y_or_landing=0,yaw=0,hex=AA FF 01 06 00 01 00 00 00 00 B1,reason=normal"
946686518206,"type=xy,x_or_task=1,y_or_landing=0,yaw=0,hex=AA FF 01 06 00 01 00 00 00 00 B1,reason=normal"
946686518206,"type=mission,x_or_task=1,y_or_landing=1,yaw=0,hex=AA FF 02 02 01 01 AF,reason=normal"
946686518256,"type=xy,x_or_task=1,y_or_landing=0,yaw=0,hex=AA FF 01 06 00 01 00 00 00 00 B1,reason=normal"
946686518318,"type=xy,x_or_task=1,y_or_landing=0,yaw=0,hex=AA FF 01 06 00 01 00 00 00 00 B1,reason=normal"
946686518318,"type=mission,x_or_task=1,y_or_landing=1,yaw=0,hex=AA FF 02 02 01 01 AF,reason=normal"
946686518356,"type=xy,x_or_task=1,y_or_landing=0,yaw=0,hex=AA FF 01 06 00 01 00 00 00 00 B1,reason=normal"
946686518418,"type=xy,x_or_task=1,y_or_landing=0,yaw=0,hex=AA FF 01 06 00 01 00 00 00 00 B1,reason=normal"
946686518419,"type=mission,x_or_task=1,y_or_landing=1,yaw=0,hex=AA FF 02 02 01 01 AF,reason=normal"
946686518456,"type=xy,x_or_task=1,y_or_landing=0,yaw=0,hex=AA FF 01 06 00 01 00 00 00 00 B1,reason=normal"
946686518506,"type=xy,x_or_task=1,y_or_landing=0,yaw=0,hex=AA FF 01 06 00 01 00 00 00 00 B1,reason=normal"
946686518516,"type=mission,x_or_task=1,y_or_landing=1,yaw=0,hex=AA FF 02 02 01 01 AF,reason=normal"
946686518556,"type=xy,x_or_task=1,y_or_landing=0,yaw=0,hex=AA FF 01 06 00 01 00 00 00 00 B1,reason=normal"
946686518616,"type=xy,x_or_task=1,y_or_landing=0,yaw=0,hex=AA FF 01 06 00 01 00 00 00 00 B1,reason=normal"
946686518616,"type=mission,x_or_task=1,y_or_landing=1,yaw=0,hex=AA FF 02 02 01 01 AF,reason=normal"
946686518656,"type=xy,x_or_task=1,y_or_landing=0,yaw=0,hex=AA FF 01 06 00 01 00 00 00 00 B1,reason=normal"
946686518717,"type=xy,x_or_task=1,y_or_landing=0,yaw=0,hex=AA FF 01 06 00 01 00 00 00 00 B1,reason=normal"
946686518717,"type=mission,x_or_task=1,y_or_landing=1,yaw=0,hex=AA FF 02 02 01 01 AF,reason=normal"
946686518756,"type=xy,x_or_task=1,y_or_landing=0,yaw=0,hex=AA FF 01 06 00 01 00 00 00 00 B1,reason=normal"
946686518816,"type=xy,x_or_task=1,y_or_landing=0,yaw=0,hex=AA FF 01 06 00 01 00 00 00 00 B1,reason=normal"
946686518816,"type=mission,x_or_task=1,y_or_landing=1,yaw=0,hex=AA FF 02 02 01 01 AF,reason=normal"
946686518856,"type=xy,x_or_task=1,y_or_landing=0,yaw=0,hex=AA FF 01 06 00 01 00 00 00 00 B1,reason=normal"
946686518918,"type=xy,x_or_task=1,y_or_landing=0,yaw=0,hex=AA FF 01 06 00 01 00 00 00 00 B1,reason=normal"
946686518918,"type=mission,x_or_task=1,y_or_landing=1,yaw=0,hex=AA FF 02 02 01 01 AF,reason=normal"
946686518956,"type=xy,x_or_task=1,y_or_landing=0,yaw=0,hex=AA FF 01 06 00 01 00 00 00 00 B1,reason=normal"
946686519006,"type=xy,x_or_task=1,y_or_landing=0,yaw=0,hex=AA FF 01 06 00 01 00 00 00 00 B1,reason=normal"
946686519006,"type=mission,x_or_task=1,y_or_landing=1,yaw=0,hex=AA FF 02 02 01 01 AF,reason=normal"
946686519056,"type=xy,x_or_task=1,y_or_landing=0,yaw=0,hex=AA FF 01 06 00 01 00 00 00 00 B1,reason=normal"
946686519106,"type=xy,x_or_task=1,y_or_landing=0,yaw=0,hex=AA FF 01 06 00 01 00 00 00 00 B1,reason=normal"
946686519106,"type=mission,x_or_task=1,y_or_landing=1,yaw=0,hex=AA FF 02 02 01 01 AF,reason=normal"
946686519156,"type=xy,x_or_task=1,y_or_landing=0,yaw=0,hex=AA FF 01 06 00 01 00 00 00 00 B1,reason=normal"
946686519206,"type=xy,x_or_task=1,y_or_landing=0,yaw=0,hex=AA FF 01 06 00 01 00 00 00 00 B1,reason=normal"
946686519206,"type=mission,x_or_task=1,y_or_landing=1,yaw=0,hex=AA FF 02 02 01 01 AF,reason=normal"
946686519256,"type=xy,x_or_task=1,y_or_landing=0,yaw=0,hex=AA FF 01 06 00 01 00 00 00 00 B1,reason=normal"
946686519317,"type=xy,x_or_task=1,y_or_landing=0,yaw=0,hex=AA FF 01 06 00 01 00 00 00 00 B1,reason=normal"
946686519318,"type=mission,x_or_task=1,y_or_landing=1,yaw=0,hex=AA FF 02 02 01 01 AF,reason=normal"
946686519356,"type=xy,x_or_task=1,y_or_landing=0,yaw=0,hex=AA FF 01 06 00 01 00 00 00 00 B1,reason=normal"
946686519418,"type=xy,x_or_task=1,y_or_landing=0,yaw=0,hex=AA FF 01 06 00 01 00 00 00 00 B1,reason=normal"
946686519418,"type=mission,x_or_task=1,y_or_landing=1,yaw=0,hex=AA FF 02 02 01 01 AF,reason=normal"
946686519456,"type=xy,x_or_task=1,y_or_landing=0,yaw=0,hex=AA FF 01 06 00 01 00 00 00 00 B1,reason=normal"
946686519506,"type=xy,x_or_task=1,y_or_landing=0,yaw=0,hex=AA FF 01 06 00 01 00 00 00 00 B1,reason=normal"
946686519506,"type=mission,x_or_task=1,y_or_landing=1,yaw=0,hex=AA FF 02 02 01 01 AF,reason=normal"
946686519556,"type=xy,x_or_task=1,y_or_landing=0,yaw=0,hex=AA FF 01 06 00 01 00 00 00 00 B1,reason=normal"
946686519606,"type=xy,x_or_task=1,y_or_landing=0,yaw=0,hex=AA FF 01 06 00 01 00 00 00 00 B1,reason=normal"
946686519619,"type=mission,x_or_task=1,y_or_landing=1,yaw=0,hex=AA FF 02 02 01 01 AF,reason=normal"
946686519656,"type=xy,x_or_task=1,y_or_landing=0,yaw=0,hex=AA FF 01 06 00 01 00 00 00 00 B1,reason=normal"
946686519706,"type=xy,x_or_task=1,y_or_landing=0,yaw=0,hex=AA FF 01 06 00 01 00 00 00 00 B1,reason=normal"
946686519706,"type=mission,x_or_task=1,y_or_landing=1,yaw=0,hex=AA FF 02 02 01 01 AF,reason=normal"
946686519756,"type=xy,x_or_task=1,y_or_landing=0,yaw=0,hex=AA FF 01 06 00 01 00 00 00 00 B1,reason=normal"
946686519806,"type=xy,x_or_task=1,y_or_landing=0,yaw=0,hex=AA FF 01 06 00 01 00 00 00 00 B1,reason=normal"
946686519818,"type=mission,x_or_task=1,y_or_landing=1,yaw=0,hex=AA FF 02 02 01 01 AF,reason=normal"
946686519856,"type=xy,x_or_task=1,y_or_landing=0,yaw=0,hex=AA FF 01 06 00 01 00 00 00 00 B1,reason=normal"
946686519918,"type=xy,x_or_task=1,y_or_landing=0,yaw=0,hex=AA FF 01 06 00 01 00 00 00 00 B1,reason=normal"
946686519919,"type=mission,x_or_task=1,y_or_landing=1,yaw=0,hex=AA FF 02 02 01 01 AF,reason=normal"
946686519956,"type=xy,x_or_task=1,y_or_landing=0,yaw=0,hex=AA FF 01 06 00 01 00 00 00 00 B1,reason=normal"
946686520006,"type=xy,x_or_task=1,y_or_landing=0,yaw=0,hex=AA FF 01 06 00 01 00 00 00 00 B1,reason=normal"
946686520006,"type=mission,x_or_task=1,y_or_landing=1,yaw=0,hex=AA FF 02 02 01 01 AF,reason=normal"
946686520056,"type=xy,x_or_task=1,y_or_landing=0,yaw=0,hex=AA FF 01 06 00 01 00 00 00 00 B1,reason=normal"
946686520116,"type=xy,x_or_task=1,y_or_landing=0,yaw=0,hex=AA FF 01 06 00 01 00 00 00 00 B1,reason=normal"
946686520116,"type=mission,x_or_task=1,y_or_landing=1,yaw=0,hex=AA FF 02 02 01 01 AF,reason=normal"
946686520156,"type=xy,x_or_task=1,y_or_landing=0,yaw=0,hex=AA FF 01 06 00 01 00 00 00 00 B1,reason=normal"
946686520218,"type=xy,x_or_task=1,y_or_landing=0,yaw=0,hex=AA FF 01 06 00 01 00 00 00 00 B1,reason=normal"
946686520218,"type=mission,x_or_task=1,y_or_landing=1,yaw=0,hex=AA FF 02 02 01 01 AF,reason=normal"
946686520256,"type=xy,x_or_task=1,y_or_landing=0,yaw=0,hex=AA FF 01 06 00 01 00 00 00 00 B1,reason=normal"
946686520313,"type=xy,x_or_task=1,y_or_landing=0,yaw=0,hex=AA FF 01 06 00 01 00 00 00 00 B1,reason=normal"
946686520313,"type=mission,x_or_task=1,y_or_landing=1,yaw=0,hex=AA FF 02 02 01 01 AF,reason=normal"
946686520355,"type=xy,x_or_task=1,y_or_landing=0,yaw=0,hex=AA FF 01 06 00 01 00 00 00 00 B1,reason=normal"
946686520406,"type=xy,x_or_task=1,y_or_landing=0,yaw=0,hex=AA FF 01 06 00 01 00 00 00 00 B1,reason=normal"
946686520406,"type=mission,x_or_task=1,y_or_landing=1,yaw=0,hex=AA FF 02 02 01 01 AF,reason=normal"
946686520456,"type=xy,x_or_task=1,y_or_landing=0,yaw=0,hex=AA FF 01 06 00 01 00 00 00 00 B1,reason=normal"
946686520506,"type=xy,x_or_task=1,y_or_landing=0,yaw=0,hex=AA FF 01 06 00 01 00 00 00 00 B1,reason=normal"
946686520506,"type=mission,x_or_task=1,y_or_landing=1,yaw=0,hex=AA FF 02 02 01 01 AF,reason=normal"
946686520556,"type=xy,x_or_task=1,y_or_landing=0,yaw=0,hex=AA FF 01 06 00 01 00 00 00 00 B1,reason=normal"
946686520618,"type=xy,x_or_task=1,y_or_landing=0,yaw=0,hex=AA FF 01 06 00 01 00 00 00 00 B1,reason=normal"
946686520618,"type=mission,x_or_task=1,y_or_landing=1,yaw=0,hex=AA FF 02 02 01 01 AF,reason=normal"
946686520656,"type=xy,x_or_task=1,y_or_landing=0,yaw=0,hex=AA FF 01 06 00 01 00 00 00 00 B1,reason=normal"
946686520706,"type=xy,x_or_task=1,y_or_landing=0,yaw=0,hex=AA FF 01 06 00 01 00 00 00 00 B1,reason=normal"
946686520718,"type=mission,x_or_task=1,y_or_landing=1,yaw=0,hex=AA FF 02 02 01 01 AF,reason=normal"
946686520756,"type=xy,x_or_task=1,y_or_landing=0,yaw=0,hex=AA FF 01 06 00 01 00 00 00 00 B1,reason=normal"
946686520806,"type=xy,x_or_task=1,y_or_landing=0,yaw=0,hex=AA FF 01 06 00 01 00 00 00 00 B1,reason=normal"
946686520818,"type=mission,x_or_task=1,y_or_landing=1,yaw=0,hex=AA FF 02 02 01 01 AF,reason=normal"
946686520856,"type=xy,x_or_task=1,y_or_landing=0,yaw=0,hex=AA FF 01 06 00 01 00 00 00 00 B1,reason=normal"
946686520906,"type=xy,x_or_task=1,y_or_landing=0,yaw=0,hex=AA FF 01 06 00 01 00 00 00 00 B1,reason=normal"
946686520919,"type=mission,x_or_task=1,y_or_landing=1,yaw=0,hex=AA FF 02 02 01 01 AF,reason=normal"
946686520956,"type=xy,x_or_task=1,y_or_landing=0,yaw=0,hex=AA FF 01 06 00 01 00 00 00 00 B1,reason=normal"
946686521006,"type=xy,x_or_task=1,y_or_landing=0,yaw=0,hex=AA FF 01 06 00 01 00 00 00 00 B1,reason=normal"
946686521006,"type=mission,x_or_task=1,y_or_landing=1,yaw=0,hex=AA FF 02 02 01 01 AF,reason=normal"
946686521056,"type=xy,x_or_task=1,y_or_landing=0,yaw=0,hex=AA FF 01 06 00 01 00 00 00 00 B1,reason=normal"
946686521106,"type=xy,x_or_task=1,y_or_landing=0,yaw=0,hex=AA FF 01 06 00 01 00 00 00 00 B1,reason=normal"
946686521116,"type=mission,x_or_task=1,y_or_landing=1,yaw=0,hex=AA FF 02 02 01 01 AF,reason=normal"
946686521156,"type=xy,x_or_task=1,y_or_landing=0,yaw=0,hex=AA FF 01 06 00 01 00 00 00 00 B1,reason=normal"
946686521206,"type=xy,x_or_task=1,y_or_landing=0,yaw=0,hex=AA FF 01 06 00 01 00 00 00 00 B1,reason=normal"
946686521218,"type=mission,x_or_task=1,y_or_landing=1,yaw=0,hex=AA FF 02 02 01 01 AF,reason=normal"
946686521256,"type=xy,x_or_task=1,y_or_landing=0,yaw=0,hex=AA FF 01 06 00 01 00 00 00 00 B1,reason=normal"
946686521306,"type=xy,x_or_task=1,y_or_landing=0,yaw=0,hex=AA FF 01 06 00 01 00 00 00 00 B1,reason=normal"
946686521306,"type=mission,x_or_task=1,y_or_landing=1,yaw=0,hex=AA FF 02 02 01 01 AF,reason=normal"
946686521356,"type=xy,x_or_task=1,y_or_landing=0,yaw=0,hex=AA FF 01 06 00 01 00 00 00 00 B1,reason=normal"
946686521418,"type=xy,x_or_task=1,y_or_landing=0,yaw=0,hex=AA FF 01 06 00 01 00 00 00 00 B1,reason=normal"
946686521418,"type=mission,x_or_task=1,y_or_landing=1,yaw=0,hex=AA FF 02 02 01 01 AF,reason=normal"
946686521456,"type=xy,x_or_task=1,y_or_landing=0,yaw=0,hex=AA FF 01 06 00 01 00 00 00 00 B1,reason=normal"
946686521506,"type=xy,x_or_task=1,y_or_landing=0,yaw=0,hex=AA FF 01 06 00 01 00 00 00 00 B1,reason=normal"
946686521506,"type=mission,x_or_task=1,y_or_landing=1,yaw=0,hex=AA FF 02 02 01 01 AF,reason=normal"
946686521556,"type=xy,x_or_task=1,y_or_landing=0,yaw=0,hex=AA FF 01 06 00 01 00 00 00 00 B1,reason=normal"
946686521606,"type=xy,x_or_task=1,y_or_landing=0,yaw=0,hex=AA FF 01 06 00 01 00 00 00 00 B1,reason=normal"
946686521618,"type=mission,x_or_task=1,y_or_landing=1,yaw=0,hex=AA FF 02 02 01 01 AF,reason=normal"
946686521656,"type=xy,x_or_task=1,y_or_landing=0,yaw=0,hex=AA FF 01 06 00 01 00 00 00 00 B1,reason=normal"
946686521715,"type=xy,x_or_task=1,y_or_landing=0,yaw=0,hex=AA FF 01 06 00 01 00 00 00 00 B1,reason=normal"
946686521715,"type=mission,x_or_task=1,y_or_landing=1,yaw=0,hex=AA FF 02 02 01 01 AF,reason=normal"
946686521756,"type=xy,x_or_task=1,y_or_landing=0,yaw=0,hex=AA FF 01 06 00 01 00 00 00 00 B1,reason=normal"
946686521819,"type=xy,x_or_task=1,y_or_landing=0,yaw=0,hex=AA FF 01 06 00 01 00 00 00 00 B1,reason=normal"
946686521819,"type=mission,x_or_task=1,y_or_landing=1,yaw=0,hex=AA FF 02 02 01 01 AF,reason=normal"
946686521856,"type=xy,x_or_task=1,y_or_landing=0,yaw=0,hex=AA FF 01 06 00 01 00 00 00 00 B1,reason=normal"
946686521906,"type=xy,x_or_task=1,y_or_landing=0,yaw=0,hex=AA FF 01 06 00 01 00 00 00 00 B1,reason=normal"
946686521906,"type=mission,x_or_task=1,y_or_landing=1,yaw=0,hex=AA FF 02 02 01 01 AF,reason=normal"
946686521956,"type=xy,x_or_task=1,y_or_landing=0,yaw=0,hex=AA FF 01 06 00 01 00 00 00 00 B1,reason=normal"
946686522006,"type=xy,x_or_task=1,y_or_landing=0,yaw=0,hex=AA FF 01 06 00 01 00 00 00 00 B1,reason=normal"
946686522006,"type=mission,x_or_task=1,y_or_landing=1,yaw=0,hex=AA FF 02 02 01 01 AF,reason=normal"
946686522056,"type=xy,x_or_task=1,y_or_landing=0,yaw=0,hex=AA FF 01 06 00 01 00 00 00 00 B1,reason=normal"
946686522116,"type=xy,x_or_task=1,y_or_landing=0,yaw=0,hex=AA FF 01 06 00 01 00 00 00 00 B1,reason=normal"
946686522116,"type=mission,x_or_task=1,y_or_landing=1,yaw=0,hex=AA FF 02 02 01 01 AF,reason=normal"
946686522156,"type=xy,x_or_task=1,y_or_landing=0,yaw=0,hex=AA FF 01 06 00 01 00 00 00 00 B1,reason=normal"
946686522206,"type=xy,x_or_task=1,y_or_landing=0,yaw=0,hex=AA FF 01 06 00 01 00 00 00 00 B1,reason=normal"
946686522218,"type=mission,x_or_task=1,y_or_landing=1,yaw=0,hex=AA FF 02 02 01 01 AF,reason=normal"
946686522256,"type=xy,x_or_task=1,y_or_landing=0,yaw=0,hex=AA FF 01 06 00 01 00 00 00 00 B1,reason=normal"
946686522306,"type=xy,x_or_task=1,y_or_landing=0,yaw=0,hex=AA FF 01 06 00 01 00 00 00 00 B1,reason=normal"
946686522306,"type=mission,x_or_task=1,y_or_landing=1,yaw=0,hex=AA FF 02 02 01 01 AF,reason=normal"
946686522356,"type=xy,x_or_task=1,y_or_landing=0,yaw=0,hex=AA FF 01 06 00 01 00 00 00 00 B1,reason=normal"
946686522406,"type=xy,x_or_task=1,y_or_landing=0,yaw=0,hex=AA FF 01 06 00 01 00 00 00 00 B1,reason=normal"
946686522406,"type=mission,x_or_task=1,y_or_landing=1,yaw=0,hex=AA FF 02 02 01 01 AF,reason=normal"
946686522456,"type=xy,x_or_task=1,y_or_landing=0,yaw=0,hex=AA FF 01 06 00 01 00 00 00 00 B1,reason=normal"
946686522518,"type=xy,x_or_task=1,y_or_landing=0,yaw=0,hex=AA FF 01 06 00 01 00 00 00 00 B1,reason=normal"
946686522519,"type=mission,x_or_task=1,y_or_landing=1,yaw=0,hex=AA FF 02 02 01 01 AF,reason=normal"
946686522556,"type=xy,x_or_task=1,y_or_landing=0,yaw=0,hex=AA FF 01 06 00 01 00 00 00 00 B1,reason=normal"
946686522616,"type=xy,x_or_task=1,y_or_landing=0,yaw=0,hex=AA FF 01 06 00 01 00 00 00 00 B1,reason=normal"
946686522616,"type=mission,x_or_task=1,y_or_landing=1,yaw=0,hex=AA FF 02 02 01 01 AF,reason=normal"
946686522656,"type=xy,x_or_task=1,y_or_landing=0,yaw=0,hex=AA FF 01 06 00 01 00 00 00 00 B1,reason=normal"
946686522717,"type=xy,x_or_task=1,y_or_landing=0,yaw=0,hex=AA FF 01 06 00 01 00 00 00 00 B1,reason=normal"
946686522718,"type=mission,x_or_task=1,y_or_landing=1,yaw=0,hex=AA FF 02 02 01 01 AF,reason=normal"
946686522756,"type=xy,x_or_task=1,y_or_landing=0,yaw=0,hex=AA FF 01 06 00 01 00 00 00 00 B1,reason=normal"
946686522817,"type=xy,x_or_task=1,y_or_landing=0,yaw=0,hex=AA FF 01 06 00 01 00 00 00 00 B1,reason=normal"
946686522817,"type=mission,x_or_task=1,y_or_landing=1,yaw=0,hex=AA FF 02 02 01 01 AF,reason=normal"
946686522856,"type=xy,x_or_task=1,y_or_landing=0,yaw=0,hex=AA FF 01 06 00 01 00 00 00 00 B1,reason=normal"
946686522918,"type=xy,x_or_task=1,y_or_landing=0,yaw=0,hex=AA FF 01 06 00 01 00 00 00 00 B1,reason=normal"
946686522919,"type=mission,x_or_task=1,y_or_landing=1,yaw=0,hex=AA FF 02 02 01 01 AF,reason=normal"
946686522956,"type=xy,x_or_task=1,y_or_landing=0,yaw=0,hex=AA FF 01 06 00 01 00 00 00 00 B1,reason=normal"
946686523018,"type=xy,x_or_task=1,y_or_landing=0,yaw=0,hex=AA FF 01 06 00 01 00 00 00 00 B1,reason=normal"
946686523018,"type=mission,x_or_task=1,y_or_landing=1,yaw=0,hex=AA FF 02 02 01 01 AF,reason=normal"
946686523056,"type=xy,x_or_task=1,y_or_landing=0,yaw=0,hex=AA FF 01 06 00 01 00 00 00 00 B1,reason=normal"
946686523118,"type=xy,x_or_task=1,y_or_landing=0,yaw=0,hex=AA FF 01 06 00 01 00 00 00 00 B1,reason=normal"
946686523118,"type=mission,x_or_task=1,y_or_landing=1,yaw=0,hex=AA FF 02 02 01 01 AF,reason=normal"
946686523156,"type=xy,x_or_task=1,y_or_landing=0,yaw=0,hex=AA FF 01 06 00 01 00 00 00 00 B1,reason=normal"
946686523218,"type=xy,x_or_task=1,y_or_landing=0,yaw=0,hex=AA FF 01 06 00 01 00 00 00 00 B1,reason=normal"
946686523218,"type=mission,x_or_task=1,y_or_landing=1,yaw=0,hex=AA FF 02 02 01 01 AF,reason=normal"
946686523256,"type=xy,x_or_task=1,y_or_landing=0,yaw=0,hex=AA FF 01 06 00 01 00 00 00 00 B1,reason=normal"
946686523306,"type=xy,x_or_task=1,y_or_landing=0,yaw=0,hex=AA FF 01 06 00 01 00 00 00 00 B1,reason=normal"
946686523306,"type=mission,x_or_task=1,y_or_landing=1,yaw=0,hex=AA FF 02 02 01 01 AF,reason=normal"
946686523356,"type=xy,x_or_task=1,y_or_landing=0,yaw=0,hex=AA FF 01 06 00 01 00 00 00 00 B1,reason=normal"
946686523418,"type=xy,x_or_task=1,y_or_landing=0,yaw=0,hex=AA FF 01 06 00 01 00 00 00 00 B1,reason=normal"
946686523418,"type=mission,x_or_task=1,y_or_landing=1,yaw=0,hex=AA FF 02 02 01 01 AF,reason=normal"
946686523456,"type=xy,x_or_task=1,y_or_landing=0,yaw=0,hex=AA FF 01 06 00 01 00 00 00 00 B1,reason=normal"
946686523506,"type=xy,x_or_task=1,y_or_landing=0,yaw=0,hex=AA FF 01 06 00 01 00 00 00 00 B1,reason=normal"
946686523506,"type=mission,x_or_task=1,y_or_landing=1,yaw=0,hex=AA FF 02 02 01 01 AF,reason=normal"
946686523556,"type=xy,x_or_task=1,y_or_landing=0,yaw=0,hex=AA FF 01 06 00 01 00 00 00 00 B1,reason=normal"
946686523606,"type=xy,x_or_task=1,y_or_landing=0,yaw=0,hex=AA FF 01 06 00 01 00 00 00 00 B1,reason=normal"
946686523606,"type=mission,x_or_task=1,y_or_landing=1,yaw=0,hex=AA FF 02 02 01 01 AF,reason=normal"
946686523656,"type=xy,x_or_task=1,y_or_landing=0,yaw=0,hex=AA FF 01 06 00 01 00 00 00 00 B1,reason=normal"
946686523706,"type=xy,x_or_task=1,y_or_landing=0,yaw=0,hex=AA FF 01 06 00 01 00 00 00 00 B1,reason=normal"
946686523706,"type=mission,x_or_task=1,y_or_landing=1,yaw=0,hex=AA FF 02 02 01 01 AF,reason=normal"
946686523756,"type=xy,x_or_task=1,y_or_landing=0,yaw=0,hex=AA FF 01 06 00 01 00 00 00 00 B1,reason=normal"
946686523806,"type=xy,x_or_task=1,y_or_landing=0,yaw=0,hex=AA FF 01 06 00 01 00 00 00 00 B1,reason=normal"
946686523816,"type=mission,x_or_task=1,y_or_landing=1,yaw=0,hex=AA FF 02 02 01 01 AF,reason=normal"
946686523856,"type=xy,x_or_task=1,y_or_landing=0,yaw=0,hex=AA FF 01 06 00 01 00 00 00 00 B1,reason=normal"
946686523906,"type=xy,x_or_task=1,y_or_landing=0,yaw=0,hex=AA FF 01 06 00 01 00 00 00 00 B1,reason=normal"
946686523906,"type=mission,x_or_task=1,y_or_landing=1,yaw=0,hex=AA FF 02 02 01 01 AF,reason=normal"
946686523956,"type=xy,x_or_task=1,y_or_landing=0,yaw=0,hex=AA FF 01 06 00 01 00 00 00 00 B1,reason=normal"
946686524015,"type=xy,x_or_task=1,y_or_landing=0,yaw=0,hex=AA FF 01 06 00 01 00 00 00 00 B1,reason=normal"
946686524015,"type=mission,x_or_task=1,y_or_landing=1,yaw=0,hex=AA FF 02 02 01 01 AF,reason=normal"
946686524056,"type=xy,x_or_task=1,y_or_landing=0,yaw=0,hex=AA FF 01 06 00 01 00 00 00 00 B1,reason=normal"
946686524106,"type=xy,x_or_task=1,y_or_landing=0,yaw=0,hex=AA FF 01 06 00 01 00 00 00 00 B1,reason=normal"
946686524106,"type=mission,x_or_task=1,y_or_landing=1,yaw=0,hex=AA FF 02 02 01 01 AF,reason=normal"
946686524156,"type=xy,x_or_task=1,y_or_landing=0,yaw=0,hex=AA FF 01 06 00 01 00 00 00 00 B1,reason=normal"
946686524216,"type=xy,x_or_task=1,y_or_landing=0,yaw=0,hex=AA FF 01 06 00 01 00 00 00 00 B1,reason=normal"
946686524216,"type=mission,x_or_task=1,y_or_landing=1,yaw=0,hex=AA FF 02 02 01 01 AF,reason=normal"
946686524256,"type=xy,x_or_task=1,y_or_landing=0,yaw=0,hex=AA FF 01 06 00 01 00 00 00 00 B1,reason=normal"
946686524316,"type=xy,x_or_task=1,y_or_landing=0,yaw=0,hex=AA FF 01 06 00 01 00 00 00 00 B1,reason=normal"
946686524316,"type=mission,x_or_task=1,y_or_landing=1,yaw=0,hex=AA FF 02 02 01 01 AF,reason=normal"
946686524356,"type=xy,x_or_task=1,y_or_landing=0,yaw=0,hex=AA FF 01 06 00 01 00 00 00 00 B1,reason=normal"
946686524417,"type=xy,x_or_task=1,y_or_landing=0,yaw=0,hex=AA FF 01 06 00 01 00 00 00 00 B1,reason=normal"
946686524418,"type=mission,x_or_task=1,y_or_landing=1,yaw=0,hex=AA FF 02 02 01 01 AF,reason=normal"
946686524456,"type=xy,x_or_task=1,y_or_landing=0,yaw=0,hex=AA FF 01 06 00 01 00 00 00 00 B1,reason=normal"
946686524516,"type=xy,x_or_task=1,y_or_landing=0,yaw=0,hex=AA FF 01 06 00 01 00 00 00 00 B1,reason=normal"
946686524516,"type=mission,x_or_task=1,y_or_landing=1,yaw=0,hex=AA FF 02 02 01 01 AF,reason=normal"
946686524556,"type=xy,x_or_task=1,y_or_landing=0,yaw=0,hex=AA FF 01 06 00 01 00 00 00 00 B1,reason=normal"
946686524606,"type=xy,x_or_task=1,y_or_landing=0,yaw=0,hex=AA FF 01 06 00 01 00 00 00 00 B1,reason=normal"
946686524606,"type=mission,x_or_task=1,y_or_landing=1,yaw=0,hex=AA FF 02 02 01 01 AF,reason=normal"
946686524656,"type=xy,x_or_task=1,y_or_landing=0,yaw=0,hex=AA FF 01 06 00 01 00 00 00 00 B1,reason=normal"
946686524718,"type=xy,x_or_task=1,y_or_landing=0,yaw=0,hex=AA FF 01 06 00 01 00 00 00 00 B1,reason=normal"
946686524718,"type=mission,x_or_task=1,y_or_landing=1,yaw=0,hex=AA FF 02 02 01 01 AF,reason=normal"
946686524756,"type=xy,x_or_task=1,y_or_landing=0,yaw=0,hex=AA FF 01 06 00 01 00 00 00 00 B1,reason=normal"
946686524820,"type=xy,x_or_task=1,y_or_landing=0,yaw=0,hex=AA FF 01 06 00 01 00 00 00 00 B1,reason=normal"
946686524820,"type=mission,x_or_task=1,y_or_landing=1,yaw=0,hex=AA FF 02 02 01 01 AF,reason=normal"
946686524856,"type=xy,x_or_task=1,y_or_landing=0,yaw=0,hex=AA FF 01 06 00 01 00 00 00 00 B1,reason=normal"
946686524906,"type=xy,x_or_task=1,y_or_landing=0,yaw=0,hex=AA FF 01 06 00 01 00 00 00 00 B1,reason=normal"
946686524917,"type=mission,x_or_task=1,y_or_landing=1,yaw=0,hex=AA FF 02 02 01 01 AF,reason=normal"
946686524956,"type=xy,x_or_task=1,y_or_landing=0,yaw=0,hex=AA FF 01 06 00 01 00 00 00 00 B1,reason=normal"
946686525006,"type=xy,x_or_task=1,y_or_landing=0,yaw=0,hex=AA FF 01 06 00 01 00 00 00 00 B1,reason=normal"
946686525006,"type=mission,x_or_task=1,y_or_landing=1,yaw=0,hex=AA FF 02 02 01 01 AF,reason=normal"
946686525056,"type=xy,x_or_task=1,y_or_landing=0,yaw=0,hex=AA FF 01 06 00 01 00 00 00 00 B1,reason=normal"
946686525118,"type=xy,x_or_task=1,y_or_landing=0,yaw=0,hex=AA FF 01 06 00 01 00 00 00 00 B1,reason=normal"
946686525119,"type=mission,x_or_task=1,y_or_landing=1,yaw=0,hex=AA FF 02 02 01 01 AF,reason=normal"
946686525156,"type=xy,x_or_task=1,y_or_landing=0,yaw=0,hex=AA FF 01 06 00 01 00 00 00 00 B1,reason=normal"
946686525206,"type=xy,x_or_task=1,y_or_landing=0,yaw=0,hex=AA FF 01 06 00 01 00 00 00 00 B1,reason=normal"
946686525206,"type=mission,x_or_task=1,y_or_landing=1,yaw=0,hex=AA FF 02 02 01 01 AF,reason=normal"
946686525256,"type=xy,x_or_task=1,y_or_landing=0,yaw=0,hex=AA FF 01 06 00 01 00 00 00 00 B1,reason=normal"
946686525306,"type=xy,x_or_task=1,y_or_landing=0,yaw=0,hex=AA FF 01 06 00 01 00 00 00 00 B1,reason=normal"
946686525316,"type=mission,x_or_task=1,y_or_landing=1,yaw=0,hex=AA FF 02 02 01 01 AF,reason=normal"
946686525356,"type=xy,x_or_task=1,y_or_landing=0,yaw=0,hex=AA FF 01 06 00 01 00 00 00 00 B1,reason=normal"
946686525415,"type=xy,x_or_task=1,y_or_landing=0,yaw=0,hex=AA FF 01 06 00 01 00 00 00 00 B1,reason=normal"
946686525415,"type=mission,x_or_task=1,y_or_landing=1,yaw=0,hex=AA FF 02 02 01 01 AF,reason=normal"
946686525456,"type=xy,x_or_task=1,y_or_landing=0,yaw=0,hex=AA FF 01 06 00 01 00 00 00 00 B1,reason=normal"
946686525506,"type=xy,x_or_task=1,y_or_landing=0,yaw=0,hex=AA FF 01 06 00 01 00 00 00 00 B1,reason=normal"
946686525506,"type=mission,x_or_task=1,y_or_landing=1,yaw=0,hex=AA FF 02 02 01 01 AF,reason=normal"
946686525556,"type=xy,x_or_task=1,y_or_landing=0,yaw=0,hex=AA FF 01 06 00 01 00 00 00 00 B1,reason=normal"
946686525616,"type=xy,x_or_task=1,y_or_landing=0,yaw=0,hex=AA FF 01 06 00 01 00 00 00 00 B1,reason=normal"
946686525616,"type=mission,x_or_task=1,y_or_landing=1,yaw=0,hex=AA FF 02 02 01 01 AF,reason=normal"
946686525656,"type=xy,x_or_task=1,y_or_landing=0,yaw=0,hex=AA FF 01 06 00 01 00 00 00 00 B1,reason=normal"
946686525706,"type=xy,x_or_task=1,y_or_landing=0,yaw=0,hex=AA FF 01 06 00 01 00 00 00 00 B1,reason=normal"
946686525717,"type=mission,x_or_task=1,y_or_landing=1,yaw=0,hex=AA FF 02 02 01 01 AF,reason=normal"
946686525756,"type=xy,x_or_task=1,y_or_landing=0,yaw=0,hex=AA FF 01 06 00 01 00 00 00 00 B1,reason=normal"
946686525806,"type=xy,x_or_task=1,y_or_landing=0,yaw=0,hex=AA FF 01 06 00 01 00 00 00 00 B1,reason=normal"
946686525806,"type=mission,x_or_task=1,y_or_landing=1,yaw=0,hex=AA FF 02 02 01 01 AF,reason=normal"
946686525856,"type=xy,x_or_task=1,y_or_landing=0,yaw=0,hex=AA FF 01 06 00 01 00 00 00 00 B1,reason=normal"
946686525906,"type=xy,x_or_task=1,y_or_landing=0,yaw=0,hex=AA FF 01 06 00 01 00 00 00 00 B1,reason=normal"
946686525919,"type=mission,x_or_task=1,y_or_landing=1,yaw=0,hex=AA FF 02 02 01 01 AF,reason=normal"
946686525956,"type=xy,x_or_task=1,y_or_landing=0,yaw=0,hex=AA FF 01 06 00 01 00 00 00 00 B1,reason=normal"
946686526006,"type=xy,x_or_task=1,y_or_landing=0,yaw=0,hex=AA FF 01 06 00 01 00 00 00 00 B1,reason=normal"
946686526006,"type=mission,x_or_task=1,y_or_landing=1,yaw=0,hex=AA FF 02 02 01 01 AF,reason=normal"
946686526056,"type=xy,x_or_task=1,y_or_landing=0,yaw=0,hex=AA FF 01 06 00 01 00 00 00 00 B1,reason=normal"
946686526106,"type=xy,x_or_task=1,y_or_landing=0,yaw=0,hex=AA FF 01 06 00 01 00 00 00 00 B1,reason=normal"
946686526106,"type=mission,x_or_task=1,y_or_landing=1,yaw=0,hex=AA FF 02 02 01 01 AF,reason=normal"
946686526156,"type=xy,x_or_task=1,y_or_landing=0,yaw=0,hex=AA FF 01 06 00 01 00 00 00 00 B1,reason=normal"
946686526218,"type=xy,x_or_task=1,y_or_landing=0,yaw=0,hex=AA FF 01 06 00 01 00 00 00 00 B1,reason=normal"
946686526219,"type=mission,x_or_task=1,y_or_landing=1,yaw=0,hex=AA FF 02 02 01 01 AF,reason=normal"
946686526256,"type=xy,x_or_task=1,y_or_landing=0,yaw=0,hex=AA FF 01 06 00 01 00 00 00 00 B1,reason=normal"
946686526306,"type=xy,x_or_task=1,y_or_landing=0,yaw=0,hex=AA FF 01 06 00 01 00 00 00 00 B1,reason=normal"
946686526318,"type=mission,x_or_task=1,y_or_landing=1,yaw=0,hex=AA FF 02 02 01 01 AF,reason=normal"
946686526356,"type=xy,x_or_task=1,y_or_landing=0,yaw=0,hex=AA FF 01 06 00 01 00 00 00 00 B1,reason=normal"
946686526406,"type=xy,x_or_task=1,y_or_landing=0,yaw=0,hex=AA FF 01 06 00 01 00 00 00 00 B1,reason=normal"
946686526418,"type=mission,x_or_task=1,y_or_landing=1,yaw=0,hex=AA FF 02 02 01 01 AF,reason=normal"
946686526456,"type=xy,x_or_task=1,y_or_landing=0,yaw=0,hex=AA FF 01 06 00 01 00 00 00 00 B1,reason=normal"
946686526519,"type=xy,x_or_task=1,y_or_landing=0,yaw=0,hex=AA FF 01 06 00 01 00 00 00 00 B1,reason=normal"
946686526519,"type=mission,x_or_task=1,y_or_landing=1,yaw=0,hex=AA FF 02 02 01 01 AF,reason=normal"
946686526556,"type=xy,x_or_task=1,y_or_landing=0,yaw=0,hex=AA FF 01 06 00 01 00 00 00 00 B1,reason=normal"
946686526606,"type=xy,x_or_task=1,y_or_landing=0,yaw=0,hex=AA FF 01 06 00 01 00 00 00 00 B1,reason=normal"
946686526606,"type=mission,x_or_task=1,y_or_landing=1,yaw=0,hex=AA FF 02 02 01 01 AF,reason=normal"
946686526656,"type=xy,x_or_task=1,y_or_landing=0,yaw=0,hex=AA FF 01 06 00 01 00 00 00 00 B1,reason=normal"
946686526706,"type=xy,x_or_task=1,y_or_landing=0,yaw=0,hex=AA FF 01 06 00 01 00 00 00 00 B1,reason=normal"
946686526706,"type=mission,x_or_task=1,y_or_landing=1,yaw=0,hex=AA FF 02 02 01 01 AF,reason=normal"
946686526756,"type=xy,x_or_task=1,y_or_landing=0,yaw=0,hex=AA FF 01 06 00 01 00 00 00 00 B1,reason=normal"
946686526818,"type=xy,x_or_task=1,y_or_landing=0,yaw=0,hex=AA FF 01 06 00 01 00 00 00 00 B1,reason=normal"
946686526818,"type=mission,x_or_task=1,y_or_landing=1,yaw=0,hex=AA FF 02 02 01 01 AF,reason=normal"
946686526856,"type=xy,x_or_task=1,y_or_landing=0,yaw=0,hex=AA FF 01 06 00 01 00 00 00 00 B1,reason=normal"
946686526918,"type=xy,x_or_task=1,y_or_landing=0,yaw=0,hex=AA FF 01 06 00 01 00 00 00 00 B1,reason=normal"
946686526918,"type=mission,x_or_task=1,y_or_landing=1,yaw=0,hex=AA FF 02 02 01 01 AF,reason=normal"
946686526956,"type=xy,x_or_task=1,y_or_landing=0,yaw=0,hex=AA FF 01 06 00 01 00 00 00 00 B1,reason=normal"
946686527006,"type=xy,x_or_task=1,y_or_landing=0,yaw=0,hex=AA FF 01 06 00 01 00 00 00 00 B1,reason=normal"
946686527006,"type=mission,x_or_task=1,y_or_landing=1,yaw=0,hex=AA FF 02 02 01 01 AF,reason=normal"
946686527056,"type=xy,x_or_task=1,y_or_landing=0,yaw=0,hex=AA FF 01 06 00 01 00 00 00 00 B1,reason=normal"
946686527106,"type=xy,x_or_task=1,y_or_landing=0,yaw=0,hex=AA FF 01 06 00 01 00 00 00 00 B1,reason=normal"
946686527106,"type=mission,x_or_task=1,y_or_landing=1,yaw=0,hex=AA FF 02 02 01 01 AF,reason=normal"
946686527156,"type=xy,x_or_task=1,y_or_landing=0,yaw=0,hex=AA FF 01 06 00 01 00 00 00 00 B1,reason=normal"
946686527206,"type=xy,x_or_task=1,y_or_landing=0,yaw=0,hex=AA FF 01 06 00 01 00 00 00 00 B1,reason=normal"
946686527218,"type=mission,x_or_task=1,y_or_landing=1,yaw=0,hex=AA FF 02 02 01 01 AF,reason=normal"
946686527256,"type=xy,x_or_task=1,y_or_landing=0,yaw=0,hex=AA FF 01 06 00 01 00 00 00 00 B1,reason=normal"
946686527318,"type=xy,x_or_task=1,y_or_landing=0,yaw=0,hex=AA FF 01 06 00 01 00 00 00 00 B1,reason=normal"
946686527318,"type=mission,x_or_task=1,y_or_landing=1,yaw=0,hex=AA FF 02 02 01 01 AF,reason=normal"
946686527356,"type=xy,x_or_task=1,y_or_landing=0,yaw=0,hex=AA FF 01 06 00 01 00 00 00 00 B1,reason=normal"
946686527406,"type=xy,x_or_task=1,y_or_landing=0,yaw=0,hex=AA FF 01 06 00 01 00 00 00 00 B1,reason=normal"
946686527406,"type=mission,x_or_task=1,y_or_landing=1,yaw=0,hex=AA FF 02 02 01 01 AF,reason=normal"
946686527456,"type=xy,x_or_task=1,y_or_landing=0,yaw=0,hex=AA FF 01 06 00 01 00 00 00 00 B1,reason=normal"
946686527518,"type=xy,x_or_task=1,y_or_landing=0,yaw=0,hex=AA FF 01 06 00 01 00 00 00 00 B1,reason=normal"
946686527518,"type=mission,x_or_task=1,y_or_landing=1,yaw=0,hex=AA FF 02 02 01 01 AF,reason=normal"
946686527556,"type=xy,x_or_task=1,y_or_landing=0,yaw=0,hex=AA FF 01 06 00 01 00 00 00 00 B1,reason=normal"
946686527606,"type=xy,x_or_task=1,y_or_landing=0,yaw=0,hex=AA FF 01 06 00 01 00 00 00 00 B1,reason=normal"
946686527606,"type=mission,x_or_task=1,y_or_landing=1,yaw=0,hex=AA FF 02 02 01 01 AF,reason=normal"
946686527656,"type=xy,x_or_task=1,y_or_landing=0,yaw=0,hex=AA FF 01 06 00 01 00 00 00 00 B1,reason=normal"
946686527706,"type=xy,x_or_task=1,y_or_landing=0,yaw=0,hex=AA FF 01 06 00 01 00 00 00 00 B1,reason=normal"
946686527706,"type=mission,x_or_task=1,y_or_landing=1,yaw=0,hex=AA FF 02 02 01 01 AF,reason=normal"
946686527756,"type=xy,x_or_task=1,y_or_landing=0,yaw=0,hex=AA FF 01 06 00 01 00 00 00 00 B1,reason=normal"
946686527806,"type=xy,x_or_task=1,y_or_landing=0,yaw=0,hex=AA FF 01 06 00 01 00 00 00 00 B1,reason=normal"
946686527806,"type=mission,x_or_task=1,y_or_landing=1,yaw=0,hex=AA FF 02 02 01 01 AF,reason=normal"
946686527856,"type=xy,x_or_task=1,y_or_landing=0,yaw=0,hex=AA FF 01 06 00 01 00 00 00 00 B1,reason=normal"
946686527906,"type=xy,x_or_task=1,y_or_landing=0,yaw=0,hex=AA FF 01 06 00 01 00 00 00 00 B1,reason=normal"
946686527918,"type=mission,x_or_task=1,y_or_landing=1,yaw=0,hex=AA FF 02 02 01 01 AF,reason=normal"
946686527956,"type=xy,x_or_task=1,y_or_landing=0,yaw=0,hex=AA FF 01 06 00 01 00 00 00 00 B1,reason=normal"
946686528018,"type=xy,x_or_task=1,y_or_landing=0,yaw=0,hex=AA FF 01 06 00 01 00 00 00 00 B1,reason=normal"
946686528018,"type=mission,x_or_task=1,y_or_landing=1,yaw=0,hex=AA FF 02 02 01 01 AF,reason=normal"
946686528056,"type=xy,x_or_task=1,y_or_landing=0,yaw=0,hex=AA FF 01 06 00 01 00 00 00 00 B1,reason=normal"
946686528116,"type=xy,x_or_task=1,y_or_landing=0,yaw=0,hex=AA FF 01 06 00 01 00 00 00 00 B1,reason=normal"
946686528116,"type=mission,x_or_task=1,y_or_landing=1,yaw=0,hex=AA FF 02 02 01 01 AF,reason=normal"
946686528156,"type=xy,x_or_task=1,y_or_landing=0,yaw=0,hex=AA FF 01 06 00 01 00 00 00 00 B1,reason=normal"
946686528218,"type=xy,x_or_task=1,y_or_landing=0,yaw=0,hex=AA FF 01 06 00 01 00 00 00 00 B1,reason=normal"
946686528218,"type=mission,x_or_task=1,y_or_landing=1,yaw=0,hex=AA FF 02 02 01 01 AF,reason=normal"
946686528256,"type=xy,x_or_task=1,y_or_landing=0,yaw=0,hex=AA FF 01 06 00 01 00 00 00 00 B1,reason=normal"
946686528306,"type=xy,x_or_task=1,y_or_landing=0,yaw=0,hex=AA FF 01 06 00 01 00 00 00 00 B1,reason=normal"
946686528306,"type=mission,x_or_task=1,y_or_landing=1,yaw=0,hex=AA FF 02 02 01 01 AF,reason=normal"
946686528356,"type=xy,x_or_task=1,y_or_landing=0,yaw=0,hex=AA FF 01 06 00 01 00 00 00 00 B1,reason=normal"
946686528415,"type=xy,x_or_task=1,y_or_landing=0,yaw=0,hex=AA FF 01 06 00 01 00 00 00 00 B1,reason=normal"
946686528415,"type=mission,x_or_task=1,y_or_landing=1,yaw=0,hex=AA FF 02 02 01 01 AF,reason=normal"
946686528456,"type=xy,x_or_task=1,y_or_landing=0,yaw=0,hex=AA FF 01 06 00 01 00 00 00 00 B1,reason=normal"
946686528506,"type=xy,x_or_task=1,y_or_landing=0,yaw=0,hex=AA FF 01 06 00 01 00 00 00 00 B1,reason=normal"
946686528518,"type=mission,x_or_task=1,y_or_landing=1,yaw=0,hex=AA FF 02 02 01 01 AF,reason=normal"
946686528556,"type=xy,x_or_task=1,y_or_landing=0,yaw=0,hex=AA FF 01 06 00 01 00 00 00 00 B1,reason=normal"
946686528606,"type=xy,x_or_task=1,y_or_landing=0,yaw=0,hex=AA FF 01 06 00 01 00 00 00 00 B1,reason=normal"
946686528606,"type=mission,x_or_task=1,y_or_landing=1,yaw=0,hex=AA FF 02 02 01 01 AF,reason=normal"
946686528656,"type=xy,x_or_task=1,y_or_landing=0,yaw=0,hex=AA FF 01 06 00 01 00 00 00 00 B1,reason=normal"
946686528706,"type=xy,x_or_task=1,y_or_landing=0,yaw=0,hex=AA FF 01 06 00 01 00 00 00 00 B1,reason=normal"
946686528706,"type=mission,x_or_task=1,y_or_landing=1,yaw=0,hex=AA FF 02 02 01 01 AF,reason=normal"
946686528756,"type=xy,x_or_task=1,y_or_landing=0,yaw=0,hex=AA FF 01 06 00 01 00 00 00 00 B1,reason=normal"
946686528806,"type=xy,x_or_task=1,y_or_landing=0,yaw=0,hex=AA FF 01 06 00 01 00 00 00 00 B1,reason=normal"
946686528806,"type=mission,x_or_task=1,y_or_landing=1,yaw=0,hex=AA FF 02 02 01 01 AF,reason=normal"
946686528856,"type=xy,x_or_task=1,y_or_landing=0,yaw=0,hex=AA FF 01 06 00 01 00 00 00 00 B1,reason=normal"
946686528906,"type=xy,x_or_task=1,y_or_landing=0,yaw=0,hex=AA FF 01 06 00 01 00 00 00 00 B1,reason=normal"
946686528916,"type=mission,x_or_task=1,y_or_landing=1,yaw=0,hex=AA FF 02 02 01 01 AF,reason=normal"
946686528956,"type=xy,x_or_task=1,y_or_landing=0,yaw=0,hex=AA FF 01 06 00 01 00 00 00 00 B1,reason=normal"
946686529018,"type=xy,x_or_task=1,y_or_landing=0,yaw=0,hex=AA FF 01 06 00 01 00 00 00 00 B1,reason=normal"
946686529018,"type=mission,x_or_task=1,y_or_landing=1,yaw=0,hex=AA FF 02 02 01 01 AF,reason=normal"
946686529056,"type=xy,x_or_task=1,y_or_landing=0,yaw=0,hex=AA FF 01 06 00 01 00 00 00 00 B1,reason=normal"
946686529118,"type=xy,x_or_task=1,y_or_landing=0,yaw=0,hex=AA FF 01 06 00 01 00 00 00 00 B1,reason=normal"
946686529118,"type=mission,x_or_task=1,y_or_landing=1,yaw=0,hex=AA FF 02 02 01 01 AF,reason=normal"
946686529156,"type=xy,x_or_task=1,y_or_landing=0,yaw=0,hex=AA FF 01 06 00 01 00 00 00 00 B1,reason=normal"
946686529206,"type=xy,x_or_task=1,y_or_landing=0,yaw=0,hex=AA FF 01 06 00 01 00 00 00 00 B1,reason=normal"
946686529206,"type=mission,x_or_task=1,y_or_landing=1,yaw=0,hex=AA FF 02 02 01 01 AF,reason=normal"
946686529256,"type=xy,x_or_task=1,y_or_landing=0,yaw=0,hex=AA FF 01 06 00 01 00 00 00 00 B1,reason=normal"
946686529306,"type=xy,x_or_task=1,y_or_landing=0,yaw=0,hex=AA FF 01 06 00 01 00 00 00 00 B1,reason=normal"
946686529306,"type=mission,x_or_task=1,y_or_landing=1,yaw=0,hex=AA FF 02 02 01 01 AF,reason=normal"
946686529356,"type=xy,x_or_task=1,y_or_landing=0,yaw=0,hex=AA FF 01 06 00 01 00 00 00 00 B1,reason=normal"
946686529406,"type=xy,x_or_task=1,y_or_landing=0,yaw=0,hex=AA FF 01 06 00 01 00 00 00 00 B1,reason=normal"
946686529406,"type=mission,x_or_task=1,y_or_landing=1,yaw=0,hex=AA FF 02 02 01 01 AF,reason=normal"
946686529456,"type=xy,x_or_task=1,y_or_landing=0,yaw=0,hex=AA FF 01 06 00 01 00 00 00 00 B1,reason=normal"
946686529518,"type=xy,x_or_task=1,y_or_landing=0,yaw=0,hex=AA FF 01 06 00 01 00 00 00 00 B1,reason=normal"
946686529518,"type=mission,x_or_task=1,y_or_landing=1,yaw=0,hex=AA FF 02 02 01 01 AF,reason=normal"
946686529556,"type=xy,x_or_task=1,y_or_landing=0,yaw=0,hex=AA FF 01 06 00 01 00 00 00 00 B1,reason=normal"
946686529617,"type=xy,x_or_task=1,y_or_landing=0,yaw=0,hex=AA FF 01 06 00 01 00 00 00 00 B1,reason=normal"
946686529617,"type=mission,x_or_task=1,y_or_landing=1,yaw=0,hex=AA FF 02 02 01 01 AF,reason=normal"
946686529656,"type=xy,x_or_task=1,y_or_landing=0,yaw=0,hex=AA FF 01 06 00 01 00 00 00 00 B1,reason=normal"
946686529706,"type=xy,x_or_task=1,y_or_landing=0,yaw=0,hex=AA FF 01 06 00 01 00 00 00 00 B1,reason=normal"
946686529706,"type=mission,x_or_task=1,y_or_landing=1,yaw=0,hex=AA FF 02 02 01 01 AF,reason=normal"
946686529756,"type=xy,x_or_task=1,y_or_landing=0,yaw=0,hex=AA FF 01 06 00 01 00 00 00 00 B1,reason=normal"
946686529818,"type=xy,x_or_task=1,y_or_landing=0,yaw=0,hex=AA FF 01 06 00 01 00 00 00 00 B1,reason=normal"
946686529818,"type=mission,x_or_task=1,y_or_landing=1,yaw=0,hex=AA FF 02 02 01 01 AF,reason=normal"
946686529856,"type=xy,x_or_task=1,y_or_landing=0,yaw=0,hex=AA FF 01 06 00 01 00 00 00 00 B1,reason=normal"
946686529906,"type=xy,x_or_task=1,y_or_landing=0,yaw=0,hex=AA FF 01 06 00 01 00 00 00 00 B1,reason=normal"
946686529918,"type=mission,x_or_task=1,y_or_landing=1,yaw=0,hex=AA FF 02 02 01 01 AF,reason=normal"
946686529956,"type=xy,x_or_task=1,y_or_landing=0,yaw=0,hex=AA FF 01 06 00 01 00 00 00 00 B1,reason=normal"
946686530006,"type=xy,x_or_task=1,y_or_landing=0,yaw=0,hex=AA FF 01 06 00 01 00 00 00 00 B1,reason=normal"
946686530018,"type=mission,x_or_task=1,y_or_landing=1,yaw=0,hex=AA FF 02 02 01 01 AF,reason=normal"
946686530056,"type=xy,x_or_task=1,y_or_landing=0,yaw=0,hex=AA FF 01 06 00 01 00 00 00 00 B1,reason=normal"
946686530106,"type=xy,x_or_task=1,y_or_landing=0,yaw=0,hex=AA FF 01 06 00 01 00 00 00 00 B1,reason=normal"
946686530119,"type=mission,x_or_task=1,y_or_landing=1,yaw=0,hex=AA FF 02 02 01 01 AF,reason=normal"
946686530156,"type=xy,x_or_task=1,y_or_landing=0,yaw=0,hex=AA FF 01 06 00 01 00 00 00 00 B1,reason=normal"
946686530217,"type=xy,x_or_task=1,y_or_landing=0,yaw=0,hex=AA FF 01 06 00 01 00 00 00 00 B1,reason=normal"
946686530218,"type=mission,x_or_task=1,y_or_landing=1,yaw=0,hex=AA FF 02 02 01 01 AF,reason=normal"
946686530256,"type=xy,x_or_task=1,y_or_landing=0,yaw=0,hex=AA FF 01 06 00 01 00 00 00 00 B1,reason=normal"
946686530306,"type=xy,x_or_task=1,y_or_landing=0,yaw=0,hex=AA FF 01 06 00 01 00 00 00 00 B1,reason=normal"
946686530317,"type=mission,x_or_task=1,y_or_landing=1,yaw=0,hex=AA FF 02 02 01 01 AF,reason=normal"
946686530356,"type=xy,x_or_task=1,y_or_landing=0,yaw=0,hex=AA FF 01 06 00 01 00 00 00 00 B1,reason=normal"
946686530406,"type=xy,x_or_task=1,y_or_landing=0,yaw=0,hex=AA FF 01 06 00 01 00 00 00 00 B1,reason=normal"
946686530416,"type=mission,x_or_task=1,y_or_landing=1,yaw=0,hex=AA FF 02 02 01 01 AF,reason=normal"
946686530456,"type=xy,x_or_task=1,y_or_landing=0,yaw=0,hex=AA FF 01 06 00 01 00 00 00 00 B1,reason=normal"
946686530518,"type=xy,x_or_task=1,y_or_landing=0,yaw=0,hex=AA FF 01 06 00 01 00 00 00 00 B1,reason=normal"
946686530518,"type=mission,x_or_task=1,y_or_landing=1,yaw=0,hex=AA FF 02 02 01 01 AF,reason=normal"
946686530556,"type=xy,x_or_task=1,y_or_landing=0,yaw=0,hex=AA FF 01 06 00 01 00 00 00 00 B1,reason=normal"
946686530606,"type=xy,x_or_task=1,y_or_landing=0,yaw=0,hex=AA FF 01 06 00 01 00 00 00 00 B1,reason=normal"
946686530619,"type=mission,x_or_task=1,y_or_landing=1,yaw=0,hex=AA FF 02 02 01 01 AF,reason=normal"
946686530656,"type=xy,x_or_task=1,y_or_landing=0,yaw=0,hex=AA FF 01 06 00 01 00 00 00 00 B1,reason=normal"
946686530720,"type=xy,x_or_task=1,y_or_landing=0,yaw=0,hex=AA FF 01 06 00 01 00 00 00 00 B1,reason=normal"
946686530720,"type=mission,x_or_task=1,y_or_landing=1,yaw=0,hex=AA FF 02 02 01 01 AF,reason=normal"
946686530756,"type=xy,x_or_task=1,y_or_landing=0,yaw=0,hex=AA FF 01 06 00 01 00 00 00 00 B1,reason=normal"
946686530816,"type=xy,x_or_task=1,y_or_landing=0,yaw=0,hex=AA FF 01 06 00 01 00 00 00 00 B1,reason=normal"
946686530816,"type=mission,x_or_task=1,y_or_landing=1,yaw=0,hex=AA FF 02 02 01 01 AF,reason=normal"
946686530856,"type=xy,x_or_task=1,y_or_landing=0,yaw=0,hex=AA FF 01 06 00 01 00 00 00 00 B1,reason=normal"
946686530918,"type=xy,x_or_task=1,y_or_landing=0,yaw=0,hex=AA FF 01 06 00 01 00 00 00 00 B1,reason=normal"
946686530919,"type=mission,x_or_task=1,y_or_landing=1,yaw=0,hex=AA FF 02 02 01 01 AF,reason=normal"
946686530956,"type=xy,x_or_task=1,y_or_landing=0,yaw=0,hex=AA FF 01 06 00 01 00 00 00 00 B1,reason=normal"
946686531006,"type=xy,x_or_task=1,y_or_landing=0,yaw=0,hex=AA FF 01 06 00 01 00 00 00 00 B1,reason=normal"
946686531006,"type=mission,x_or_task=1,y_or_landing=1,yaw=0,hex=AA FF 02 02 01 01 AF,reason=normal"
946686531056,"type=xy,x_or_task=1,y_or_landing=0,yaw=0,hex=AA FF 01 06 00 01 00 00 00 00 B1,reason=normal"
946686531117,"type=xy,x_or_task=1,y_or_landing=0,yaw=0,hex=AA FF 01 06 00 01 00 00 00 00 B1,reason=normal"
946686531117,"type=mission,x_or_task=1,y_or_landing=1,yaw=0,hex=AA FF 02 02 01 01 AF,reason=normal"
946686531156,"type=xy,x_or_task=1,y_or_landing=0,yaw=0,hex=AA FF 01 06 00 01 00 00 00 00 B1,reason=normal"
946686531206,"type=xy,x_or_task=1,y_or_landing=0,yaw=0,hex=AA FF 01 06 00 01 00 00 00 00 B1,reason=normal"
946686531206,"type=mission,x_or_task=1,y_or_landing=1,yaw=0,hex=AA FF 02 02 01 01 AF,reason=normal"
946686531256,"type=xy,x_or_task=1,y_or_landing=0,yaw=0,hex=AA FF 01 06 00 01 00 00 00 00 B1,reason=normal"
946686531316,"type=xy,x_or_task=1,y_or_landing=0,yaw=0,hex=AA FF 01 06 00 01 00 00 00 00 B1,reason=normal"
946686531316,"type=mission,x_or_task=1,y_or_landing=1,yaw=0,hex=AA FF 02 02 01 01 AF,reason=normal"
946686531356,"type=xy,x_or_task=1,y_or_landing=0,yaw=0,hex=AA FF 01 06 00 01 00 00 00 00 B1,reason=normal"
946686531418,"type=xy,x_or_task=1,y_or_landing=0,yaw=0,hex=AA FF 01 06 00 01 00 00 00 00 B1,reason=normal"
946686531418,"type=mission,x_or_task=1,y_or_landing=1,yaw=0,hex=AA FF 02 02 01 01 AF,reason=normal"
946686531456,"type=xy,x_or_task=1,y_or_landing=0,yaw=0,hex=AA FF 01 06 00 01 00 00 00 00 B1,reason=normal"
946686531518,"type=xy,x_or_task=1,y_or_landing=0,yaw=0,hex=AA FF 01 06 00 01 00 00 00 00 B1,reason=normal"
946686531518,"type=mission,x_or_task=1,y_or_landing=1,yaw=0,hex=AA FF 02 02 01 01 AF,reason=normal"
946686531556,"type=xy,x_or_task=1,y_or_landing=0,yaw=0,hex=AA FF 01 06 00 01 00 00 00 00 B1,reason=normal"
946686531606,"type=xy,x_or_task=1,y_or_landing=0,yaw=0,hex=AA FF 01 06 00 01 00 00 00 00 B1,reason=normal"
946686531619,"type=mission,x_or_task=1,y_or_landing=1,yaw=0,hex=AA FF 02 02 01 01 AF,reason=normal"
946686531656,"type=xy,x_or_task=1,y_or_landing=0,yaw=0,hex=AA FF 01 06 00 01 00 00 00 00 B1,reason=normal"
946686531718,"type=xy,x_or_task=1,y_or_landing=0,yaw=0,hex=AA FF 01 06 00 01 00 00 00 00 B1,reason=normal"
946686531718,"type=mission,x_or_task=1,y_or_landing=1,yaw=0,hex=AA FF 02 02 01 01 AF,reason=normal"
946686531756,"type=xy,x_or_task=1,y_or_landing=0,yaw=0,hex=AA FF 01 06 00 01 00 00 00 00 B1,reason=normal"
946686531816,"type=xy,x_or_task=1,y_or_landing=0,yaw=0,hex=AA FF 01 06 00 01 00 00 00 00 B1,reason=normal"
946686531816,"type=mission,x_or_task=1,y_or_landing=1,yaw=0,hex=AA FF 02 02 01 01 AF,reason=normal"
946686531856,"type=xy,x_or_task=1,y_or_landing=0,yaw=0,hex=AA FF 01 06 00 01 00 00 00 00 B1,reason=normal"
946686531906,"type=xy,x_or_task=1,y_or_landing=0,yaw=0,hex=AA FF 01 06 00 01 00 00 00 00 B1,reason=normal"
946686531918,"type=mission,x_or_task=1,y_or_landing=1,yaw=0,hex=AA FF 02 02 01 01 AF,reason=normal"
946686531956,"type=xy,x_or_task=1,y_or_landing=0,yaw=0,hex=AA FF 01 06 00 01 00 00 00 00 B1,reason=normal"
946686532006,"type=xy,x_or_task=1,y_or_landing=0,yaw=0,hex=AA FF 01 06 00 01 00 00 00 00 B1,reason=normal"
946686532006,"type=mission,x_or_task=1,y_or_landing=1,yaw=0,hex=AA FF 02 02 01 01 AF,reason=normal"
946686532056,"type=xy,x_or_task=1,y_or_landing=0,yaw=0,hex=AA FF 01 06 00 01 00 00 00 00 B1,reason=normal"
946686532106,"type=xy,x_or_task=1,y_or_landing=0,yaw=0,hex=AA FF 01 06 00 01 00 00 00 00 B1,reason=normal"
946686532106,"type=mission,x_or_task=1,y_or_landing=1,yaw=0,hex=AA FF 02 02 01 01 AF,reason=normal"
946686532156,"type=xy,x_or_task=1,y_or_landing=0,yaw=0,hex=AA FF 01 06 00 01 00 00 00 00 B1,reason=normal"
946686532206,"type=xy,x_or_task=1,y_or_landing=0,yaw=0,hex=AA FF 01 06 00 01 00 00 00 00 B1,reason=normal"
946686532218,"type=mission,x_or_task=1,y_or_landing=1,yaw=0,hex=AA FF 02 02 01 01 AF,reason=normal"
946686532256,"type=xy,x_or_task=1,y_or_landing=0,yaw=0,hex=AA FF 01 06 00 01 00 00 00 00 B1,reason=normal"
946686532316,"type=xy,x_or_task=1,y_or_landing=0,yaw=0,hex=AA FF 01 06 00 01 00 00 00 00 B1,reason=normal"
946686532316,"type=mission,x_or_task=1,y_or_landing=1,yaw=0,hex=AA FF 02 02 01 01 AF,reason=normal"
946686532356,"type=xy,x_or_task=1,y_or_landing=0,yaw=0,hex=AA FF 01 06 00 01 00 00 00 00 B1,reason=normal"
946686532406,"type=xy,x_or_task=1,y_or_landing=0,yaw=0,hex=AA FF 01 06 00 01 00 00 00 00 B1,reason=normal"
946686532406,"type=mission,x_or_task=1,y_or_landing=1,yaw=0,hex=AA FF 02 02 01 01 AF,reason=normal"
946686532456,"type=xy,x_or_task=1,y_or_landing=0,yaw=0,hex=AA FF 01 06 00 01 00 00 00 00 B1,reason=normal"
946686532506,"type=xy,x_or_task=1,y_or_landing=0,yaw=0,hex=AA FF 01 06 00 01 00 00 00 00 B1,reason=normal"
946686532518,"type=mission,x_or_task=1,y_or_landing=1,yaw=0,hex=AA FF 02 02 01 01 AF,reason=normal"
946686532556,"type=xy,x_or_task=1,y_or_landing=0,yaw=0,hex=AA FF 01 06 00 01 00 00 00 00 B1,reason=normal"
946686532606,"type=xy,x_or_task=1,y_or_landing=0,yaw=0,hex=AA FF 01 06 00 01 00 00 00 00 B1,reason=normal"
946686532606,"type=mission,x_or_task=1,y_or_landing=1,yaw=0,hex=AA FF 02 02 01 01 AF,reason=normal"
946686532656,"type=xy,x_or_task=1,y_or_landing=0,yaw=0,hex=AA FF 01 06 00 01 00 00 00 00 B1,reason=normal"
946686532706,"type=xy,x_or_task=1,y_or_landing=0,yaw=0,hex=AA FF 01 06 00 01 00 00 00 00 B1,reason=normal"
946686532706,"type=mission,x_or_task=1,y_or_landing=1,yaw=0,hex=AA FF 02 02 01 01 AF,reason=normal"
946686532756,"type=xy,x_or_task=1,y_or_landing=0,yaw=0,hex=AA FF 01 06 00 01 00 00 00 00 B1,reason=normal"
946686532818,"type=xy,x_or_task=1,y_or_landing=0,yaw=0,hex=AA FF 01 06 00 01 00 00 00 00 B1,reason=normal"
946686532818,"type=mission,x_or_task=1,y_or_landing=1,yaw=0,hex=AA FF 02 02 01 01 AF,reason=normal"
946686532856,"type=xy,x_or_task=1,y_or_landing=0,yaw=0,hex=AA FF 01 06 00 01 00 00 00 00 B1,reason=normal"
946686532918,"type=xy,x_or_task=1,y_or_landing=0,yaw=0,hex=AA FF 01 06 00 01 00 00 00 00 B1,reason=normal"
946686532918,"type=mission,x_or_task=1,y_or_landing=1,yaw=0,hex=AA FF 02 02 01 01 AF,reason=normal"
946686532956,"type=xy,x_or_task=1,y_or_landing=0,yaw=0,hex=AA FF 01 06 00 01 00 00 00 00 B1,reason=normal"
946686533006,"type=xy,x_or_task=1,y_or_landing=0,yaw=0,hex=AA FF 01 06 00 01 00 00 00 00 B1,reason=normal"
946686533006,"type=mission,x_or_task=1,y_or_landing=1,yaw=0,hex=AA FF 02 02 01 01 AF,reason=normal"
946686533056,"type=xy,x_or_task=1,y_or_landing=0,yaw=0,hex=AA FF 01 06 00 01 00 00 00 00 B1,reason=normal"
946686533106,"type=xy,x_or_task=1,y_or_landing=0,yaw=0,hex=AA FF 01 06 00 01 00 00 00 00 B1,reason=normal"
946686533106,"type=mission,x_or_task=1,y_or_landing=1,yaw=0,hex=AA FF 02 02 01 01 AF,reason=normal"
946686533156,"type=xy,x_or_task=1,y_or_landing=0,yaw=0,hex=AA FF 01 06 00 01 00 00 00 00 B1,reason=normal"
946686533217,"type=xy,x_or_task=1,y_or_landing=0,yaw=0,hex=AA FF 01 06 00 01 00 00 00 00 B1,reason=normal"
946686533217,"type=mission,x_or_task=1,y_or_landing=1,yaw=0,hex=AA FF 02 02 01 01 AF,reason=normal"
946686533256,"type=xy,x_or_task=1,y_or_landing=0,yaw=0,hex=AA FF 01 06 00 01 00 00 00 00 B1,reason=normal"
946686533306,"type=xy,x_or_task=1,y_or_landing=0,yaw=0,hex=AA FF 01 06 00 01 00 00 00 00 B1,reason=normal"
946686533306,"type=mission,x_or_task=1,y_or_landing=1,yaw=0,hex=AA FF 02 02 01 01 AF,reason=normal"
946686533356,"type=xy,x_or_task=1,y_or_landing=0,yaw=0,hex=AA FF 01 06 00 01 00 00 00 00 B1,reason=normal"
946686533406,"type=xy,x_or_task=1,y_or_landing=0,yaw=0,hex=AA FF 01 06 00 01 00 00 00 00 B1,reason=normal"
946686533406,"type=mission,x_or_task=1,y_or_landing=1,yaw=0,hex=AA FF 02 02 01 01 AF,reason=normal"
946686533456,"type=xy,x_or_task=1,y_or_landing=0,yaw=0,hex=AA FF 01 06 00 01 00 00 00 00 B1,reason=normal"
946686533506,"type=xy,x_or_task=1,y_or_landing=0,yaw=0,hex=AA FF 01 06 00 01 00 00 00 00 B1,reason=normal"
946686533518,"type=mission,x_or_task=1,y_or_landing=1,yaw=0,hex=AA FF 02 02 01 01 AF,reason=normal"
946686533556,"type=xy,x_or_task=1,y_or_landing=0,yaw=0,hex=AA FF 01 06 00 01 00 00 00 00 B1,reason=normal"
946686533616,"type=xy,x_or_task=1,y_or_landing=0,yaw=0,hex=AA FF 01 06 00 01 00 00 00 00 B1,reason=normal"
946686533616,"type=mission,x_or_task=1,y_or_landing=1,yaw=0,hex=AA FF 02 02 01 01 AF,reason=normal"
946686533656,"type=xy,x_or_task=1,y_or_landing=0,yaw=0,hex=AA FF 01 06 00 01 00 00 00 00 B1,reason=normal"
946686533716,"type=xy,x_or_task=1,y_or_landing=0,yaw=0,hex=AA FF 01 06 00 01 00 00 00 00 B1,reason=normal"
946686533716,"type=mission,x_or_task=1,y_or_landing=1,yaw=0,hex=AA FF 02 02 01 01 AF,reason=normal"
946686533756,"type=xy,x_or_task=1,y_or_landing=0,yaw=0,hex=AA FF 01 06 00 01 00 00 00 00 B1,reason=normal"
946686533818,"type=xy,x_or_task=1,y_or_landing=0,yaw=0,hex=AA FF 01 06 00 01 00 00 00 00 B1,reason=normal"
946686533818,"type=mission,x_or_task=1,y_or_landing=1,yaw=0,hex=AA FF 02 02 01 01 AF,reason=normal"
946686533856,"type=xy,x_or_task=1,y_or_landing=0,yaw=0,hex=AA FF 01 06 00 01 00 00 00 00 B1,reason=normal"
946686533918,"type=xy,x_or_task=1,y_or_landing=0,yaw=0,hex=AA FF 01 06 00 01 00 00 00 00 B1,reason=normal"
946686533919,"type=mission,x_or_task=1,y_or_landing=1,yaw=0,hex=AA FF 02 02 01 01 AF,reason=normal"
946686533956,"type=xy,x_or_task=1,y_or_landing=0,yaw=0,hex=AA FF 01 06 00 01 00 00 00 00 B1,reason=normal"
946686534006,"type=xy,x_or_task=1,y_or_landing=0,yaw=0,hex=AA FF 01 06 00 01 00 00 00 00 B1,reason=normal"
946686534020,"type=mission,x_or_task=1,y_or_landing=1,yaw=0,hex=AA FF 02 02 01 01 AF,reason=normal"
946686534056,"type=xy,x_or_task=1,y_or_landing=0,yaw=0,hex=AA FF 01 06 00 01 00 00 00 00 B1,reason=normal"
946686534106,"type=xy,x_or_task=1,y_or_landing=0,yaw=0,hex=AA FF 01 06 00 01 00 00 00 00 B1,reason=normal"
946686534106,"type=mission,x_or_task=1,y_or_landing=1,yaw=0,hex=AA FF 02 02 01 01 AF,reason=normal"
946686534156,"type=xy,x_or_task=1,y_or_landing=0,yaw=0,hex=AA FF 01 06 00 01 00 00 00 00 B1,reason=normal"
946686534216,"type=xy,x_or_task=1,y_or_landing=0,yaw=0,hex=AA FF 01 06 00 01 00 00 00 00 B1,reason=normal"
946686534216,"type=mission,x_or_task=1,y_or_landing=1,yaw=0,hex=AA FF 02 02 01 01 AF,reason=normal"
946686534256,"type=xy,x_or_task=1,y_or_landing=0,yaw=0,hex=AA FF 01 06 00 01 00 00 00 00 B1,reason=normal"
946686534306,"type=xy,x_or_task=1,y_or_landing=0,yaw=0,hex=AA FF 01 06 00 01 00 00 00 00 B1,reason=normal"
946686534306,"type=mission,x_or_task=1,y_or_landing=1,yaw=0,hex=AA FF 02 02 01 01 AF,reason=normal"
946686534356,"type=xy,x_or_task=1,y_or_landing=0,yaw=0,hex=AA FF 01 06 00 01 00 00 00 00 B1,reason=normal"
946686534418,"type=xy,x_or_task=1,y_or_landing=0,yaw=0,hex=AA FF 01 06 00 01 00 00 00 00 B1,reason=normal"
946686534419,"type=mission,x_or_task=1,y_or_landing=1,yaw=0,hex=AA FF 02 02 01 01 AF,reason=normal"
946686534456,"type=xy,x_or_task=1,y_or_landing=0,yaw=0,hex=AA FF 01 06 00 01 00 00 00 00 B1,reason=normal"
946686534518,"type=xy,x_or_task=1,y_or_landing=0,yaw=0,hex=AA FF 01 06 00 01 00 00 00 00 B1,reason=normal"
946686534518,"type=mission,x_or_task=1,y_or_landing=1,yaw=0,hex=AA FF 02 02 01 01 AF,reason=normal"
946686534556,"type=xy,x_or_task=1,y_or_landing=0,yaw=0,hex=AA FF 01 06 00 01 00 00 00 00 B1,reason=normal"
946686534606,"type=xy,x_or_task=1,y_or_landing=0,yaw=0,hex=AA FF 01 06 00 01 00 00 00 00 B1,reason=normal"
946686534618,"type=mission,x_or_task=1,y_or_landing=1,yaw=0,hex=AA FF 02 02 01 01 AF,reason=normal"
946686534656,"type=xy,x_or_task=1,y_or_landing=0,yaw=0,hex=AA FF 01 06 00 01 00 00 00 00 B1,reason=normal"
946686534706,"type=xy,x_or_task=1,y_or_landing=0,yaw=0,hex=AA FF 01 06 00 01 00 00 00 00 B1,reason=normal"
946686534716,"type=mission,x_or_task=1,y_or_landing=1,yaw=0,hex=AA FF 02 02 01 01 AF,reason=normal"
946686534756,"type=xy,x_or_task=1,y_or_landing=0,yaw=0,hex=AA FF 01 06 00 01 00 00 00 00 B1,reason=normal"
946686534818,"type=xy,x_or_task=1,y_or_landing=0,yaw=0,hex=AA FF 01 06 00 01 00 00 00 00 B1,reason=normal"
946686534818,"type=mission,x_or_task=1,y_or_landing=1,yaw=0,hex=AA FF 02 02 01 01 AF,reason=normal"
946686534856,"type=xy,x_or_task=1,y_or_landing=0,yaw=0,hex=AA FF 01 06 00 01 00 00 00 00 B1,reason=normal"
946686534919,"type=xy,x_or_task=1,y_or_landing=0,yaw=0,hex=AA FF 01 06 00 01 00 00 00 00 B1,reason=normal"
946686534920,"type=mission,x_or_task=1,y_or_landing=1,yaw=0,hex=AA FF 02 02 01 01 AF,reason=normal"
946686534956,"type=xy,x_or_task=1,y_or_landing=0,yaw=0,hex=AA FF 01 06 00 01 00 00 00 00 B1,reason=normal"
946686535006,"type=xy,x_or_task=1,y_or_landing=0,yaw=0,hex=AA FF 01 06 00 01 00 00 00 00 B1,reason=normal"
946686535006,"type=mission,x_or_task=1,y_or_landing=1,yaw=0,hex=AA FF 02 02 01 01 AF,reason=normal"
946686535056,"type=xy,x_or_task=1,y_or_landing=0,yaw=0,hex=AA FF 01 06 00 01 00 00 00 00 B1,reason=normal"
946686535116,"type=xy,x_or_task=1,y_or_landing=0,yaw=0,hex=AA FF 01 06 00 01 00 00 00 00 B1,reason=normal"
946686535116,"type=mission,x_or_task=1,y_or_landing=1,yaw=0,hex=AA FF 02 02 01 01 AF,reason=normal"
946686535156,"type=xy,x_or_task=1,y_or_landing=0,yaw=0,hex=AA FF 01 06 00 01 00 00 00 00 B1,reason=normal"
946686535206,"type=xy,x_or_task=1,y_or_landing=0,yaw=0,hex=AA FF 01 06 00 01 00 00 00 00 B1,reason=normal"
946686535206,"type=mission,x_or_task=1,y_or_landing=1,yaw=0,hex=AA FF 02 02 01 01 AF,reason=normal"
946686535256,"type=xy,x_or_task=1,y_or_landing=0,yaw=0,hex=AA FF 01 06 00 01 00 00 00 00 B1,reason=normal"
946686535318,"type=xy,x_or_task=1,y_or_landing=0,yaw=0,hex=AA FF 01 06 00 01 00 00 00 00 B1,reason=normal"
946686535318,"type=mission,x_or_task=1,y_or_landing=1,yaw=0,hex=AA FF 02 02 01 01 AF,reason=normal"
946686535356,"type=xy,x_or_task=1,y_or_landing=0,yaw=0,hex=AA FF 01 06 00 01 00 00 00 00 B1,reason=normal"
946686535417,"type=xy,x_or_task=1,y_or_landing=0,yaw=0,hex=AA FF 01 06 00 01 00 00 00 00 B1,reason=normal"
946686535417,"type=mission,x_or_task=1,y_or_landing=1,yaw=0,hex=AA FF 02 02 01 01 AF,reason=normal"
946686535456,"type=xy,x_or_task=1,y_or_landing=0,yaw=0,hex=AA FF 01 06 00 01 00 00 00 00 B1,reason=normal"
946686535506,"type=xy,x_or_task=1,y_or_landing=0,yaw=0,hex=AA FF 01 06 00 01 00 00 00 00 B1,reason=normal"
946686535519,"type=mission,x_or_task=1,y_or_landing=1,yaw=0,hex=AA FF 02 02 01 01 AF,reason=normal"
946686535556,"type=xy,x_or_task=1,y_or_landing=0,yaw=0,hex=AA FF 01 06 00 01 00 00 00 00 B1,reason=normal"
946686535615,"type=xy,x_or_task=1,y_or_landing=0,yaw=0,hex=AA FF 01 06 00 01 00 00 00 00 B1,reason=normal"
946686535615,"type=mission,x_or_task=1,y_or_landing=1,yaw=0,hex=AA FF 02 02 01 01 AF,reason=normal"
946686535656,"type=xy,x_or_task=1,y_or_landing=0,yaw=0,hex=AA FF 01 06 00 01 00 00 00 00 B1,reason=normal"
946686535718,"type=xy,x_or_task=1,y_or_landing=0,yaw=0,hex=AA FF 01 06 00 01 00 00 00 00 B1,reason=normal"
946686535718,"type=mission,x_or_task=1,y_or_landing=1,yaw=0,hex=AA FF 02 02 01 01 AF,reason=normal"
946686535756,"type=xy,x_or_task=1,y_or_landing=0,yaw=0,hex=AA FF 01 06 00 01 00 00 00 00 B1,reason=normal"
946686535806,"type=xy,x_or_task=1,y_or_landing=0,yaw=0,hex=AA FF 01 06 00 01 00 00 00 00 B1,reason=normal"
946686535806,"type=mission,x_or_task=1,y_or_landing=1,yaw=0,hex=AA FF 02 02 01 01 AF,reason=normal"
946686535856,"type=xy,x_or_task=1,y_or_landing=0,yaw=0,hex=AA FF 01 06 00 01 00 00 00 00 B1,reason=normal"
946686535918,"type=xy,x_or_task=1,y_or_landing=0,yaw=0,hex=AA FF 01 06 00 01 00 00 00 00 B1,reason=normal"
946686535918,"type=mission,x_or_task=1,y_or_landing=1,yaw=0,hex=AA FF 02 02 01 01 AF,reason=normal"
946686535956,"type=xy,x_or_task=1,y_or_landing=0,yaw=0,hex=AA FF 01 06 00 01 00 00 00 00 B1,reason=normal"
946686536018,"type=xy,x_or_task=1,y_or_landing=0,yaw=0,hex=AA FF 01 06 00 01 00 00 00 00 B1,reason=normal"
946686536019,"type=mission,x_or_task=1,y_or_landing=1,yaw=0,hex=AA FF 02 02 01 01 AF,reason=normal"
946686536056,"type=xy,x_or_task=1,y_or_landing=0,yaw=0,hex=AA FF 01 06 00 01 00 00 00 00 B1,reason=normal"
946686536118,"type=xy,x_or_task=1,y_or_landing=0,yaw=0,hex=AA FF 01 06 00 01 00 00 00 00 B1,reason=normal"
946686536119,"type=mission,x_or_task=1,y_or_landing=1,yaw=0,hex=AA FF 02 02 01 01 AF,reason=normal"
946686536156,"type=xy,x_or_task=1,y_or_landing=0,yaw=0,hex=AA FF 01 06 00 01 00 00 00 00 B1,reason=normal"
946686536218,"type=xy,x_or_task=1,y_or_landing=0,yaw=0,hex=AA FF 01 06 00 01 00 00 00 00 B1,reason=normal"
946686536218,"type=mission,x_or_task=1,y_or_landing=1,yaw=0,hex=AA FF 02 02 01 01 AF,reason=normal"
946686536256,"type=xy,x_or_task=1,y_or_landing=0,yaw=0,hex=AA FF 01 06 00 01 00 00 00 00 B1,reason=normal"
946686536318,"type=xy,x_or_task=1,y_or_landing=0,yaw=0,hex=AA FF 01 06 00 01 00 00 00 00 B1,reason=normal"
946686536319,"type=mission,x_or_task=1,y_or_landing=1,yaw=0,hex=AA FF 02 02 01 01 AF,reason=normal"
946686536356,"type=xy,x_or_task=1,y_or_landing=0,yaw=0,hex=AA FF 01 06 00 01 00 00 00 00 B1,reason=normal"
946686536406,"type=xy,x_or_task=1,y_or_landing=0,yaw=0,hex=AA FF 01 06 00 01 00 00 00 00 B1,reason=normal"
946686536418,"type=mission,x_or_task=1,y_or_landing=1,yaw=0,hex=AA FF 02 02 01 01 AF,reason=normal"
946686536456,"type=xy,x_or_task=1,y_or_landing=0,yaw=0,hex=AA FF 01 06 00 01 00 00 00 00 B1,reason=normal"
946686536506,"type=xy,x_or_task=1,y_or_landing=0,yaw=0,hex=AA FF 01 06 00 01 00 00 00 00 B1,reason=normal"
946686536518,"type=mission,x_or_task=1,y_or_landing=1,yaw=0,hex=AA FF 02 02 01 01 AF,reason=normal"
946686536556,"type=xy,x_or_task=1,y_or_landing=0,yaw=0,hex=AA FF 01 06 00 01 00 00 00 00 B1,reason=normal"
946686536606,"type=xy,x_or_task=1,y_or_landing=0,yaw=0,hex=AA FF 01 06 00 01 00 00 00 00 B1,reason=normal"
946686536619,"type=mission,x_or_task=1,y_or_landing=1,yaw=0,hex=AA FF 02 02 01 01 AF,reason=normal"
946686536656,"type=xy,x_or_task=1,y_or_landing=0,yaw=0,hex=AA FF 01 06 00 01 00 00 00 00 B1,reason=normal"
946686536706,"type=xy,x_or_task=1,y_or_landing=0,yaw=0,hex=AA FF 01 06 00 01 00 00 00 00 B1,reason=normal"
946686536718,"type=mission,x_or_task=1,y_or_landing=1,yaw=0,hex=AA FF 02 02 01 01 AF,reason=normal"
946686536756,"type=xy,x_or_task=1,y_or_landing=0,yaw=0,hex=AA FF 01 06 00 01 00 00 00 00 B1,reason=normal"
946686536806,"type=xy,x_or_task=1,y_or_landing=0,yaw=0,hex=AA FF 01 06 00 01 00 00 00 00 B1,reason=normal"
946686536819,"type=mission,x_or_task=1,y_or_landing=1,yaw=0,hex=AA FF 02 02 01 01 AF,reason=normal"
946686536856,"type=xy,x_or_task=1,y_or_landing=0,yaw=0,hex=AA FF 01 06 00 01 00 00 00 00 B1,reason=normal"
946686536906,"type=xy,x_or_task=1,y_or_landing=0,yaw=0,hex=AA FF 01 06 00 01 00 00 00 00 B1,reason=normal"
946686536906,"type=mission,x_or_task=1,y_or_landing=1,yaw=0,hex=AA FF 02 02 01 01 AF,reason=normal"
946686536956,"type=xy,x_or_task=1,y_or_landing=0,yaw=0,hex=AA FF 01 06 00 01 00 00 00 00 B1,reason=normal"
946686537018,"type=xy,x_or_task=1,y_or_landing=0,yaw=0,hex=AA FF 01 06 00 01 00 00 00 00 B1,reason=normal"
946686537019,"type=mission,x_or_task=1,y_or_landing=1,yaw=0,hex=AA FF 02 02 01 01 AF,reason=normal"
946686537056,"type=xy,x_or_task=1,y_or_landing=0,yaw=0,hex=AA FF 01 06 00 01 00 00 00 00 B1,reason=normal"
946686537118,"type=xy,x_or_task=1,y_or_landing=0,yaw=0,hex=AA FF 01 06 00 01 00 00 00 00 B1,reason=normal"
946686537118,"type=mission,x_or_task=1,y_or_landing=1,yaw=0,hex=AA FF 02 02 01 01 AF,reason=normal"
946686537156,"type=xy,x_or_task=1,y_or_landing=0,yaw=0,hex=AA FF 01 06 00 01 00 00 00 00 B1,reason=normal"
946686537219,"type=xy,x_or_task=1,y_or_landing=0,yaw=0,hex=AA FF 01 06 00 01 00 00 00 00 B1,reason=normal"
946686537219,"type=mission,x_or_task=1,y_or_landing=1,yaw=0,hex=AA FF 02 02 01 01 AF,reason=normal"
946686537256,"type=xy,x_or_task=1,y_or_landing=0,yaw=0,hex=AA FF 01 06 00 01 00 00 00 00 B1,reason=normal"
946686537316,"type=xy,x_or_task=1,y_or_landing=0,yaw=0,hex=AA FF 01 06 00 01 00 00 00 00 B1,reason=normal"
946686537316,"type=mission,x_or_task=1,y_or_landing=1,yaw=0,hex=AA FF 02 02 01 01 AF,reason=normal"
946686537356,"type=xy,x_or_task=1,y_or_landing=0,yaw=0,hex=AA FF 01 06 00 01 00 00 00 00 B1,reason=normal"
946686537415,"type=xy,x_or_task=1,y_or_landing=0,yaw=0,hex=AA FF 01 06 00 01 00 00 00 00 B1,reason=normal"
946686537416,"type=mission,x_or_task=1,y_or_landing=1,yaw=0,hex=AA FF 02 02 01 01 AF,reason=normal"
946686537456,"type=xy,x_or_task=1,y_or_landing=0,yaw=0,hex=AA FF 01 06 00 01 00 00 00 00 B1,reason=normal"
946686537506,"type=xy,x_or_task=1,y_or_landing=0,yaw=0,hex=AA FF 01 06 00 01 00 00 00 00 B1,reason=normal"
946686537506,"type=mission,x_or_task=1,y_or_landing=1,yaw=0,hex=AA FF 02 02 01 01 AF,reason=normal"
946686537556,"type=xy,x_or_task=1,y_or_landing=0,yaw=0,hex=AA FF 01 06 00 01 00 00 00 00 B1,reason=normal"
946686537606,"type=xy,x_or_task=1,y_or_landing=0,yaw=0,hex=AA FF 01 06 00 01 00 00 00 00 B1,reason=normal"
946686537606,"type=mission,x_or_task=1,y_or_landing=1,yaw=0,hex=AA FF 02 02 01 01 AF,reason=normal"
946686537656,"type=xy,x_or_task=1,y_or_landing=0,yaw=0,hex=AA FF 01 06 00 01 00 00 00 00 B1,reason=normal"
946686537706,"type=xy,x_or_task=1,y_or_landing=0,yaw=0,hex=AA FF 01 06 00 01 00 00 00 00 B1,reason=normal"
946686537706,"type=mission,x_or_task=1,y_or_landing=1,yaw=0,hex=AA FF 02 02 01 01 AF,reason=normal"
946686537756,"type=xy,x_or_task=1,y_or_landing=0,yaw=0,hex=AA FF 01 06 00 01 00 00 00 00 B1,reason=normal"
946686537806,"type=xy,x_or_task=1,y_or_landing=0,yaw=0,hex=AA FF 01 06 00 01 00 00 00 00 B1,reason=normal"
946686537806,"type=mission,x_or_task=1,y_or_landing=1,yaw=0,hex=AA FF 02 02 01 01 AF,reason=normal"
946686537856,"type=xy,x_or_task=1,y_or_landing=0,yaw=0,hex=AA FF 01 06 00 01 00 00 00 00 B1,reason=normal"
946686537906,"type=xy,x_or_task=1,y_or_landing=0,yaw=0,hex=AA FF 01 06 00 01 00 00 00 00 B1,reason=normal"
946686537918,"type=mission,x_or_task=1,y_or_landing=1,yaw=0,hex=AA FF 02 02 01 01 AF,reason=normal"
946686537956,"type=xy,x_or_task=1,y_or_landing=0,yaw=0,hex=AA FF 01 06 00 01 00 00 00 00 B1,reason=normal"
946686538006,"type=xy,x_or_task=1,y_or_landing=0,yaw=0,hex=AA FF 01 06 00 01 00 00 00 00 B1,reason=normal"
946686538006,"type=mission,x_or_task=1,y_or_landing=1,yaw=0,hex=AA FF 02 02 01 01 AF,reason=normal"
946686538056,"type=xy,x_or_task=1,y_or_landing=0,yaw=0,hex=AA FF 01 06 00 01 00 00 00 00 B1,reason=normal"
946686538106,"type=xy,x_or_task=1,y_or_landing=0,yaw=0,hex=AA FF 01 06 00 01 00 00 00 00 B1,reason=normal"
946686538119,"type=mission,x_or_task=1,y_or_landing=1,yaw=0,hex=AA FF 02 02 01 01 AF,reason=normal"
946686538156,"type=xy,x_or_task=1,y_or_landing=0,yaw=0,hex=AA FF 01 06 00 01 00 00 00 00 B1,reason=normal"
946686538206,"type=xy,x_or_task=1,y_or_landing=0,yaw=0,hex=AA FF 01 06 00 01 00 00 00 00 B1,reason=normal"
946686538206,"type=mission,x_or_task=1,y_or_landing=1,yaw=0,hex=AA FF 02 02 01 01 AF,reason=normal"
946686538256,"type=xy,x_or_task=1,y_or_landing=0,yaw=0,hex=AA FF 01 06 00 01 00 00 00 00 B1,reason=normal"
946686538316,"type=xy,x_or_task=1,y_or_landing=0,yaw=0,hex=AA FF 01 06 00 01 00 00 00 00 B1,reason=normal"
946686538316,"type=mission,x_or_task=1,y_or_landing=1,yaw=0,hex=AA FF 02 02 01 01 AF,reason=normal"
946686538356,"type=xy,x_or_task=1,y_or_landing=0,yaw=0,hex=AA FF 01 06 00 01 00 00 00 00 B1,reason=normal"
946686538406,"type=xy,x_or_task=1,y_or_landing=0,yaw=0,hex=AA FF 01 06 00 01 00 00 00 00 B1,reason=normal"
946686538416,"type=mission,x_or_task=1,y_or_landing=1,yaw=0,hex=AA FF 02 02 01 01 AF,reason=normal"
946686538456,"type=xy,x_or_task=1,y_or_landing=0,yaw=0,hex=AA FF 01 06 00 01 00 00 00 00 B1,reason=normal"
946686538506,"type=xy,x_or_task=1,y_or_landing=0,yaw=0,hex=AA FF 01 06 00 01 00 00 00 00 B1,reason=normal"
946686538506,"type=mission,x_or_task=1,y_or_landing=1,yaw=0,hex=AA FF 02 02 01 01 AF,reason=normal"
946686538556,"type=xy,x_or_task=1,y_or_landing=0,yaw=0,hex=AA FF 01 06 00 01 00 00 00 00 B1,reason=normal"
946686538616,"type=xy,x_or_task=1,y_or_landing=0,yaw=0,hex=AA FF 01 06 00 01 00 00 00 00 B1,reason=normal"
946686538617,"type=mission,x_or_task=1,y_or_landing=1,yaw=0,hex=AA FF 02 02 01 01 AF,reason=normal"
946686538656,"type=xy,x_or_task=1,y_or_landing=0,yaw=0,hex=AA FF 01 06 00 01 00 00 00 00 B1,reason=normal"
946686538706,"type=xy,x_or_task=1,y_or_landing=0,yaw=0,hex=AA FF 01 06 00 01 00 00 00 00 B1,reason=normal"
946686538720,"type=mission,x_or_task=1,y_or_landing=1,yaw=0,hex=AA FF 02 02 01 01 AF,reason=normal"
946686538756,"type=xy,x_or_task=1,y_or_landing=0,yaw=0,hex=AA FF 01 06 00 01 00 00 00 00 B1,reason=normal"
946686538806,"type=xy,x_or_task=1,y_or_landing=0,yaw=0,hex=AA FF 01 06 00 01 00 00 00 00 B1,reason=normal"
946686538806,"type=mission,x_or_task=1,y_or_landing=1,yaw=0,hex=AA FF 02 02 01 01 AF,reason=normal"
946686538856,"type=xy,x_or_task=1,y_or_landing=0,yaw=0,hex=AA FF 01 06 00 01 00 00 00 00 B1,reason=normal"
946686538918,"type=xy,x_or_task=1,y_or_landing=0,yaw=0,hex=AA FF 01 06 00 01 00 00 00 00 B1,reason=normal"
946686538918,"type=mission,x_or_task=1,y_or_landing=1,yaw=0,hex=AA FF 02 02 01 01 AF,reason=normal"
946686538956,"type=xy,x_or_task=1,y_or_landing=0,yaw=0,hex=AA FF 01 06 00 01 00 00 00 00 B1,reason=normal"
946686539016,"type=xy,x_or_task=1,y_or_landing=0,yaw=0,hex=AA FF 01 06 00 01 00 00 00 00 B1,reason=normal"
946686539016,"type=mission,x_or_task=1,y_or_landing=1,yaw=0,hex=AA FF 02 02 01 01 AF,reason=normal"
946686539056,"type=xy,x_or_task=1,y_or_landing=0,yaw=0,hex=AA FF 01 06 00 01 00 00 00 00 B1,reason=normal"
946686539106,"type=xy,x_or_task=1,y_or_landing=0,yaw=0,hex=AA FF 01 06 00 01 00 00 00 00 B1,reason=normal"
946686539106,"type=mission,x_or_task=1,y_or_landing=1,yaw=0,hex=AA FF 02 02 01 01 AF,reason=normal"
946686539156,"type=xy,x_or_task=1,y_or_landing=0,yaw=0,hex=AA FF 01 06 00 01 00 00 00 00 B1,reason=normal"
946686539218,"type=xy,x_or_task=1,y_or_landing=0,yaw=0,hex=AA FF 01 06 00 01 00 00 00 00 B1,reason=normal"
946686539218,"type=mission,x_or_task=1,y_or_landing=1,yaw=0,hex=AA FF 02 02 01 01 AF,reason=normal"
946686539256,"type=xy,x_or_task=1,y_or_landing=0,yaw=0,hex=AA FF 01 06 00 01 00 00 00 00 B1,reason=normal"
946686539318,"type=xy,x_or_task=1,y_or_landing=0,yaw=0,hex=AA FF 01 06 00 01 00 00 00 00 B1,reason=normal"
946686539319,"type=mission,x_or_task=1,y_or_landing=1,yaw=0,hex=AA FF 02 02 01 01 AF,reason=normal"
946686539356,"type=xy,x_or_task=1,y_or_landing=0,yaw=0,hex=AA FF 01 06 00 01 00 00 00 00 B1,reason=normal"
946686539406,"type=xy,x_or_task=1,y_or_landing=0,yaw=0,hex=AA FF 01 06 00 01 00 00 00 00 B1,reason=normal"
946686539406,"type=mission,x_or_task=1,y_or_landing=1,yaw=0,hex=AA FF 02 02 01 01 AF,reason=normal"
946686539456,"type=xy,x_or_task=1,y_or_landing=0,yaw=0,hex=AA FF 01 06 00 01 00 00 00 00 B1,reason=normal"
946686539506,"type=xy,x_or_task=1,y_or_landing=0,yaw=0,hex=AA FF 01 06 00 01 00 00 00 00 B1,reason=normal"
946686539518,"type=mission,x_or_task=1,y_or_landing=1,yaw=0,hex=AA FF 02 02 01 01 AF,reason=normal"
946686539556,"type=xy,x_or_task=1,y_or_landing=0,yaw=0,hex=AA FF 01 06 00 01 00 00 00 00 B1,reason=normal"
946686539606,"type=xy,x_or_task=1,y_or_landing=0,yaw=0,hex=AA FF 01 06 00 01 00 00 00 00 B1,reason=normal"
946686539616,"type=mission,x_or_task=1,y_or_landing=1,yaw=0,hex=AA FF 02 02 01 01 AF,reason=normal"
946686539656,"type=xy,x_or_task=1,y_or_landing=0,yaw=0,hex=AA FF 01 06 00 01 00 00 00 00 B1,reason=normal"
946686539706,"type=xy,x_or_task=1,y_or_landing=0,yaw=0,hex=AA FF 01 06 00 01 00 00 00 00 B1,reason=normal"
946686539706,"type=mission,x_or_task=1,y_or_landing=1,yaw=0,hex=AA FF 02 02 01 01 AF,reason=normal"
946686539756,"type=xy,x_or_task=1,y_or_landing=0,yaw=0,hex=AA FF 01 06 00 01 00 00 00 00 B1,reason=normal"
946686539806,"type=xy,x_or_task=1,y_or_landing=0,yaw=0,hex=AA FF 01 06 00 01 00 00 00 00 B1,reason=normal"
946686539806,"type=mission,x_or_task=1,y_or_landing=1,yaw=0,hex=AA FF 02 02 01 01 AF,reason=normal"
946686539856,"type=xy,x_or_task=1,y_or_landing=0,yaw=0,hex=AA FF 01 06 00 01 00 00 00 00 B1,reason=normal"
946686539906,"type=xy,x_or_task=1,y_or_landing=0,yaw=0,hex=AA FF 01 06 00 01 00 00 00 00 B1,reason=normal"
946686539906,"type=mission,x_or_task=1,y_or_landing=1,yaw=0,hex=AA FF 02 02 01 01 AF,reason=normal"
946686539956,"type=xy,x_or_task=1,y_or_landing=0,yaw=0,hex=AA FF 01 06 00 01 00 00 00 00 B1,reason=normal"
946686540006,"type=xy,x_or_task=1,y_or_landing=0,yaw=0,hex=AA FF 01 06 00 01 00 00 00 00 B1,reason=normal"
946686540006,"type=mission,x_or_task=1,y_or_landing=1,yaw=0,hex=AA FF 02 02 01 01 AF,reason=normal"
946686540056,"type=xy,x_or_task=1,y_or_landing=0,yaw=0,hex=AA FF 01 06 00 01 00 00 00 00 B1,reason=normal"
946686540106,"type=xy,x_or_task=1,y_or_landing=0,yaw=0,hex=AA FF 01 06 00 01 00 00 00 00 B1,reason=normal"
946686540106,"type=mission,x_or_task=1,y_or_landing=1,yaw=0,hex=AA FF 02 02 01 01 AF,reason=normal"
946686540156,"type=xy,x_or_task=1,y_or_landing=0,yaw=0,hex=AA FF 01 06 00 01 00 00 00 00 B1,reason=normal"
946686540206,"type=xy,x_or_task=1,y_or_landing=0,yaw=0,hex=AA FF 01 06 00 01 00 00 00 00 B1,reason=normal"
946686540206,"type=mission,x_or_task=1,y_or_landing=1,yaw=0,hex=AA FF 02 02 01 01 AF,reason=normal"
946686540256,"type=xy,x_or_task=1,y_or_landing=0,yaw=0,hex=AA FF 01 06 00 01 00 00 00 00 B1,reason=normal"
946686540316,"type=xy,x_or_task=1,y_or_landing=0,yaw=0,hex=AA FF 01 06 00 01 00 00 00 00 B1,reason=normal"
946686540316,"type=mission,x_or_task=1,y_or_landing=1,yaw=0,hex=AA FF 02 02 01 01 AF,reason=normal"
946686540356,"type=xy,x_or_task=1,y_or_landing=0,yaw=0,hex=AA FF 01 06 00 01 00 00 00 00 B1,reason=normal"
946686540418,"type=xy,x_or_task=1,y_or_landing=0,yaw=0,hex=AA FF 01 06 00 01 00 00 00 00 B1,reason=normal"
946686540418,"type=mission,x_or_task=1,y_or_landing=1,yaw=0,hex=AA FF 02 02 01 01 AF,reason=normal"
946686540456,"type=xy,x_or_task=1,y_or_landing=0,yaw=0,hex=AA FF 01 06 00 01 00 00 00 00 B1,reason=normal"
946686540518,"type=xy,x_or_task=1,y_or_landing=0,yaw=0,hex=AA FF 01 06 00 01 00 00 00 00 B1,reason=normal"
946686540518,"type=mission,x_or_task=1,y_or_landing=1,yaw=0,hex=AA FF 02 02 01 01 AF,reason=normal"
946686540556,"type=xy,x_or_task=1,y_or_landing=0,yaw=0,hex=AA FF 01 06 00 01 00 00 00 00 B1,reason=normal"
946686540606,"type=xy,x_or_task=1,y_or_landing=0,yaw=0,hex=AA FF 01 06 00 01 00 00 00 00 B1,reason=normal"
946686540606,"type=mission,x_or_task=1,y_or_landing=1,yaw=0,hex=AA FF 02 02 01 01 AF,reason=normal"
946686540656,"type=xy,x_or_task=1,y_or_landing=0,yaw=0,hex=AA FF 01 06 00 01 00 00 00 00 B1,reason=normal"
946686540718,"type=xy,x_or_task=1,y_or_landing=0,yaw=0,hex=AA FF 01 06 00 01 00 00 00 00 B1,reason=normal"
946686540718,"type=mission,x_or_task=1,y_or_landing=1,yaw=0,hex=AA FF 02 02 01 01 AF,reason=normal"
946686540756,"type=xy,x_or_task=1,y_or_landing=0,yaw=0,hex=AA FF 01 06 00 01 00 00 00 00 B1,reason=normal"
946686540806,"type=xy,x_or_task=1,y_or_landing=0,yaw=0,hex=AA FF 01 06 00 01 00 00 00 00 B1,reason=normal"
946686540819,"type=mission,x_or_task=1,y_or_landing=1,yaw=0,hex=AA FF 02 02 01 01 AF,reason=normal"
946686540856,"type=xy,x_or_task=1,y_or_landing=0,yaw=0,hex=AA FF 01 06 00 01 00 00 00 00 B1,reason=normal"
946686540906,"type=xy,x_or_task=1,y_or_landing=0,yaw=0,hex=AA FF 01 06 00 01 00 00 00 00 B1,reason=normal"
946686540919,"type=mission,x_or_task=1,y_or_landing=1,yaw=0,hex=AA FF 02 02 01 01 AF,reason=normal"
946686540956,"type=xy,x_or_task=1,y_or_landing=0,yaw=0,hex=AA FF 01 06 00 01 00 00 00 00 B1,reason=normal"
946686541006,"type=xy,x_or_task=1,y_or_landing=0,yaw=0,hex=AA FF 01 06 00 01 00 00 00 00 B1,reason=normal"
946686541006,"type=mission,x_or_task=1,y_or_landing=1,yaw=0,hex=AA FF 02 02 01 01 AF,reason=normal"
946686541056,"type=xy,x_or_task=1,y_or_landing=0,yaw=0,hex=AA FF 01 06 00 01 00 00 00 00 B1,reason=normal"
946686541116,"type=xy,x_or_task=1,y_or_landing=0,yaw=0,hex=AA FF 01 06 00 01 00 00 00 00 B1,reason=normal"
946686541116,"type=mission,x_or_task=1,y_or_landing=1,yaw=0,hex=AA FF 02 02 01 01 AF,reason=normal"
946686541156,"type=xy,x_or_task=1,y_or_landing=0,yaw=0,hex=AA FF 01 06 00 01 00 00 00 00 B1,reason=normal"
946686541216,"type=xy,x_or_task=1,y_or_landing=0,yaw=0,hex=AA FF 01 06 00 01 00 00 00 00 B1,reason=normal"
946686541216,"type=mission,x_or_task=1,y_or_landing=1,yaw=0,hex=AA FF 02 02 01 01 AF,reason=normal"
946686541256,"type=xy,x_or_task=1,y_or_landing=0,yaw=0,hex=AA FF 01 06 00 01 00 00 00 00 B1,reason=normal"
946686541306,"type=xy,x_or_task=1,y_or_landing=0,yaw=0,hex=AA FF 01 06 00 01 00 00 00 00 B1,reason=normal"
946686541318,"type=mission,x_or_task=1,y_or_landing=1,yaw=0,hex=AA FF 02 02 01 01 AF,reason=normal"
946686541356,"type=xy,x_or_task=1,y_or_landing=0,yaw=0,hex=AA FF 01 06 00 01 00 00 00 00 B1,reason=normal"
946686541406,"type=xy,x_or_task=1,y_or_landing=0,yaw=0,hex=AA FF 01 06 00 01 00 00 00 00 B1,reason=normal"
946686541406,"type=mission,x_or_task=1,y_or_landing=1,yaw=0,hex=AA FF 02 02 01 01 AF,reason=normal"
946686541456,"type=xy,x_or_task=1,y_or_landing=0,yaw=0,hex=AA FF 01 06 00 01 00 00 00 00 B1,reason=normal"
946686541506,"type=xy,x_or_task=1,y_or_landing=0,yaw=0,hex=AA FF 01 06 00 01 00 00 00 00 B1,reason=normal"
946686541506,"type=mission,x_or_task=1,y_or_landing=1,yaw=0,hex=AA FF 02 02 01 01 AF,reason=normal"
946686541556,"type=xy,x_or_task=1,y_or_landing=0,yaw=0,hex=AA FF 01 06 00 01 00 00 00 00 B1,reason=normal"
946686541606,"type=xy,x_or_task=1,y_or_landing=0,yaw=0,hex=AA FF 01 06 00 01 00 00 00 00 B1,reason=normal"
946686541606,"type=mission,x_or_task=1,y_or_landing=1,yaw=0,hex=AA FF 02 02 01 01 AF,reason=normal"
946686541656,"type=xy,x_or_task=1,y_or_landing=0,yaw=0,hex=AA FF 01 06 00 01 00 00 00 00 B1,reason=normal"
946686541718,"type=xy,x_or_task=1,y_or_landing=0,yaw=0,hex=AA FF 01 06 00 01 00 00 00 00 B1,reason=normal"
946686541719,"type=mission,x_or_task=1,y_or_landing=1,yaw=0,hex=AA FF 02 02 01 01 AF,reason=normal"
946686541756,"type=xy,x_or_task=1,y_or_landing=0,yaw=0,hex=AA FF 01 06 00 01 00 00 00 00 B1,reason=normal"
946686541818,"type=xy,x_or_task=1,y_or_landing=0,yaw=0,hex=AA FF 01 06 00 01 00 00 00 00 B1,reason=normal"
946686541818,"type=mission,x_or_task=1,y_or_landing=1,yaw=0,hex=AA FF 02 02 01 01 AF,reason=normal"
946686541856,"type=xy,x_or_task=1,y_or_landing=0,yaw=0,hex=AA FF 01 06 00 01 00 00 00 00 B1,reason=normal"
946686541906,"type=xy,x_or_task=1,y_or_landing=0,yaw=0,hex=AA FF 01 06 00 01 00 00 00 00 B1,reason=normal"
946686541906,"type=mission,x_or_task=1,y_or_landing=1,yaw=0,hex=AA FF 02 02 01 01 AF,reason=normal"
946686541956,"type=xy,x_or_task=1,y_or_landing=0,yaw=0,hex=AA FF 01 06 00 01 00 00 00 00 B1,reason=normal"
946686542006,"type=xy,x_or_task=1,y_or_landing=0,yaw=0,hex=AA FF 01 06 00 01 00 00 00 00 B1,reason=normal"
946686542006,"type=mission,x_or_task=1,y_or_landing=1,yaw=0,hex=AA FF 02 02 01 01 AF,reason=normal"
946686542056,"type=xy,x_or_task=1,y_or_landing=0,yaw=0,hex=AA FF 01 06 00 01 00 00 00 00 B1,reason=normal"
946686542106,"type=xy,x_or_task=1,y_or_landing=0,yaw=0,hex=AA FF 01 06 00 01 00 00 00 00 B1,reason=normal"
946686542118,"type=mission,x_or_task=1,y_or_landing=1,yaw=0,hex=AA FF 02 02 01 01 AF,reason=normal"
946686542156,"type=xy,x_or_task=1,y_or_landing=0,yaw=0,hex=AA FF 01 06 00 01 00 00 00 00 B1,reason=normal"
946686542206,"type=xy,x_or_task=1,y_or_landing=0,yaw=0,hex=AA FF 01 06 00 01 00 00 00 00 B1,reason=normal"
946686542206,"type=mission,x_or_task=1,y_or_landing=1,yaw=0,hex=AA FF 02 02 01 01 AF,reason=normal"
946686542256,"type=xy,x_or_task=1,y_or_landing=0,yaw=0,hex=AA FF 01 06 00 01 00 00 00 00 B1,reason=normal"
946686542318,"type=xy,x_or_task=1,y_or_landing=0,yaw=0,hex=AA FF 01 06 00 01 00 00 00 00 B1,reason=normal"
946686542319,"type=mission,x_or_task=1,y_or_landing=1,yaw=0,hex=AA FF 02 02 01 01 AF,reason=normal"
946686542356,"type=xy,x_or_task=1,y_or_landing=0,yaw=0,hex=AA FF 01 06 00 01 00 00 00 00 B1,reason=normal"
946686542406,"type=xy,x_or_task=1,y_or_landing=0,yaw=0,hex=AA FF 01 06 00 01 00 00 00 00 B1,reason=normal"
946686542419,"type=mission,x_or_task=1,y_or_landing=1,yaw=0,hex=AA FF 02 02 01 01 AF,reason=normal"
946686542456,"type=xy,x_or_task=1,y_or_landing=0,yaw=0,hex=AA FF 01 06 00 01 00 00 00 00 B1,reason=normal"
946686542506,"type=xy,x_or_task=1,y_or_landing=0,yaw=0,hex=AA FF 01 06 00 01 00 00 00 00 B1,reason=normal"
946686542506,"type=mission,x_or_task=1,y_or_landing=1,yaw=0,hex=AA FF 02 02 01 01 AF,reason=normal"
946686542556,"type=xy,x_or_task=1,y_or_landing=0,yaw=0,hex=AA FF 01 06 00 01 00 00 00 00 B1,reason=normal"
946686542606,"type=xy,x_or_task=1,y_or_landing=0,yaw=0,hex=AA FF 01 06 00 01 00 00 00 00 B1,reason=normal"
946686542617,"type=mission,x_or_task=1,y_or_landing=1,yaw=0,hex=AA FF 02 02 01 01 AF,reason=normal"
946686542656,"type=xy,x_or_task=1,y_or_landing=0,yaw=0,hex=AA FF 01 06 00 01 00 00 00 00 B1,reason=normal"
946686542716,"type=xy,x_or_task=1,y_or_landing=0,yaw=0,hex=AA FF 01 06 00 01 00 00 00 00 B1,reason=normal"
946686542716,"type=mission,x_or_task=1,y_or_landing=1,yaw=0,hex=AA FF 02 02 01 01 AF,reason=normal"
946686542756,"type=xy,x_or_task=1,y_or_landing=0,yaw=0,hex=AA FF 01 06 00 01 00 00 00 00 B1,reason=normal"
946686542806,"type=xy,x_or_task=1,y_or_landing=0,yaw=0,hex=AA FF 01 06 00 01 00 00 00 00 B1,reason=normal"
946686542806,"type=mission,x_or_task=1,y_or_landing=1,yaw=0,hex=AA FF 02 02 01 01 AF,reason=normal"
946686542856,"type=xy,x_or_task=1,y_or_landing=0,yaw=0,hex=AA FF 01 06 00 01 00 00 00 00 B1,reason=normal"
946686542906,"type=xy,x_or_task=1,y_or_landing=0,yaw=0,hex=AA FF 01 06 00 01 00 00 00 00 B1,reason=normal"
946686542906,"type=mission,x_or_task=1,y_or_landing=1,yaw=0,hex=AA FF 02 02 01 01 AF,reason=normal"
946686542956,"type=xy,x_or_task=1,y_or_landing=0,yaw=0,hex=AA FF 01 06 00 01 00 00 00 00 B1,reason=normal"
946686543006,"type=xy,x_or_task=1,y_or_landing=0,yaw=0,hex=AA FF 01 06 00 01 00 00 00 00 B1,reason=normal"
946686543018,"type=mission,x_or_task=1,y_or_landing=1,yaw=0,hex=AA FF 02 02 01 01 AF,reason=normal"
946686543056,"type=xy,x_or_task=1,y_or_landing=0,yaw=0,hex=AA FF 01 06 00 01 00 00 00 00 B1,reason=normal"
946686543106,"type=xy,x_or_task=1,y_or_landing=0,yaw=0,hex=AA FF 01 06 00 01 00 00 00 00 B1,reason=normal"
946686543106,"type=mission,x_or_task=1,y_or_landing=1,yaw=0,hex=AA FF 02 02 01 01 AF,reason=normal"
946686543156,"type=xy,x_or_task=1,y_or_landing=0,yaw=0,hex=AA FF 01 06 00 01 00 00 00 00 B1,reason=normal"
946686543218,"type=xy,x_or_task=1,y_or_landing=0,yaw=0,hex=AA FF 01 06 00 01 00 00 00 00 B1,reason=normal"
946686543219,"type=mission,x_or_task=1,y_or_landing=1,yaw=0,hex=AA FF 02 02 01 01 AF,reason=normal"
946686543256,"type=xy,x_or_task=1,y_or_landing=0,yaw=0,hex=AA FF 01 06 00 01 00 00 00 00 B1,reason=normal"
946686543306,"type=xy,x_or_task=1,y_or_landing=0,yaw=0,hex=AA FF 01 06 00 01 00 00 00 00 B1,reason=normal"
946686543306,"type=mission,x_or_task=1,y_or_landing=1,yaw=0,hex=AA FF 02 02 01 01 AF,reason=normal"
946686543356,"type=xy,x_or_task=1,y_or_landing=0,yaw=0,hex=AA FF 01 06 00 01 00 00 00 00 B1,reason=normal"
946686543418,"type=xy,x_or_task=1,y_or_landing=0,yaw=0,hex=AA FF 01 06 00 01 00 00 00 00 B1,reason=normal"
946686543418,"type=mission,x_or_task=1,y_or_landing=1,yaw=0,hex=AA FF 02 02 01 01 AF,reason=normal"
946686543456,"type=xy,x_or_task=1,y_or_landing=0,yaw=0,hex=AA FF 01 06 00 01 00 00 00 00 B1,reason=normal"
946686543506,"type=xy,x_or_task=1,y_or_landing=0,yaw=0,hex=AA FF 01 06 00 01 00 00 00 00 B1,reason=normal"
946686543506,"type=mission,x_or_task=1,y_or_landing=1,yaw=0,hex=AA FF 02 02 01 01 AF,reason=normal"
946686543556,"type=xy,x_or_task=1,y_or_landing=0,yaw=0,hex=AA FF 01 06 00 01 00 00 00 00 B1,reason=normal"
946686543618,"type=xy,x_or_task=1,y_or_landing=0,yaw=0,hex=AA FF 01 06 00 01 00 00 00 00 B1,reason=normal"
946686543619,"type=mission,x_or_task=1,y_or_landing=1,yaw=0,hex=AA FF 02 02 01 01 AF,reason=normal"
946686543656,"type=xy,x_or_task=1,y_or_landing=0,yaw=0,hex=AA FF 01 06 00 01 00 00 00 00 B1,reason=normal"
946686543706,"type=xy,x_or_task=1,y_or_landing=0,yaw=0,hex=AA FF 01 06 00 01 00 00 00 00 B1,reason=normal"
946686543706,"type=mission,x_or_task=1,y_or_landing=1,yaw=0,hex=AA FF 02 02 01 01 AF,reason=normal"
946686543756,"type=xy,x_or_task=1,y_or_landing=0,yaw=0,hex=AA FF 01 06 00 01 00 00 00 00 B1,reason=normal"
946686543806,"type=xy,x_or_task=1,y_or_landing=0,yaw=0,hex=AA FF 01 06 00 01 00 00 00 00 B1,reason=normal"
946686543806,"type=mission,x_or_task=1,y_or_landing=1,yaw=0,hex=AA FF 02 02 01 01 AF,reason=normal"
946686543856,"type=xy,x_or_task=1,y_or_landing=0,yaw=0,hex=AA FF 01 06 00 01 00 00 00 00 B1,reason=normal"
946686543906,"type=xy,x_or_task=1,y_or_landing=0,yaw=0,hex=AA FF 01 06 00 01 00 00 00 00 B1,reason=normal"
946686543906,"type=mission,x_or_task=1,y_or_landing=1,yaw=0,hex=AA FF 02 02 01 01 AF,reason=normal"
946686543956,"type=xy,x_or_task=1,y_or_landing=0,yaw=0,hex=AA FF 01 06 00 01 00 00 00 00 B1,reason=normal"
946686544006,"type=xy,x_or_task=1,y_or_landing=0,yaw=0,hex=AA FF 01 06 00 01 00 00 00 00 B1,reason=normal"
946686544018,"type=mission,x_or_task=1,y_or_landing=1,yaw=0,hex=AA FF 02 02 01 01 AF,reason=normal"
946686544056,"type=xy,x_or_task=1,y_or_landing=0,yaw=0,hex=AA FF 01 06 00 01 00 00 00 00 B1,reason=normal"
946686544116,"type=xy,x_or_task=1,y_or_landing=0,yaw=0,hex=AA FF 01 06 00 01 00 00 00 00 B1,reason=normal"
946686544116,"type=mission,x_or_task=1,y_or_landing=1,yaw=0,hex=AA FF 02 02 01 01 AF,reason=normal"
946686544156,"type=xy,x_or_task=1,y_or_landing=0,yaw=0,hex=AA FF 01 06 00 01 00 00 00 00 B1,reason=normal"
946686544206,"type=xy,x_or_task=1,y_or_landing=0,yaw=0,hex=AA FF 01 06 00 01 00 00 00 00 B1,reason=normal"
946686544206,"type=mission,x_or_task=1,y_or_landing=1,yaw=0,hex=AA FF 02 02 01 01 AF,reason=normal"
946686544256,"type=xy,x_or_task=1,y_or_landing=0,yaw=0,hex=AA FF 01 06 00 01 00 00 00 00 B1,reason=normal"
946686544306,"type=xy,x_or_task=1,y_or_landing=0,yaw=0,hex=AA FF 01 06 00 01 00 00 00 00 B1,reason=normal"
946686544306,"type=mission,x_or_task=1,y_or_landing=1,yaw=0,hex=AA FF 02 02 01 01 AF,reason=normal"
946686544356,"type=xy,x_or_task=1,y_or_landing=0,yaw=0,hex=AA FF 01 06 00 01 00 00 00 00 B1,reason=normal"
946686544406,"type=xy,x_or_task=1,y_or_landing=0,yaw=0,hex=AA FF 01 06 00 01 00 00 00 00 B1,reason=normal"
946686544406,"type=mission,x_or_task=1,y_or_landing=1,yaw=0,hex=AA FF 02 02 01 01 AF,reason=normal"
946686544456,"type=xy,x_or_task=1,y_or_landing=0,yaw=0,hex=AA FF 01 06 00 01 00 00 00 00 B1,reason=normal"
946686544506,"type=xy,x_or_task=1,y_or_landing=0,yaw=0,hex=AA FF 01 06 00 01 00 00 00 00 B1,reason=normal"
946686544506,"type=mission,x_or_task=1,y_or_landing=1,yaw=0,hex=AA FF 02 02 01 01 AF,reason=normal"
946686544556,"type=xy,x_or_task=1,y_or_landing=0,yaw=0,hex=AA FF 01 06 00 01 00 00 00 00 B1,reason=normal"
946686544606,"type=xy,x_or_task=1,y_or_landing=0,yaw=0,hex=AA FF 01 06 00 01 00 00 00 00 B1,reason=normal"
946686544618,"type=mission,x_or_task=1,y_or_landing=1,yaw=0,hex=AA FF 02 02 01 01 AF,reason=normal"
946686544656,"type=xy,x_or_task=1,y_or_landing=0,yaw=0,hex=AA FF 01 06 00 01 00 00 00 00 B1,reason=normal"
946686544706,"type=xy,x_or_task=1,y_or_landing=0,yaw=0,hex=AA FF 01 06 00 01 00 00 00 00 B1,reason=normal"
946686544706,"type=mission,x_or_task=1,y_or_landing=1,yaw=0,hex=AA FF 02 02 01 01 AF,reason=normal"
946686544756,"type=xy,x_or_task=1,y_or_landing=0,yaw=0,hex=AA FF 01 06 00 01 00 00 00 00 B1,reason=normal"
946686544806,"type=xy,x_or_task=1,y_or_landing=0,yaw=0,hex=AA FF 01 06 00 01 00 00 00 00 B1,reason=normal"
946686544806,"type=mission,x_or_task=1,y_or_landing=1,yaw=0,hex=AA FF 02 02 01 01 AF,reason=normal"
946686544856,"type=xy,x_or_task=1,y_or_landing=0,yaw=0,hex=AA FF 01 06 00 01 00 00 00 00 B1,reason=normal"
946686544906,"type=xy,x_or_task=1,y_or_landing=0,yaw=0,hex=AA FF 01 06 00 01 00 00 00 00 B1,reason=normal"
946686544906,"type=mission,x_or_task=1,y_or_landing=1,yaw=0,hex=AA FF 02 02 01 01 AF,reason=normal"
946686544956,"type=xy,x_or_task=1,y_or_landing=0,yaw=0,hex=AA FF 01 06 00 01 00 00 00 00 B1,reason=normal"
946686545006,"type=xy,x_or_task=1,y_or_landing=0,yaw=0,hex=AA FF 01 06 00 01 00 00 00 00 B1,reason=normal"
946686545006,"type=mission,x_or_task=1,y_or_landing=1,yaw=0,hex=AA FF 02 02 01 01 AF,reason=normal"
946686545056,"type=xy,x_or_task=1,y_or_landing=0,yaw=0,hex=AA FF 01 06 00 01 00 00 00 00 B1,reason=normal"
946686545106,"type=xy,x_or_task=1,y_or_landing=0,yaw=0,hex=AA FF 01 06 00 01 00 00 00 00 B1,reason=normal"
946686545106,"type=mission,x_or_task=1,y_or_landing=1,yaw=0,hex=AA FF 02 02 01 01 AF,reason=normal"
946686545156,"type=xy,x_or_task=1,y_or_landing=0,yaw=0,hex=AA FF 01 06 00 01 00 00 00 00 B1,reason=normal"
946686545215,"type=xy,x_or_task=1,y_or_landing=0,yaw=0,hex=AA FF 01 06 00 01 00 00 00 00 B1,reason=normal"
946686545216,"type=mission,x_or_task=1,y_or_landing=1,yaw=0,hex=AA FF 02 02 01 01 AF,reason=normal"
946686545256,"type=xy,x_or_task=1,y_or_landing=0,yaw=0,hex=AA FF 01 06 00 01 00 00 00 00 B1,reason=normal"
946686545306,"type=xy,x_or_task=1,y_or_landing=0,yaw=0,hex=AA FF 01 06 00 01 00 00 00 00 B1,reason=normal"
946686545306,"type=mission,x_or_task=1,y_or_landing=1,yaw=0,hex=AA FF 02 02 01 01 AF,reason=normal"
946686545356,"type=xy,x_or_task=1,y_or_landing=0,yaw=0,hex=AA FF 01 06 00 01 00 00 00 00 B1,reason=normal"
946686545418,"type=xy,x_or_task=1,y_or_landing=0,yaw=0,hex=AA FF 01 06 00 01 00 00 00 00 B1,reason=normal"
946686545419,"type=mission,x_or_task=1,y_or_landing=1,yaw=0,hex=AA FF 02 02 01 01 AF,reason=normal"
946686545456,"type=xy,x_or_task=1,y_or_landing=0,yaw=0,hex=AA FF 01 06 00 01 00 00 00 00 B1,reason=normal"
946686545506,"type=xy,x_or_task=1,y_or_landing=0,yaw=0,hex=AA FF 01 06 00 01 00 00 00 00 B1,reason=normal"
946686545506,"type=mission,x_or_task=1,y_or_landing=1,yaw=0,hex=AA FF 02 02 01 01 AF,reason=normal"
946686545556,"type=xy,x_or_task=1,y_or_landing=0,yaw=0,hex=AA FF 01 06 00 01 00 00 00 00 B1,reason=normal"
946686545620,"type=xy,x_or_task=1,y_or_landing=0,yaw=0,hex=AA FF 01 06 00 01 00 00 00 00 B1,reason=normal"
946686545620,"type=mission,x_or_task=1,y_or_landing=1,yaw=0,hex=AA FF 02 02 01 01 AF,reason=normal"
946686545656,"type=xy,x_or_task=1,y_or_landing=0,yaw=0,hex=AA FF 01 06 00 01 00 00 00 00 B1,reason=normal"
946686545706,"type=xy,x_or_task=1,y_or_landing=0,yaw=0,hex=AA FF 01 06 00 01 00 00 00 00 B1,reason=normal"
946686545706,"type=mission,x_or_task=1,y_or_landing=1,yaw=0,hex=AA FF 02 02 01 01 AF,reason=normal"
946686545756,"type=xy,x_or_task=1,y_or_landing=0,yaw=0,hex=AA FF 01 06 00 01 00 00 00 00 B1,reason=normal"
946686545806,"type=xy,x_or_task=1,y_or_landing=0,yaw=0,hex=AA FF 01 06 00 01 00 00 00 00 B1,reason=normal"
946686545818,"type=mission,x_or_task=1,y_or_landing=1,yaw=0,hex=AA FF 02 02 01 01 AF,reason=normal"
946686545856,"type=xy,x_or_task=1,y_or_landing=0,yaw=0,hex=AA FF 01 06 00 01 00 00 00 00 B1,reason=normal"
946686545915,"type=xy,x_or_task=1,y_or_landing=0,yaw=0,hex=AA FF 01 06 00 01 00 00 00 00 B1,reason=normal"
946686545915,"type=mission,x_or_task=1,y_or_landing=1,yaw=0,hex=AA FF 02 02 01 01 AF,reason=normal"
946686545956,"type=xy,x_or_task=1,y_or_landing=0,yaw=0,hex=AA FF 01 06 00 01 00 00 00 00 B1,reason=normal"
946686546006,"type=xy,x_or_task=1,y_or_landing=0,yaw=0,hex=AA FF 01 06 00 01 00 00 00 00 B1,reason=normal"
946686546006,"type=mission,x_or_task=1,y_or_landing=1,yaw=0,hex=AA FF 02 02 01 01 AF,reason=normal"
946686546056,"type=xy,x_or_task=1,y_or_landing=0,yaw=0,hex=AA FF 01 06 00 01 00 00 00 00 B1,reason=normal"
946686546106,"type=xy,x_or_task=1,y_or_landing=0,yaw=0,hex=AA FF 01 06 00 01 00 00 00 00 B1,reason=normal"
946686546106,"type=mission,x_or_task=1,y_or_landing=1,yaw=0,hex=AA FF 02 02 01 01 AF,reason=normal"
946686546156,"type=xy,x_or_task=1,y_or_landing=0,yaw=0,hex=AA FF 01 06 00 01 00 00 00 00 B1,reason=normal"
946686546206,"type=xy,x_or_task=1,y_or_landing=0,yaw=0,hex=AA FF 01 06 00 01 00 00 00 00 B1,reason=normal"
946686546206,"type=mission,x_or_task=1,y_or_landing=1,yaw=0,hex=AA FF 02 02 01 01 AF,reason=normal"
946686546256,"type=xy,x_or_task=1,y_or_landing=0,yaw=0,hex=AA FF 01 06 00 01 00 00 00 00 B1,reason=normal"
946686546306,"type=xy,x_or_task=1,y_or_landing=0,yaw=0,hex=AA FF 01 06 00 01 00 00 00 00 B1,reason=normal"
946686546306,"type=mission,x_or_task=1,y_or_landing=1,yaw=0,hex=AA FF 02 02 01 01 AF,reason=normal"
946686546356,"type=xy,x_or_task=1,y_or_landing=0,yaw=0,hex=AA FF 01 06 00 01 00 00 00 00 B1,reason=normal"
946686546406,"type=xy,x_or_task=1,y_or_landing=0,yaw=0,hex=AA FF 01 06 00 01 00 00 00 00 B1,reason=normal"
946686546406,"type=mission,x_or_task=1,y_or_landing=1,yaw=0,hex=AA FF 02 02 01 01 AF,reason=normal"
946686546456,"type=xy,x_or_task=1,y_or_landing=0,yaw=0,hex=AA FF 01 06 00 01 00 00 00 00 B1,reason=normal"
946686546506,"type=xy,x_or_task=1,y_or_landing=0,yaw=0,hex=AA FF 01 06 00 01 00 00 00 00 B1,reason=normal"
946686546506,"type=mission,x_or_task=1,y_or_landing=1,yaw=0,hex=AA FF 02 02 01 01 AF,reason=normal"
946686546556,"type=xy,x_or_task=1,y_or_landing=0,yaw=0,hex=AA FF 01 06 00 01 00 00 00 00 B1,reason=normal"
946686546618,"type=xy,x_or_task=1,y_or_landing=0,yaw=0,hex=AA FF 01 06 00 01 00 00 00 00 B1,reason=normal"
946686546619,"type=mission,x_or_task=1,y_or_landing=1,yaw=0,hex=AA FF 02 02 01 01 AF,reason=normal"
946686546656,"type=xy,x_or_task=1,y_or_landing=0,yaw=0,hex=AA FF 01 06 00 01 00 00 00 00 B1,reason=normal"
946686546716,"type=xy,x_or_task=1,y_or_landing=0,yaw=0,hex=AA FF 01 06 00 01 00 00 00 00 B1,reason=normal"
946686546716,"type=mission,x_or_task=1,y_or_landing=1,yaw=0,hex=AA FF 02 02 01 01 AF,reason=normal"
946686546756,"type=xy,x_or_task=1,y_or_landing=0,yaw=0,hex=AA FF 01 06 00 01 00 00 00 00 B1,reason=normal"
946686546818,"type=xy,x_or_task=1,y_or_landing=0,yaw=0,hex=AA FF 01 06 00 01 00 00 00 00 B1,reason=normal"
946686546818,"type=mission,x_or_task=1,y_or_landing=1,yaw=0,hex=AA FF 02 02 01 01 AF,reason=normal"
946686546856,"type=xy,x_or_task=1,y_or_landing=0,yaw=0,hex=AA FF 01 06 00 01 00 00 00 00 B1,reason=normal"
946686546906,"type=xy,x_or_task=1,y_or_landing=0,yaw=0,hex=AA FF 01 06 00 01 00 00 00 00 B1,reason=normal"
946686546919,"type=mission,x_or_task=1,y_or_landing=1,yaw=0,hex=AA FF 02 02 01 01 AF,reason=normal"
946686546956,"type=xy,x_or_task=1,y_or_landing=0,yaw=0,hex=AA FF 01 06 00 01 00 00 00 00 B1,reason=normal"
946686547006,"type=xy,x_or_task=1,y_or_landing=0,yaw=0,hex=AA FF 01 06 00 01 00 00 00 00 B1,reason=normal"
946686547017,"type=mission,x_or_task=1,y_or_landing=1,yaw=0,hex=AA FF 02 02 01 01 AF,reason=normal"
946686547056,"type=xy,x_or_task=1,y_or_landing=0,yaw=0,hex=AA FF 01 06 00 01 00 00 00 00 B1,reason=normal"
946686547118,"type=xy,x_or_task=1,y_or_landing=0,yaw=0,hex=AA FF 01 06 00 01 00 00 00 00 B1,reason=normal"
946686547118,"type=mission,x_or_task=1,y_or_landing=1,yaw=0,hex=AA FF 02 02 01 01 AF,reason=normal"
946686547156,"type=xy,x_or_task=1,y_or_landing=0,yaw=0,hex=AA FF 01 06 00 01 00 00 00 00 B1,reason=normal"
946686547206,"type=xy,x_or_task=1,y_or_landing=0,yaw=0,hex=AA FF 01 06 00 01 00 00 00 00 B1,reason=normal"
946686547218,"type=mission,x_or_task=1,y_or_landing=1,yaw=0,hex=AA FF 02 02 01 01 AF,reason=normal"
946686547256,"type=xy,x_or_task=1,y_or_landing=0,yaw=0,hex=AA FF 01 06 00 01 00 00 00 00 B1,reason=normal"
946686547318,"type=xy,x_or_task=1,y_or_landing=0,yaw=0,hex=AA FF 01 06 00 01 00 00 00 00 B1,reason=normal"
946686547318,"type=mission,x_or_task=1,y_or_landing=1,yaw=0,hex=AA FF 02 02 01 01 AF,reason=normal"
946686547356,"type=xy,x_or_task=1,y_or_landing=0,yaw=0,hex=AA FF 01 06 00 01 00 00 00 00 B1,reason=normal"
946686547406,"type=xy,x_or_task=1,y_or_landing=0,yaw=0,hex=AA FF 01 06 00 01 00 00 00 00 B1,reason=normal"
946686547416,"type=mission,x_or_task=1,y_or_landing=1,yaw=0,hex=AA FF 02 02 01 01 AF,reason=normal"
946686547456,"type=xy,x_or_task=1,y_or_landing=0,yaw=0,hex=AA FF 01 06 00 01 00 00 00 00 B1,reason=normal"
946686547506,"type=xy,x_or_task=1,y_or_landing=0,yaw=0,hex=AA FF 01 06 00 01 00 00 00 00 B1,reason=normal"
946686547506,"type=mission,x_or_task=1,y_or_landing=1,yaw=0,hex=AA FF 02 02 01 01 AF,reason=normal"
946686547556,"type=xy,x_or_task=1,y_or_landing=0,yaw=0,hex=AA FF 01 06 00 01 00 00 00 00 B1,reason=normal"
946686547606,"type=xy,x_or_task=1,y_or_landing=0,yaw=0,hex=AA FF 01 06 00 01 00 00 00 00 B1,reason=normal"
946686547619,"type=mission,x_or_task=1,y_or_landing=1,yaw=0,hex=AA FF 02 02 01 01 AF,reason=normal"
946686547656,"type=xy,x_or_task=1,y_or_landing=0,yaw=0,hex=AA FF 01 06 00 01 00 00 00 00 B1,reason=normal"
946686547718,"type=xy,x_or_task=1,y_or_landing=0,yaw=0,hex=AA FF 01 06 00 01 00 00 00 00 B1,reason=normal"
946686547718,"type=mission,x_or_task=1,y_or_landing=1,yaw=0,hex=AA FF 02 02 01 01 AF,reason=normal"
946686547756,"type=xy,x_or_task=1,y_or_landing=0,yaw=0,hex=AA FF 01 06 00 01 00 00 00 00 B1,reason=normal"
946686547806,"type=xy,x_or_task=1,y_or_landing=0,yaw=0,hex=AA FF 01 06 00 01 00 00 00 00 B1,reason=normal"
946686547819,"type=mission,x_or_task=1,y_or_landing=1,yaw=0,hex=AA FF 02 02 01 01 AF,reason=normal"
946686547856,"type=xy,x_or_task=1,y_or_landing=0,yaw=0,hex=AA FF 01 06 00 01 00 00 00 00 B1,reason=normal"
946686547906,"type=xy,x_or_task=1,y_or_landing=0,yaw=0,hex=AA FF 01 06 00 01 00 00 00 00 B1,reason=normal"
946686547906,"type=mission,x_or_task=1,y_or_landing=1,yaw=0,hex=AA FF 02 02 01 01 AF,reason=normal"
946686547956,"type=xy,x_or_task=1,y_or_landing=0,yaw=0,hex=AA FF 01 06 00 01 00 00 00 00 B1,reason=normal"
946686548006,"type=xy,x_or_task=1,y_or_landing=0,yaw=0,hex=AA FF 01 06 00 01 00 00 00 00 B1,reason=normal"
946686548006,"type=mission,x_or_task=1,y_or_landing=1,yaw=0,hex=AA FF 02 02 01 01 AF,reason=normal"
946686548056,"type=xy,x_or_task=1,y_or_landing=0,yaw=0,hex=AA FF 01 06 00 01 00 00 00 00 B1,reason=normal"
946686548106,"type=xy,x_or_task=1,y_or_landing=0,yaw=0,hex=AA FF 01 06 00 01 00 00 00 00 B1,reason=normal"
946686548106,"type=mission,x_or_task=1,y_or_landing=1,yaw=0,hex=AA FF 02 02 01 01 AF,reason=normal"
946686548156,"type=xy,x_or_task=1,y_or_landing=0,yaw=0,hex=AA FF 01 06 00 01 00 00 00 00 B1,reason=normal"
946686548216,"type=xy,x_or_task=1,y_or_landing=0,yaw=0,hex=AA FF 01 06 00 01 00 00 00 00 B1,reason=normal"
946686548217,"type=mission,x_or_task=1,y_or_landing=1,yaw=0,hex=AA FF 02 02 01 01 AF,reason=normal"
946686548256,"type=xy,x_or_task=1,y_or_landing=0,yaw=0,hex=AA FF 01 06 00 01 00 00 00 00 B1,reason=normal"
946686548306,"type=xy,x_or_task=1,y_or_landing=0,yaw=0,hex=AA FF 01 06 00 01 00 00 00 00 B1,reason=normal"
946686548306,"type=mission,x_or_task=1,y_or_landing=1,yaw=0,hex=AA FF 02 02 01 01 AF,reason=normal"
946686548356,"type=xy,x_or_task=1,y_or_landing=0,yaw=0,hex=AA FF 01 06 00 01 00 00 00 00 B1,reason=normal"
946686548406,"type=xy,x_or_task=1,y_or_landing=0,yaw=0,hex=AA FF 01 06 00 01 00 00 00 00 B1,reason=normal"
946686548406,"type=mission,x_or_task=1,y_or_landing=1,yaw=0,hex=AA FF 02 02 01 01 AF,reason=normal"
946686548456,"type=xy,x_or_task=1,y_or_landing=0,yaw=0,hex=AA FF 01 06 00 01 00 00 00 00 B1,reason=normal"
946686548506,"type=xy,x_or_task=1,y_or_landing=0,yaw=0,hex=AA FF 01 06 00 01 00 00 00 00 B1,reason=normal"
946686548518,"type=mission,x_or_task=1,y_or_landing=1,yaw=0,hex=AA FF 02 02 01 01 AF,reason=normal"
946686548556,"type=xy,x_or_task=1,y_or_landing=0,yaw=0,hex=AA FF 01 06 00 01 00 00 00 00 B1,reason=normal"
946686548606,"type=xy,x_or_task=1,y_or_landing=0,yaw=0,hex=AA FF 01 06 00 01 00 00 00 00 B1,reason=normal"
946686548619,"type=mission,x_or_task=1,y_or_landing=1,yaw=0,hex=AA FF 02 02 01 01 AF,reason=normal"
946686548656,"type=xy,x_or_task=1,y_or_landing=0,yaw=0,hex=AA FF 01 06 00 01 00 00 00 00 B1,reason=normal"
946686548715,"type=xy,x_or_task=1,y_or_landing=0,yaw=0,hex=AA FF 01 06 00 01 00 00 00 00 B1,reason=normal"
946686548715,"type=mission,x_or_task=1,y_or_landing=1,yaw=0,hex=AA FF 02 02 01 01 AF,reason=normal"
946686548756,"type=xy,x_or_task=1,y_or_landing=0,yaw=0,hex=AA FF 01 06 00 01 00 00 00 00 B1,reason=normal"
946686548806,"type=xy,x_or_task=1,y_or_landing=0,yaw=0,hex=AA FF 01 06 00 01 00 00 00 00 B1,reason=normal"
946686548806,"type=mission,x_or_task=1,y_or_landing=1,yaw=0,hex=AA FF 02 02 01 01 AF,reason=normal"
946686548856,"type=xy,x_or_task=1,y_or_landing=0,yaw=0,hex=AA FF 01 06 00 01 00 00 00 00 B1,reason=normal"
946686548906,"type=xy,x_or_task=1,y_or_landing=0,yaw=0,hex=AA FF 01 06 00 01 00 00 00 00 B1,reason=normal"
946686548919,"type=mission,x_or_task=1,y_or_landing=1,yaw=0,hex=AA FF 02 02 01 01 AF,reason=normal"
946686548956,"type=xy,x_or_task=1,y_or_landing=0,yaw=0,hex=AA FF 01 06 00 01 00 00 00 00 B1,reason=normal"
946686549006,"type=xy,x_or_task=1,y_or_landing=0,yaw=0,hex=AA FF 01 06 00 01 00 00 00 00 B1,reason=normal"
946686549006,"type=mission,x_or_task=1,y_or_landing=1,yaw=0,hex=AA FF 02 02 01 01 AF,reason=normal"
946686549056,"type=xy,x_or_task=1,y_or_landing=0,yaw=0,hex=AA FF 01 06 00 01 00 00 00 00 B1,reason=normal"
946686549115,"type=xy,x_or_task=1,y_or_landing=0,yaw=0,hex=AA FF 01 06 00 01 00 00 00 00 B1,reason=normal"
946686549116,"type=mission,x_or_task=1,y_or_landing=1,yaw=0,hex=AA FF 02 02 01 01 AF,reason=normal"
946686549156,"type=xy,x_or_task=1,y_or_landing=0,yaw=0,hex=AA FF 01 06 00 01 00 00 00 00 B1,reason=normal"
946686549206,"type=xy,x_or_task=1,y_or_landing=0,yaw=0,hex=AA FF 01 06 00 01 00 00 00 00 B1,reason=normal"
946686549206,"type=mission,x_or_task=1,y_or_landing=1,yaw=0,hex=AA FF 02 02 01 01 AF,reason=normal"
946686549256,"type=xy,x_or_task=1,y_or_landing=0,yaw=0,hex=AA FF 01 06 00 01 00 00 00 00 B1,reason=normal"
946686549315,"type=xy,x_or_task=1,y_or_landing=0,yaw=0,hex=AA FF 01 06 00 01 00 00 00 00 B1,reason=normal"
946686549315,"type=mission,x_or_task=1,y_or_landing=1,yaw=0,hex=AA FF 02 02 01 01 AF,reason=normal"
946686549356,"type=xy,x_or_task=1,y_or_landing=0,yaw=0,hex=AA FF 01 06 00 01 00 00 00 00 B1,reason=normal"
946686549416,"type=xy,x_or_task=1,y_or_landing=0,yaw=0,hex=AA FF 01 06 00 01 00 00 00 00 B1,reason=normal"
946686549416,"type=mission,x_or_task=1,y_or_landing=1,yaw=0,hex=AA FF 02 02 01 01 AF,reason=normal"
946686549456,"type=xy,x_or_task=1,y_or_landing=0,yaw=0,hex=AA FF 01 06 00 01 00 00 00 00 B1,reason=normal"
946686549506,"type=xy,x_or_task=1,y_or_landing=0,yaw=0,hex=AA FF 01 06 00 01 00 00 00 00 B1,reason=normal"
946686549518,"type=mission,x_or_task=1,y_or_landing=1,yaw=0,hex=AA FF 02 02 01 01 AF,reason=normal"
946686549556,"type=xy,x_or_task=1,y_or_landing=0,yaw=0,hex=AA FF 01 06 00 01 00 00 00 00 B1,reason=normal"
946686549618,"type=xy,x_or_task=1,y_or_landing=0,yaw=0,hex=AA FF 01 06 00 01 00 00 00 00 B1,reason=normal"
946686549619,"type=mission,x_or_task=1,y_or_landing=1,yaw=0,hex=AA FF 02 02 01 01 AF,reason=normal"
946686549656,"type=xy,x_or_task=1,y_or_landing=0,yaw=0,hex=AA FF 01 06 00 01 00 00 00 00 B1,reason=normal"
946686549706,"type=xy,x_or_task=1,y_or_landing=0,yaw=0,hex=AA FF 01 06 00 01 00 00 00 00 B1,reason=normal"
946686549706,"type=mission,x_or_task=1,y_or_landing=1,yaw=0,hex=AA FF 02 02 01 01 AF,reason=normal"
946686549756,"type=xy,x_or_task=1,y_or_landing=0,yaw=0,hex=AA FF 01 06 00 01 00 00 00 00 B1,reason=normal"
946686549806,"type=xy,x_or_task=1,y_or_landing=0,yaw=0,hex=AA FF 01 06 00 01 00 00 00 00 B1,reason=normal"
946686549806,"type=mission,x_or_task=1,y_or_landing=1,yaw=0,hex=AA FF 02 02 01 01 AF,reason=normal"
946686549856,"type=xy,x_or_task=1,y_or_landing=0,yaw=0,hex=AA FF 01 06 00 01 00 00 00 00 B1,reason=normal"
946686549906,"type=xy,x_or_task=1,y_or_landing=0,yaw=0,hex=AA FF 01 06 00 01 00 00 00 00 B1,reason=normal"
946686549919,"type=mission,x_or_task=1,y_or_landing=1,yaw=0,hex=AA FF 02 02 01 01 AF,reason=normal"
946686549956,"type=xy,x_or_task=1,y_or_landing=0,yaw=0,hex=AA FF 01 06 00 01 00 00 00 00 B1,reason=normal"
946686550006,"type=xy,x_or_task=1,y_or_landing=0,yaw=0,hex=AA FF 01 06 00 01 00 00 00 00 B1,reason=normal"
946686550006,"type=mission,x_or_task=1,y_or_landing=1,yaw=0,hex=AA FF 02 02 01 01 AF,reason=normal"
946686550056,"type=xy,x_or_task=1,y_or_landing=0,yaw=0,hex=AA FF 01 06 00 01 00 00 00 00 B1,reason=normal"
946686550106,"type=xy,x_or_task=1,y_or_landing=0,yaw=0,hex=AA FF 01 06 00 01 00 00 00 00 B1,reason=normal"
946686550119,"type=mission,x_or_task=1,y_or_landing=1,yaw=0,hex=AA FF 02 02 01 01 AF,reason=normal"
946686550156,"type=xy,x_or_task=1,y_or_landing=0,yaw=0,hex=AA FF 01 06 00 01 00 00 00 00 B1,reason=normal"
946686550216,"type=xy,x_or_task=1,y_or_landing=0,yaw=0,hex=AA FF 01 06 00 01 00 00 00 00 B1,reason=normal"
946686550216,"type=mission,x_or_task=1,y_or_landing=1,yaw=0,hex=AA FF 02 02 01 01 AF,reason=normal"
946686550256,"type=xy,x_or_task=1,y_or_landing=0,yaw=0,hex=AA FF 01 06 00 01 00 00 00 00 B1,reason=normal"
946686550318,"type=xy,x_or_task=1,y_or_landing=0,yaw=0,hex=AA FF 01 06 00 01 00 00 00 00 B1,reason=normal"
946686550318,"type=mission,x_or_task=1,y_or_landing=1,yaw=0,hex=AA FF 02 02 01 01 AF,reason=normal"
946686550356,"type=xy,x_or_task=1,y_or_landing=0,yaw=0,hex=AA FF 01 06 00 01 00 00 00 00 B1,reason=normal"
946686550406,"type=xy,x_or_task=1,y_or_landing=0,yaw=0,hex=AA FF 01 06 00 01 00 00 00 00 B1,reason=normal"
946686550406,"type=mission,x_or_task=1,y_or_landing=1,yaw=0,hex=AA FF 02 02 01 01 AF,reason=normal"
946686550456,"type=xy,x_or_task=1,y_or_landing=0,yaw=0,hex=AA FF 01 06 00 01 00 00 00 00 B1,reason=normal"
946686550506,"type=xy,x_or_task=1,y_or_landing=0,yaw=0,hex=AA FF 01 06 00 01 00 00 00 00 B1,reason=normal"
946686550506,"type=mission,x_or_task=1,y_or_landing=1,yaw=0,hex=AA FF 02 02 01 01 AF,reason=normal"
946686550556,"type=xy,x_or_task=1,y_or_landing=0,yaw=0,hex=AA FF 01 06 00 01 00 00 00 00 B1,reason=normal"
946686550606,"type=xy,x_or_task=1,y_or_landing=0,yaw=0,hex=AA FF 01 06 00 01 00 00 00 00 B1,reason=normal"
946686550618,"type=mission,x_or_task=1,y_or_landing=1,yaw=0,hex=AA FF 02 02 01 01 AF,reason=normal"
946686550656,"type=xy,x_or_task=1,y_or_landing=0,yaw=0,hex=AA FF 01 06 00 01 00 00 00 00 B1,reason=normal"
946686550706,"type=xy,x_or_task=1,y_or_landing=0,yaw=0,hex=AA FF 01 06 00 01 00 00 00 00 B1,reason=normal"
946686550706,"type=mission,x_or_task=1,y_or_landing=1,yaw=0,hex=AA FF 02 02 01 01 AF,reason=normal"
946686550756,"type=xy,x_or_task=1,y_or_landing=0,yaw=0,hex=AA FF 01 06 00 01 00 00 00 00 B1,reason=normal"
946686550806,"type=xy,x_or_task=1,y_or_landing=0,yaw=0,hex=AA FF 01 06 00 01 00 00 00 00 B1,reason=normal"
946686550806,"type=mission,x_or_task=1,y_or_landing=1,yaw=0,hex=AA FF 02 02 01 01 AF,reason=normal"
946686550856,"type=xy,x_or_task=1,y_or_landing=0,yaw=0,hex=AA FF 01 06 00 01 00 00 00 00 B1,reason=normal"
946686550906,"type=xy,x_or_task=1,y_or_landing=0,yaw=0,hex=AA FF 01 06 00 01 00 00 00 00 B1,reason=normal"
946686550906,"type=mission,x_or_task=1,y_or_landing=1,yaw=0,hex=AA FF 02 02 01 01 AF,reason=normal"
946686550956,"type=xy,x_or_task=1,y_or_landing=0,yaw=0,hex=AA FF 01 06 00 01 00 00 00 00 B1,reason=normal"
946686551019,"type=xy,x_or_task=1,y_or_landing=0,yaw=0,hex=AA FF 01 06 00 01 00 00 00 00 B1,reason=normal"
946686551020,"type=mission,x_or_task=1,y_or_landing=1,yaw=0,hex=AA FF 02 02 01 01 AF,reason=normal"
946686551056,"type=xy,x_or_task=1,y_or_landing=0,yaw=0,hex=AA FF 01 06 00 01 00 00 00 00 B1,reason=normal"
946686551106,"type=xy,x_or_task=1,y_or_landing=0,yaw=0,hex=AA FF 01 06 00 01 00 00 00 00 B1,reason=normal"
946686551119,"type=mission,x_or_task=1,y_or_landing=1,yaw=0,hex=AA FF 02 02 01 01 AF,reason=normal"
946686551156,"type=xy,x_or_task=1,y_or_landing=0,yaw=0,hex=AA FF 01 06 00 01 00 00 00 00 B1,reason=normal"
946686551216,"type=xy,x_or_task=1,y_or_landing=0,yaw=0,hex=AA FF 01 06 00 01 00 00 00 00 B1,reason=normal"
946686551216,"type=mission,x_or_task=1,y_or_landing=1,yaw=0,hex=AA FF 02 02 01 01 AF,reason=normal"
946686551256,"type=xy,x_or_task=1,y_or_landing=0,yaw=0,hex=AA FF 01 06 00 01 00 00 00 00 B1,reason=normal"
946686551306,"type=xy,x_or_task=1,y_or_landing=0,yaw=0,hex=AA FF 01 06 00 01 00 00 00 00 B1,reason=normal"
946686551306,"type=mission,x_or_task=1,y_or_landing=1,yaw=0,hex=AA FF 02 02 01 01 AF,reason=normal"
946686551356,"type=xy,x_or_task=1,y_or_landing=0,yaw=0,hex=AA FF 01 06 00 01 00 00 00 00 B1,reason=normal"
946686551406,"type=xy,x_or_task=1,y_or_landing=0,yaw=0,hex=AA FF 01 06 00 01 00 00 00 00 B1,reason=normal"
946686551418,"type=mission,x_or_task=1,y_or_landing=1,yaw=0,hex=AA FF 02 02 01 01 AF,reason=normal"
946686551456,"type=xy,x_or_task=1,y_or_landing=0,yaw=0,hex=AA FF 01 06 00 01 00 00 00 00 B1,reason=normal"
946686551506,"type=xy,x_or_task=1,y_or_landing=0,yaw=0,hex=AA FF 01 06 00 01 00 00 00 00 B1,reason=normal"
946686551520,"type=mission,x_or_task=1,y_or_landing=1,yaw=0,hex=AA FF 02 02 01 01 AF,reason=normal"
946686551556,"type=xy,x_or_task=1,y_or_landing=0,yaw=0,hex=AA FF 01 06 00 01 00 00 00 00 B1,reason=normal"
946686551606,"type=xy,x_or_task=1,y_or_landing=0,yaw=0,hex=AA FF 01 06 00 01 00 00 00 00 B1,reason=normal"
946686551617,"type=mission,x_or_task=1,y_or_landing=1,yaw=0,hex=AA FF 02 02 01 01 AF,reason=normal"
946686551656,"type=xy,x_or_task=1,y_or_landing=0,yaw=0,hex=AA FF 01 06 00 01 00 00 00 00 B1,reason=normal"
946686551706,"type=xy,x_or_task=1,y_or_landing=0,yaw=0,hex=AA FF 01 06 00 01 00 00 00 00 B1,reason=normal"
946686551706,"type=mission,x_or_task=1,y_or_landing=1,yaw=0,hex=AA FF 02 02 01 01 AF,reason=normal"
946686551756,"type=xy,x_or_task=1,y_or_landing=0,yaw=0,hex=AA FF 01 06 00 01 00 00 00 00 B1,reason=normal"
946686551806,"type=xy,x_or_task=1,y_or_landing=0,yaw=0,hex=AA FF 01 06 00 01 00 00 00 00 B1,reason=normal"
946686551818,"type=mission,x_or_task=1,y_or_landing=1,yaw=0,hex=AA FF 02 02 01 01 AF,reason=normal"
946686551856,"type=xy,x_or_task=1,y_or_landing=0,yaw=0,hex=AA FF 01 06 00 01 00 00 00 00 B1,reason=normal"
946686551918,"type=xy,x_or_task=1,y_or_landing=0,yaw=0,hex=AA FF 01 06 00 01 00 00 00 00 B1,reason=normal"
946686551919,"type=mission,x_or_task=1,y_or_landing=1,yaw=0,hex=AA FF 02 02 01 01 AF,reason=normal"
946686551956,"type=xy,x_or_task=1,y_or_landing=0,yaw=0,hex=AA FF 01 06 00 01 00 00 00 00 B1,reason=normal"
946686552020,"type=xy,x_or_task=1,y_or_landing=0,yaw=0,hex=AA FF 01 06 00 01 00 00 00 00 B1,reason=normal"
946686552020,"type=mission,x_or_task=1,y_or_landing=1,yaw=0,hex=AA FF 02 02 01 01 AF,reason=normal"
946686552056,"type=xy,x_or_task=1,y_or_landing=0,yaw=0,hex=AA FF 01 06 00 01 00 00 00 00 B1,reason=normal"
946686552118,"type=xy,x_or_task=1,y_or_landing=0,yaw=0,hex=AA FF 01 06 00 01 00 00 00 00 B1,reason=normal"
946686552119,"type=mission,x_or_task=1,y_or_landing=1,yaw=0,hex=AA FF 02 02 01 01 AF,reason=normal"
946686552156,"type=xy,x_or_task=1,y_or_landing=0,yaw=0,hex=AA FF 01 06 00 01 00 00 00 00 B1,reason=normal"
946686552206,"type=xy,x_or_task=1,y_or_landing=0,yaw=0,hex=AA FF 01 06 00 01 00 00 00 00 B1,reason=normal"
946686552216,"type=mission,x_or_task=1,y_or_landing=1,yaw=0,hex=AA FF 02 02 01 01 AF,reason=normal"
946686552256,"type=xy,x_or_task=1,y_or_landing=0,yaw=0,hex=AA FF 01 06 00 01 00 00 00 00 B1,reason=normal"
946686552306,"type=xy,x_or_task=1,y_or_landing=0,yaw=0,hex=AA FF 01 06 00 01 00 00 00 00 B1,reason=normal"
946686552306,"type=mission,x_or_task=1,y_or_landing=1,yaw=0,hex=AA FF 02 02 01 01 AF,reason=normal"
946686552356,"type=xy,x_or_task=1,y_or_landing=0,yaw=0,hex=AA FF 01 06 00 01 00 00 00 00 B1,reason=normal"
946686552406,"type=xy,x_or_task=1,y_or_landing=0,yaw=0,hex=AA FF 01 06 00 01 00 00 00 00 B1,reason=normal"
946686552418,"type=mission,x_or_task=1,y_or_landing=1,yaw=0,hex=AA FF 02 02 01 01 AF,reason=normal"
946686552456,"type=xy,x_or_task=1,y_or_landing=0,yaw=0,hex=AA FF 01 06 00 01 00 00 00 00 B1,reason=normal"
946686552506,"type=xy,x_or_task=1,y_or_landing=0,yaw=0,hex=AA FF 01 06 00 01 00 00 00 00 B1,reason=normal"
946686552518,"type=mission,x_or_task=1,y_or_landing=1,yaw=0,hex=AA FF 02 02 01 01 AF,reason=normal"
946686552556,"type=xy,x_or_task=1,y_or_landing=0,yaw=0,hex=AA FF 01 06 00 01 00 00 00 00 B1,reason=normal"
946686552618,"type=xy,x_or_task=1,y_or_landing=0,yaw=0,hex=AA FF 01 06 00 01 00 00 00 00 B1,reason=normal"
946686552619,"type=mission,x_or_task=1,y_or_landing=1,yaw=0,hex=AA FF 02 02 01 01 AF,reason=normal"
946686552656,"type=xy,x_or_task=1,y_or_landing=0,yaw=0,hex=AA FF 01 06 00 01 00 00 00 00 B1,reason=normal"
946686552706,"type=xy,x_or_task=1,y_or_landing=0,yaw=0,hex=AA FF 01 06 00 01 00 00 00 00 B1,reason=normal"
946686552706,"type=mission,x_or_task=1,y_or_landing=1,yaw=0,hex=AA FF 02 02 01 01 AF,reason=normal"
946686552756,"type=xy,x_or_task=1,y_or_landing=0,yaw=0,hex=AA FF 01 06 00 01 00 00 00 00 B1,reason=normal"
946686552806,"type=xy,x_or_task=1,y_or_landing=0,yaw=0,hex=AA FF 01 06 00 01 00 00 00 00 B1,reason=normal"
946686552806,"type=mission,x_or_task=1,y_or_landing=1,yaw=0,hex=AA FF 02 02 01 01 AF,reason=normal"
946686552856,"type=xy,x_or_task=1,y_or_landing=0,yaw=0,hex=AA FF 01 06 00 01 00 00 00 00 B1,reason=normal"
946686552906,"type=xy,x_or_task=1,y_or_landing=0,yaw=0,hex=AA FF 01 06 00 01 00 00 00 00 B1,reason=normal"
946686552906,"type=mission,x_or_task=1,y_or_landing=1,yaw=0,hex=AA FF 02 02 01 01 AF,reason=normal"
946686552956,"type=xy,x_or_task=1,y_or_landing=0,yaw=0,hex=AA FF 01 06 00 01 00 00 00 00 B1,reason=normal"
946686553006,"type=xy,x_or_task=1,y_or_landing=0,yaw=0,hex=AA FF 01 06 00 01 00 00 00 00 B1,reason=normal"
946686553018,"type=mission,x_or_task=1,y_or_landing=1,yaw=0,hex=AA FF 02 02 01 01 AF,reason=normal"
946686553056,"type=xy,x_or_task=1,y_or_landing=0,yaw=0,hex=AA FF 01 06 00 01 00 00 00 00 B1,reason=normal"
946686553106,"type=xy,x_or_task=1,y_or_landing=0,yaw=0,hex=AA FF 01 06 00 01 00 00 00 00 B1,reason=normal"
946686553106,"type=mission,x_or_task=1,y_or_landing=1,yaw=0,hex=AA FF 02 02 01 01 AF,reason=normal"
946686553156,"type=xy,x_or_task=1,y_or_landing=0,yaw=0,hex=AA FF 01 06 00 01 00 00 00 00 B1,reason=normal"
946686553206,"type=xy,x_or_task=1,y_or_landing=0,yaw=0,hex=AA FF 01 06 00 01 00 00 00 00 B1,reason=normal"
946686553206,"type=mission,x_or_task=1,y_or_landing=1,yaw=0,hex=AA FF 02 02 01 01 AF,reason=normal"
946686553256,"type=xy,x_or_task=1,y_or_landing=0,yaw=0,hex=AA FF 01 06 00 01 00 00 00 00 B1,reason=normal"
946686553306,"type=xy,x_or_task=1,y_or_landing=0,yaw=0,hex=AA FF 01 06 00 01 00 00 00 00 B1,reason=normal"
946686553306,"type=mission,x_or_task=1,y_or_landing=1,yaw=0,hex=AA FF 02 02 01 01 AF,reason=normal"
946686553356,"type=xy,x_or_task=1,y_or_landing=0,yaw=0,hex=AA FF 01 06 00 01 00 00 00 00 B1,reason=normal"
946686553406,"type=xy,x_or_task=1,y_or_landing=0,yaw=0,hex=AA FF 01 06 00 01 00 00 00 00 B1,reason=normal"
946686553406,"type=mission,x_or_task=1,y_or_landing=1,yaw=0,hex=AA FF 02 02 01 01 AF,reason=normal"
946686553456,"type=xy,x_or_task=1,y_or_landing=0,yaw=0,hex=AA FF 01 06 00 01 00 00 00 00 B1,reason=normal"
946686553506,"type=xy,x_or_task=1,y_or_landing=0,yaw=0,hex=AA FF 01 06 00 01 00 00 00 00 B1,reason=normal"
946686553506,"type=mission,x_or_task=1,y_or_landing=1,yaw=0,hex=AA FF 02 02 01 01 AF,reason=normal"
946686553556,"type=xy,x_or_task=1,y_or_landing=0,yaw=0,hex=AA FF 01 06 00 01 00 00 00 00 B1,reason=normal"
946686553615,"type=xy,x_or_task=1,y_or_landing=0,yaw=0,hex=AA FF 01 06 00 01 00 00 00 00 B1,reason=normal"
946686553615,"type=mission,x_or_task=1,y_or_landing=1,yaw=0,hex=AA FF 02 02 01 01 AF,reason=normal"
946686553656,"type=xy,x_or_task=1,y_or_landing=0,yaw=0,hex=AA FF 01 06 00 01 00 00 00 00 B1,reason=normal"
946686553706,"type=xy,x_or_task=1,y_or_landing=0,yaw=0,hex=AA FF 01 06 00 01 00 00 00 00 B1,reason=normal"
946686553706,"type=mission,x_or_task=1,y_or_landing=1,yaw=0,hex=AA FF 02 02 01 01 AF,reason=normal"
946686553756,"type=xy,x_or_task=1,y_or_landing=0,yaw=0,hex=AA FF 01 06 00 01 00 00 00 00 B1,reason=normal"
946686553816,"type=xy,x_or_task=1,y_or_landing=0,yaw=0,hex=AA FF 01 06 00 01 00 00 00 00 B1,reason=normal"
946686553816,"type=mission,x_or_task=1,y_or_landing=1,yaw=0,hex=AA FF 02 02 01 01 AF,reason=normal"
946686553856,"type=xy,x_or_task=1,y_or_landing=0,yaw=0,hex=AA FF 01 06 00 01 00 00 00 00 B1,reason=normal"
946686553906,"type=xy,x_or_task=1,y_or_landing=0,yaw=0,hex=AA FF 01 06 00 01 00 00 00 00 B1,reason=normal"
946686553906,"type=mission,x_or_task=1,y_or_landing=1,yaw=0,hex=AA FF 02 02 01 01 AF,reason=normal"
946686553956,"type=xy,x_or_task=1,y_or_landing=0,yaw=0,hex=AA FF 01 06 00 01 00 00 00 00 B1,reason=normal"
946686554019,"type=xy,x_or_task=1,y_or_landing=0,yaw=0,hex=AA FF 01 06 00 01 00 00 00 00 B1,reason=normal"
946686554019,"type=mission,x_or_task=1,y_or_landing=1,yaw=0,hex=AA FF 02 02 01 01 AF,reason=normal"
946686554056,"type=xy,x_or_task=1,y_or_landing=0,yaw=0,hex=AA FF 01 06 00 01 00 00 00 00 B1,reason=normal"
946686554118,"type=xy,x_or_task=1,y_or_landing=0,yaw=0,hex=AA FF 01 06 00 01 00 00 00 00 B1,reason=normal"
946686554119,"type=mission,x_or_task=1,y_or_landing=1,yaw=0,hex=AA FF 02 02 01 01 AF,reason=normal"
946686554156,"type=xy,x_or_task=1,y_or_landing=0,yaw=0,hex=AA FF 01 06 00 01 00 00 00 00 B1,reason=normal"
946686554216,"type=xy,x_or_task=1,y_or_landing=0,yaw=0,hex=AA FF 01 06 00 01 00 00 00 00 B1,reason=normal"
946686554216,"type=mission,x_or_task=1,y_or_landing=1,yaw=0,hex=AA FF 02 02 01 01 AF,reason=normal"
946686554256,"type=xy,x_or_task=1,y_or_landing=0,yaw=0,hex=AA FF 01 06 00 01 00 00 00 00 B1,reason=normal"
946686554306,"type=xy,x_or_task=1,y_or_landing=0,yaw=0,hex=AA FF 01 06 00 01 00 00 00 00 B1,reason=normal"
946686554306,"type=mission,x_or_task=1,y_or_landing=1,yaw=0,hex=AA FF 02 02 01 01 AF,reason=normal"
946686554356,"type=xy,x_or_task=1,y_or_landing=0,yaw=0,hex=AA FF 01 06 00 01 00 00 00 00 B1,reason=normal"
946686554406,"type=xy,x_or_task=1,y_or_landing=0,yaw=0,hex=AA FF 01 06 00 01 00 00 00 00 B1,reason=normal"
946686554406,"type=mission,x_or_task=1,y_or_landing=1,yaw=0,hex=AA FF 02 02 01 01 AF,reason=normal"
946686554456,"type=xy,x_or_task=1,y_or_landing=0,yaw=0,hex=AA FF 01 06 00 01 00 00 00 00 B1,reason=normal"
946686554506,"type=xy,x_or_task=1,y_or_landing=0,yaw=0,hex=AA FF 01 06 00 01 00 00 00 00 B1,reason=normal"
946686554506,"type=mission,x_or_task=1,y_or_landing=1,yaw=0,hex=AA FF 02 02 01 01 AF,reason=normal"
946686554556,"type=xy,x_or_task=1,y_or_landing=0,yaw=0,hex=AA FF 01 06 00 01 00 00 00 00 B1,reason=normal"
946686554618,"type=xy,x_or_task=1,y_or_landing=0,yaw=0,hex=AA FF 01 06 00 01 00 00 00 00 B1,reason=normal"
946686554619,"type=mission,x_or_task=1,y_or_landing=1,yaw=0,hex=AA FF 02 02 01 01 AF,reason=normal"
946686554656,"type=xy,x_or_task=1,y_or_landing=0,yaw=0,hex=AA FF 01 06 00 01 00 00 00 00 B1,reason=normal"
946686554706,"type=xy,x_or_task=1,y_or_landing=0,yaw=0,hex=AA FF 01 06 00 01 00 00 00 00 B1,reason=normal"
946686554719,"type=mission,x_or_task=1,y_or_landing=1,yaw=0,hex=AA FF 02 02 01 01 AF,reason=normal"
946686554756,"type=xy,x_or_task=1,y_or_landing=0,yaw=0,hex=AA FF 01 06 00 01 00 00 00 00 B1,reason=normal"
946686554806,"type=xy,x_or_task=1,y_or_landing=0,yaw=0,hex=AA FF 01 06 00 01 00 00 00 00 B1,reason=normal"
946686554806,"type=mission,x_or_task=1,y_or_landing=1,yaw=0,hex=AA FF 02 02 01 01 AF,reason=normal"
946686554856,"type=xy,x_or_task=1,y_or_landing=0,yaw=0,hex=AA FF 01 06 00 01 00 00 00 00 B1,reason=normal"
946686554906,"type=xy,x_or_task=1,y_or_landing=0,yaw=0,hex=AA FF 01 06 00 01 00 00 00 00 B1,reason=normal"
946686554906,"type=mission,x_or_task=1,y_or_landing=1,yaw=0,hex=AA FF 02 02 01 01 AF,reason=normal"
946686554956,"type=xy,x_or_task=1,y_or_landing=0,yaw=0,hex=AA FF 01 06 00 01 00 00 00 00 B1,reason=normal"
946686555017,"type=xy,x_or_task=1,y_or_landing=0,yaw=0,hex=AA FF 01 06 00 01 00 00 00 00 B1,reason=normal"
946686555017,"type=mission,x_or_task=1,y_or_landing=1,yaw=0,hex=AA FF 02 02 01 01 AF,reason=normal"
946686555056,"type=xy,x_or_task=1,y_or_landing=0,yaw=0,hex=AA FF 01 06 00 01 00 00 00 00 B1,reason=normal"
946686555106,"type=xy,x_or_task=1,y_or_landing=0,yaw=0,hex=AA FF 01 06 00 01 00 00 00 00 B1,reason=normal"
946686555119,"type=mission,x_or_task=1,y_or_landing=1,yaw=0,hex=AA FF 02 02 01 01 AF,reason=normal"
946686555156,"type=xy,x_or_task=1,y_or_landing=0,yaw=0,hex=AA FF 01 06 00 01 00 00 00 00 B1,reason=normal"
946686555216,"type=xy,x_or_task=1,y_or_landing=0,yaw=0,hex=AA FF 01 06 00 01 00 00 00 00 B1,reason=normal"
946686555216,"type=mission,x_or_task=1,y_or_landing=1,yaw=0,hex=AA FF 02 02 01 01 AF,reason=normal"
946686555256,"type=xy,x_or_task=1,y_or_landing=0,yaw=0,hex=AA FF 01 06 00 01 00 00 00 00 B1,reason=normal"
946686555318,"type=xy,x_or_task=1,y_or_landing=0,yaw=0,hex=AA FF 01 06 00 01 00 00 00 00 B1,reason=normal"
946686555318,"type=mission,x_or_task=1,y_or_landing=1,yaw=0,hex=AA FF 02 02 01 01 AF,reason=normal"
946686555356,"type=xy,x_or_task=1,y_or_landing=0,yaw=0,hex=AA FF 01 06 00 01 00 00 00 00 B1,reason=normal"
946686555406,"type=xy,x_or_task=1,y_or_landing=0,yaw=0,hex=AA FF 01 06 00 01 00 00 00 00 B1,reason=normal"
946686555406,"type=mission,x_or_task=1,y_or_landing=1,yaw=0,hex=AA FF 02 02 01 01 AF,reason=normal"
946686555456,"type=xy,x_or_task=1,y_or_landing=0,yaw=0,hex=AA FF 01 06 00 01 00 00 00 00 B1,reason=normal"
946686555506,"type=xy,x_or_task=1,y_or_landing=0,yaw=0,hex=AA FF 01 06 00 01 00 00 00 00 B1,reason=normal"
946686555506,"type=mission,x_or_task=1,y_or_landing=1,yaw=0,hex=AA FF 02 02 01 01 AF,reason=normal"
946686555556,"type=xy,x_or_task=1,y_or_landing=0,yaw=0,hex=AA FF 01 06 00 01 00 00 00 00 B1,reason=normal"
946686555606,"type=xy,x_or_task=1,y_or_landing=0,yaw=0,hex=AA FF 01 06 00 01 00 00 00 00 B1,reason=normal"
946686555606,"type=mission,x_or_task=1,y_or_landing=1,yaw=0,hex=AA FF 02 02 01 01 AF,reason=normal"
946686555656,"type=xy,x_or_task=1,y_or_landing=0,yaw=0,hex=AA FF 01 06 00 01 00 00 00 00 B1,reason=normal"
946686555718,"type=xy,x_or_task=1,y_or_landing=0,yaw=0,hex=AA FF 01 06 00 01 00 00 00 00 B1,reason=normal"
946686555718,"type=mission,x_or_task=1,y_or_landing=1,yaw=0,hex=AA FF 02 02 01 01 AF,reason=normal"
946686555756,"type=xy,x_or_task=1,y_or_landing=0,yaw=0,hex=AA FF 01 06 00 01 00 00 00 00 B1,reason=normal"
946686555806,"type=xy,x_or_task=1,y_or_landing=0,yaw=0,hex=AA FF 01 06 00 01 00 00 00 00 B1,reason=normal"
946686555818,"type=mission,x_or_task=1,y_or_landing=1,yaw=0,hex=AA FF 02 02 01 01 AF,reason=normal"
946686555856,"type=xy,x_or_task=1,y_or_landing=0,yaw=0,hex=AA FF 01 06 00 01 00 00 00 00 B1,reason=normal"
946686555919,"type=xy,x_or_task=1,y_or_landing=0,yaw=0,hex=AA FF 01 06 00 01 00 00 00 00 B1,reason=normal"
946686555919,"type=mission,x_or_task=1,y_or_landing=1,yaw=0,hex=AA FF 02 02 01 01 AF,reason=normal"
946686555956,"type=xy,x_or_task=1,y_or_landing=0,yaw=0,hex=AA FF 01 06 00 01 00 00 00 00 B1,reason=normal"
946686556006,"type=xy,x_or_task=1,y_or_landing=0,yaw=0,hex=AA FF 01 06 00 01 00 00 00 00 B1,reason=normal"
946686556018,"type=mission,x_or_task=1,y_or_landing=1,yaw=0,hex=AA FF 02 02 01 01 AF,reason=normal"
946686556056,"type=xy,x_or_task=1,y_or_landing=0,yaw=0,hex=AA FF 01 06 00 01 00 00 00 00 B1,reason=normal"
946686556106,"type=xy,x_or_task=1,y_or_landing=0,yaw=0,hex=AA FF 01 06 00 01 00 00 00 00 B1,reason=normal"
946686556106,"type=mission,x_or_task=1,y_or_landing=1,yaw=0,hex=AA FF 02 02 01 01 AF,reason=normal"
946686556156,"type=xy,x_or_task=1,y_or_landing=0,yaw=0,hex=AA FF 01 06 00 01 00 00 00 00 B1,reason=normal"
946686556218,"type=xy,x_or_task=1,y_or_landing=0,yaw=0,hex=AA FF 01 06 00 01 00 00 00 00 B1,reason=normal"
946686556218,"type=mission,x_or_task=1,y_or_landing=1,yaw=0,hex=AA FF 02 02 01 01 AF,reason=normal"
946686556256,"type=xy,x_or_task=1,y_or_landing=0,yaw=0,hex=AA FF 01 06 00 01 00 00 00 00 B1,reason=normal"
946686556306,"type=xy,x_or_task=1,y_or_landing=0,yaw=0,hex=AA FF 01 06 00 01 00 00 00 00 B1,reason=normal"
946686556317,"type=mission,x_or_task=1,y_or_landing=1,yaw=0,hex=AA FF 02 02 01 01 AF,reason=normal"
946686556356,"type=xy,x_or_task=1,y_or_landing=0,yaw=0,hex=AA FF 01 06 00 01 00 00 00 00 B1,reason=normal"
946686556406,"type=xy,x_or_task=1,y_or_landing=0,yaw=0,hex=AA FF 01 06 00 01 00 00 00 00 B1,reason=normal"
946686556420,"type=mission,x_or_task=1,y_or_landing=1,yaw=0,hex=AA FF 02 02 01 01 AF,reason=normal"
946686556456,"type=xy,x_or_task=1,y_or_landing=0,yaw=0,hex=AA FF 01 06 00 01 00 00 00 00 B1,reason=normal"
946686556506,"type=xy,x_or_task=1,y_or_landing=0,yaw=0,hex=AA FF 01 06 00 01 00 00 00 00 B1,reason=normal"
946686556506,"type=mission,x_or_task=1,y_or_landing=1,yaw=0,hex=AA FF 02 02 01 01 AF,reason=normal"
946686556556,"type=xy,x_or_task=1,y_or_landing=0,yaw=0,hex=AA FF 01 06 00 01 00 00 00 00 B1,reason=normal"
946686556606,"type=xy,x_or_task=1,y_or_landing=0,yaw=0,hex=AA FF 01 06 00 01 00 00 00 00 B1,reason=normal"
946686556606,"type=mission,x_or_task=1,y_or_landing=1,yaw=0,hex=AA FF 02 02 01 01 AF,reason=normal"
946686556656,"type=xy,x_or_task=1,y_or_landing=0,yaw=0,hex=AA FF 01 06 00 01 00 00 00 00 B1,reason=normal"
946686556706,"type=xy,x_or_task=1,y_or_landing=0,yaw=0,hex=AA FF 01 06 00 01 00 00 00 00 B1,reason=normal"
946686556706,"type=mission,x_or_task=1,y_or_landing=1,yaw=0,hex=AA FF 02 02 01 01 AF,reason=normal"
946686556756,"type=xy,x_or_task=1,y_or_landing=0,yaw=0,hex=AA FF 01 06 00 01 00 00 00 00 B1,reason=normal"
946686556806,"type=xy,x_or_task=1,y_or_landing=0,yaw=0,hex=AA FF 01 06 00 01 00 00 00 00 B1,reason=normal"
946686556806,"type=mission,x_or_task=1,y_or_landing=1,yaw=0,hex=AA FF 02 02 01 01 AF,reason=normal"
946686556856,"type=xy,x_or_task=1,y_or_landing=0,yaw=0,hex=AA FF 01 06 00 01 00 00 00 00 B1,reason=normal"
946686556906,"type=xy,x_or_task=1,y_or_landing=0,yaw=0,hex=AA FF 01 06 00 01 00 00 00 00 B1,reason=normal"
946686556906,"type=mission,x_or_task=1,y_or_landing=1,yaw=0,hex=AA FF 02 02 01 01 AF,reason=normal"
946686556956,"type=xy,x_or_task=1,y_or_landing=0,yaw=0,hex=AA FF 01 06 00 01 00 00 00 00 B1,reason=normal"
946686557006,"type=xy,x_or_task=1,y_or_landing=0,yaw=0,hex=AA FF 01 06 00 01 00 00 00 00 B1,reason=normal"
946686557006,"type=mission,x_or_task=1,y_or_landing=1,yaw=0,hex=AA FF 02 02 01 01 AF,reason=normal"
946686557056,"type=xy,x_or_task=1,y_or_landing=0,yaw=0,hex=AA FF 01 06 00 01 00 00 00 00 B1,reason=normal"
946686557106,"type=xy,x_or_task=1,y_or_landing=0,yaw=0,hex=AA FF 01 06 00 01 00 00 00 00 B1,reason=normal"
946686557106,"type=mission,x_or_task=1,y_or_landing=1,yaw=0,hex=AA FF 02 02 01 01 AF,reason=normal"
946686557156,"type=xy,x_or_task=1,y_or_landing=0,yaw=0,hex=AA FF 01 06 00 01 00 00 00 00 B1,reason=normal"
946686557206,"type=xy,x_or_task=1,y_or_landing=0,yaw=0,hex=AA FF 01 06 00 01 00 00 00 00 B1,reason=normal"
946686557206,"type=mission,x_or_task=1,y_or_landing=1,yaw=0,hex=AA FF 02 02 01 01 AF,reason=normal"
946686557256,"type=xy,x_or_task=1,y_or_landing=0,yaw=0,hex=AA FF 01 06 00 01 00 00 00 00 B1,reason=normal"
946686557306,"type=xy,x_or_task=1,y_or_landing=0,yaw=0,hex=AA FF 01 06 00 01 00 00 00 00 B1,reason=normal"
946686557318,"type=mission,x_or_task=1,y_or_landing=1,yaw=0,hex=AA FF 02 02 01 01 AF,reason=normal"
946686557356,"type=xy,x_or_task=1,y_or_landing=0,yaw=0,hex=AA FF 01 06 00 01 00 00 00 00 B1,reason=normal"
946686557406,"type=xy,x_or_task=1,y_or_landing=0,yaw=0,hex=AA FF 01 06 00 01 00 00 00 00 B1,reason=normal"
946686557406,"type=mission,x_or_task=1,y_or_landing=1,yaw=0,hex=AA FF 02 02 01 01 AF,reason=normal"
946686557456,"type=xy,x_or_task=1,y_or_landing=0,yaw=0,hex=AA FF 01 06 00 01 00 00 00 00 B1,reason=normal"
946686557506,"type=xy,x_or_task=1,y_or_landing=0,yaw=0,hex=AA FF 01 06 00 01 00 00 00 00 B1,reason=normal"
946686557506,"type=mission,x_or_task=1,y_or_landing=1,yaw=0,hex=AA FF 02 02 01 01 AF,reason=normal"
946686557556,"type=xy,x_or_task=1,y_or_landing=0,yaw=0,hex=AA FF 01 06 00 01 00 00 00 00 B1,reason=normal"
946686557606,"type=xy,x_or_task=1,y_or_landing=0,yaw=0,hex=AA FF 01 06 00 01 00 00 00 00 B1,reason=normal"
946686557606,"type=mission,x_or_task=1,y_or_landing=1,yaw=0,hex=AA FF 02 02 01 01 AF,reason=normal"
946686557656,"type=xy,x_or_task=1,y_or_landing=0,yaw=0,hex=AA FF 01 06 00 01 00 00 00 00 B1,reason=normal"
946686557706,"type=xy,x_or_task=1,y_or_landing=0,yaw=0,hex=AA FF 01 06 00 01 00 00 00 00 B1,reason=normal"
946686557706,"type=mission,x_or_task=1,y_or_landing=1,yaw=0,hex=AA FF 02 02 01 01 AF,reason=normal"
946686557756,"type=xy,x_or_task=1,y_or_landing=0,yaw=0,hex=AA FF 01 06 00 01 00 00 00 00 B1,reason=normal"
946686557815,"type=xy,x_or_task=1,y_or_landing=0,yaw=0,hex=AA FF 01 06 00 01 00 00 00 00 B1,reason=normal"
946686557816,"type=mission,x_or_task=1,y_or_landing=1,yaw=0,hex=AA FF 02 02 01 01 AF,reason=normal"
946686557856,"type=xy,x_or_task=1,y_or_landing=0,yaw=0,hex=AA FF 01 06 00 01 00 00 00 00 B1,reason=normal"
946686557906,"type=xy,x_or_task=1,y_or_landing=0,yaw=0,hex=AA FF 01 06 00 01 00 00 00 00 B1,reason=normal"
946686557919,"type=mission,x_or_task=1,y_or_landing=1,yaw=0,hex=AA FF 02 02 01 01 AF,reason=normal"
946686557956,"type=xy,x_or_task=1,y_or_landing=0,yaw=0,hex=AA FF 01 06 00 01 00 00 00 00 B1,reason=normal"
946686558006,"type=xy,x_or_task=1,y_or_landing=0,yaw=0,hex=AA FF 01 06 00 01 00 00 00 00 B1,reason=normal"
946686558016,"type=mission,x_or_task=1,y_or_landing=1,yaw=0,hex=AA FF 02 02 01 01 AF,reason=normal"
946686558056,"type=xy,x_or_task=1,y_or_landing=0,yaw=0,hex=AA FF 01 06 00 01 00 00 00 00 B1,reason=normal"
946686558106,"type=xy,x_or_task=1,y_or_landing=0,yaw=0,hex=AA FF 01 06 00 01 00 00 00 00 B1,reason=normal"
946686558119,"type=mission,x_or_task=1,y_or_landing=1,yaw=0,hex=AA FF 02 02 01 01 AF,reason=normal"
946686558156,"type=xy,x_or_task=1,y_or_landing=0,yaw=0,hex=AA FF 01 06 00 01 00 00 00 00 B1,reason=normal"
946686558206,"type=xy,x_or_task=1,y_or_landing=0,yaw=0,hex=AA FF 01 06 00 01 00 00 00 00 B1,reason=normal"
946686558206,"type=mission,x_or_task=1,y_or_landing=1,yaw=0,hex=AA FF 02 02 01 01 AF,reason=normal"
946686558256,"type=xy,x_or_task=1,y_or_landing=0,yaw=0,hex=AA FF 01 06 00 01 00 00 00 00 B1,reason=normal"
946686558319,"type=xy,x_or_task=2,y_or_landing=0,yaw=0,hex=AA FF 01 06 00 02 00 00 00 00 B2,reason=normal"
946686558319,"type=mission,x_or_task=1,y_or_landing=1,yaw=0,hex=AA FF 02 02 01 01 AF,reason=normal"
946686558356,"type=xy,x_or_task=2,y_or_landing=0,yaw=0,hex=AA FF 01 06 00 02 00 00 00 00 B2,reason=normal"
946686558406,"type=xy,x_or_task=1,y_or_landing=0,yaw=0,hex=AA FF 01 06 00 01 00 00 00 00 B1,reason=normal"
946686558418,"type=mission,x_or_task=1,y_or_landing=1,yaw=0,hex=AA FF 02 02 01 01 AF,reason=normal"
946686558456,"type=xy,x_or_task=1,y_or_landing=0,yaw=0,hex=AA FF 01 06 00 01 00 00 00 00 B1,reason=normal"
946686558506,"type=xy,x_or_task=1,y_or_landing=0,yaw=0,hex=AA FF 01 06 00 01 00 00 00 00 B1,reason=normal"
946686558516,"type=mission,x_or_task=1,y_or_landing=1,yaw=0,hex=AA FF 02 02 01 01 AF,reason=normal"
946686558556,"type=xy,x_or_task=1,y_or_landing=0,yaw=0,hex=AA FF 01 06 00 01 00 00 00 00 B1,reason=normal"
946686558616,"type=xy,x_or_task=1,y_or_landing=0,yaw=0,hex=AA FF 01 06 00 01 00 00 00 00 B1,reason=normal"
946686558616,"type=mission,x_or_task=1,y_or_landing=1,yaw=0,hex=AA FF 02 02 01 01 AF,reason=normal"
946686558656,"type=xy,x_or_task=1,y_or_landing=0,yaw=0,hex=AA FF 01 06 00 01 00 00 00 00 B1,reason=normal"
946686558706,"type=xy,x_or_task=1,y_or_landing=0,yaw=0,hex=AA FF 01 06 00 01 00 00 00 00 B1,reason=normal"
946686558706,"type=mission,x_or_task=1,y_or_landing=1,yaw=0,hex=AA FF 02 02 01 01 AF,reason=normal"
946686558756,"type=xy,x_or_task=1,y_or_landing=0,yaw=0,hex=AA FF 01 06 00 01 00 00 00 00 B1,reason=normal"
946686558806,"type=xy,x_or_task=1,y_or_landing=0,yaw=0,hex=AA FF 01 06 00 01 00 00 00 00 B1,reason=normal"
946686558806,"type=mission,x_or_task=1,y_or_landing=1,yaw=0,hex=AA FF 02 02 01 01 AF,reason=normal"
946686558856,"type=xy,x_or_task=1,y_or_landing=0,yaw=0,hex=AA FF 01 06 00 01 00 00 00 00 B1,reason=normal"
946686558906,"type=xy,x_or_task=1,y_or_landing=0,yaw=0,hex=AA FF 01 06 00 01 00 00 00 00 B1,reason=normal"
946686558919,"type=mission,x_or_task=1,y_or_landing=1,yaw=0,hex=AA FF 02 02 01 01 AF,reason=normal"
946686558956,"type=xy,x_or_task=1,y_or_landing=0,yaw=0,hex=AA FF 01 06 00 01 00 00 00 00 B1,reason=normal"
946686559006,"type=xy,x_or_task=1,y_or_landing=0,yaw=0,hex=AA FF 01 06 00 01 00 00 00 00 B1,reason=normal"
946686559020,"type=mission,x_or_task=1,y_or_landing=1,yaw=0,hex=AA FF 02 02 01 01 AF,reason=normal"
946686559056,"type=xy,x_or_task=1,y_or_landing=0,yaw=0,hex=AA FF 01 06 00 01 00 00 00 00 B1,reason=normal"
946686559106,"type=xy,x_or_task=1,y_or_landing=0,yaw=0,hex=AA FF 01 06 00 01 00 00 00 00 B1,reason=normal"
946686559106,"type=mission,x_or_task=1,y_or_landing=1,yaw=0,hex=AA FF 02 02 01 01 AF,reason=normal"
946686559156,"type=xy,x_or_task=1,y_or_landing=0,yaw=0,hex=AA FF 01 06 00 01 00 00 00 00 B1,reason=normal"
946686559206,"type=xy,x_or_task=1,y_or_landing=0,yaw=0,hex=AA FF 01 06 00 01 00 00 00 00 B1,reason=normal"
946686559216,"type=mission,x_or_task=1,y_or_landing=1,yaw=0,hex=AA FF 02 02 01 01 AF,reason=normal"
946686559256,"type=xy,x_or_task=1,y_or_landing=0,yaw=0,hex=AA FF 01 06 00 01 00 00 00 00 B1,reason=normal"
946686559318,"type=xy,x_or_task=1,y_or_landing=0,yaw=0,hex=AA FF 01 06 00 01 00 00 00 00 B1,reason=normal"
946686559319,"type=mission,x_or_task=1,y_or_landing=1,yaw=0,hex=AA FF 02 02 01 01 AF,reason=normal"
946686559356,"type=xy,x_or_task=1,y_or_landing=0,yaw=0,hex=AA FF 01 06 00 01 00 00 00 00 B1,reason=normal"
946686559406,"type=xy,x_or_task=1,y_or_landing=0,yaw=0,hex=AA FF 01 06 00 01 00 00 00 00 B1,reason=normal"
946686559406,"type=mission,x_or_task=1,y_or_landing=1,yaw=0,hex=AA FF 02 02 01 01 AF,reason=normal"
946686559456,"type=xy,x_or_task=1,y_or_landing=0,yaw=0,hex=AA FF 01 06 00 01 00 00 00 00 B1,reason=normal"
946686559506,"type=xy,x_or_task=1,y_or_landing=0,yaw=0,hex=AA FF 01 06 00 01 00 00 00 00 B1,reason=normal"
946686559506,"type=mission,x_or_task=1,y_or_landing=1,yaw=0,hex=AA FF 02 02 01 01 AF,reason=normal"
946686559556,"type=xy,x_or_task=1,y_or_landing=0,yaw=0,hex=AA FF 01 06 00 01 00 00 00 00 B1,reason=normal"
946686559619,"type=xy,x_or_task=1,y_or_landing=0,yaw=0,hex=AA FF 01 06 00 01 00 00 00 00 B1,reason=normal"
946686559619,"type=mission,x_or_task=1,y_or_landing=1,yaw=0,hex=AA FF 02 02 01 01 AF,reason=normal"
946686559656,"type=xy,x_or_task=1,y_or_landing=0,yaw=0,hex=AA FF 01 06 00 01 00 00 00 00 B1,reason=normal"
946686559706,"type=xy,x_or_task=1,y_or_landing=0,yaw=0,hex=AA FF 01 06 00 01 00 00 00 00 B1,reason=normal"
946686559706,"type=mission,x_or_task=1,y_or_landing=1,yaw=0,hex=AA FF 02 02 01 01 AF,reason=normal"
946686559756,"type=xy,x_or_task=1,y_or_landing=0,yaw=0,hex=AA FF 01 06 00 01 00 00 00 00 B1,reason=normal"
946686559806,"type=xy,x_or_task=1,y_or_landing=0,yaw=0,hex=AA FF 01 06 00 01 00 00 00 00 B1,reason=normal"
946686559806,"type=mission,x_or_task=1,y_or_landing=1,yaw=0,hex=AA FF 02 02 01 01 AF,reason=normal"
946686559856,"type=xy,x_or_task=1,y_or_landing=0,yaw=0,hex=AA FF 01 06 00 01 00 00 00 00 B1,reason=normal"
946686559906,"type=xy,x_or_task=1,y_or_landing=0,yaw=0,hex=AA FF 01 06 00 01 00 00 00 00 B1,reason=normal"
946686559906,"type=mission,x_or_task=1,y_or_landing=1,yaw=0,hex=AA FF 02 02 01 01 AF,reason=normal"
946686559956,"type=xy,x_or_task=1,y_or_landing=0,yaw=0,hex=AA FF 01 06 00 01 00 00 00 00 B1,reason=normal"
946686560006,"type=xy,x_or_task=1,y_or_landing=0,yaw=0,hex=AA FF 01 06 00 01 00 00 00 00 B1,reason=normal"
946686560019,"type=mission,x_or_task=1,y_or_landing=1,yaw=0,hex=AA FF 02 02 01 01 AF,reason=normal"
946686560056,"type=xy,x_or_task=1,y_or_landing=0,yaw=0,hex=AA FF 01 06 00 01 00 00 00 00 B1,reason=normal"
946686560106,"type=xy,x_or_task=1,y_or_landing=0,yaw=0,hex=AA FF 01 06 00 01 00 00 00 00 B1,reason=normal"
946686560106,"type=mission,x_or_task=1,y_or_landing=1,yaw=0,hex=AA FF 02 02 01 01 AF,reason=normal"
946686560156,"type=xy,x_or_task=1,y_or_landing=0,yaw=0,hex=AA FF 01 06 00 01 00 00 00 00 B1,reason=normal"
946686560206,"type=xy,x_or_task=1,y_or_landing=0,yaw=0,hex=AA FF 01 06 00 01 00 00 00 00 B1,reason=normal"
946686560206,"type=mission,x_or_task=1,y_or_landing=1,yaw=0,hex=AA FF 02 02 01 01 AF,reason=normal"
946686560256,"type=xy,x_or_task=1,y_or_landing=0,yaw=0,hex=AA FF 01 06 00 01 00 00 00 00 B1,reason=normal"
946686560318,"type=xy,x_or_task=1,y_or_landing=0,yaw=0,hex=AA FF 01 06 00 01 00 00 00 00 B1,reason=normal"
946686560318,"type=mission,x_or_task=1,y_or_landing=1,yaw=0,hex=AA FF 02 02 01 01 AF,reason=normal"
946686560356,"type=xy,x_or_task=1,y_or_landing=0,yaw=0,hex=AA FF 01 06 00 01 00 00 00 00 B1,reason=normal"
946686560406,"type=xy,x_or_task=1,y_or_landing=0,yaw=0,hex=AA FF 01 06 00 01 00 00 00 00 B1,reason=normal"
946686560418,"type=mission,x_or_task=1,y_or_landing=1,yaw=0,hex=AA FF 02 02 01 01 AF,reason=normal"
946686560456,"type=xy,x_or_task=1,y_or_landing=0,yaw=0,hex=AA FF 01 06 00 01 00 00 00 00 B1,reason=normal"
946686560506,"type=xy,x_or_task=1,y_or_landing=0,yaw=0,hex=AA FF 01 06 00 01 00 00 00 00 B1,reason=normal"
946686560506,"type=mission,x_or_task=1,y_or_landing=1,yaw=0,hex=AA FF 02 02 01 01 AF,reason=normal"
946686560556,"type=xy,x_or_task=1,y_or_landing=0,yaw=0,hex=AA FF 01 06 00 01 00 00 00 00 B1,reason=normal"
946686560606,"type=xy,x_or_task=1,y_or_landing=0,yaw=0,hex=AA FF 01 06 00 01 00 00 00 00 B1,reason=normal"
946686560606,"type=mission,x_or_task=1,y_or_landing=1,yaw=0,hex=AA FF 02 02 01 01 AF,reason=normal"
946686560656,"type=xy,x_or_task=1,y_or_landing=0,yaw=0,hex=AA FF 01 06 00 01 00 00 00 00 B1,reason=normal"
946686560706,"type=xy,x_or_task=1,y_or_landing=0,yaw=0,hex=AA FF 01 06 00 01 00 00 00 00 B1,reason=normal"
946686560706,"type=mission,x_or_task=1,y_or_landing=1,yaw=0,hex=AA FF 02 02 01 01 AF,reason=normal"
946686560756,"type=xy,x_or_task=1,y_or_landing=0,yaw=0,hex=AA FF 01 06 00 01 00 00 00 00 B1,reason=normal"
946686560806,"type=xy,x_or_task=1,y_or_landing=0,yaw=0,hex=AA FF 01 06 00 01 00 00 00 00 B1,reason=normal"
946686560806,"type=mission,x_or_task=1,y_or_landing=1,yaw=0,hex=AA FF 02 02 01 01 AF,reason=normal"
946686560856,"type=xy,x_or_task=1,y_or_landing=0,yaw=0,hex=AA FF 01 06 00 01 00 00 00 00 B1,reason=normal"
946686560906,"type=xy,x_or_task=1,y_or_landing=0,yaw=0,hex=AA FF 01 06 00 01 00 00 00 00 B1,reason=normal"
946686560906,"type=mission,x_or_task=1,y_or_landing=1,yaw=0,hex=AA FF 02 02 01 01 AF,reason=normal"
946686560956,"type=xy,x_or_task=1,y_or_landing=0,yaw=0,hex=AA FF 01 06 00 01 00 00 00 00 B1,reason=normal"
946686561006,"type=xy,x_or_task=1,y_or_landing=0,yaw=0,hex=AA FF 01 06 00 01 00 00 00 00 B1,reason=normal"
946686561018,"type=mission,x_or_task=1,y_or_landing=1,yaw=0,hex=AA FF 02 02 01 01 AF,reason=normal"
946686561056,"type=xy,x_or_task=1,y_or_landing=0,yaw=0,hex=AA FF 01 06 00 01 00 00 00 00 B1,reason=normal"
946686561106,"type=xy,x_or_task=1,y_or_landing=0,yaw=0,hex=AA FF 01 06 00 01 00 00 00 00 B1,reason=normal"
946686561119,"type=mission,x_or_task=1,y_or_landing=1,yaw=0,hex=AA FF 02 02 01 01 AF,reason=normal"
946686561156,"type=xy,x_or_task=1,y_or_landing=0,yaw=0,hex=AA FF 01 06 00 01 00 00 00 00 B1,reason=normal"
946686561206,"type=xy,x_or_task=1,y_or_landing=0,yaw=0,hex=AA FF 01 06 00 01 00 00 00 00 B1,reason=normal"
946686561216,"type=mission,x_or_task=1,y_or_landing=1,yaw=0,hex=AA FF 02 02 01 01 AF,reason=normal"
946686561256,"type=xy,x_or_task=1,y_or_landing=0,yaw=0,hex=AA FF 01 06 00 01 00 00 00 00 B1,reason=normal"
946686561306,"type=xy,x_or_task=1,y_or_landing=0,yaw=0,hex=AA FF 01 06 00 01 00 00 00 00 B1,reason=normal"
946686561318,"type=mission,x_or_task=1,y_or_landing=1,yaw=0,hex=AA FF 02 02 01 01 AF,reason=normal"
946686561356,"type=xy,x_or_task=1,y_or_landing=0,yaw=0,hex=AA FF 01 06 00 01 00 00 00 00 B1,reason=normal"
946686561406,"type=xy,x_or_task=1,y_or_landing=0,yaw=0,hex=AA FF 01 06 00 01 00 00 00 00 B1,reason=normal"
946686561417,"type=mission,x_or_task=1,y_or_landing=1,yaw=0,hex=AA FF 02 02 01 01 AF,reason=normal"
946686561456,"type=xy,x_or_task=1,y_or_landing=0,yaw=0,hex=AA FF 01 06 00 01 00 00 00 00 B1,reason=normal"
946686561506,"type=xy,x_or_task=1,y_or_landing=0,yaw=0,hex=AA FF 01 06 00 01 00 00 00 00 B1,reason=normal"
946686561506,"type=mission,x_or_task=1,y_or_landing=1,yaw=0,hex=AA FF 02 02 01 01 AF,reason=normal"
946686561556,"type=xy,x_or_task=1,y_or_landing=0,yaw=0,hex=AA FF 01 06 00 01 00 00 00 00 B1,reason=normal"
946686561606,"type=xy,x_or_task=1,y_or_landing=0,yaw=0,hex=AA FF 01 06 00 01 00 00 00 00 B1,reason=normal"
946686561606,"type=mission,x_or_task=1,y_or_landing=1,yaw=0,hex=AA FF 02 02 01 01 AF,reason=normal"
946686561656,"type=xy,x_or_task=1,y_or_landing=0,yaw=0,hex=AA FF 01 06 00 01 00 00 00 00 B1,reason=normal"
946686561706,"type=xy,x_or_task=1,y_or_landing=0,yaw=0,hex=AA FF 01 06 00 01 00 00 00 00 B1,reason=normal"
946686561706,"type=mission,x_or_task=1,y_or_landing=1,yaw=0,hex=AA FF 02 02 01 01 AF,reason=normal"
946686561756,"type=xy,x_or_task=1,y_or_landing=0,yaw=0,hex=AA FF 01 06 00 01 00 00 00 00 B1,reason=normal"
946686561818,"type=xy,x_or_task=1,y_or_landing=0,yaw=0,hex=AA FF 01 06 00 01 00 00 00 00 B1,reason=normal"
946686561818,"type=mission,x_or_task=1,y_or_landing=1,yaw=0,hex=AA FF 02 02 01 01 AF,reason=normal"
946686561856,"type=xy,x_or_task=1,y_or_landing=0,yaw=0,hex=AA FF 01 06 00 01 00 00 00 00 B1,reason=normal"
946686561906,"type=xy,x_or_task=1,y_or_landing=0,yaw=0,hex=AA FF 01 06 00 01 00 00 00 00 B1,reason=normal"
946686561917,"type=mission,x_or_task=1,y_or_landing=1,yaw=0,hex=AA FF 02 02 01 01 AF,reason=normal"
946686561956,"type=xy,x_or_task=1,y_or_landing=0,yaw=0,hex=AA FF 01 06 00 01 00 00 00 00 B1,reason=normal"
946686562018,"type=xy,x_or_task=1,y_or_landing=0,yaw=0,hex=AA FF 01 06 00 01 00 00 00 00 B1,reason=normal"
946686562018,"type=mission,x_or_task=1,y_or_landing=1,yaw=0,hex=AA FF 02 02 01 01 AF,reason=normal"
946686562056,"type=xy,x_or_task=1,y_or_landing=0,yaw=0,hex=AA FF 01 06 00 01 00 00 00 00 B1,reason=normal"
946686562106,"type=xy,x_or_task=1,y_or_landing=0,yaw=0,hex=AA FF 01 06 00 01 00 00 00 00 B1,reason=normal"
946686562106,"type=mission,x_or_task=1,y_or_landing=1,yaw=0,hex=AA FF 02 02 01 01 AF,reason=normal"
946686562156,"type=xy,x_or_task=1,y_or_landing=0,yaw=0,hex=AA FF 01 06 00 01 00 00 00 00 B1,reason=normal"
946686562206,"type=xy,x_or_task=1,y_or_landing=0,yaw=0,hex=AA FF 01 06 00 01 00 00 00 00 B1,reason=normal"
946686562218,"type=mission,x_or_task=1,y_or_landing=1,yaw=0,hex=AA FF 02 02 01 01 AF,reason=normal"
946686562256,"type=xy,x_or_task=1,y_or_landing=0,yaw=0,hex=AA FF 01 06 00 01 00 00 00 00 B1,reason=normal"
946686562318,"type=xy,x_or_task=1,y_or_landing=0,yaw=0,hex=AA FF 01 06 00 01 00 00 00 00 B1,reason=normal"
946686562318,"type=mission,x_or_task=1,y_or_landing=1,yaw=0,hex=AA FF 02 02 01 01 AF,reason=normal"
946686562356,"type=xy,x_or_task=1,y_or_landing=0,yaw=0,hex=AA FF 01 06 00 01 00 00 00 00 B1,reason=normal"
946686562406,"type=xy,x_or_task=1,y_or_landing=0,yaw=0,hex=AA FF 01 06 00 01 00 00 00 00 B1,reason=normal"
946686562416,"type=mission,x_or_task=1,y_or_landing=1,yaw=0,hex=AA FF 02 02 01 01 AF,reason=normal"
946686562456,"type=xy,x_or_task=1,y_or_landing=0,yaw=0,hex=AA FF 01 06 00 01 00 00 00 00 B1,reason=normal"
946686562506,"type=xy,x_or_task=1,y_or_landing=0,yaw=0,hex=AA FF 01 06 00 01 00 00 00 00 B1,reason=normal"
946686562506,"type=mission,x_or_task=1,y_or_landing=1,yaw=0,hex=AA FF 02 02 01 01 AF,reason=normal"
946686562556,"type=xy,x_or_task=1,y_or_landing=0,yaw=0,hex=AA FF 01 06 00 01 00 00 00 00 B1,reason=normal"
946686562606,"type=xy,x_or_task=1,y_or_landing=0,yaw=0,hex=AA FF 01 06 00 01 00 00 00 00 B1,reason=normal"
946686562606,"type=mission,x_or_task=1,y_or_landing=1,yaw=0,hex=AA FF 02 02 01 01 AF,reason=normal"
946686562656,"type=xy,x_or_task=1,y_or_landing=0,yaw=0,hex=AA FF 01 06 00 01 00 00 00 00 B1,reason=normal"
946686562706,"type=xy,x_or_task=1,y_or_landing=0,yaw=0,hex=AA FF 01 06 00 01 00 00 00 00 B1,reason=normal"
946686562706,"type=mission,x_or_task=1,y_or_landing=1,yaw=0,hex=AA FF 02 02 01 01 AF,reason=normal"
946686562756,"type=xy,x_or_task=1,y_or_landing=0,yaw=0,hex=AA FF 01 06 00 01 00 00 00 00 B1,reason=normal"
946686562818,"type=xy,x_or_task=1,y_or_landing=0,yaw=0,hex=AA FF 01 06 00 01 00 00 00 00 B1,reason=normal"
946686562818,"type=mission,x_or_task=1,y_or_landing=1,yaw=0,hex=AA FF 02 02 01 01 AF,reason=normal"
946686562856,"type=xy,x_or_task=1,y_or_landing=0,yaw=0,hex=AA FF 01 06 00 01 00 00 00 00 B1,reason=normal"
946686562919,"type=xy,x_or_task=1,y_or_landing=0,yaw=0,hex=AA FF 01 06 00 01 00 00 00 00 B1,reason=normal"
946686562919,"type=mission,x_or_task=1,y_or_landing=1,yaw=0,hex=AA FF 02 02 01 01 AF,reason=normal"
946686562956,"type=xy,x_or_task=1,y_or_landing=0,yaw=0,hex=AA FF 01 06 00 01 00 00 00 00 B1,reason=normal"
946686563006,"type=xy,x_or_task=1,y_or_landing=0,yaw=0,hex=AA FF 01 06 00 01 00 00 00 00 B1,reason=normal"
946686563006,"type=mission,x_or_task=1,y_or_landing=1,yaw=0,hex=AA FF 02 02 01 01 AF,reason=normal"
946686563056,"type=xy,x_or_task=1,y_or_landing=0,yaw=0,hex=AA FF 01 06 00 01 00 00 00 00 B1,reason=normal"
946686563106,"type=xy,x_or_task=1,y_or_landing=0,yaw=0,hex=AA FF 01 06 00 01 00 00 00 00 B1,reason=normal"
946686563106,"type=mission,x_or_task=1,y_or_landing=1,yaw=0,hex=AA FF 02 02 01 01 AF,reason=normal"
946686563156,"type=xy,x_or_task=1,y_or_landing=0,yaw=0,hex=AA FF 01 06 00 01 00 00 00 00 B1,reason=normal"
946686563206,"type=xy,x_or_task=1,y_or_landing=0,yaw=0,hex=AA FF 01 06 00 01 00 00 00 00 B1,reason=normal"
946686563217,"type=mission,x_or_task=1,y_or_landing=1,yaw=0,hex=AA FF 02 02 01 01 AF,reason=normal"
946686563256,"type=xy,x_or_task=1,y_or_landing=0,yaw=0,hex=AA FF 01 06 00 01 00 00 00 00 B1,reason=normal"
946686563306,"type=xy,x_or_task=1,y_or_landing=0,yaw=0,hex=AA FF 01 06 00 01 00 00 00 00 B1,reason=normal"
946686563306,"type=mission,x_or_task=1,y_or_landing=1,yaw=0,hex=AA FF 02 02 01 01 AF,reason=normal"
946686563356,"type=xy,x_or_task=1,y_or_landing=0,yaw=0,hex=AA FF 01 06 00 01 00 00 00 00 B1,reason=normal"
946686563406,"type=xy,x_or_task=1,y_or_landing=0,yaw=0,hex=AA FF 01 06 00 01 00 00 00 00 B1,reason=normal"
946686563420,"type=mission,x_or_task=1,y_or_landing=1,yaw=0,hex=AA FF 02 02 01 01 AF,reason=normal"
946686563456,"type=xy,x_or_task=1,y_or_landing=0,yaw=0,hex=AA FF 01 06 00 01 00 00 00 00 B1,reason=normal"
946686563506,"type=xy,x_or_task=1,y_or_landing=0,yaw=0,hex=AA FF 01 06 00 01 00 00 00 00 B1,reason=normal"
946686563506,"type=mission,x_or_task=1,y_or_landing=1,yaw=0,hex=AA FF 02 02 01 01 AF,reason=normal"
946686563556,"type=xy,x_or_task=1,y_or_landing=0,yaw=0,hex=AA FF 01 06 00 01 00 00 00 00 B1,reason=normal"
946686563606,"type=xy,x_or_task=1,y_or_landing=0,yaw=0,hex=AA FF 01 06 00 01 00 00 00 00 B1,reason=normal"
946686563606,"type=mission,x_or_task=1,y_or_landing=1,yaw=0,hex=AA FF 02 02 01 01 AF,reason=normal"
946686563656,"type=xy,x_or_task=1,y_or_landing=0,yaw=0,hex=AA FF 01 06 00 01 00 00 00 00 B1,reason=normal"
946686563706,"type=xy,x_or_task=1,y_or_landing=0,yaw=0,hex=AA FF 01 06 00 01 00 00 00 00 B1,reason=normal"
946686563717,"type=mission,x_or_task=1,y_or_landing=1,yaw=0,hex=AA FF 02 02 01 01 AF,reason=normal"
946686563756,"type=xy,x_or_task=1,y_or_landing=0,yaw=0,hex=AA FF 01 06 00 01 00 00 00 00 B1,reason=normal"
946686563806,"type=xy,x_or_task=1,y_or_landing=0,yaw=0,hex=AA FF 01 06 00 01 00 00 00 00 B1,reason=normal"
946686563806,"type=mission,x_or_task=1,y_or_landing=1,yaw=0,hex=AA FF 02 02 01 01 AF,reason=normal"
946686563856,"type=xy,x_or_task=1,y_or_landing=0,yaw=0,hex=AA FF 01 06 00 01 00 00 00 00 B1,reason=normal"
946686563906,"type=xy,x_or_task=1,y_or_landing=0,yaw=0,hex=AA FF 01 06 00 01 00 00 00 00 B1,reason=normal"
946686563916,"type=mission,x_or_task=1,y_or_landing=1,yaw=0,hex=AA FF 02 02 01 01 AF,reason=normal"
946686563956,"type=xy,x_or_task=1,y_or_landing=0,yaw=0,hex=AA FF 01 06 00 01 00 00 00 00 B1,reason=normal"
946686564006,"type=xy,x_or_task=1,y_or_landing=0,yaw=0,hex=AA FF 01 06 00 01 00 00 00 00 B1,reason=normal"
946686564018,"type=mission,x_or_task=1,y_or_landing=1,yaw=0,hex=AA FF 02 02 01 01 AF,reason=normal"
946686564056,"type=xy,x_or_task=1,y_or_landing=0,yaw=0,hex=AA FF 01 06 00 01 00 00 00 00 B1,reason=normal"
946686564106,"type=xy,x_or_task=1,y_or_landing=0,yaw=0,hex=AA FF 01 06 00 01 00 00 00 00 B1,reason=normal"
946686564106,"type=mission,x_or_task=1,y_or_landing=1,yaw=0,hex=AA FF 02 02 01 01 AF,reason=normal"
946686564156,"type=xy,x_or_task=1,y_or_landing=0,yaw=0,hex=AA FF 01 06 00 01 00 00 00 00 B1,reason=normal"
946686564206,"type=xy,x_or_task=1,y_or_landing=0,yaw=0,hex=AA FF 01 06 00 01 00 00 00 00 B1,reason=normal"
946686564206,"type=mission,x_or_task=1,y_or_landing=1,yaw=0,hex=AA FF 02 02 01 01 AF,reason=normal"
946686564256,"type=xy,x_or_task=1,y_or_landing=0,yaw=0,hex=AA FF 01 06 00 01 00 00 00 00 B1,reason=normal"
946686564306,"type=xy,x_or_task=1,y_or_landing=0,yaw=0,hex=AA FF 01 06 00 01 00 00 00 00 B1,reason=normal"
946686564306,"type=mission,x_or_task=1,y_or_landing=1,yaw=0,hex=AA FF 02 02 01 01 AF,reason=normal"
946686564356,"type=xy,x_or_task=1,y_or_landing=0,yaw=0,hex=AA FF 01 06 00 01 00 00 00 00 B1,reason=normal"
946686564406,"type=xy,x_or_task=1,y_or_landing=0,yaw=0,hex=AA FF 01 06 00 01 00 00 00 00 B1,reason=normal"
946686564406,"type=mission,x_or_task=1,y_or_landing=1,yaw=0,hex=AA FF 02 02 01 01 AF,reason=normal"
946686564456,"type=xy,x_or_task=1,y_or_landing=0,yaw=0,hex=AA FF 01 06 00 01 00 00 00 00 B1,reason=normal"
946686564506,"type=xy,x_or_task=1,y_or_landing=0,yaw=0,hex=AA FF 01 06 00 01 00 00 00 00 B1,reason=normal"
946686564506,"type=mission,x_or_task=1,y_or_landing=1,yaw=0,hex=AA FF 02 02 01 01 AF,reason=normal"
946686564556,"type=xy,x_or_task=1,y_or_landing=0,yaw=0,hex=AA FF 01 06 00 01 00 00 00 00 B1,reason=normal"
946686564606,"type=xy,x_or_task=1,y_or_landing=0,yaw=0,hex=AA FF 01 06 00 01 00 00 00 00 B1,reason=normal"
946686564606,"type=mission,x_or_task=1,y_or_landing=1,yaw=0,hex=AA FF 02 02 01 01 AF,reason=normal"
946686564656,"type=xy,x_or_task=1,y_or_landing=0,yaw=0,hex=AA FF 01 06 00 01 00 00 00 00 B1,reason=normal"
946686564718,"type=xy,x_or_task=1,y_or_landing=0,yaw=0,hex=AA FF 01 06 00 01 00 00 00 00 B1,reason=normal"
946686564718,"type=mission,x_or_task=1,y_or_landing=1,yaw=0,hex=AA FF 02 02 01 01 AF,reason=normal"
946686564756,"type=xy,x_or_task=1,y_or_landing=0,yaw=0,hex=AA FF 01 06 00 01 00 00 00 00 B1,reason=normal"
946686564806,"type=xy,x_or_task=1,y_or_landing=0,yaw=0,hex=AA FF 01 06 00 01 00 00 00 00 B1,reason=normal"
946686564818,"type=mission,x_or_task=1,y_or_landing=1,yaw=0,hex=AA FF 02 02 01 01 AF,reason=normal"
946686564856,"type=xy,x_or_task=1,y_or_landing=0,yaw=0,hex=AA FF 01 06 00 01 00 00 00 00 B1,reason=normal"
946686564906,"type=xy,x_or_task=1,y_or_landing=0,yaw=0,hex=AA FF 01 06 00 01 00 00 00 00 B1,reason=normal"
946686564916,"type=mission,x_or_task=1,y_or_landing=1,yaw=0,hex=AA FF 02 02 01 01 AF,reason=normal"
946686564956,"type=xy,x_or_task=1,y_or_landing=0,yaw=0,hex=AA FF 01 06 00 01 00 00 00 00 B1,reason=normal"
946686565006,"type=xy,x_or_task=1,y_or_landing=0,yaw=0,hex=AA FF 01 06 00 01 00 00 00 00 B1,reason=normal"
946686565006,"type=mission,x_or_task=1,y_or_landing=1,yaw=0,hex=AA FF 02 02 01 01 AF,reason=normal"
946686565056,"type=xy,x_or_task=1,y_or_landing=0,yaw=0,hex=AA FF 01 06 00 01 00 00 00 00 B1,reason=normal"
946686565106,"type=xy,x_or_task=1,y_or_landing=0,yaw=0,hex=AA FF 01 06 00 01 00 00 00 00 B1,reason=normal"
946686565106,"type=mission,x_or_task=1,y_or_landing=1,yaw=0,hex=AA FF 02 02 01 01 AF,reason=normal"
946686565156,"type=xy,x_or_task=1,y_or_landing=0,yaw=0,hex=AA FF 01 06 00 01 00 00 00 00 B1,reason=normal"
946686565206,"type=xy,x_or_task=1,y_or_landing=0,yaw=0,hex=AA FF 01 06 00 01 00 00 00 00 B1,reason=normal"
946686565206,"type=mission,x_or_task=1,y_or_landing=1,yaw=0,hex=AA FF 02 02 01 01 AF,reason=normal"
946686565256,"type=xy,x_or_task=1,y_or_landing=0,yaw=0,hex=AA FF 01 06 00 01 00 00 00 00 B1,reason=normal"
946686565318,"type=xy,x_or_task=1,y_or_landing=0,yaw=0,hex=AA FF 01 06 00 01 00 00 00 00 B1,reason=normal"
946686565319,"type=mission,x_or_task=1,y_or_landing=1,yaw=0,hex=AA FF 02 02 01 01 AF,reason=normal"
946686565356,"type=xy,x_or_task=1,y_or_landing=0,yaw=0,hex=AA FF 01 06 00 01 00 00 00 00 B1,reason=normal"
946686565406,"type=xy,x_or_task=1,y_or_landing=0,yaw=0,hex=AA FF 01 06 00 01 00 00 00 00 B1,reason=normal"
946686565406,"type=mission,x_or_task=1,y_or_landing=1,yaw=0,hex=AA FF 02 02 01 01 AF,reason=normal"
946686565456,"type=xy,x_or_task=1,y_or_landing=0,yaw=0,hex=AA FF 01 06 00 01 00 00 00 00 B1,reason=normal"
946686565518,"type=xy,x_or_task=1,y_or_landing=0,yaw=0,hex=AA FF 01 06 00 01 00 00 00 00 B1,reason=normal"
946686565519,"type=mission,x_or_task=1,y_or_landing=1,yaw=0,hex=AA FF 02 02 01 01 AF,reason=normal"
946686565556,"type=xy,x_or_task=1,y_or_landing=0,yaw=0,hex=AA FF 01 06 00 01 00 00 00 00 B1,reason=normal"
946686565606,"type=xy,x_or_task=1,y_or_landing=0,yaw=0,hex=AA FF 01 06 00 01 00 00 00 00 B1,reason=normal"
946686565606,"type=mission,x_or_task=1,y_or_landing=1,yaw=0,hex=AA FF 02 02 01 01 AF,reason=normal"
946686565656,"type=xy,x_or_task=1,y_or_landing=0,yaw=0,hex=AA FF 01 06 00 01 00 00 00 00 B1,reason=normal"
946686565706,"type=xy,x_or_task=1,y_or_landing=0,yaw=0,hex=AA FF 01 06 00 01 00 00 00 00 B1,reason=normal"
946686565706,"type=mission,x_or_task=1,y_or_landing=1,yaw=0,hex=AA FF 02 02 01 01 AF,reason=normal"
946686565756,"type=xy,x_or_task=1,y_or_landing=0,yaw=0,hex=AA FF 01 06 00 01 00 00 00 00 B1,reason=normal"
946686565818,"type=xy,x_or_task=1,y_or_landing=0,yaw=0,hex=AA FF 01 06 00 01 00 00 00 00 B1,reason=normal"
946686565818,"type=mission,x_or_task=1,y_or_landing=1,yaw=0,hex=AA FF 02 02 01 01 AF,reason=normal"
946686565856,"type=xy,x_or_task=1,y_or_landing=0,yaw=0,hex=AA FF 01 06 00 01 00 00 00 00 B1,reason=normal"
946686565906,"type=xy,x_or_task=1,y_or_landing=0,yaw=0,hex=AA FF 01 06 00 01 00 00 00 00 B1,reason=normal"
946686565906,"type=mission,x_or_task=1,y_or_landing=1,yaw=0,hex=AA FF 02 02 01 01 AF,reason=normal"
946686565956,"type=xy,x_or_task=1,y_or_landing=0,yaw=0,hex=AA FF 01 06 00 01 00 00 00 00 B1,reason=normal"
946686566006,"type=xy,x_or_task=1,y_or_landing=0,yaw=0,hex=AA FF 01 06 00 01 00 00 00 00 B1,reason=normal"
946686566006,"type=mission,x_or_task=1,y_or_landing=1,yaw=0,hex=AA FF 02 02 01 01 AF,reason=normal"
946686566056,"type=xy,x_or_task=1,y_or_landing=0,yaw=0,hex=AA FF 01 06 00 01 00 00 00 00 B1,reason=normal"
946686566117,"type=xy,x_or_task=1,y_or_landing=0,yaw=0,hex=AA FF 01 06 00 01 00 00 00 00 B1,reason=normal"
946686566117,"type=mission,x_or_task=1,y_or_landing=1,yaw=0,hex=AA FF 02 02 01 01 AF,reason=normal"
946686566156,"type=xy,x_or_task=1,y_or_landing=0,yaw=0,hex=AA FF 01 06 00 01 00 00 00 00 B1,reason=normal"
946686566206,"type=xy,x_or_task=1,y_or_landing=0,yaw=0,hex=AA FF 01 06 00 01 00 00 00 00 B1,reason=normal"
946686566218,"type=mission,x_or_task=1,y_or_landing=1,yaw=0,hex=AA FF 02 02 01 01 AF,reason=normal"
946686566256,"type=xy,x_or_task=1,y_or_landing=0,yaw=0,hex=AA FF 01 06 00 01 00 00 00 00 B1,reason=normal"
946686566306,"type=xy,x_or_task=1,y_or_landing=0,yaw=0,hex=AA FF 01 06 00 01 00 00 00 00 B1,reason=normal"
946686566306,"type=mission,x_or_task=1,y_or_landing=1,yaw=0,hex=AA FF 02 02 01 01 AF,reason=normal"
946686566356,"type=xy,x_or_task=1,y_or_landing=0,yaw=0,hex=AA FF 01 06 00 01 00 00 00 00 B1,reason=normal"
946686566406,"type=xy,x_or_task=1,y_or_landing=0,yaw=0,hex=AA FF 01 06 00 01 00 00 00 00 B1,reason=normal"
946686566406,"type=mission,x_or_task=1,y_or_landing=1,yaw=0,hex=AA FF 02 02 01 01 AF,reason=normal"
946686566456,"type=xy,x_or_task=1,y_or_landing=0,yaw=0,hex=AA FF 01 06 00 01 00 00 00 00 B1,reason=normal"
946686566506,"type=xy,x_or_task=1,y_or_landing=0,yaw=0,hex=AA FF 01 06 00 01 00 00 00 00 B1,reason=normal"
946686566516,"type=mission,x_or_task=1,y_or_landing=1,yaw=0,hex=AA FF 02 02 01 01 AF,reason=normal"
946686566556,"type=xy,x_or_task=1,y_or_landing=0,yaw=0,hex=AA FF 01 06 00 01 00 00 00 00 B1,reason=normal"
946686566606,"type=xy,x_or_task=1,y_or_landing=0,yaw=0,hex=AA FF 01 06 00 01 00 00 00 00 B1,reason=normal"
946686566606,"type=mission,x_or_task=1,y_or_landing=1,yaw=0,hex=AA FF 02 02 01 01 AF,reason=normal"
946686566656,"type=xy,x_or_task=1,y_or_landing=0,yaw=0,hex=AA FF 01 06 00 01 00 00 00 00 B1,reason=normal"
946686566718,"type=xy,x_or_task=1,y_or_landing=0,yaw=0,hex=AA FF 01 06 00 01 00 00 00 00 B1,reason=normal"
946686566718,"type=mission,x_or_task=1,y_or_landing=1,yaw=0,hex=AA FF 02 02 01 01 AF,reason=normal"
946686566756,"type=xy,x_or_task=1,y_or_landing=0,yaw=0,hex=AA FF 01 06 00 01 00 00 00 00 B1,reason=normal"
946686566806,"type=xy,x_or_task=1,y_or_landing=0,yaw=0,hex=AA FF 01 06 00 01 00 00 00 00 B1,reason=normal"
946686566806,"type=mission,x_or_task=1,y_or_landing=1,yaw=0,hex=AA FF 02 02 01 01 AF,reason=normal"
946686566856,"type=xy,x_or_task=1,y_or_landing=0,yaw=0,hex=AA FF 01 06 00 01 00 00 00 00 B1,reason=normal"
946686566906,"type=xy,x_or_task=1,y_or_landing=0,yaw=0,hex=AA FF 01 06 00 01 00 00 00 00 B1,reason=normal"
946686566906,"type=mission,x_or_task=1,y_or_landing=1,yaw=0,hex=AA FF 02 02 01 01 AF,reason=normal"
946686566956,"type=xy,x_or_task=1,y_or_landing=0,yaw=0,hex=AA FF 01 06 00 01 00 00 00 00 B1,reason=normal"
946686567006,"type=xy,x_or_task=1,y_or_landing=0,yaw=0,hex=AA FF 01 06 00 01 00 00 00 00 B1,reason=normal"
946686567006,"type=mission,x_or_task=1,y_or_landing=1,yaw=0,hex=AA FF 02 02 01 01 AF,reason=normal"
946686567056,"type=xy,x_or_task=1,y_or_landing=0,yaw=0,hex=AA FF 01 06 00 01 00 00 00 00 B1,reason=normal"
946686567106,"type=xy,x_or_task=1,y_or_landing=0,yaw=0,hex=AA FF 01 06 00 01 00 00 00 00 B1,reason=normal"
946686567118,"type=mission,x_or_task=1,y_or_landing=1,yaw=0,hex=AA FF 02 02 01 01 AF,reason=normal"
946686567156,"type=xy,x_or_task=1,y_or_landing=0,yaw=0,hex=AA FF 01 06 00 01 00 00 00 00 B1,reason=normal"
946686567206,"type=xy,x_or_task=1,y_or_landing=0,yaw=0,hex=AA FF 01 06 00 01 00 00 00 00 B1,reason=normal"
946686567206,"type=mission,x_or_task=1,y_or_landing=1,yaw=0,hex=AA FF 02 02 01 01 AF,reason=normal"
946686567256,"type=xy,x_or_task=1,y_or_landing=0,yaw=0,hex=AA FF 01 06 00 01 00 00 00 00 B1,reason=normal"
946686567306,"type=xy,x_or_task=1,y_or_landing=0,yaw=0,hex=AA FF 01 06 00 01 00 00 00 00 B1,reason=normal"
946686567306,"type=mission,x_or_task=1,y_or_landing=1,yaw=0,hex=AA FF 02 02 01 01 AF,reason=normal"
946686567356,"type=xy,x_or_task=1,y_or_landing=0,yaw=0,hex=AA FF 01 06 00 01 00 00 00 00 B1,reason=normal"
946686567416,"type=xy,x_or_task=1,y_or_landing=0,yaw=0,hex=AA FF 01 06 00 01 00 00 00 00 B1,reason=normal"
946686567416,"type=mission,x_or_task=1,y_or_landing=1,yaw=0,hex=AA FF 02 02 01 01 AF,reason=normal"
946686567456,"type=xy,x_or_task=1,y_or_landing=0,yaw=0,hex=AA FF 01 06 00 01 00 00 00 00 B1,reason=normal"
946686567506,"type=xy,x_or_task=1,y_or_landing=0,yaw=0,hex=AA FF 01 06 00 01 00 00 00 00 B1,reason=normal"
946686567506,"type=mission,x_or_task=1,y_or_landing=1,yaw=0,hex=AA FF 02 02 01 01 AF,reason=normal"
946686567556,"type=xy,x_or_task=1,y_or_landing=0,yaw=0,hex=AA FF 01 06 00 01 00 00 00 00 B1,reason=normal"
946686567606,"type=xy,x_or_task=1,y_or_landing=0,yaw=0,hex=AA FF 01 06 00 01 00 00 00 00 B1,reason=normal"
946686567606,"type=mission,x_or_task=1,y_or_landing=1,yaw=0,hex=AA FF 02 02 01 01 AF,reason=normal"
946686567656,"type=xy,x_or_task=1,y_or_landing=0,yaw=0,hex=AA FF 01 06 00 01 00 00 00 00 B1,reason=normal"
946686567718,"type=xy,x_or_task=1,y_or_landing=0,yaw=0,hex=AA FF 01 06 00 01 00 00 00 00 B1,reason=normal"
946686567718,"type=mission,x_or_task=1,y_or_landing=1,yaw=0,hex=AA FF 02 02 01 01 AF,reason=normal"
946686567756,"type=xy,x_or_task=1,y_or_landing=0,yaw=0,hex=AA FF 01 06 00 01 00 00 00 00 B1,reason=normal"
946686567806,"type=xy,x_or_task=1,y_or_landing=0,yaw=0,hex=AA FF 01 06 00 01 00 00 00 00 B1,reason=normal"
946686567819,"type=mission,x_or_task=1,y_or_landing=1,yaw=0,hex=AA FF 02 02 01 01 AF,reason=normal"
946686567856,"type=xy,x_or_task=1,y_or_landing=0,yaw=0,hex=AA FF 01 06 00 01 00 00 00 00 B1,reason=normal"
946686567906,"type=xy,x_or_task=1,y_or_landing=0,yaw=0,hex=AA FF 01 06 00 01 00 00 00 00 B1,reason=normal"
946686567906,"type=mission,x_or_task=1,y_or_landing=1,yaw=0,hex=AA FF 02 02 01 01 AF,reason=normal"
946686567956,"type=xy,x_or_task=1,y_or_landing=0,yaw=0,hex=AA FF 01 06 00 01 00 00 00 00 B1,reason=normal"
946686568018,"type=xy,x_or_task=1,y_or_landing=0,yaw=0,hex=AA FF 01 06 00 01 00 00 00 00 B1,reason=normal"
946686568018,"type=mission,x_or_task=1,y_or_landing=1,yaw=0,hex=AA FF 02 02 01 01 AF,reason=normal"
946686568056,"type=xy,x_or_task=1,y_or_landing=0,yaw=0,hex=AA FF 01 06 00 01 00 00 00 00 B1,reason=normal"
946686568106,"type=xy,x_or_task=1,y_or_landing=0,yaw=0,hex=AA FF 01 06 00 01 00 00 00 00 B1,reason=normal"
946686568106,"type=mission,x_or_task=1,y_or_landing=1,yaw=0,hex=AA FF 02 02 01 01 AF,reason=normal"
946686568156,"type=xy,x_or_task=1,y_or_landing=0,yaw=0,hex=AA FF 01 06 00 01 00 00 00 00 B1,reason=normal"
946686568206,"type=xy,x_or_task=1,y_or_landing=0,yaw=0,hex=AA FF 01 06 00 01 00 00 00 00 B1,reason=normal"
946686568216,"type=mission,x_or_task=1,y_or_landing=1,yaw=0,hex=AA FF 02 02 01 01 AF,reason=normal"
946686568256,"type=xy,x_or_task=1,y_or_landing=0,yaw=0,hex=AA FF 01 06 00 01 00 00 00 00 B1,reason=normal"
946686568306,"type=xy,x_or_task=1,y_or_landing=0,yaw=0,hex=AA FF 01 06 00 01 00 00 00 00 B1,reason=normal"
946686568306,"type=mission,x_or_task=1,y_or_landing=1,yaw=0,hex=AA FF 02 02 01 01 AF,reason=normal"
946686568356,"type=xy,x_or_task=1,y_or_landing=0,yaw=0,hex=AA FF 01 06 00 01 00 00 00 00 B1,reason=normal"
946686568406,"type=xy,x_or_task=1,y_or_landing=0,yaw=0,hex=AA FF 01 06 00 01 00 00 00 00 B1,reason=normal"
946686568416,"type=mission,x_or_task=1,y_or_landing=1,yaw=0,hex=AA FF 02 02 01 01 AF,reason=normal"
946686568456,"type=xy,x_or_task=1,y_or_landing=0,yaw=0,hex=AA FF 01 06 00 01 00 00 00 00 B1,reason=normal"
946686568506,"type=xy,x_or_task=1,y_or_landing=0,yaw=0,hex=AA FF 01 06 00 01 00 00 00 00 B1,reason=normal"
946686568506,"type=mission,x_or_task=1,y_or_landing=1,yaw=0,hex=AA FF 02 02 01 01 AF,reason=normal"
946686568556,"type=xy,x_or_task=1,y_or_landing=0,yaw=0,hex=AA FF 01 06 00 01 00 00 00 00 B1,reason=normal"
946686568606,"type=xy,x_or_task=1,y_or_landing=0,yaw=0,hex=AA FF 01 06 00 01 00 00 00 00 B1,reason=normal"
946686568606,"type=mission,x_or_task=1,y_or_landing=1,yaw=0,hex=AA FF 02 02 01 01 AF,reason=normal"
946686568656,"type=xy,x_or_task=1,y_or_landing=0,yaw=0,hex=AA FF 01 06 00 01 00 00 00 00 B1,reason=normal"
946686568706,"type=xy,x_or_task=1,y_or_landing=0,yaw=0,hex=AA FF 01 06 00 01 00 00 00 00 B1,reason=normal"
946686568716,"type=mission,x_or_task=1,y_or_landing=1,yaw=0,hex=AA FF 02 02 01 01 AF,reason=normal"
946686568756,"type=xy,x_or_task=1,y_or_landing=0,yaw=0,hex=AA FF 01 06 00 01 00 00 00 00 B1,reason=normal"
946686568806,"type=xy,x_or_task=1,y_or_landing=0,yaw=0,hex=AA FF 01 06 00 01 00 00 00 00 B1,reason=normal"
946686568806,"type=mission,x_or_task=1,y_or_landing=1,yaw=0,hex=AA FF 02 02 01 01 AF,reason=normal"
946686568856,"type=xy,x_or_task=1,y_or_landing=0,yaw=0,hex=AA FF 01 06 00 01 00 00 00 00 B1,reason=normal"
946686568906,"type=xy,x_or_task=1,y_or_landing=0,yaw=0,hex=AA FF 01 06 00 01 00 00 00 00 B1,reason=normal"
946686568906,"type=mission,x_or_task=1,y_or_landing=1,yaw=0,hex=AA FF 02 02 01 01 AF,reason=normal"
946686568956,"type=xy,x_or_task=1,y_or_landing=0,yaw=0,hex=AA FF 01 06 00 01 00 00 00 00 B1,reason=normal"
946686569006,"type=xy,x_or_task=1,y_or_landing=0,yaw=0,hex=AA FF 01 06 00 01 00 00 00 00 B1,reason=normal"
946686569006,"type=mission,x_or_task=1,y_or_landing=1,yaw=0,hex=AA FF 02 02 01 01 AF,reason=normal"
946686569056,"type=xy,x_or_task=1,y_or_landing=0,yaw=0,hex=AA FF 01 06 00 01 00 00 00 00 B1,reason=normal"
946686569118,"type=xy,x_or_task=1,y_or_landing=0,yaw=0,hex=AA FF 01 06 00 01 00 00 00 00 B1,reason=normal"
946686569119,"type=mission,x_or_task=1,y_or_landing=1,yaw=0,hex=AA FF 02 02 01 01 AF,reason=normal"
946686569156,"type=xy,x_or_task=1,y_or_landing=0,yaw=0,hex=AA FF 01 06 00 01 00 00 00 00 B1,reason=normal"
946686569217,"type=xy,x_or_task=1,y_or_landing=0,yaw=0,hex=AA FF 01 06 00 01 00 00 00 00 B1,reason=normal"
946686569217,"type=mission,x_or_task=1,y_or_landing=1,yaw=0,hex=AA FF 02 02 01 01 AF,reason=normal"
946686569256,"type=xy,x_or_task=1,y_or_landing=0,yaw=0,hex=AA FF 01 06 00 01 00 00 00 00 B1,reason=normal"
946686569306,"type=xy,x_or_task=1,y_or_landing=0,yaw=0,hex=AA FF 01 06 00 01 00 00 00 00 B1,reason=normal"
946686569318,"type=mission,x_or_task=1,y_or_landing=1,yaw=0,hex=AA FF 02 02 01 01 AF,reason=normal"
946686569356,"type=xy,x_or_task=1,y_or_landing=0,yaw=0,hex=AA FF 01 06 00 01 00 00 00 00 B1,reason=normal"
946686569406,"type=xy,x_or_task=1,y_or_landing=0,yaw=0,hex=AA FF 01 06 00 01 00 00 00 00 B1,reason=normal"
946686569418,"type=mission,x_or_task=1,y_or_landing=1,yaw=0,hex=AA FF 02 02 01 01 AF,reason=normal"
946686569456,"type=xy,x_or_task=1,y_or_landing=0,yaw=0,hex=AA FF 01 06 00 01 00 00 00 00 B1,reason=normal"
946686569518,"type=xy,x_or_task=1,y_or_landing=0,yaw=0,hex=AA FF 01 06 00 01 00 00 00 00 B1,reason=normal"
946686569519,"type=mission,x_or_task=1,y_or_landing=1,yaw=0,hex=AA FF 02 02 01 01 AF,reason=normal"
946686569556,"type=xy,x_or_task=1,y_or_landing=0,yaw=0,hex=AA FF 01 06 00 01 00 00 00 00 B1,reason=normal"
946686569606,"type=xy,x_or_task=1,y_or_landing=0,yaw=0,hex=AA FF 01 06 00 01 00 00 00 00 B1,reason=normal"
946686569616,"type=mission,x_or_task=1,y_or_landing=1,yaw=0,hex=AA FF 02 02 01 01 AF,reason=normal"
946686569656,"type=xy,x_or_task=1,y_or_landing=0,yaw=0,hex=AA FF 01 06 00 01 00 00 00 00 B1,reason=normal"
946686569706,"type=xy,x_or_task=1,y_or_landing=0,yaw=0,hex=AA FF 01 06 00 01 00 00 00 00 B1,reason=normal"
946686569717,"type=mission,x_or_task=1,y_or_landing=1,yaw=0,hex=AA FF 02 02 01 01 AF,reason=normal"
946686569756,"type=xy,x_or_task=1,y_or_landing=0,yaw=0,hex=AA FF 01 06 00 01 00 00 00 00 B1,reason=normal"
946686569818,"type=xy,x_or_task=1,y_or_landing=0,yaw=0,hex=AA FF 01 06 00 01 00 00 00 00 B1,reason=normal"
946686569819,"type=mission,x_or_task=1,y_or_landing=1,yaw=0,hex=AA FF 02 02 01 01 AF,reason=normal"
946686569856,"type=xy,x_or_task=1,y_or_landing=0,yaw=0,hex=AA FF 01 06 00 01 00 00 00 00 B1,reason=normal"
946686569906,"type=xy,x_or_task=1,y_or_landing=0,yaw=0,hex=AA FF 01 06 00 01 00 00 00 00 B1,reason=normal"
946686569906,"type=mission,x_or_task=1,y_or_landing=1,yaw=0,hex=AA FF 02 02 01 01 AF,reason=normal"
946686569956,"type=xy,x_or_task=1,y_or_landing=0,yaw=0,hex=AA FF 01 06 00 01 00 00 00 00 B1,reason=normal"
946686570006,"type=xy,x_or_task=1,y_or_landing=0,yaw=0,hex=AA FF 01 06 00 01 00 00 00 00 B1,reason=normal"
946686570019,"type=mission,x_or_task=1,y_or_landing=1,yaw=0,hex=AA FF 02 02 01 01 AF,reason=normal"
946686570056,"type=xy,x_or_task=1,y_or_landing=0,yaw=0,hex=AA FF 01 06 00 01 00 00 00 00 B1,reason=normal"
946686570106,"type=xy,x_or_task=1,y_or_landing=0,yaw=0,hex=AA FF 01 06 00 01 00 00 00 00 B1,reason=normal"
946686570119,"type=mission,x_or_task=1,y_or_landing=1,yaw=0,hex=AA FF 02 02 01 01 AF,reason=normal"
946686570156,"type=xy,x_or_task=1,y_or_landing=0,yaw=0,hex=AA FF 01 06 00 01 00 00 00 00 B1,reason=normal"
946686570206,"type=xy,x_or_task=1,y_or_landing=0,yaw=0,hex=AA FF 01 06 00 01 00 00 00 00 B1,reason=normal"
946686570206,"type=mission,x_or_task=1,y_or_landing=1,yaw=0,hex=AA FF 02 02 01 01 AF,reason=normal"
946686570256,"type=xy,x_or_task=1,y_or_landing=0,yaw=0,hex=AA FF 01 06 00 01 00 00 00 00 B1,reason=normal"
946686570306,"type=xy,x_or_task=1,y_or_landing=0,yaw=0,hex=AA FF 01 06 00 01 00 00 00 00 B1,reason=normal"
946686570320,"type=mission,x_or_task=1,y_or_landing=1,yaw=0,hex=AA FF 02 02 01 01 AF,reason=normal"
946686570356,"type=xy,x_or_task=1,y_or_landing=0,yaw=0,hex=AA FF 01 06 00 01 00 00 00 00 B1,reason=normal"
946686570419,"type=xy,x_or_task=1,y_or_landing=0,yaw=0,hex=AA FF 01 06 00 01 00 00 00 00 B1,reason=normal"
946686570420,"type=mission,x_or_task=1,y_or_landing=1,yaw=0,hex=AA FF 02 02 01 01 AF,reason=normal"
946686570456,"type=xy,x_or_task=1,y_or_landing=0,yaw=0,hex=AA FF 01 06 00 01 00 00 00 00 B1,reason=normal"
946686570506,"type=xy,x_or_task=1,y_or_landing=0,yaw=0,hex=AA FF 01 06 00 01 00 00 00 00 B1,reason=normal"
946686570506,"type=mission,x_or_task=1,y_or_landing=1,yaw=0,hex=AA FF 02 02 01 01 AF,reason=normal"
946686570556,"type=xy,x_or_task=1,y_or_landing=0,yaw=0,hex=AA FF 01 06 00 01 00 00 00 00 B1,reason=normal"
946686570606,"type=xy,x_or_task=1,y_or_landing=0,yaw=0,hex=AA FF 01 06 00 01 00 00 00 00 B1,reason=normal"
946686570606,"type=mission,x_or_task=1,y_or_landing=1,yaw=0,hex=AA FF 02 02 01 01 AF,reason=normal"
946686570656,"type=xy,x_or_task=1,y_or_landing=0,yaw=0,hex=AA FF 01 06 00 01 00 00 00 00 B1,reason=normal"
946686570706,"type=xy,x_or_task=1,y_or_landing=0,yaw=0,hex=AA FF 01 06 00 01 00 00 00 00 B1,reason=normal"
946686570706,"type=mission,x_or_task=1,y_or_landing=1,yaw=0,hex=AA FF 02 02 01 01 AF,reason=normal"
946686570756,"type=xy,x_or_task=1,y_or_landing=0,yaw=0,hex=AA FF 01 06 00 01 00 00 00 00 B1,reason=normal"
946686570806,"type=xy,x_or_task=1,y_or_landing=0,yaw=0,hex=AA FF 01 06 00 01 00 00 00 00 B1,reason=normal"
946686570818,"type=mission,x_or_task=1,y_or_landing=1,yaw=0,hex=AA FF 02 02 01 01 AF,reason=normal"
946686570856,"type=xy,x_or_task=1,y_or_landing=0,yaw=0,hex=AA FF 01 06 00 01 00 00 00 00 B1,reason=normal"
946686570906,"type=xy,x_or_task=1,y_or_landing=0,yaw=0,hex=AA FF 01 06 00 01 00 00 00 00 B1,reason=normal"
946686570919,"type=mission,x_or_task=1,y_or_landing=1,yaw=0,hex=AA FF 02 02 01 01 AF,reason=normal"
946686570956,"type=xy,x_or_task=1,y_or_landing=0,yaw=0,hex=AA FF 01 06 00 01 00 00 00 00 B1,reason=normal"
946686571006,"type=xy,x_or_task=1,y_or_landing=0,yaw=0,hex=AA FF 01 06 00 01 00 00 00 00 B1,reason=normal"
946686571006,"type=mission,x_or_task=1,y_or_landing=1,yaw=0,hex=AA FF 02 02 01 01 AF,reason=normal"
946686571056,"type=xy,x_or_task=1,y_or_landing=0,yaw=0,hex=AA FF 01 06 00 01 00 00 00 00 B1,reason=normal"
946686571106,"type=xy,x_or_task=1,y_or_landing=0,yaw=0,hex=AA FF 01 06 00 01 00 00 00 00 B1,reason=normal"
946686571106,"type=mission,x_or_task=1,y_or_landing=1,yaw=0,hex=AA FF 02 02 01 01 AF,reason=normal"
946686571156,"type=xy,x_or_task=1,y_or_landing=0,yaw=0,hex=AA FF 01 06 00 01 00 00 00 00 B1,reason=normal"
946686571206,"type=xy,x_or_task=1,y_or_landing=0,yaw=0,hex=AA FF 01 06 00 01 00 00 00 00 B1,reason=normal"
946686571206,"type=mission,x_or_task=1,y_or_landing=1,yaw=0,hex=AA FF 02 02 01 01 AF,reason=normal"
946686571256,"type=xy,x_or_task=1,y_or_landing=0,yaw=0,hex=AA FF 01 06 00 01 00 00 00 00 B1,reason=normal"
946686571318,"type=xy,x_or_task=1,y_or_landing=0,yaw=0,hex=AA FF 01 06 00 01 00 00 00 00 B1,reason=normal"
946686571318,"type=mission,x_or_task=1,y_or_landing=1,yaw=0,hex=AA FF 02 02 01 01 AF,reason=normal"
946686571356,"type=xy,x_or_task=1,y_or_landing=0,yaw=0,hex=AA FF 01 06 00 01 00 00 00 00 B1,reason=normal"
946686571406,"type=xy,x_or_task=1,y_or_landing=0,yaw=0,hex=AA FF 01 06 00 01 00 00 00 00 B1,reason=normal"
946686571406,"type=mission,x_or_task=1,y_or_landing=1,yaw=0,hex=AA FF 02 02 01 01 AF,reason=normal"
946686571456,"type=xy,x_or_task=1,y_or_landing=0,yaw=0,hex=AA FF 01 06 00 01 00 00 00 00 B1,reason=normal"
946686571506,"type=xy,x_or_task=1,y_or_landing=0,yaw=0,hex=AA FF 01 06 00 01 00 00 00 00 B1,reason=normal"
946686571506,"type=mission,x_or_task=1,y_or_landing=1,yaw=0,hex=AA FF 02 02 01 01 AF,reason=normal"
946686571556,"type=xy,x_or_task=1,y_or_landing=0,yaw=0,hex=AA FF 01 06 00 01 00 00 00 00 B1,reason=normal"
946686571606,"type=xy,x_or_task=1,y_or_landing=0,yaw=0,hex=AA FF 01 06 00 01 00 00 00 00 B1,reason=normal"
946686571606,"type=mission,x_or_task=1,y_or_landing=1,yaw=0,hex=AA FF 02 02 01 01 AF,reason=normal"
946686571656,"type=xy,x_or_task=1,y_or_landing=0,yaw=0,hex=AA FF 01 06 00 01 00 00 00 00 B1,reason=normal"
946686571706,"type=xy,x_or_task=1,y_or_landing=0,yaw=0,hex=AA FF 01 06 00 01 00 00 00 00 B1,reason=normal"
946686571706,"type=mission,x_or_task=1,y_or_landing=1,yaw=0,hex=AA FF 02 02 01 01 AF,reason=normal"
946686571756,"type=xy,x_or_task=1,y_or_landing=0,yaw=0,hex=AA FF 01 06 00 01 00 00 00 00 B1,reason=normal"
946686571806,"type=xy,x_or_task=1,y_or_landing=0,yaw=0,hex=AA FF 01 06 00 01 00 00 00 00 B1,reason=normal"
946686571806,"type=mission,x_or_task=1,y_or_landing=1,yaw=0,hex=AA FF 02 02 01 01 AF,reason=normal"
946686571856,"type=xy,x_or_task=1,y_or_landing=0,yaw=0,hex=AA FF 01 06 00 01 00 00 00 00 B1,reason=normal"
946686571918,"type=xy,x_or_task=1,y_or_landing=0,yaw=0,hex=AA FF 01 06 00 01 00 00 00 00 B1,reason=normal"
946686571918,"type=mission,x_or_task=1,y_or_landing=1,yaw=0,hex=AA FF 02 02 01 01 AF,reason=normal"
946686571956,"type=xy,x_or_task=1,y_or_landing=0,yaw=0,hex=AA FF 01 06 00 01 00 00 00 00 B1,reason=normal"
946686572006,"type=xy,x_or_task=1,y_or_landing=0,yaw=0,hex=AA FF 01 06 00 01 00 00 00 00 B1,reason=normal"
946686572006,"type=mission,x_or_task=1,y_or_landing=1,yaw=0,hex=AA FF 02 02 01 01 AF,reason=normal"
946686572056,"type=xy,x_or_task=1,y_or_landing=0,yaw=0,hex=AA FF 01 06 00 01 00 00 00 00 B1,reason=normal"
946686572118,"type=xy,x_or_task=1,y_or_landing=0,yaw=0,hex=AA FF 01 06 00 01 00 00 00 00 B1,reason=normal"
946686572118,"type=mission,x_or_task=1,y_or_landing=1,yaw=0,hex=AA FF 02 02 01 01 AF,reason=normal"
946686572156,"type=xy,x_or_task=1,y_or_landing=0,yaw=0,hex=AA FF 01 06 00 01 00 00 00 00 B1,reason=normal"
946686572206,"type=xy,x_or_task=1,y_or_landing=0,yaw=0,hex=AA FF 01 06 00 01 00 00 00 00 B1,reason=normal"
946686572216,"type=mission,x_or_task=1,y_or_landing=1,yaw=0,hex=AA FF 02 02 01 01 AF,reason=normal"
946686572256,"type=xy,x_or_task=1,y_or_landing=0,yaw=0,hex=AA FF 01 06 00 01 00 00 00 00 B1,reason=normal"
946686572306,"type=xy,x_or_task=1,y_or_landing=0,yaw=0,hex=AA FF 01 06 00 01 00 00 00 00 B1,reason=normal"
946686572319,"type=mission,x_or_task=1,y_or_landing=1,yaw=0,hex=AA FF 02 02 01 01 AF,reason=normal"
946686572356,"type=xy,x_or_task=1,y_or_landing=0,yaw=0,hex=AA FF 01 06 00 01 00 00 00 00 B1,reason=normal"
946686572406,"type=xy,x_or_task=1,y_or_landing=0,yaw=0,hex=AA FF 01 06 00 01 00 00 00 00 B1,reason=normal"
946686572418,"type=mission,x_or_task=1,y_or_landing=1,yaw=0,hex=AA FF 02 02 01 01 AF,reason=normal"
946686572456,"type=xy,x_or_task=1,y_or_landing=0,yaw=0,hex=AA FF 01 06 00 01 00 00 00 00 B1,reason=normal"
946686572506,"type=xy,x_or_task=1,y_or_landing=0,yaw=0,hex=AA FF 01 06 00 01 00 00 00 00 B1,reason=normal"
946686572506,"type=mission,x_or_task=1,y_or_landing=1,yaw=0,hex=AA FF 02 02 01 01 AF,reason=normal"
946686572556,"type=xy,x_or_task=1,y_or_landing=0,yaw=0,hex=AA FF 01 06 00 01 00 00 00 00 B1,reason=normal"
946686572606,"type=xy,x_or_task=1,y_or_landing=0,yaw=0,hex=AA FF 01 06 00 01 00 00 00 00 B1,reason=normal"
946686572619,"type=mission,x_or_task=1,y_or_landing=1,yaw=0,hex=AA FF 02 02 01 01 AF,reason=normal"
946686572656,"type=xy,x_or_task=1,y_or_landing=0,yaw=0,hex=AA FF 01 06 00 01 00 00 00 00 B1,reason=normal"
946686572706,"type=xy,x_or_task=1,y_or_landing=0,yaw=0,hex=AA FF 01 06 00 01 00 00 00 00 B1,reason=normal"
946686572706,"type=mission,x_or_task=1,y_or_landing=1,yaw=0,hex=AA FF 02 02 01 01 AF,reason=normal"
946686572756,"type=xy,x_or_task=1,y_or_landing=0,yaw=0,hex=AA FF 01 06 00 01 00 00 00 00 B1,reason=normal"
946686572806,"type=xy,x_or_task=1,y_or_landing=0,yaw=0,hex=AA FF 01 06 00 01 00 00 00 00 B1,reason=normal"
946686572806,"type=mission,x_or_task=1,y_or_landing=1,yaw=0,hex=AA FF 02 02 01 01 AF,reason=normal"
946686572856,"type=xy,x_or_task=1,y_or_landing=0,yaw=0,hex=AA FF 01 06 00 01 00 00 00 00 B1,reason=normal"
946686572906,"type=xy,x_or_task=1,y_or_landing=0,yaw=0,hex=AA FF 01 06 00 01 00 00 00 00 B1,reason=normal"
946686572906,"type=mission,x_or_task=1,y_or_landing=1,yaw=0,hex=AA FF 02 02 01 01 AF,reason=normal"
946686572956,"type=xy,x_or_task=1,y_or_landing=0,yaw=0,hex=AA FF 01 06 00 01 00 00 00 00 B1,reason=normal"
946686573006,"type=xy,x_or_task=1,y_or_landing=0,yaw=0,hex=AA FF 01 06 00 01 00 00 00 00 B1,reason=normal"
946686573006,"type=mission,x_or_task=1,y_or_landing=1,yaw=0,hex=AA FF 02 02 01 01 AF,reason=normal"
946686573056,"type=xy,x_or_task=1,y_or_landing=0,yaw=0,hex=AA FF 01 06 00 01 00 00 00 00 B1,reason=normal"
946686573106,"type=xy,x_or_task=1,y_or_landing=0,yaw=0,hex=AA FF 01 06 00 01 00 00 00 00 B1,reason=normal"
946686573106,"type=mission,x_or_task=1,y_or_landing=1,yaw=0,hex=AA FF 02 02 01 01 AF,reason=normal"
946686573156,"type=xy,x_or_task=1,y_or_landing=0,yaw=0,hex=AA FF 01 06 00 01 00 00 00 00 B1,reason=normal"
946686573217,"type=xy,x_or_task=1,y_or_landing=0,yaw=0,hex=AA FF 01 06 00 01 00 00 00 00 B1,reason=normal"
946686573218,"type=mission,x_or_task=1,y_or_landing=1,yaw=0,hex=AA FF 02 02 01 01 AF,reason=normal"
946686573256,"type=xy,x_or_task=1,y_or_landing=0,yaw=0,hex=AA FF 01 06 00 01 00 00 00 00 B1,reason=normal"
946686573306,"type=xy,x_or_task=1,y_or_landing=0,yaw=0,hex=AA FF 01 06 00 01 00 00 00 00 B1,reason=normal"
946686573306,"type=mission,x_or_task=1,y_or_landing=1,yaw=0,hex=AA FF 02 02 01 01 AF,reason=normal"
946686573356,"type=xy,x_or_task=1,y_or_landing=0,yaw=0,hex=AA FF 01 06 00 01 00 00 00 00 B1,reason=normal"
946686573406,"type=xy,x_or_task=1,y_or_landing=0,yaw=0,hex=AA FF 01 06 00 01 00 00 00 00 B1,reason=normal"
946686573406,"type=mission,x_or_task=1,y_or_landing=1,yaw=0,hex=AA FF 02 02 01 01 AF,reason=normal"
946686573456,"type=xy,x_or_task=1,y_or_landing=0,yaw=0,hex=AA FF 01 06 00 01 00 00 00 00 B1,reason=normal"
946686573506,"type=xy,x_or_task=1,y_or_landing=0,yaw=0,hex=AA FF 01 06 00 01 00 00 00 00 B1,reason=normal"
946686573506,"type=mission,x_or_task=1,y_or_landing=1,yaw=0,hex=AA FF 02 02 01 01 AF,reason=normal"
946686573556,"type=xy,x_or_task=1,y_or_landing=0,yaw=0,hex=AA FF 01 06 00 01 00 00 00 00 B1,reason=normal"
946686573606,"type=xy,x_or_task=1,y_or_landing=0,yaw=0,hex=AA FF 01 06 00 01 00 00 00 00 B1,reason=normal"
946686573606,"type=mission,x_or_task=1,y_or_landing=1,yaw=0,hex=AA FF 02 02 01 01 AF,reason=normal"
946686573656,"type=xy,x_or_task=1,y_or_landing=0,yaw=0,hex=AA FF 01 06 00 01 00 00 00 00 B1,reason=normal"
946686573717,"type=xy,x_or_task=1,y_or_landing=0,yaw=0,hex=AA FF 01 06 00 01 00 00 00 00 B1,reason=normal"
946686573717,"type=mission,x_or_task=1,y_or_landing=1,yaw=0,hex=AA FF 02 02 01 01 AF,reason=normal"
946686573756,"type=xy,x_or_task=1,y_or_landing=0,yaw=0,hex=AA FF 01 06 00 01 00 00 00 00 B1,reason=normal"
946686573806,"type=xy,x_or_task=1,y_or_landing=0,yaw=0,hex=AA FF 01 06 00 01 00 00 00 00 B1,reason=normal"
946686573806,"type=mission,x_or_task=1,y_or_landing=1,yaw=0,hex=AA FF 02 02 01 01 AF,reason=normal"
946686573856,"type=xy,x_or_task=1,y_or_landing=0,yaw=0,hex=AA FF 01 06 00 01 00 00 00 00 B1,reason=normal"
946686573919,"type=xy,x_or_task=1,y_or_landing=0,yaw=0,hex=AA FF 01 06 00 01 00 00 00 00 B1,reason=normal"
946686573919,"type=mission,x_or_task=1,y_or_landing=1,yaw=0,hex=AA FF 02 02 01 01 AF,reason=normal"
946686573956,"type=xy,x_or_task=1,y_or_landing=0,yaw=0,hex=AA FF 01 06 00 01 00 00 00 00 B1,reason=normal"
946686574018,"type=xy,x_or_task=1,y_or_landing=0,yaw=0,hex=AA FF 01 06 00 01 00 00 00 00 B1,reason=normal"
946686574019,"type=mission,x_or_task=1,y_or_landing=1,yaw=0,hex=AA FF 02 02 01 01 AF,reason=normal"
946686574056,"type=xy,x_or_task=1,y_or_landing=0,yaw=0,hex=AA FF 01 06 00 01 00 00 00 00 B1,reason=normal"
946686574106,"type=xy,x_or_task=1,y_or_landing=0,yaw=0,hex=AA FF 01 06 00 01 00 00 00 00 B1,reason=normal"
946686574119,"type=mission,x_or_task=1,y_or_landing=1,yaw=0,hex=AA FF 02 02 01 01 AF,reason=normal"
946686574156,"type=xy,x_or_task=1,y_or_landing=0,yaw=0,hex=AA FF 01 06 00 01 00 00 00 00 B1,reason=normal"
946686574206,"type=xy,x_or_task=1,y_or_landing=0,yaw=0,hex=AA FF 01 06 00 01 00 00 00 00 B1,reason=normal"
946686574216,"type=mission,x_or_task=1,y_or_landing=1,yaw=0,hex=AA FF 02 02 01 01 AF,reason=normal"
946686574256,"type=xy,x_or_task=1,y_or_landing=0,yaw=0,hex=AA FF 01 06 00 01 00 00 00 00 B1,reason=normal"
946686574318,"type=xy,x_or_task=1,y_or_landing=0,yaw=0,hex=AA FF 01 06 00 01 00 00 00 00 B1,reason=normal"
946686574318,"type=mission,x_or_task=1,y_or_landing=1,yaw=0,hex=AA FF 02 02 01 01 AF,reason=normal"
946686574356,"type=xy,x_or_task=1,y_or_landing=0,yaw=0,hex=AA FF 01 06 00 01 00 00 00 00 B1,reason=normal"
946686574406,"type=xy,x_or_task=1,y_or_landing=0,yaw=0,hex=AA FF 01 06 00 01 00 00 00 00 B1,reason=normal"
946686574416,"type=mission,x_or_task=1,y_or_landing=1,yaw=0,hex=AA FF 02 02 01 01 AF,reason=normal"
946686574456,"type=xy,x_or_task=1,y_or_landing=0,yaw=0,hex=AA FF 01 06 00 01 00 00 00 00 B1,reason=normal"
946686574506,"type=xy,x_or_task=1,y_or_landing=0,yaw=0,hex=AA FF 01 06 00 01 00 00 00 00 B1,reason=normal"
946686574506,"type=mission,x_or_task=1,y_or_landing=1,yaw=0,hex=AA FF 02 02 01 01 AF,reason=normal"
946686574556,"type=xy,x_or_task=1,y_or_landing=0,yaw=0,hex=AA FF 01 06 00 01 00 00 00 00 B1,reason=normal"
946686574619,"type=xy,x_or_task=1,y_or_landing=0,yaw=0,hex=AA FF 01 06 00 01 00 00 00 00 B1,reason=normal"
946686574619,"type=mission,x_or_task=1,y_or_landing=1,yaw=0,hex=AA FF 02 02 01 01 AF,reason=normal"
946686574656,"type=xy,x_or_task=1,y_or_landing=0,yaw=0,hex=AA FF 01 06 00 01 00 00 00 00 B1,reason=normal"
946686574706,"type=xy,x_or_task=1,y_or_landing=0,yaw=0,hex=AA FF 01 06 00 01 00 00 00 00 B1,reason=normal"
946686574706,"type=mission,x_or_task=1,y_or_landing=1,yaw=0,hex=AA FF 02 02 01 01 AF,reason=normal"
946686574756,"type=xy,x_or_task=1,y_or_landing=0,yaw=0,hex=AA FF 01 06 00 01 00 00 00 00 B1,reason=normal"
946686574806,"type=xy,x_or_task=1,y_or_landing=0,yaw=0,hex=AA FF 01 06 00 01 00 00 00 00 B1,reason=normal"
946686574806,"type=mission,x_or_task=1,y_or_landing=1,yaw=0,hex=AA FF 02 02 01 01 AF,reason=normal"
946686574856,"type=xy,x_or_task=1,y_or_landing=0,yaw=0,hex=AA FF 01 06 00 01 00 00 00 00 B1,reason=normal"
946686574906,"type=xy,x_or_task=1,y_or_landing=0,yaw=0,hex=AA FF 01 06 00 01 00 00 00 00 B1,reason=normal"
946686574906,"type=mission,x_or_task=1,y_or_landing=1,yaw=0,hex=AA FF 02 02 01 01 AF,reason=normal"
946686574956,"type=xy,x_or_task=1,y_or_landing=0,yaw=0,hex=AA FF 01 06 00 01 00 00 00 00 B1,reason=normal"
946686575006,"type=xy,x_or_task=1,y_or_landing=0,yaw=0,hex=AA FF 01 06 00 01 00 00 00 00 B1,reason=normal"
946686575006,"type=mission,x_or_task=1,y_or_landing=1,yaw=0,hex=AA FF 02 02 01 01 AF,reason=normal"
946686575056,"type=xy,x_or_task=1,y_or_landing=0,yaw=0,hex=AA FF 01 06 00 01 00 00 00 00 B1,reason=normal"
946686575106,"type=xy,x_or_task=1,y_or_landing=0,yaw=0,hex=AA FF 01 06 00 01 00 00 00 00 B1,reason=normal"
946686575106,"type=mission,x_or_task=1,y_or_landing=1,yaw=0,hex=AA FF 02 02 01 01 AF,reason=normal"
946686575156,"type=xy,x_or_task=1,y_or_landing=0,yaw=0,hex=AA FF 01 06 00 01 00 00 00 00 B1,reason=normal"
946686575206,"type=xy,x_or_task=1,y_or_landing=0,yaw=0,hex=AA FF 01 06 00 01 00 00 00 00 B1,reason=normal"
946686575218,"type=mission,x_or_task=1,y_or_landing=1,yaw=0,hex=AA FF 02 02 01 01 AF,reason=normal"
946686575256,"type=xy,x_or_task=1,y_or_landing=0,yaw=0,hex=AA FF 01 06 00 01 00 00 00 00 B1,reason=normal"
946686575306,"type=xy,x_or_task=1,y_or_landing=0,yaw=0,hex=AA FF 01 06 00 01 00 00 00 00 B1,reason=normal"
946686575306,"type=mission,x_or_task=1,y_or_landing=1,yaw=0,hex=AA FF 02 02 01 01 AF,reason=normal"
946686575356,"type=xy,x_or_task=1,y_or_landing=0,yaw=0,hex=AA FF 01 06 00 01 00 00 00 00 B1,reason=normal"
946686575418,"type=xy,x_or_task=1,y_or_landing=0,yaw=0,hex=AA FF 01 06 00 01 00 00 00 00 B1,reason=normal"
946686575418,"type=mission,x_or_task=1,y_or_landing=1,yaw=0,hex=AA FF 02 02 01 01 AF,reason=normal"
946686575456,"type=xy,x_or_task=1,y_or_landing=0,yaw=0,hex=AA FF 01 06 00 01 00 00 00 00 B1,reason=normal"
946686575506,"type=xy,x_or_task=1,y_or_landing=0,yaw=0,hex=AA FF 01 06 00 01 00 00 00 00 B1,reason=normal"
946686575506,"type=mission,x_or_task=1,y_or_landing=1,yaw=0,hex=AA FF 02 02 01 01 AF,reason=normal"
946686575556,"type=xy,x_or_task=1,y_or_landing=0,yaw=0,hex=AA FF 01 06 00 01 00 00 00 00 B1,reason=normal"
946686575606,"type=xy,x_or_task=1,y_or_landing=0,yaw=0,hex=AA FF 01 06 00 01 00 00 00 00 B1,reason=normal"
946686575606,"type=mission,x_or_task=1,y_or_landing=1,yaw=0,hex=AA FF 02 02 01 01 AF,reason=normal"
946686575656,"type=xy,x_or_task=1,y_or_landing=0,yaw=0,hex=AA FF 01 06 00 01 00 00 00 00 B1,reason=normal"
946686575706,"type=xy,x_or_task=1,y_or_landing=0,yaw=0,hex=AA FF 01 06 00 01 00 00 00 00 B1,reason=normal"
946686575706,"type=mission,x_or_task=1,y_or_landing=1,yaw=0,hex=AA FF 02 02 01 01 AF,reason=normal"
946686575756,"type=xy,x_or_task=1,y_or_landing=0,yaw=0,hex=AA FF 01 06 00 01 00 00 00 00 B1,reason=normal"
946686575806,"type=xy,x_or_task=1,y_or_landing=0,yaw=0,hex=AA FF 01 06 00 01 00 00 00 00 B1,reason=normal"
946686575818,"type=mission,x_or_task=1,y_or_landing=1,yaw=0,hex=AA FF 02 02 01 01 AF,reason=normal"
946686575856,"type=xy,x_or_task=1,y_or_landing=0,yaw=0,hex=AA FF 01 06 00 01 00 00 00 00 B1,reason=normal"
946686575906,"type=xy,x_or_task=1,y_or_landing=0,yaw=0,hex=AA FF 01 06 00 01 00 00 00 00 B1,reason=normal"
946686575906,"type=mission,x_or_task=1,y_or_landing=1,yaw=0,hex=AA FF 02 02 01 01 AF,reason=normal"
946686575956,"type=xy,x_or_task=1,y_or_landing=0,yaw=0,hex=AA FF 01 06 00 01 00 00 00 00 B1,reason=normal"
946686576006,"type=xy,x_or_task=1,y_or_landing=0,yaw=0,hex=AA FF 01 06 00 01 00 00 00 00 B1,reason=normal"
946686576006,"type=mission,x_or_task=1,y_or_landing=1,yaw=0,hex=AA FF 02 02 01 01 AF,reason=normal"
946686576056,"type=xy,x_or_task=1,y_or_landing=0,yaw=0,hex=AA FF 01 06 00 01 00 00 00 00 B1,reason=normal"
946686576106,"type=xy,x_or_task=1,y_or_landing=0,yaw=0,hex=AA FF 01 06 00 01 00 00 00 00 B1,reason=normal"
946686576106,"type=mission,x_or_task=1,y_or_landing=1,yaw=0,hex=AA FF 02 02 01 01 AF,reason=normal"
946686576156,"type=xy,x_or_task=1,y_or_landing=0,yaw=0,hex=AA FF 01 06 00 01 00 00 00 00 B1,reason=normal"
946686576206,"type=xy,x_or_task=1,y_or_landing=0,yaw=0,hex=AA FF 01 06 00 01 00 00 00 00 B1,reason=normal"
946686576217,"type=mission,x_or_task=1,y_or_landing=1,yaw=0,hex=AA FF 02 02 01 01 AF,reason=normal"
946686576256,"type=xy,x_or_task=1,y_or_landing=0,yaw=0,hex=AA FF 01 06 00 01 00 00 00 00 B1,reason=normal"
946686576306,"type=xy,x_or_task=1,y_or_landing=0,yaw=0,hex=AA FF 01 06 00 01 00 00 00 00 B1,reason=normal"
946686576306,"type=mission,x_or_task=1,y_or_landing=1,yaw=0,hex=AA FF 02 02 01 01 AF,reason=normal"
946686576356,"type=xy,x_or_task=1,y_or_landing=0,yaw=0,hex=AA FF 01 06 00 01 00 00 00 00 B1,reason=normal"
946686576406,"type=xy,x_or_task=1,y_or_landing=0,yaw=0,hex=AA FF 01 06 00 01 00 00 00 00 B1,reason=normal"
946686576418,"type=mission,x_or_task=1,y_or_landing=1,yaw=0,hex=AA FF 02 02 01 01 AF,reason=normal"
946686576456,"type=xy,x_or_task=1,y_or_landing=0,yaw=0,hex=AA FF 01 06 00 01 00 00 00 00 B1,reason=normal"
946686576506,"type=xy,x_or_task=1,y_or_landing=0,yaw=0,hex=AA FF 01 06 00 01 00 00 00 00 B1,reason=normal"
946686576518,"type=mission,x_or_task=1,y_or_landing=1,yaw=0,hex=AA FF 02 02 01 01 AF,reason=normal"
946686576556,"type=xy,x_or_task=1,y_or_landing=0,yaw=0,hex=AA FF 01 06 00 01 00 00 00 00 B1,reason=normal"
946686576606,"type=xy,x_or_task=1,y_or_landing=0,yaw=0,hex=AA FF 01 06 00 01 00 00 00 00 B1,reason=normal"
946686576606,"type=mission,x_or_task=1,y_or_landing=1,yaw=0,hex=AA FF 02 02 01 01 AF,reason=normal"
946686576656,"type=xy,x_or_task=1,y_or_landing=0,yaw=0,hex=AA FF 01 06 00 01 00 00 00 00 B1,reason=normal"
946686576706,"type=xy,x_or_task=1,y_or_landing=0,yaw=0,hex=AA FF 01 06 00 01 00 00 00 00 B1,reason=normal"
946686576718,"type=mission,x_or_task=1,y_or_landing=1,yaw=0,hex=AA FF 02 02 01 01 AF,reason=normal"
946686576756,"type=xy,x_or_task=1,y_or_landing=0,yaw=0,hex=AA FF 01 06 00 01 00 00 00 00 B1,reason=normal"
946686576806,"type=xy,x_or_task=1,y_or_landing=0,yaw=0,hex=AA FF 01 06 00 01 00 00 00 00 B1,reason=normal"
946686576806,"type=mission,x_or_task=1,y_or_landing=1,yaw=0,hex=AA FF 02 02 01 01 AF,reason=normal"
946686576856,"type=xy,x_or_task=1,y_or_landing=0,yaw=0,hex=AA FF 01 06 00 01 00 00 00 00 B1,reason=normal"
946686576906,"type=xy,x_or_task=1,y_or_landing=0,yaw=0,hex=AA FF 01 06 00 01 00 00 00 00 B1,reason=normal"
946686576906,"type=mission,x_or_task=1,y_or_landing=1,yaw=0,hex=AA FF 02 02 01 01 AF,reason=normal"
946686576956,"type=xy,x_or_task=1,y_or_landing=0,yaw=0,hex=AA FF 01 06 00 01 00 00 00 00 B1,reason=normal"
946686577006,"type=xy,x_or_task=1,y_or_landing=0,yaw=0,hex=AA FF 01 06 00 01 00 00 00 00 B1,reason=normal"
946686577006,"type=mission,x_or_task=1,y_or_landing=1,yaw=0,hex=AA FF 02 02 01 01 AF,reason=normal"
946686577056,"type=xy,x_or_task=1,y_or_landing=0,yaw=0,hex=AA FF 01 06 00 01 00 00 00 00 B1,reason=normal"
946686577106,"type=xy,x_or_task=1,y_or_landing=0,yaw=0,hex=AA FF 01 06 00 01 00 00 00 00 B1,reason=normal"
946686577106,"type=mission,x_or_task=1,y_or_landing=1,yaw=0,hex=AA FF 02 02 01 01 AF,reason=normal"
946686577156,"type=xy,x_or_task=1,y_or_landing=0,yaw=0,hex=AA FF 01 06 00 01 00 00 00 00 B1,reason=normal"
946686577206,"type=xy,x_or_task=1,y_or_landing=0,yaw=0,hex=AA FF 01 06 00 01 00 00 00 00 B1,reason=normal"
946686577206,"type=mission,x_or_task=1,y_or_landing=1,yaw=0,hex=AA FF 02 02 01 01 AF,reason=normal"
946686577256,"type=xy,x_or_task=1,y_or_landing=0,yaw=0,hex=AA FF 01 06 00 01 00 00 00 00 B1,reason=normal"
946686577306,"type=xy,x_or_task=1,y_or_landing=0,yaw=0,hex=AA FF 01 06 00 01 00 00 00 00 B1,reason=normal"
946686577306,"type=mission,x_or_task=1,y_or_landing=1,yaw=0,hex=AA FF 02 02 01 01 AF,reason=normal"
946686577356,"type=xy,x_or_task=1,y_or_landing=0,yaw=0,hex=AA FF 01 06 00 01 00 00 00 00 B1,reason=normal"
946686577406,"type=xy,x_or_task=1,y_or_landing=0,yaw=0,hex=AA FF 01 06 00 01 00 00 00 00 B1,reason=normal"
946686577406,"type=mission,x_or_task=1,y_or_landing=1,yaw=0,hex=AA FF 02 02 01 01 AF,reason=normal"
946686577456,"type=xy,x_or_task=1,y_or_landing=0,yaw=0,hex=AA FF 01 06 00 01 00 00 00 00 B1,reason=normal"
946686577506,"type=xy,x_or_task=1,y_or_landing=0,yaw=0,hex=AA FF 01 06 00 01 00 00 00 00 B1,reason=normal"
946686577520,"type=mission,x_or_task=1,y_or_landing=1,yaw=0,hex=AA FF 02 02 01 01 AF,reason=normal"
946686577556,"type=xy,x_or_task=1,y_or_landing=0,yaw=0,hex=AA FF 01 06 00 01 00 00 00 00 B1,reason=normal"
946686577606,"type=xy,x_or_task=1,y_or_landing=0,yaw=0,hex=AA FF 01 06 00 01 00 00 00 00 B1,reason=normal"
946686577606,"type=mission,x_or_task=1,y_or_landing=1,yaw=0,hex=AA FF 02 02 01 01 AF,reason=normal"
946686577656,"type=xy,x_or_task=1,y_or_landing=0,yaw=0,hex=AA FF 01 06 00 01 00 00 00 00 B1,reason=normal"
946686577706,"type=xy,x_or_task=1,y_or_landing=0,yaw=0,hex=AA FF 01 06 00 01 00 00 00 00 B1,reason=normal"
946686577706,"type=mission,x_or_task=1,y_or_landing=1,yaw=0,hex=AA FF 02 02 01 01 AF,reason=normal"
946686577756,"type=xy,x_or_task=1,y_or_landing=0,yaw=0,hex=AA FF 01 06 00 01 00 00 00 00 B1,reason=normal"
946686577806,"type=xy,x_or_task=1,y_or_landing=0,yaw=0,hex=AA FF 01 06 00 01 00 00 00 00 B1,reason=normal"
946686577806,"type=mission,x_or_task=1,y_or_landing=1,yaw=0,hex=AA FF 02 02 01 01 AF,reason=normal"
946686577856,"type=xy,x_or_task=1,y_or_landing=0,yaw=0,hex=AA FF 01 06 00 01 00 00 00 00 B1,reason=normal"
946686577918,"type=xy,x_or_task=1,y_or_landing=0,yaw=0,hex=AA FF 01 06 00 01 00 00 00 00 B1,reason=normal"
946686577918,"type=mission,x_or_task=1,y_or_landing=1,yaw=0,hex=AA FF 02 02 01 01 AF,reason=normal"
946686577956,"type=xy,x_or_task=1,y_or_landing=0,yaw=0,hex=AA FF 01 06 00 01 00 00 00 00 B1,reason=normal"
946686578006,"type=xy,x_or_task=1,y_or_landing=0,yaw=0,hex=AA FF 01 06 00 01 00 00 00 00 B1,reason=normal"
946686578019,"type=mission,x_or_task=1,y_or_landing=1,yaw=0,hex=AA FF 02 02 01 01 AF,reason=normal"
946686578056,"type=xy,x_or_task=1,y_or_landing=0,yaw=0,hex=AA FF 01 06 00 01 00 00 00 00 B1,reason=normal"
946686578106,"type=xy,x_or_task=1,y_or_landing=0,yaw=0,hex=AA FF 01 06 00 01 00 00 00 00 B1,reason=normal"
946686578106,"type=mission,x_or_task=1,y_or_landing=1,yaw=0,hex=AA FF 02 02 01 01 AF,reason=normal"
946686578156,"type=xy,x_or_task=1,y_or_landing=0,yaw=0,hex=AA FF 01 06 00 01 00 00 00 00 B1,reason=normal"
946686578206,"type=xy,x_or_task=1,y_or_landing=0,yaw=0,hex=AA FF 01 06 00 01 00 00 00 00 B1,reason=normal"
946686578206,"type=mission,x_or_task=1,y_or_landing=1,yaw=0,hex=AA FF 02 02 01 01 AF,reason=normal"
946686578256,"type=xy,x_or_task=1,y_or_landing=0,yaw=0,hex=AA FF 01 06 00 01 00 00 00 00 B1,reason=normal"
946686578306,"type=xy,x_or_task=1,y_or_landing=0,yaw=0,hex=AA FF 01 06 00 01 00 00 00 00 B1,reason=normal"
946686578306,"type=mission,x_or_task=1,y_or_landing=1,yaw=0,hex=AA FF 02 02 01 01 AF,reason=normal"
946686578356,"type=xy,x_or_task=1,y_or_landing=0,yaw=0,hex=AA FF 01 06 00 01 00 00 00 00 B1,reason=normal"
946686578406,"type=xy,x_or_task=1,y_or_landing=0,yaw=0,hex=AA FF 01 06 00 01 00 00 00 00 B1,reason=normal"
946686578406,"type=mission,x_or_task=1,y_or_landing=1,yaw=0,hex=AA FF 02 02 01 01 AF,reason=normal"
946686578456,"type=xy,x_or_task=1,y_or_landing=0,yaw=0,hex=AA FF 01 06 00 01 00 00 00 00 B1,reason=normal"
946686578506,"type=xy,x_or_task=1,y_or_landing=0,yaw=0,hex=AA FF 01 06 00 01 00 00 00 00 B1,reason=normal"
946686578506,"type=mission,x_or_task=1,y_or_landing=1,yaw=0,hex=AA FF 02 02 01 01 AF,reason=normal"
946686578556,"type=xy,x_or_task=1,y_or_landing=0,yaw=0,hex=AA FF 01 06 00 01 00 00 00 00 B1,reason=normal"
946686578606,"type=xy,x_or_task=1,y_or_landing=0,yaw=0,hex=AA FF 01 06 00 01 00 00 00 00 B1,reason=normal"
946686578606,"type=mission,x_or_task=1,y_or_landing=1,yaw=0,hex=AA FF 02 02 01 01 AF,reason=normal"
946686578656,"type=xy,x_or_task=1,y_or_landing=0,yaw=0,hex=AA FF 01 06 00 01 00 00 00 00 B1,reason=normal"
946686578706,"type=xy,x_or_task=1,y_or_landing=0,yaw=0,hex=AA FF 01 06 00 01 00 00 00 00 B1,reason=normal"
946686578706,"type=mission,x_or_task=1,y_or_landing=1,yaw=0,hex=AA FF 02 02 01 01 AF,reason=normal"
946686578756,"type=xy,x_or_task=1,y_or_landing=0,yaw=0,hex=AA FF 01 06 00 01 00 00 00 00 B1,reason=normal"
946686578806,"type=xy,x_or_task=1,y_or_landing=0,yaw=0,hex=AA FF 01 06 00 01 00 00 00 00 B1,reason=normal"
946686578806,"type=mission,x_or_task=1,y_or_landing=1,yaw=0,hex=AA FF 02 02 01 01 AF,reason=normal"
946686578856,"type=xy,x_or_task=1,y_or_landing=0,yaw=0,hex=AA FF 01 06 00 01 00 00 00 00 B1,reason=normal"
946686578906,"type=xy,x_or_task=1,y_or_landing=0,yaw=0,hex=AA FF 01 06 00 01 00 00 00 00 B1,reason=normal"
946686578906,"type=mission,x_or_task=1,y_or_landing=1,yaw=0,hex=AA FF 02 02 01 01 AF,reason=normal"
946686578956,"type=xy,x_or_task=1,y_or_landing=0,yaw=0,hex=AA FF 01 06 00 01 00 00 00 00 B1,reason=normal"
946686579006,"type=xy,x_or_task=1,y_or_landing=0,yaw=0,hex=AA FF 01 06 00 01 00 00 00 00 B1,reason=normal"
946686579006,"type=mission,x_or_task=1,y_or_landing=1,yaw=0,hex=AA FF 02 02 01 01 AF,reason=normal"
946686579056,"type=xy,x_or_task=1,y_or_landing=0,yaw=0,hex=AA FF 01 06 00 01 00 00 00 00 B1,reason=normal"
946686579106,"type=xy,x_or_task=1,y_or_landing=0,yaw=0,hex=AA FF 01 06 00 01 00 00 00 00 B1,reason=normal"
946686579106,"type=mission,x_or_task=1,y_or_landing=1,yaw=0,hex=AA FF 02 02 01 01 AF,reason=normal"
946686579156,"type=xy,x_or_task=1,y_or_landing=0,yaw=0,hex=AA FF 01 06 00 01 00 00 00 00 B1,reason=normal"
946686579206,"type=xy,x_or_task=1,y_or_landing=0,yaw=0,hex=AA FF 01 06 00 01 00 00 00 00 B1,reason=normal"
946686579216,"type=mission,x_or_task=1,y_or_landing=1,yaw=0,hex=AA FF 02 02 01 01 AF,reason=normal"
946686579256,"type=xy,x_or_task=1,y_or_landing=0,yaw=0,hex=AA FF 01 06 00 01 00 00 00 00 B1,reason=normal"
946686579306,"type=xy,x_or_task=1,y_or_landing=0,yaw=0,hex=AA FF 01 06 00 01 00 00 00 00 B1,reason=normal"
946686579306,"type=mission,x_or_task=1,y_or_landing=1,yaw=0,hex=AA FF 02 02 01 01 AF,reason=normal"
946686579356,"type=xy,x_or_task=1,y_or_landing=0,yaw=0,hex=AA FF 01 06 00 01 00 00 00 00 B1,reason=normal"
946686579406,"type=xy,x_or_task=1,y_or_landing=0,yaw=0,hex=AA FF 01 06 00 01 00 00 00 00 B1,reason=normal"
946686579418,"type=mission,x_or_task=1,y_or_landing=1,yaw=0,hex=AA FF 02 02 01 01 AF,reason=normal"
946686579456,"type=xy,x_or_task=1,y_or_landing=0,yaw=0,hex=AA FF 01 06 00 01 00 00 00 00 B1,reason=normal"
946686579506,"type=xy,x_or_task=1,y_or_landing=0,yaw=0,hex=AA FF 01 06 00 01 00 00 00 00 B1,reason=normal"
946686579506,"type=mission,x_or_task=1,y_or_landing=1,yaw=0,hex=AA FF 02 02 01 01 AF,reason=normal"
946686579556,"type=xy,x_or_task=1,y_or_landing=0,yaw=0,hex=AA FF 01 06 00 01 00 00 00 00 B1,reason=normal"
946686579619,"type=xy,x_or_task=1,y_or_landing=0,yaw=0,hex=AA FF 01 06 00 01 00 00 00 00 B1,reason=normal"
946686579619,"type=mission,x_or_task=1,y_or_landing=1,yaw=0,hex=AA FF 02 02 01 01 AF,reason=normal"
946686579656,"type=xy,x_or_task=1,y_or_landing=0,yaw=0,hex=AA FF 01 06 00 01 00 00 00 00 B1,reason=normal"
946686579706,"type=xy,x_or_task=1,y_or_landing=0,yaw=0,hex=AA FF 01 06 00 01 00 00 00 00 B1,reason=normal"
946686579718,"type=mission,x_or_task=1,y_or_landing=1,yaw=0,hex=AA FF 02 02 01 01 AF,reason=normal"
946686579756,"type=xy,x_or_task=1,y_or_landing=0,yaw=0,hex=AA FF 01 06 00 01 00 00 00 00 B1,reason=normal"
946686579806,"type=xy,x_or_task=1,y_or_landing=0,yaw=0,hex=AA FF 01 06 00 01 00 00 00 00 B1,reason=normal"
946686579806,"type=mission,x_or_task=1,y_or_landing=1,yaw=0,hex=AA FF 02 02 01 01 AF,reason=normal"
946686579856,"type=xy,x_or_task=1,y_or_landing=0,yaw=0,hex=AA FF 01 06 00 01 00 00 00 00 B1,reason=normal"
946686579906,"type=xy,x_or_task=1,y_or_landing=0,yaw=0,hex=AA FF 01 06 00 01 00 00 00 00 B1,reason=normal"
946686579906,"type=mission,x_or_task=1,y_or_landing=1,yaw=0,hex=AA FF 02 02 01 01 AF,reason=normal"
946686579956,"type=xy,x_or_task=1,y_or_landing=0,yaw=0,hex=AA FF 01 06 00 01 00 00 00 00 B1,reason=normal"
946686580016,"type=xy,x_or_task=1,y_or_landing=0,yaw=0,hex=AA FF 01 06 00 01 00 00 00 00 B1,reason=normal"
946686580016,"type=mission,x_or_task=1,y_or_landing=1,yaw=0,hex=AA FF 02 02 01 01 AF,reason=normal"
946686580056,"type=xy,x_or_task=1,y_or_landing=0,yaw=0,hex=AA FF 01 06 00 01 00 00 00 00 B1,reason=normal"
946686580106,"type=xy,x_or_task=1,y_or_landing=0,yaw=0,hex=AA FF 01 06 00 01 00 00 00 00 B1,reason=normal"
946686580106,"type=mission,x_or_task=1,y_or_landing=1,yaw=0,hex=AA FF 02 02 01 01 AF,reason=normal"
946686580156,"type=xy,x_or_task=1,y_or_landing=0,yaw=0,hex=AA FF 01 06 00 01 00 00 00 00 B1,reason=normal"
946686580206,"type=xy,x_or_task=1,y_or_landing=0,yaw=0,hex=AA FF 01 06 00 01 00 00 00 00 B1,reason=normal"
946686580218,"type=mission,x_or_task=1,y_or_landing=1,yaw=0,hex=AA FF 02 02 01 01 AF,reason=normal"
946686580256,"type=xy,x_or_task=1,y_or_landing=0,yaw=0,hex=AA FF 01 06 00 01 00 00 00 00 B1,reason=normal"
946686580318,"type=xy,x_or_task=1,y_or_landing=0,yaw=0,hex=AA FF 01 06 00 01 00 00 00 00 B1,reason=normal"
946686580318,"type=mission,x_or_task=1,y_or_landing=1,yaw=0,hex=AA FF 02 02 01 01 AF,reason=normal"
946686580356,"type=xy,x_or_task=1,y_or_landing=0,yaw=0,hex=AA FF 01 06 00 01 00 00 00 00 B1,reason=normal"
946686580406,"type=xy,x_or_task=1,y_or_landing=0,yaw=0,hex=AA FF 01 06 00 01 00 00 00 00 B1,reason=normal"
946686580419,"type=mission,x_or_task=1,y_or_landing=1,yaw=0,hex=AA FF 02 02 01 01 AF,reason=normal"
946686580456,"type=xy,x_or_task=1,y_or_landing=0,yaw=0,hex=AA FF 01 06 00 01 00 00 00 00 B1,reason=normal"
946686580506,"type=xy,x_or_task=1,y_or_landing=0,yaw=0,hex=AA FF 01 06 00 01 00 00 00 00 B1,reason=normal"
946686580506,"type=mission,x_or_task=1,y_or_landing=1,yaw=0,hex=AA FF 02 02 01 01 AF,reason=normal"
946686580556,"type=xy,x_or_task=1,y_or_landing=0,yaw=0,hex=AA FF 01 06 00 01 00 00 00 00 B1,reason=normal"
946686580606,"type=xy,x_or_task=1,y_or_landing=0,yaw=0,hex=AA FF 01 06 00 01 00 00 00 00 B1,reason=normal"
946686580606,"type=mission,x_or_task=1,y_or_landing=1,yaw=0,hex=AA FF 02 02 01 01 AF,reason=normal"
946686580656,"type=xy,x_or_task=1,y_or_landing=0,yaw=0,hex=AA FF 01 06 00 01 00 00 00 00 B1,reason=normal"
946686580706,"type=xy,x_or_task=1,y_or_landing=0,yaw=0,hex=AA FF 01 06 00 01 00 00 00 00 B1,reason=normal"
946686580706,"type=mission,x_or_task=1,y_or_landing=1,yaw=0,hex=AA FF 02 02 01 01 AF,reason=normal"
946686580756,"type=xy,x_or_task=1,y_or_landing=0,yaw=0,hex=AA FF 01 06 00 01 00 00 00 00 B1,reason=normal"
946686580817,"type=xy,x_or_task=1,y_or_landing=0,yaw=0,hex=AA FF 01 06 00 01 00 00 00 00 B1,reason=normal"
946686580817,"type=mission,x_or_task=1,y_or_landing=1,yaw=0,hex=AA FF 02 02 01 01 AF,reason=normal"
946686580856,"type=xy,x_or_task=1,y_or_landing=0,yaw=0,hex=AA FF 01 06 00 01 00 00 00 00 B1,reason=normal"
946686580906,"type=xy,x_or_task=1,y_or_landing=0,yaw=0,hex=AA FF 01 06 00 01 00 00 00 00 B1,reason=normal"
946686580920,"type=mission,x_or_task=1,y_or_landing=1,yaw=0,hex=AA FF 02 02 01 01 AF,reason=normal"
946686580956,"type=xy,x_or_task=1,y_or_landing=0,yaw=0,hex=AA FF 01 06 00 01 00 00 00 00 B1,reason=normal"
946686581006,"type=xy,x_or_task=1,y_or_landing=0,yaw=0,hex=AA FF 01 06 00 01 00 00 00 00 B1,reason=normal"
946686581006,"type=mission,x_or_task=1,y_or_landing=1,yaw=0,hex=AA FF 02 02 01 01 AF,reason=normal"
946686581056,"type=xy,x_or_task=1,y_or_landing=0,yaw=0,hex=AA FF 01 06 00 01 00 00 00 00 B1,reason=normal"
946686581106,"type=xy,x_or_task=1,y_or_landing=0,yaw=0,hex=AA FF 01 06 00 01 00 00 00 00 B1,reason=normal"
946686581106,"type=mission,x_or_task=1,y_or_landing=1,yaw=0,hex=AA FF 02 02 01 01 AF,reason=normal"
946686581156,"type=xy,x_or_task=1,y_or_landing=0,yaw=0,hex=AA FF 01 06 00 01 00 00 00 00 B1,reason=normal"
946686581216,"type=xy,x_or_task=1,y_or_landing=0,yaw=0,hex=AA FF 01 06 00 01 00 00 00 00 B1,reason=normal"
946686581216,"type=mission,x_or_task=1,y_or_landing=1,yaw=0,hex=AA FF 02 02 01 01 AF,reason=normal"
946686581256,"type=xy,x_or_task=1,y_or_landing=0,yaw=0,hex=AA FF 01 06 00 01 00 00 00 00 B1,reason=normal"
946686581306,"type=xy,x_or_task=1,y_or_landing=0,yaw=0,hex=AA FF 01 06 00 01 00 00 00 00 B1,reason=normal"
946686581306,"type=mission,x_or_task=1,y_or_landing=1,yaw=0,hex=AA FF 02 02 01 01 AF,reason=normal"
946686581356,"type=xy,x_or_task=1,y_or_landing=0,yaw=0,hex=AA FF 01 06 00 01 00 00 00 00 B1,reason=normal"
946686581406,"type=xy,x_or_task=1,y_or_landing=0,yaw=0,hex=AA FF 01 06 00 01 00 00 00 00 B1,reason=normal"
946686581406,"type=mission,x_or_task=1,y_or_landing=1,yaw=0,hex=AA FF 02 02 01 01 AF,reason=normal"
946686581456,"type=xy,x_or_task=1,y_or_landing=0,yaw=0,hex=AA FF 01 06 00 01 00 00 00 00 B1,reason=normal"
946686581506,"type=xy,x_or_task=1,y_or_landing=0,yaw=0,hex=AA FF 01 06 00 01 00 00 00 00 B1,reason=normal"
946686581506,"type=mission,x_or_task=1,y_or_landing=1,yaw=0,hex=AA FF 02 02 01 01 AF,reason=normal"
946686581556,"type=xy,x_or_task=1,y_or_landing=0,yaw=0,hex=AA FF 01 06 00 01 00 00 00 00 B1,reason=normal"
946686581606,"type=xy,x_or_task=1,y_or_landing=0,yaw=0,hex=AA FF 01 06 00 01 00 00 00 00 B1,reason=normal"
946686581606,"type=mission,x_or_task=1,y_or_landing=1,yaw=0,hex=AA FF 02 02 01 01 AF,reason=normal"
946686581656,"type=xy,x_or_task=1,y_or_landing=0,yaw=0,hex=AA FF 01 06 00 01 00 00 00 00 B1,reason=normal"
946686581718,"type=xy,x_or_task=1,y_or_landing=0,yaw=0,hex=AA FF 01 06 00 01 00 00 00 00 B1,reason=normal"
946686581719,"type=mission,x_or_task=1,y_or_landing=1,yaw=0,hex=AA FF 02 02 01 01 AF,reason=normal"
946686581756,"type=xy,x_or_task=1,y_or_landing=0,yaw=0,hex=AA FF 01 06 00 01 00 00 00 00 B1,reason=normal"
946686581806,"type=xy,x_or_task=1,y_or_landing=0,yaw=0,hex=AA FF 01 06 00 01 00 00 00 00 B1,reason=normal"
946686581816,"type=mission,x_or_task=1,y_or_landing=1,yaw=0,hex=AA FF 02 02 01 01 AF,reason=normal"
946686581856,"type=xy,x_or_task=1,y_or_landing=0,yaw=0,hex=AA FF 01 06 00 01 00 00 00 00 B1,reason=normal"
946686581906,"type=xy,x_or_task=1,y_or_landing=0,yaw=0,hex=AA FF 01 06 00 01 00 00 00 00 B1,reason=normal"
946686581906,"type=mission,x_or_task=1,y_or_landing=1,yaw=0,hex=AA FF 02 02 01 01 AF,reason=normal"
946686581956,"type=xy,x_or_task=1,y_or_landing=0,yaw=0,hex=AA FF 01 06 00 01 00 00 00 00 B1,reason=normal"
946686582006,"type=xy,x_or_task=1,y_or_landing=0,yaw=0,hex=AA FF 01 06 00 01 00 00 00 00 B1,reason=normal"
946686582018,"type=mission,x_or_task=1,y_or_landing=1,yaw=0,hex=AA FF 02 02 01 01 AF,reason=normal"
946686582056,"type=xy,x_or_task=1,y_or_landing=0,yaw=0,hex=AA FF 01 06 00 01 00 00 00 00 B1,reason=normal"
946686582106,"type=xy,x_or_task=1,y_or_landing=0,yaw=0,hex=AA FF 01 06 00 01 00 00 00 00 B1,reason=normal"
946686582118,"type=mission,x_or_task=1,y_or_landing=1,yaw=0,hex=AA FF 02 02 01 01 AF,reason=normal"
946686582156,"type=xy,x_or_task=1,y_or_landing=0,yaw=0,hex=AA FF 01 06 00 01 00 00 00 00 B1,reason=normal"
946686582206,"type=xy,x_or_task=1,y_or_landing=0,yaw=0,hex=AA FF 01 06 00 01 00 00 00 00 B1,reason=normal"
946686582206,"type=mission,x_or_task=1,y_or_landing=1,yaw=0,hex=AA FF 02 02 01 01 AF,reason=normal"
946686582256,"type=xy,x_or_task=1,y_or_landing=0,yaw=0,hex=AA FF 01 06 00 01 00 00 00 00 B1,reason=normal"
946686582306,"type=xy,x_or_task=1,y_or_landing=0,yaw=0,hex=AA FF 01 06 00 01 00 00 00 00 B1,reason=normal"
946686582306,"type=mission,x_or_task=1,y_or_landing=1,yaw=0,hex=AA FF 02 02 01 01 AF,reason=normal"
946686582356,"type=xy,x_or_task=1,y_or_landing=0,yaw=0,hex=AA FF 01 06 00 01 00 00 00 00 B1,reason=normal"
946686582406,"type=xy,x_or_task=1,y_or_landing=0,yaw=0,hex=AA FF 01 06 00 01 00 00 00 00 B1,reason=normal"
946686582406,"type=mission,x_or_task=1,y_or_landing=1,yaw=0,hex=AA FF 02 02 01 01 AF,reason=normal"
946686582456,"type=xy,x_or_task=1,y_or_landing=0,yaw=0,hex=AA FF 01 06 00 01 00 00 00 00 B1,reason=normal"
946686582506,"type=xy,x_or_task=1,y_or_landing=0,yaw=0,hex=AA FF 01 06 00 01 00 00 00 00 B1,reason=normal"
946686582520,"type=mission,x_or_task=1,y_or_landing=1,yaw=0,hex=AA FF 02 02 01 01 AF,reason=normal"
946686582556,"type=xy,x_or_task=1,y_or_landing=0,yaw=0,hex=AA FF 01 06 00 01 00 00 00 00 B1,reason=normal"
946686582606,"type=xy,x_or_task=1,y_or_landing=0,yaw=0,hex=AA FF 01 06 00 01 00 00 00 00 B1,reason=normal"
946686582606,"type=mission,x_or_task=1,y_or_landing=1,yaw=0,hex=AA FF 02 02 01 01 AF,reason=normal"
946686582656,"type=xy,x_or_task=1,y_or_landing=0,yaw=0,hex=AA FF 01 06 00 01 00 00 00 00 B1,reason=normal"
946686582706,"type=xy,x_or_task=1,y_or_landing=0,yaw=0,hex=AA FF 01 06 00 01 00 00 00 00 B1,reason=normal"
946686582706,"type=mission,x_or_task=1,y_or_landing=1,yaw=0,hex=AA FF 02 02 01 01 AF,reason=normal"
946686582756,"type=xy,x_or_task=1,y_or_landing=0,yaw=0,hex=AA FF 01 06 00 01 00 00 00 00 B1,reason=normal"
946686582806,"type=xy,x_or_task=1,y_or_landing=0,yaw=0,hex=AA FF 01 06 00 01 00 00 00 00 B1,reason=normal"
946686582806,"type=mission,x_or_task=1,y_or_landing=1,yaw=0,hex=AA FF 02 02 01 01 AF,reason=normal"
946686582856,"type=xy,x_or_task=1,y_or_landing=0,yaw=0,hex=AA FF 01 06 00 01 00 00 00 00 B1,reason=normal"
946686582906,"type=xy,x_or_task=1,y_or_landing=0,yaw=0,hex=AA FF 01 06 00 01 00 00 00 00 B1,reason=normal"
946686582906,"type=mission,x_or_task=1,y_or_landing=1,yaw=0,hex=AA FF 02 02 01 01 AF,reason=normal"
946686582956,"type=xy,x_or_task=1,y_or_landing=0,yaw=0,hex=AA FF 01 06 00 01 00 00 00 00 B1,reason=normal"
946686583006,"type=xy,x_or_task=1,y_or_landing=0,yaw=0,hex=AA FF 01 06 00 01 00 00 00 00 B1,reason=normal"
946686583006,"type=mission,x_or_task=1,y_or_landing=1,yaw=0,hex=AA FF 02 02 01 01 AF,reason=normal"
946686583056,"type=xy,x_or_task=1,y_or_landing=0,yaw=0,hex=AA FF 01 06 00 01 00 00 00 00 B1,reason=normal"
946686583106,"type=xy,x_or_task=1,y_or_landing=0,yaw=0,hex=AA FF 01 06 00 01 00 00 00 00 B1,reason=normal"
946686583106,"type=mission,x_or_task=1,y_or_landing=1,yaw=0,hex=AA FF 02 02 01 01 AF,reason=normal"
946686583156,"type=xy,x_or_task=1,y_or_landing=0,yaw=0,hex=AA FF 01 06 00 01 00 00 00 00 B1,reason=normal"
946686583206,"type=xy,x_or_task=1,y_or_landing=0,yaw=0,hex=AA FF 01 06 00 01 00 00 00 00 B1,reason=normal"
946686583206,"type=mission,x_or_task=1,y_or_landing=1,yaw=0,hex=AA FF 02 02 01 01 AF,reason=normal"
946686583256,"type=xy,x_or_task=1,y_or_landing=0,yaw=0,hex=AA FF 01 06 00 01 00 00 00 00 B1,reason=normal"
946686583306,"type=xy,x_or_task=1,y_or_landing=0,yaw=0,hex=AA FF 01 06 00 01 00 00 00 00 B1,reason=normal"
946686583319,"type=mission,x_or_task=1,y_or_landing=1,yaw=0,hex=AA FF 02 02 01 01 AF,reason=normal"
946686583356,"type=xy,x_or_task=1,y_or_landing=0,yaw=0,hex=AA FF 01 06 00 01 00 00 00 00 B1,reason=normal"
946686583406,"type=xy,x_or_task=1,y_or_landing=0,yaw=0,hex=AA FF 01 06 00 01 00 00 00 00 B1,reason=normal"
946686583406,"type=mission,x_or_task=1,y_or_landing=1,yaw=0,hex=AA FF 02 02 01 01 AF,reason=normal"
946686583456,"type=xy,x_or_task=1,y_or_landing=0,yaw=0,hex=AA FF 01 06 00 01 00 00 00 00 B1,reason=normal"
946686583506,"type=xy,x_or_task=1,y_or_landing=0,yaw=0,hex=AA FF 01 06 00 01 00 00 00 00 B1,reason=normal"
946686583506,"type=mission,x_or_task=1,y_or_landing=1,yaw=0,hex=AA FF 02 02 01 01 AF,reason=normal"
946686583556,"type=xy,x_or_task=1,y_or_landing=0,yaw=0,hex=AA FF 01 06 00 01 00 00 00 00 B1,reason=normal"
946686583606,"type=xy,x_or_task=1,y_or_landing=0,yaw=0,hex=AA FF 01 06 00 01 00 00 00 00 B1,reason=normal"
946686583606,"type=mission,x_or_task=1,y_or_landing=1,yaw=0,hex=AA FF 02 02 01 01 AF,reason=normal"
946686583656,"type=xy,x_or_task=1,y_or_landing=0,yaw=0,hex=AA FF 01 06 00 01 00 00 00 00 B1,reason=normal"
946686583706,"type=xy,x_or_task=1,y_or_landing=0,yaw=0,hex=AA FF 01 06 00 01 00 00 00 00 B1,reason=normal"
946686583706,"type=mission,x_or_task=1,y_or_landing=1,yaw=0,hex=AA FF 02 02 01 01 AF,reason=normal"
946686583756,"type=xy,x_or_task=1,y_or_landing=0,yaw=0,hex=AA FF 01 06 00 01 00 00 00 00 B1,reason=normal"
946686583806,"type=xy,x_or_task=1,y_or_landing=0,yaw=0,hex=AA FF 01 06 00 01 00 00 00 00 B1,reason=normal"
946686583806,"type=mission,x_or_task=1,y_or_landing=1,yaw=0,hex=AA FF 02 02 01 01 AF,reason=normal"
946686583856,"type=xy,x_or_task=1,y_or_landing=0,yaw=0,hex=AA FF 01 06 00 01 00 00 00 00 B1,reason=normal"
946686583906,"type=xy,x_or_task=1,y_or_landing=0,yaw=0,hex=AA FF 01 06 00 01 00 00 00 00 B1,reason=normal"
946686583906,"type=mission,x_or_task=1,y_or_landing=1,yaw=0,hex=AA FF 02 02 01 01 AF,reason=normal"
946686583956,"type=xy,x_or_task=1,y_or_landing=0,yaw=0,hex=AA FF 01 06 00 01 00 00 00 00 B1,reason=normal"
946686584006,"type=xy,x_or_task=1,y_or_landing=0,yaw=0,hex=AA FF 01 06 00 01 00 00 00 00 B1,reason=normal"
946686584018,"type=mission,x_or_task=1,y_or_landing=1,yaw=0,hex=AA FF 02 02 01 01 AF,reason=normal"
946686584056,"type=xy,x_or_task=1,y_or_landing=0,yaw=0,hex=AA FF 01 06 00 01 00 00 00 00 B1,reason=normal"
946686584106,"type=xy,x_or_task=1,y_or_landing=0,yaw=0,hex=AA FF 01 06 00 01 00 00 00 00 B1,reason=normal"
946686584119,"type=mission,x_or_task=1,y_or_landing=1,yaw=0,hex=AA FF 02 02 01 01 AF,reason=normal"
946686584156,"type=xy,x_or_task=1,y_or_landing=0,yaw=0,hex=AA FF 01 06 00 01 00 00 00 00 B1,reason=normal"
946686584206,"type=xy,x_or_task=2,y_or_landing=0,yaw=0,hex=AA FF 01 06 00 02 00 00 00 00 B2,reason=normal"
946686584206,"type=mission,x_or_task=1,y_or_landing=1,yaw=0,hex=AA FF 02 02 01 01 AF,reason=normal"
946686584256,"type=xy,x_or_task=2,y_or_landing=0,yaw=0,hex=AA FF 01 06 00 02 00 00 00 00 B2,reason=normal"
946686584316,"type=xy,x_or_task=1,y_or_landing=0,yaw=0,hex=AA FF 01 06 00 01 00 00 00 00 B1,reason=normal"
946686584317,"type=mission,x_or_task=1,y_or_landing=1,yaw=0,hex=AA FF 02 02 01 01 AF,reason=normal"
946686584356,"type=xy,x_or_task=1,y_or_landing=0,yaw=0,hex=AA FF 01 06 00 01 00 00 00 00 B1,reason=normal"
946686584406,"type=xy,x_or_task=1,y_or_landing=0,yaw=0,hex=AA FF 01 06 00 01 00 00 00 00 B1,reason=normal"
946686584406,"type=mission,x_or_task=1,y_or_landing=1,yaw=0,hex=AA FF 02 02 01 01 AF,reason=normal"
946686584456,"type=xy,x_or_task=1,y_or_landing=0,yaw=0,hex=AA FF 01 06 00 01 00 00 00 00 B1,reason=normal"
946686584506,"type=xy,x_or_task=1,y_or_landing=0,yaw=0,hex=AA FF 01 06 00 01 00 00 00 00 B1,reason=normal"
946686584506,"type=mission,x_or_task=1,y_or_landing=1,yaw=0,hex=AA FF 02 02 01 01 AF,reason=normal"
946686584556,"type=xy,x_or_task=1,y_or_landing=0,yaw=0,hex=AA FF 01 06 00 01 00 00 00 00 B1,reason=normal"
946686584618,"type=xy,x_or_task=1,y_or_landing=0,yaw=0,hex=AA FF 01 06 00 01 00 00 00 00 B1,reason=normal"
946686584619,"type=mission,x_or_task=1,y_or_landing=1,yaw=0,hex=AA FF 02 02 01 01 AF,reason=normal"
946686584656,"type=xy,x_or_task=1,y_or_landing=0,yaw=0,hex=AA FF 01 06 00 01 00 00 00 00 B1,reason=normal"
946686584706,"type=xy,x_or_task=1,y_or_landing=0,yaw=0,hex=AA FF 01 06 00 01 00 00 00 00 B1,reason=normal"
946686584706,"type=mission,x_or_task=1,y_or_landing=1,yaw=0,hex=AA FF 02 02 01 01 AF,reason=normal"
946686584756,"type=xy,x_or_task=1,y_or_landing=0,yaw=0,hex=AA FF 01 06 00 01 00 00 00 00 B1,reason=normal"
946686584806,"type=xy,x_or_task=1,y_or_landing=0,yaw=0,hex=AA FF 01 06 00 01 00 00 00 00 B1,reason=normal"
946686584806,"type=mission,x_or_task=1,y_or_landing=1,yaw=0,hex=AA FF 02 02 01 01 AF,reason=normal"
946686584856,"type=xy,x_or_task=1,y_or_landing=0,yaw=0,hex=AA FF 01 06 00 01 00 00 00 00 B1,reason=normal"
946686584906,"type=xy,x_or_task=1,y_or_landing=0,yaw=0,hex=AA FF 01 06 00 01 00 00 00 00 B1,reason=normal"
946686584906,"type=mission,x_or_task=1,y_or_landing=1,yaw=0,hex=AA FF 02 02 01 01 AF,reason=normal"
946686584956,"type=xy,x_or_task=1,y_or_landing=0,yaw=0,hex=AA FF 01 06 00 01 00 00 00 00 B1,reason=normal"
946686585006,"type=xy,x_or_task=1,y_or_landing=0,yaw=0,hex=AA FF 01 06 00 01 00 00 00 00 B1,reason=normal"
946686585006,"type=mission,x_or_task=1,y_or_landing=1,yaw=0,hex=AA FF 02 02 01 01 AF,reason=normal"
946686585056,"type=xy,x_or_task=1,y_or_landing=0,yaw=0,hex=AA FF 01 06 00 01 00 00 00 00 B1,reason=normal"
946686585106,"type=xy,x_or_task=1,y_or_landing=0,yaw=0,hex=AA FF 01 06 00 01 00 00 00 00 B1,reason=normal"
946686585106,"type=mission,x_or_task=1,y_or_landing=1,yaw=0,hex=AA FF 02 02 01 01 AF,reason=normal"
946686585156,"type=xy,x_or_task=1,y_or_landing=0,yaw=0,hex=AA FF 01 06 00 01 00 00 00 00 B1,reason=normal"
946686585218,"type=xy,x_or_task=1,y_or_landing=0,yaw=0,hex=AA FF 01 06 00 01 00 00 00 00 B1,reason=normal"
946686585219,"type=mission,x_or_task=1,y_or_landing=1,yaw=0,hex=AA FF 02 02 01 01 AF,reason=normal"
946686585256,"type=xy,x_or_task=1,y_or_landing=0,yaw=0,hex=AA FF 01 06 00 01 00 00 00 00 B1,reason=normal"
946686585306,"type=xy,x_or_task=1,y_or_landing=0,yaw=0,hex=AA FF 01 06 00 01 00 00 00 00 B1,reason=normal"
946686585318,"type=mission,x_or_task=1,y_or_landing=1,yaw=0,hex=AA FF 02 02 01 01 AF,reason=normal"
946686585356,"type=xy,x_or_task=1,y_or_landing=0,yaw=0,hex=AA FF 01 06 00 01 00 00 00 00 B1,reason=normal"
946686585406,"type=xy,x_or_task=1,y_or_landing=0,yaw=0,hex=AA FF 01 06 00 01 00 00 00 00 B1,reason=normal"
946686585406,"type=mission,x_or_task=1,y_or_landing=1,yaw=0,hex=AA FF 02 02 01 01 AF,reason=normal"
946686585456,"type=xy,x_or_task=1,y_or_landing=0,yaw=0,hex=AA FF 01 06 00 01 00 00 00 00 B1,reason=normal"
946686585518,"type=xy,x_or_task=1,y_or_landing=0,yaw=0,hex=AA FF 01 06 00 01 00 00 00 00 B1,reason=normal"
946686585518,"type=mission,x_or_task=1,y_or_landing=1,yaw=0,hex=AA FF 02 02 01 01 AF,reason=normal"
946686585556,"type=xy,x_or_task=1,y_or_landing=0,yaw=0,hex=AA FF 01 06 00 01 00 00 00 00 B1,reason=normal"
946686585606,"type=xy,x_or_task=1,y_or_landing=0,yaw=0,hex=AA FF 01 06 00 01 00 00 00 00 B1,reason=normal"
946686585606,"type=mission,x_or_task=1,y_or_landing=1,yaw=0,hex=AA FF 02 02 01 01 AF,reason=normal"
946686585656,"type=xy,x_or_task=1,y_or_landing=0,yaw=0,hex=AA FF 01 06 00 01 00 00 00 00 B1,reason=normal"
946686585706,"type=xy,x_or_task=1,y_or_landing=0,yaw=0,hex=AA FF 01 06 00 01 00 00 00 00 B1,reason=normal"
946686585706,"type=mission,x_or_task=1,y_or_landing=1,yaw=0,hex=AA FF 02 02 01 01 AF,reason=normal"
946686585756,"type=xy,x_or_task=1,y_or_landing=0,yaw=0,hex=AA FF 01 06 00 01 00 00 00 00 B1,reason=normal"
946686585806,"type=xy,x_or_task=1,y_or_landing=0,yaw=0,hex=AA FF 01 06 00 01 00 00 00 00 B1,reason=normal"
946686585806,"type=mission,x_or_task=1,y_or_landing=1,yaw=0,hex=AA FF 02 02 01 01 AF,reason=normal"
946686585856,"type=xy,x_or_task=1,y_or_landing=0,yaw=0,hex=AA FF 01 06 00 01 00 00 00 00 B1,reason=normal"
946686585906,"type=xy,x_or_task=1,y_or_landing=0,yaw=0,hex=AA FF 01 06 00 01 00 00 00 00 B1,reason=normal"
946686585906,"type=mission,x_or_task=1,y_or_landing=1,yaw=0,hex=AA FF 02 02 01 01 AF,reason=normal"
946686585956,"type=xy,x_or_task=1,y_or_landing=0,yaw=0,hex=AA FF 01 06 00 01 00 00 00 00 B1,reason=normal"
946686586006,"type=xy,x_or_task=1,y_or_landing=0,yaw=0,hex=AA FF 01 06 00 01 00 00 00 00 B1,reason=normal"
946686586006,"type=mission,x_or_task=1,y_or_landing=1,yaw=0,hex=AA FF 02 02 01 01 AF,reason=normal"
946686586056,"type=xy,x_or_task=1,y_or_landing=0,yaw=0,hex=AA FF 01 06 00 01 00 00 00 00 B1,reason=normal"
946686586106,"type=xy,x_or_task=1,y_or_landing=0,yaw=0,hex=AA FF 01 06 00 01 00 00 00 00 B1,reason=normal"
946686586106,"type=mission,x_or_task=1,y_or_landing=1,yaw=0,hex=AA FF 02 02 01 01 AF,reason=normal"
946686586156,"type=xy,x_or_task=1,y_or_landing=0,yaw=0,hex=AA FF 01 06 00 01 00 00 00 00 B1,reason=normal"
946686586206,"type=xy,x_or_task=1,y_or_landing=0,yaw=0,hex=AA FF 01 06 00 01 00 00 00 00 B1,reason=normal"
946686586206,"type=mission,x_or_task=1,y_or_landing=1,yaw=0,hex=AA FF 02 02 01 01 AF,reason=normal"
946686586256,"type=xy,x_or_task=1,y_or_landing=0,yaw=0,hex=AA FF 01 06 00 01 00 00 00 00 B1,reason=normal"
946686586315,"type=xy,x_or_task=1,y_or_landing=0,yaw=0,hex=AA FF 01 06 00 01 00 00 00 00 B1,reason=normal"
946686586316,"type=mission,x_or_task=1,y_or_landing=1,yaw=0,hex=AA FF 02 02 01 01 AF,reason=normal"
946686586356,"type=xy,x_or_task=1,y_or_landing=0,yaw=0,hex=AA FF 01 06 00 01 00 00 00 00 B1,reason=normal"
946686586406,"type=xy,x_or_task=1,y_or_landing=0,yaw=0,hex=AA FF 01 06 00 01 00 00 00 00 B1,reason=normal"
946686586406,"type=mission,x_or_task=1,y_or_landing=1,yaw=0,hex=AA FF 02 02 01 01 AF,reason=normal"
946686586456,"type=xy,x_or_task=1,y_or_landing=0,yaw=0,hex=AA FF 01 06 00 01 00 00 00 00 B1,reason=normal"
946686586506,"type=xy,x_or_task=1,y_or_landing=0,yaw=0,hex=AA FF 01 06 00 01 00 00 00 00 B1,reason=normal"
946686586518,"type=mission,x_or_task=1,y_or_landing=1,yaw=0,hex=AA FF 02 02 01 01 AF,reason=normal"
946686586556,"type=xy,x_or_task=1,y_or_landing=0,yaw=0,hex=AA FF 01 06 00 01 00 00 00 00 B1,reason=normal"
946686586617,"type=xy,x_or_task=1,y_or_landing=0,yaw=0,hex=AA FF 01 06 00 01 00 00 00 00 B1,reason=normal"
946686586617,"type=mission,x_or_task=1,y_or_landing=1,yaw=0,hex=AA FF 02 02 01 01 AF,reason=normal"
946686586656,"type=xy,x_or_task=1,y_or_landing=0,yaw=0,hex=AA FF 01 06 00 01 00 00 00 00 B1,reason=normal"
946686586716,"type=xy,x_or_task=1,y_or_landing=0,yaw=0,hex=AA FF 01 06 00 01 00 00 00 00 B1,reason=normal"
946686586716,"type=mission,x_or_task=1,y_or_landing=1,yaw=0,hex=AA FF 02 02 01 01 AF,reason=normal"
946686586756,"type=xy,x_or_task=1,y_or_landing=0,yaw=0,hex=AA FF 01 06 00 01 00 00 00 00 B1,reason=normal"
946686586806,"type=xy,x_or_task=1,y_or_landing=0,yaw=0,hex=AA FF 01 06 00 01 00 00 00 00 B1,reason=normal"
946686586806,"type=mission,x_or_task=1,y_or_landing=1,yaw=0,hex=AA FF 02 02 01 01 AF,reason=normal"
946686586856,"type=xy,x_or_task=1,y_or_landing=0,yaw=0,hex=AA FF 01 06 00 01 00 00 00 00 B1,reason=normal"
946686586906,"type=xy,x_or_task=1,y_or_landing=0,yaw=0,hex=AA FF 01 06 00 01 00 00 00 00 B1,reason=normal"
946686586906,"type=mission,x_or_task=1,y_or_landing=1,yaw=0,hex=AA FF 02 02 01 01 AF,reason=normal"
946686586956,"type=xy,x_or_task=1,y_or_landing=0,yaw=0,hex=AA FF 01 06 00 01 00 00 00 00 B1,reason=normal"
946686587017,"type=xy,x_or_task=1,y_or_landing=0,yaw=0,hex=AA FF 01 06 00 01 00 00 00 00 B1,reason=normal"
946686587017,"type=mission,x_or_task=1,y_or_landing=1,yaw=0,hex=AA FF 02 02 01 01 AF,reason=normal"
946686587056,"type=xy,x_or_task=1,y_or_landing=0,yaw=0,hex=AA FF 01 06 00 01 00 00 00 00 B1,reason=normal"
946686587116,"type=xy,x_or_task=1,y_or_landing=0,yaw=0,hex=AA FF 01 06 00 01 00 00 00 00 B1,reason=normal"
946686587116,"type=mission,x_or_task=1,y_or_landing=1,yaw=0,hex=AA FF 02 02 01 01 AF,reason=normal"
946686587156,"type=xy,x_or_task=1,y_or_landing=0,yaw=0,hex=AA FF 01 06 00 01 00 00 00 00 B1,reason=normal"
946686587217,"type=xy,x_or_task=1,y_or_landing=0,yaw=0,hex=AA FF 01 06 00 01 00 00 00 00 B1,reason=normal"
946686587217,"type=mission,x_or_task=1,y_or_landing=1,yaw=0,hex=AA FF 02 02 01 01 AF,reason=normal"
946686587256,"type=xy,x_or_task=1,y_or_landing=0,yaw=0,hex=AA FF 01 06 00 01 00 00 00 00 B1,reason=normal"
946686587306,"type=xy,x_or_task=1,y_or_landing=0,yaw=0,hex=AA FF 01 06 00 01 00 00 00 00 B1,reason=normal"
946686587306,"type=mission,x_or_task=1,y_or_landing=1,yaw=0,hex=AA FF 02 02 01 01 AF,reason=normal"
946686587356,"type=xy,x_or_task=1,y_or_landing=0,yaw=0,hex=AA FF 01 06 00 01 00 00 00 00 B1,reason=normal"
946686587406,"type=xy,x_or_task=1,y_or_landing=0,yaw=0,hex=AA FF 01 06 00 01 00 00 00 00 B1,reason=normal"
946686587406,"type=mission,x_or_task=1,y_or_landing=1,yaw=0,hex=AA FF 02 02 01 01 AF,reason=normal"
946686587456,"type=xy,x_or_task=1,y_or_landing=0,yaw=0,hex=AA FF 01 06 00 01 00 00 00 00 B1,reason=normal"
946686587506,"type=xy,x_or_task=1,y_or_landing=0,yaw=0,hex=AA FF 01 06 00 01 00 00 00 00 B1,reason=normal"
946686587516,"type=mission,x_or_task=1,y_or_landing=1,yaw=0,hex=AA FF 02 02 01 01 AF,reason=normal"
946686587556,"type=xy,x_or_task=1,y_or_landing=0,yaw=0,hex=AA FF 01 06 00 01 00 00 00 00 B1,reason=normal"
946686587606,"type=xy,x_or_task=1,y_or_landing=0,yaw=0,hex=AA FF 01 06 00 01 00 00 00 00 B1,reason=normal"
946686587606,"type=mission,x_or_task=1,y_or_landing=1,yaw=0,hex=AA FF 02 02 01 01 AF,reason=normal"
946686587656,"type=xy,x_or_task=1,y_or_landing=0,yaw=0,hex=AA FF 01 06 00 01 00 00 00 00 B1,reason=normal"
946686587706,"type=xy,x_or_task=1,y_or_landing=0,yaw=0,hex=AA FF 01 06 00 01 00 00 00 00 B1,reason=normal"
946686587706,"type=mission,x_or_task=1,y_or_landing=1,yaw=0,hex=AA FF 02 02 01 01 AF,reason=normal"
946686587756,"type=xy,x_or_task=1,y_or_landing=0,yaw=0,hex=AA FF 01 06 00 01 00 00 00 00 B1,reason=normal"
946686587806,"type=xy,x_or_task=1,y_or_landing=0,yaw=0,hex=AA FF 01 06 00 01 00 00 00 00 B1,reason=normal"
946686587818,"type=mission,x_or_task=1,y_or_landing=1,yaw=0,hex=AA FF 02 02 01 01 AF,reason=normal"
946686587856,"type=xy,x_or_task=1,y_or_landing=0,yaw=0,hex=AA FF 01 06 00 01 00 00 00 00 B1,reason=normal"
946686587906,"type=xy,x_or_task=1,y_or_landing=0,yaw=0,hex=AA FF 01 06 00 01 00 00 00 00 B1,reason=normal"
946686587906,"type=mission,x_or_task=1,y_or_landing=1,yaw=0,hex=AA FF 02 02 01 01 AF,reason=normal"
946686587956,"type=xy,x_or_task=1,y_or_landing=0,yaw=0,hex=AA FF 01 06 00 01 00 00 00 00 B1,reason=normal"
946686588006,"type=xy,x_or_task=1,y_or_landing=0,yaw=0,hex=AA FF 01 06 00 01 00 00 00 00 B1,reason=normal"
946686588006,"type=mission,x_or_task=1,y_or_landing=1,yaw=0,hex=AA FF 02 02 01 01 AF,reason=normal"
946686588056,"type=xy,x_or_task=1,y_or_landing=0,yaw=0,hex=AA FF 01 06 00 01 00 00 00 00 B1,reason=normal"
946686588117,"type=xy,x_or_task=1,y_or_landing=0,yaw=0,hex=AA FF 01 06 00 01 00 00 00 00 B1,reason=normal"
946686588117,"type=mission,x_or_task=1,y_or_landing=1,yaw=0,hex=AA FF 02 02 01 01 AF,reason=normal"
946686588156,"type=xy,x_or_task=1,y_or_landing=0,yaw=0,hex=AA FF 01 06 00 01 00 00 00 00 B1,reason=normal"
946686588216,"type=xy,x_or_task=1,y_or_landing=0,yaw=0,hex=AA FF 01 06 00 01 00 00 00 00 B1,reason=normal"
946686588216,"type=mission,x_or_task=1,y_or_landing=1,yaw=0,hex=AA FF 02 02 01 01 AF,reason=normal"
946686588256,"type=xy,x_or_task=1,y_or_landing=0,yaw=0,hex=AA FF 01 06 00 01 00 00 00 00 B1,reason=normal"
946686588306,"type=xy,x_or_task=1,y_or_landing=0,yaw=0,hex=AA FF 01 06 00 01 00 00 00 00 B1,reason=normal"
946686588306,"type=mission,x_or_task=1,y_or_landing=1,yaw=0,hex=AA FF 02 02 01 01 AF,reason=normal"
