wall_ms,stamp_sec,seq,point_num,frame_dt_sec,scan_ms,valid_points,zero_points,mean_x,mean_y,mean_z,min_range,min_x,min_y,min_z,front_min_range,front_min_x,front_min_y,front_min_z
946686404455,946686404.284806132,1,32832,0.000000000,98.092,23019,9813,-0.385455,-1.092744,1.080281,0.106301,0.000000,-0.104000,0.022000,0.133398,0.003000,-0.131000,0.025000
946686404510,946686404.382641077,2,19872,0.097834945,99.294,14033,5839,-0.346828,-0.950429,1.221521,0.120221,-0.007000,-0.120000,0.002000,0.133649,0.017000,-0.127000,0.038000
946686404611,946686404.481640935,3,20064,0.098999858,100.429,14166,5898,-0.328750,-0.949038,1.240069,0.107861,-0.008000,-0.103000,0.031000,0.220962,0.042000,-0.178000,0.124000
946686404717,946686404.581805944,4,19968,0.100165009,100.076,14187,5781,-0.341582,-0.955085,1.235782,0.107084,0.001000,-0.105000,0.021000,0.107084,0.001000,-0.105000,0.021000
946686404816,946686404.681632280,5,20064,0.099826336,100.413,14296,5768,-0.335588,-0.974810,1.232569,0.103213,0.032000,-0.098000,0.005000,0.103213,0.032000,-0.098000,0.005000
946686404911,946686404.783160925,6,19968,0.101528645,98.890,14122,5846,-0.296613,-0.972615,1.234826,0.101292,-0.082000,-0.040000,0.044000,0.130403,0.002000,-0.120000,0.051000
946686405011,946686404.881821990,7,19968,0.098661065,100.122,14086,5882,-0.292367,-0.940423,1.234840,0.104828,-0.102000,-0.024000,0.003000,0.150549,0.050000,-0.142000,0.001000
946686405111,946686404.981691122,8,19968,0.099869132,100.232,14186,5782,-0.339303,-0.940780,1.219724,0.099040,0.000000,-0.097000,0.020000,0.115490,0.052000,-0.103000,-0.005000
946686405212,946686405.081675410,9,20064,0.099984288,100.306,14130,5934,-0.337014,-0.916791,1.223688,0.101336,-0.013000,-0.100000,0.010000,0.104709,0.050000,-0.092000,0.000000
946686405311,946686405.181727290,10,19680,0.100051880,100.467,14000,5680,-0.331404,-0.952249,1.228563,0.099403,-0.073000,-0.066000,0.014000,0.200883,0.049000,-0.192000,0.033000
946686405411,946686405.282613754,11,20352,0.100886464,99.421,14443,5909,-0.363726,-0.898301,1.238451,0.118296,-0.083000,-0.084000,0.007000,0.169597,0.021000,-0.161000,0.049000
946686405511,946686405.382548094,12,19968,0.099934340,99.533,14182,5786,-0.354366,-0.966498,1.234245,0.119520,-0.108000,-0.050000,0.011000,0.141506,0.036000,-0.122000,0.062000
946686405616,946686405.481804252,13,19968,0.099256158,100.125,14230,5738,-0.322904,-0.953855,1.233886,0.101435,-0.038000,-0.094000,0.003000,0.120325,0.011000,-0.119000,0.014000
946686405709,946686405.581683397,14,19968,0.099879146,100.183,14260,5708,-0.320086,-0.957798,1.237244,0.105594,-0.085000,-0.062000,0.009000,0.133308,0.019000,-0.119000,0.057000
946686405809,946686405.681620836,15,20064,0.099937439,100.417,14316,5748,-0.306025,-0.968498,1.237550,0.102811,-0.045000,-0.092000,0.009000,0.264282,0.006000,-0.260000,0.047000
946686405915,946686405.781784177,16,20064,0.100163341,100.271,14202,5862,-0.312729,-0.939606,1.239467,0.103759,0.017000,-0.099000,0.026000,0.103759,0.017000,-0.099000,0.026000
946686406009,946686405.882574081,17,19968,0.100789905,99.381,14095,5873,-0.307463,-0.936250,1.238435,0.111969,-0.020000,-0.109000,0.016000,0.138982,0.004000,-0.128000,0.054000
946686406109,946686405.982471585,18,19968,0.099897504,99.506,14199,5769,-0.338362,-0.934507,1.225881,0.123410,-0.106000,-0.063000,0.005000,0.159267,0.021000,-0.142000,0.069000
946686406210,946686406.081735611,19,20064,0.099264026,100.322,14274,5790,-0.379869,-0.913785,1.238892,0.104178,-0.084000,-0.041000,0.046000,0.171491,0.008000,-0.169000,0.028000
946686406309,946686406.182618141,20,19872,0.100882530,99.281,14064,5808,-0.299018,-0.938519,1.234457,0.098970,-0.089000,-0.043000,0.005000,0.112312,0.037000,-0.106000,0.003000
946686406415,946686406.281648874,21,20064,0.099030733,100.276,14261,5803,-0.349062,-0.941016,1.236649,0.106701,-0.010000,-0.106000,0.007000,0.133604,0.025000,-0.128000,0.029000
946686406516,946686406.381679773,22,19968,0.100030899,100.280,14284,5684,-0.344610,-0.967137,1.231827,0.114687,-0.108000,-0.033000,0.020000,0.132608,0.010000,-0.131000,0.018000
946686406614,946686406.481720209,23,19968,0.100040436,100.164,14194,5774,-0.325344,-0.965782,1.252389,0.100603,0.030000,-0.095000,0.014000,0.100603,0.030000,-0.095000,0.014000
946686406716,946686406.581651926,24,20064,0.099931717,100.385,14242,5822,-0.270235,-0.951657,1.236055,0.100305,-0.096000,-0.029000,0.002000,0.103484,0.012000,-0.098000,0.031000
946686406817,946686406.681784630,25,19968,0.100132704,100.277,14161,5807,-0.300864,-0.952938,1.237573,0.114237,-0.040000,-0.107000,0.001000,0.159618,0.013000,-0.150000,0.053000
946686406909,946686406.781759024,26,20064,0.099974394,100.265,14175,5889,-0.308118,-0.923563,1.246632,0.099343,0.020000,-0.090000,0.037000,0.099343,0.020000,-0.090000,0.037000
946686407011,946686406.881781936,27,19968,0.100022912,100.138,14120,5848,-0.320606,-0.906437,1.243017,0.105114,0.013000,-0.088000,0.056000,0.105114,0.013000,-0.088000,0.056000
946686407115,946686406.981682777,28,19968,0.099900842,100.288,14191,5777,-0.340113,-0.936250,1.240065,0.100891,0.003000,-0.087000,0.051000,0.100891,0.003000,-0.087000,0.051000
946686407210,946686407.081725240,29,20064,0.100042462,100.340,14226,5838,-0.352494,-0.891297,1.244953,0.103121,0.048000,-0.091000,0.007000,0.103121,0.048000,-0.091000,0.007000
946686407313,946686407.181811929,30,19968,0.100086689,100.235,14199,5769,-0.338671,-0.917754,1.258154,0.099479,-0.088000,-0.046000,0.006000,0.196209,0.031000,-0.176000,0.081000
946686407418,946686407.281785250,31,20064,0.099973321,101.135,14326,5738,-0.376608,-0.998478,1.247524,0.103653,0.004000,-0.102000,0.018000,0.103653,0.004000,-0.102000,0.018000
946686407510,946686407.382673621,32,19872,0.100888371,99.228,14102,5770,-0.310295,-0.902376,1.249950,0.103368,0.022000,-0.099000,0.020000,0.103368,0.022000,-0.099000,0.020000
946686407611,946686407.481652856,33,20064,0.098979235,100.335,14184,5880,-0.297283,-0.968521,1.248841,0.114529,-0.099000,-0.054000,0.020000,0.121037,0.040000,-0.111000,0.027000
946686407713,946686407.581732988,34,19968,0.100080132,100.204,14168,5800,-0.279314,-0.941579,1.250281,0.104833,-0.073000,-0.075000,0.006000,0.121297,0.032000,-0.117000,0.000000
946686407814,946686407.681683660,35,20064,0.099950671,100.341,14112,5952,-0.338019,-0.931076,1.255603,0.109991,-0.105000,-0.032000,0.007000,0.156343,0.017000,-0.135000,0.077000
946686407914,946686407.781783938,36,19968,0.100100279,100.219,14152,5816,-0.308640,-0.935304,1.257069,0.104590,-0.039000,-0.097000,0.003000,0.130541,0.012000,-0.129000,0.016000
946686408015,946686407.881760478,37,19968,0.099976540,100.146,14113,5855,-0.324498,-0.926285,1.256384,0.103010,-0.069000,-0.033000,0.069000,0.133510,0.053000,-0.110000,0.054000
946686408113,946686407.981657624,38,20064,0.099897146,100.415,14271,5793,-0.351100,-0.887762,1.240496,0.102240,0.012000,-0.097000,0.030000,0.102240,0.012000,-0.097000,0.030000
946686408211,946686408.081812859,39,19968,0.100155234,100.176,14088,5880,-0.356509,-0.940137,1.255252,0.104082,-0.004000,-0.104000,-0.001000,0.121893,0.004000,-0.099000,0.071000
946686408313,946686408.181740522,40,19968,0.099927664,100.216,14209,5759,-0.317110,-0.939746,1.263992,0.103155,-0.040000,-0.095000,0.004000,0.124760,0.006000,-0.123000,0.020000
946686408413,946686408.281707764,41,20064,0.099967241,100.238,14298,5766,-0.332265,-0.977064,1.242376,0.104062,-0.085000,-0.060000,-0.002000,0.110059,0.032000,-0.105000,0.008000
946686408514,946686408.382631660,42,19968,0.100923896,99.386,14221,5747,-0.317733,-0.959912,1.249499,0.099106,-0.061000,-0.074000,0.025000,0.100305,0.022000,-0.096000,0.019000
946686408613,946686408.481770635,43,19968,0.099138975,100.136,14221,5747,-0.308576,-0.938483,1.257457,0.111615,-0.091000,-0.064000,0.009000,0.137844,0.008000,-0.136000,0.021000
946686408716,946686408.581665635,44,20064,0.099895000,100.346,14260,5804,-0.271921,-0.916932,1.258565,0.099529,-0.089000,-0.044000,0.007000,0.126827,0.038000,-0.121000,0.000000
946686408814,946686408.681774735,45,19968,0.100109100,100.218,14189,5779,-0.331187,-0.917681,1.254763,0.100125,-0.010000,-0.095000,0.030000,0.140392,0.007000,-0.131000,0.050000
946686408913,946686408.781765223,46,19968,0.099990487,100.246,14218,5750,-0.311382,-0.928178,1.252271,0.106400,-0.086000,-0.062000,0.009000,0.120345,0.015000,-0.107000,0.053000
946686409014,946686408.881770492,47,20064,0.100005269,100.276,14144,5920,-0.306302,-0.903821,1.254348,0.114337,-0.083000,-0.078000,0.010000,0.118781,0.011000,-0.112000,0.038000
946686409113,946686408.981806636,48,19968,0.100036144,100.181,14232,5736,-0.319832,-0.908755,1.242525,0.110236,-0.058000,-0.092000,0.018000,0.171517,0.029000,-0.164000,0.041000
946686409212,946686409.081732512,49,19968,0.099925876,100.240,14223,5745,-0.366120,-0.924842,1.255873,0.112165,-0.104000,-0.026000,0.033000,0.119088,0.031000,-0.114000,0.015000
946686409312,946686409.181732774,50,20064,0.100000262,100.331,14233,5831,-0.374489,-0.978651,1.251433,0.103431,-0.008000,-0.103000,0.005000,0.110503,0.015000,-0.105000,0.031000
946686409419,946686409.281823754,51,19968,0.100090981,99.910,14175,5793,-0.312763,-0.958848,1.259382,0.103730,-0.034000,-0.098000,0.000000,0.115871,0.024000,-0.111000,0.023000
946686409513,946686409.382605910,52,19968,0.100782156,99.391,14149,5819,-0.329945,-0.960908,1.246405,0.101833,0.031000,-0.097000,0.000000,0.101833,0.031000,-0.097000,0.000000
946686409615,946686409.481748819,53,20064,0.099142909,100.323,14210,5854,-0.276856,-0.959664,1.240629,0.107219,-0.002000,-0.104000,0.026000,0.107499,0.048000,-0.096000,0.006000
946686409713,946686409.581831694,54,19968,0.100082874,100.116,14050,5918,-0.324447,-0.926880,1.258286,0.104082,-0.071000,-0.076000,0.004000,0.111557,0.045000,-0.102000,0.004000
946686409814,946686409.681708694,55,19968,0.099877000,100.191,14128,5840,-0.315443,-0.931356,1.258115,0.116194,-0.091000,-0.072000,-0.006000,0.118668,0.019000,-0.100000,0.061000
946686409911,946686409.781652451,56,19968,0.099943757,100.285,14266,5702,-0.320591,-0.911187,1.246466,0.107219,-0.002000,-0.104000,0.026000,0.115521,0.050000,-0.102000,0.021000
946686410013,946686409.881691933,57,20064,0.100039482,100.310,14225,5839,-0.332173,-0.911065,1.251498,0.103947,0.020000,-0.102000,-0.001000,0.103947,0.020000,-0.102000,-0.001000
946686410113,946686409.981731653,58,19968,0.100039721,100.232,14095,5873,-0.343964,-0.902825,1.250666,0.101720,-0.095000,-0.031000,0.019000,0.113829,0.020000,-0.109000,0.026000
946686410213,946686410.081710100,59,19968,0.099978447,100.255,14239,5729,-0.358623,-0.916749,1.243946,0.108899,-0.097000,-0.049000,0.007000,0.110118,0.014000,-0.109000,0.007000
946686410314,946686410.181720018,60,20064,0.100009918,100.269,14264,5800,-0.375406,-0.972598,1.242822,0.103179,-0.006000,-0.103000,0.001000,0.170991,0.050000,-0.163000,0.013000
946686410413,946686410.281744599,61,20064,0.100024581,100.306,14238,5826,-0.296661,-0.971460,1.248270,0.112272,-0.092000,-0.045000,0.046000,0.124197,0.020000,-0.111000,0.052000
946686410513,946686410.382745504,62,19872,0.101000905,99.177,14125,5747,-0.326913,-0.927790,1.241532,0.117597,-0.082000,-0.084000,0.007000,0.151809,0.014000,-0.143000,0.049000
946686410612,946686410.481675029,63,20064,0.098929524,100.392,14257,5807,-0.276982,-0.946563,1.238885,0.103121,0.000000,-0.103000,0.005000,0.112827,0.025000,-0.108000,0.021000
946686410710,946686410.581811547,64,19968,0.100136518,100.083,14196,5772,-0.323970,-0.930266,1.244030,0.099845,-0.068000,-0.073000,0.004000,0.105071,0.016000,-0.100000,0.028000
946686410813,946686410.681658626,65,20064,0.099847078,100.378,14101,5963,-0.306312,-0.929975,1.244208,0.105385,-0.041000,-0.097000,0.004000,0.203160,0.021000,-0.192000,0.063000
946686410912,946686410.781791210,66,19968,0.100132585,100.226,14129,5839,-0.349184,-0.931245,1.232302,0.114652,-0.010000,-0.114000,0.007000,0.142688,0.034000,-0.130000,0.048000
946686411013,946686410.881774902,67,19968,0.099983692,100.150,14187,5781,-0.353205,-0.901611,1.241758,0.103078,-0.004000,-0.103000,0.000000,0.147445,0.018000,-0.146000,0.010000
946686411113,946686410.981675267,68,19968,0.099900365,100.296,14193,5775,-0.322053,-0.934793,1.245819,0.099448,-0.075000,-0.064000,0.013000,0.117239,0.015000,-0.104000,0.052000
946686411214,946686411.081722498,69,20064,0.100047231,100.310,14242,5822,-0.350557,-0.966477,1.233646,0.106930,-0.012000,-0.101000,0.033000,0.145503,0.049000,-0.137000,0.001000
946686411313,946686411.181788921,70,19968,0.100066423,100.115,14230,5738,-0.320510,-0.956575,1.230730,0.099945,0.008000,-0.094000,0.033000,0.099945,0.008000,-0.094000,0.033000
946686411411,946686411.281662703,71,19968,0.099873781,100.264,14176,5792,-0.335674,-0.966708,1.241945,0.099131,-0.005000,-0.099000,0.001000,0.109257,0.001000,-0.100000,0.044000
946686411513,946686411.381685019,72,20064,0.100022316,100.370,14247,5817,-0.281250,-0.958935,1.245971,0.106949,-0.073000,-0.078000,0.005000,0.194394,0.021000,-0.192000,0.022000
946686411613,946686411.481811881,73,20064,0.100126863,100.273,14185,5879,-0.319028,-0.928462,1.234917,0.101040,0.020000,-0.097000,0.020000,0.101040,0.020000,-0.097000,0.020000
946686411713,946686411.582529068,74,19968,0.100717187,99.490,14222,5746,-0.340074,-0.949212,1.229942,0.129256,-0.101000,-0.055000,0.059000,0.160128,0.046000,-0.146000,0.047000
946686411813,946686411.681778312,75,19968,0.099249244,100.222,14078,5890,-0.344870,-0.936374,1.232474,0.103058,-0.091000,-0.048000,0.006000,0.148546,0.045000,-0.140000,0.021000
946686411913,946686411.781758189,76,19968,0.099979877,100.258,14159,5809,-0.343355,-0.929639,1.227638,0.104743,-0.089000,-0.055000,0.005000,0.129263,0.014000,-0.112000,0.063000
946686412013,946686411.881770611,77,19968,0.100012422,100.162,14279,5689,-0.359753,-0.958719,1.235211,0.114913,-0.102000,-0.049000,0.020000,0.125371,0.039000,-0.119000,0.006000
946686412113,946686411.981676698,78,20064,0.099906087,100.374,14191,5873,-0.340021,-0.942785,1.239196,0.110295,0.022000,-0.100000,0.041000,0.110295,0.022000,-0.100000,0.041000
946686412213,946686412.081808925,79,19968,0.100132227,100.143,14139,5829,-0.331180,-0.954535,1.231173,0.099423,0.005000,-0.098000,0.016000,0.099423,0.005000,-0.098000,0.016000
946686412313,946686412.181703806,80,20064,0.099894881,100.392,14291,5773,-0.338030,-0.977342,1.229845,0.107168,-0.006000,-0.107000,0.000000,0.167723,0.067000,-0.151000,0.029000
946686412411,946686412.282579184,81,19968,0.100875378,99.469,14092,5876,-0.305295,-0.968783,1.231769,0.118330,0.012000,-0.117000,0.013000,0.118330,0.012000,-0.117000,0.013000
946686412512,946686412.381794453,82,19968,0.099215269,100.198,14136,5832,-0.318914,-0.957484,1.238237,0.103218,-0.006000,-0.103000,0.003000,0.117341,0.012000,-0.116000,0.013000
946686412613,946686412.481747270,83,19968,0.099952817,100.194,14158,5810,-0.327587,-0.936359,1.233443,0.106367,0.008000,-0.105000,0.015000,0.106367,0.008000,-0.105000,0.015000
946686412714,946686412.581692696,84,20064,0.099945426,100.285,14201,5863,-0.371069,-0.959726,1.232393,0.107173,-0.077000,-0.074000,0.009000,0.112973,0.021000,-0.111000,-0.001000
946686412813,946686412.681734085,85,19968,0.100041389,100.228,14107,5861,-0.331085,-0.940434,1.230387,0.100290,0.029000,-0.096000,-0.001000,0.100290,0.029000,-0.096000,-0.001000
946686412913,946686412.781713605,86,19968,0.099979520,100.240,14153,5815,-0.341807,-0.943449,1.233168,0.101316,-0.040000,-0.093000,0.004000,0.125355,0.005000,-0.125000,0.008000
946686413016,946686412.881698847,87,20064,0.099985242,100.331,14217,5847,-0.364601,-0.959463,1.232485,0.102230,0.013000,-0.081000,0.061000,0.102230,0.013000,-0.081000,0.061000
946686413113,946686412.981779933,88,20064,0.100081086,100.332,14183,5881,-0.335930,-0.964960,1.241298,0.118461,-0.077000,-0.090000,0.002000,0.159634,0.069000,-0.141000,0.029000
946686413212,946686413.082606077,89,19968,0.100826144,99.477,14039,5929,-0.337198,-0.961011,1.225726,0.104355,-0.075000,-0.072000,0.009000,0.174256,0.002000,-0.160000,0.069000
946686413314,946686413.182513237,90,19968,0.099907160,99.535,14149,5819,-0.328040,-0.935644,1.226984,0.118739,-0.101000,-0.053000,0.033000,0.162006,0.002000,-0.159000,0.031000
946686413414,946686413.281794906,91,19968,0.099281669,100.211,14169,5799,-0.340821,-0.962607,1.229716,0.107093,0.013000,-0.106000,0.008000,0.107093,0.013000,-0.106000,0.008000
946686413513,946686413.381752610,92,19968,0.099957705,100.165,14145,5823,-0.337892,-0.937142,1.223544,0.101454,0.028000,-0.097000,0.010000,0.101454,0.028000,-0.097000,0.010000
946686413615,946686413.481680274,93,20064,0.099927664,100.302,14294,5770,-0.312689,-0.932057,1.233837,0.113009,-0.089000,-0.059000,0.037000,0.170543,0.059000,-0.160000,0.002000
946686413714,946686413.581741929,94,19968,0.100061655,100.250,14160,5808,-0.371396,-0.936409,1.226997,0.101843,-0.034000,-0.096000,0.000000,0.115217,0.013000,-0.109000,0.035000
946686413813,946686413.681738853,95,19968,0.099996924,100.199,14130,5838,-0.351308,-0.948771,1.221520,0.099222,-0.095000,-0.028000,0.006000,0.110784,0.019000,-0.106000,0.026000
946686413913,946686413.781688929,96,20064,0.099950075,100.323,14133,5931,-0.322060,-0.960067,1.225209,0.110104,-0.033000,-0.105000,-0.003000,0.203917,0.049000,-0.195000,0.034000
946686414013,946686413.881773353,97,19968,0.100084424,100.145,14178,5790,-0.350390,-0.967859,1.232999,0.110463,-0.075000,-0.081000,0.004000,0.114101,0.007000,-0.107000,0.039000
946686414116,946686413.981676340,98,20064,0.099902987,100.449,14215,5849,-0.332215,-0.980495,1.240756,0.102103,-0.008000,-0.085000,0.056000,0.115261,0.015000,-0.114000,0.008000
946686414213,946686414.081869483,99,19968,0.100193143,100.220,14129,5839,-0.304028,-0.963413,1.235955,0.100250,-0.092000,-0.025000,0.031000,0.242759,0.010000,-0.236000,0.056000
946686414313,946686414.181845784,100,19968,0.099976301,100.205,14181,5787,-0.302845,-0.945198,1.225178,0.101809,-0.080000,-0.043000,0.046000,0.103937,0.005000,-0.097000,0.037000
946686414416,946686414.281809926,101,20064,0.099964142,100.289,14272,5792,-0.352701,-0.940758,1.230553,0.103000,0.042000,-0.094000,0.003000,0.103000,0.042000,-0.094000,0.003000
946686414513,946686414.382702947,102,19968,0.100893021,99.334,14105,5863,-0.347034,-0.940266,1.235184,0.100230,0.007000,-0.099000,0.014000,0.100230,0.007000,-0.099000,0.014000
946686414613,946686414.481790543,103,20064,0.099087596,100.319,14164,5900,-0.355557,-0.940127,1.244488,0.102347,0.007000,-0.101000,0.015000,0.102347,0.007000,-0.101000,0.015000
946686414713,946686414.582726121,104,19872,0.100935578,99.225,14105,5767,-0.340266,-0.949638,1.222635,0.099081,-0.041000,-0.090000,0.006000,0.136697,0.014000,-0.129000,0.043000
946686414813,946686414.681704760,105,20064,0.098978639,100.339,14150,5914,-0.369298,-0.990507,1.230670,0.100613,-0.067000,-0.075000,0.003000,0.146482,0.063000,-0.132000,0.008000
946686414914,946686414.781801462,106,19968,0.100096703,100.240,14073,5895,-0.332920,-0.968131,1.230428,0.109128,-0.033000,-0.104000,-0.002000,0.130591,0.023000,-0.125000,0.030000
946686415016,946686414.881795526,107,20064,0.099994063,100.337,14259,5805,-0.320693,-0.961432,1.237443,0.098843,-0.089000,-0.043000,0.000000,0.114009,0.026000,-0.109000,0.021000
946686415115,946686414.981877089,108,19968,0.100081563,100.205,14154,5814,-0.346675,-0.962526,1.238447,0.102932,-0.097000,-0.031000,0.015000,0.120938,0.048000,-0.109000,0.021000
946686415215,946686415.081832051,109,20064,0.099954963,100.285,14124,5940,-0.333753,-0.944814,1.233494,0.099830,-0.019000,-0.097000,0.014000,0.107373,0.015000,-0.102000,0.030000
946686415314,946686415.182633400,110,19968,0.100801349,99.434,14054,5914,-0.346568,-0.946160,1.227046,0.101514,0.004000,-0.100000,0.017000,0.101514,0.004000,-0.100000,0.017000
946686415412,946686415.281824827,111,19968,0.099191427,100.208,14225,5743,-0.347520,-0.952695,1.230987,0.102259,-0.016000,-0.101000,0.000000,0.128148,0.029000,-0.110000,0.059000
946686415515,946686415.381784320,112,19968,0.099959493,100.259,14178,5790,-0.360066,-0.912140,1.238081,0.099167,-0.043000,-0.089000,0.008000,0.115460,0.025000,-0.105000,0.041000
946686415614,946686415.481787205,113,19968,0.100002885,100.189,14153,5815,-0.336226,-0.933711,1.234647,0.106363,0.012000,-0.105000,0.012000,0.106363,0.012000,-0.105000,0.012000
946686415714,946686415.581728816,114,20064,0.099941611,100.291,14320,5744,-0.354224,-0.950601,1.239490,0.104427,-0.086000,-0.055000,0.022000,0.111826,0.029000,-0.108000,0.000000
946686415818,946686415.681775451,115,19968,0.100046635,100.188,14219,5749,-0.346338,-0.954917,1.236690,0.100305,-0.035000,-0.094000,0.000000,0.115174,0.040000,-0.108000,0.001000
946686415914,946686415.781725049,116,19968,0.099949598,100.258,14191,5777,-0.295031,-0.962012,1.238017,0.101356,0.009000,-0.084000,0.056000,0.101356,0.009000,-0.084000,0.056000
946686416015,946686415.881740808,117,20064,0.100015759,100.387,14288,5776,-0.270950,-0.948044,1.242382,0.124599,-0.040000,-0.118000,-0.001000,0.138235,0.022000,-0.124000,0.057000
946686416116,946686415.981874347,118,20064,0.100133538,100.267,14159,5905,-0.334563,-0.938706,1.233206,0.108250,-0.013000,-0.107000,0.010000,0.119921,0.004000,-0.118000,0.021000
946686416214,946686416.082542539,119,19968,0.100668192,99.451,14122,5846,-0.328162,-0.943372,1.225909,0.098995,-0.014000,-0.098000,0.000000,0.103165,0.001000,-0.101000,0.021000
946686416315,946686416.182588935,120,19968,0.100046396,99.440,14113,5855,-0.323673,-0.922038,1.244979,0.103431,-0.083000,-0.047000,0.040000,0.138485,0.036000,-0.119000,0.061000
946686416414,946686416.281787634,121,19968,0.099198699,100.178,14288,5680,-0.350559,-0.906693,1.231823,0.102127,-0.054000,-0.085000,0.017000,0.115135,0.014000,-0.114000,0.008000
946686416515,946686416.381725073,122,19968,0.099937439,100.266,14193,5775,-0.344528,-0.932671,1.238415,0.107569,-0.011000,-0.107000,0.001000,0.110499,0.043000,-0.100000,0.019000
946686416616,946686416.481732130,123,20064,0.100007057,100.363,14277,5787,-0.358172,-0.946016,1.244267,0.101287,0.027000,-0.097000,0.011000,0.101287,0.027000,-0.097000,0.011000
946686416719,946686416.581858635,124,19968,0.100126505,100.167,14192,5776,-0.312264,-0.980732,1.238288,0.103315,-0.093000,-0.045000,0.000000,0.107583,0.003000,-0.099000,0.042000
946686416818,946686416.681783557,125,19968,0.099924922,100.228,14193,5775,-0.332787,-0.958170,1.235925,0.119206,-0.105000,-0.056000,0.007000,0.121499,0.035000,-0.116000,0.009000
946686416915,946686416.781759858,126,20064,0.099976301,100.360,14236,5828,-0.279857,-0.955704,1.239265,0.102245,-0.077000,-0.066000,0.013000,0.196878,0.012000,-0.184000,0.069000
946686417018,946686416.881868124,127,20064,0.100108266,100.196,14112,5952,-0.309018,-0.936766,1.248402,0.120308,-0.100000,-0.057000,0.035000,0.183246,0.017000,-0.181000,0.023000
946686417116,946686416.982680082,128,19968,0.100811958,99.384,14184,5784,-0.319001,-0.899624,1.245721,0.099539,-0.088000,-0.042000,0.020000,0.167030,0.001000,-0.153000,0.067000
946686417216,946686417.081819773,129,19968,0.099139690,100.207,14157,5811,-0.348839,-0.944684,1.246927,0.107135,-0.002000,-0.107000,0.005000,0.246816,0.109000,-0.221000,0.014000
946686417314,946686417.181786299,130,19968,0.099966526,100.165,14161,5807,-0.332215,-0.918502,1.246350,0.109147,-0.094000,-0.046000,0.031000,0.128697,0.053000,-0.115000,0.023000
946686417415,946686417.281712174,131,19968,0.099925876,100.247,14199,5769,-0.340134,-0.917010,1.246236,0.107675,-0.009000,-0.083000,0.068000,0.178182,0.017000,-0.176000,0.022000
946686417515,946686417.381705165,132,20064,0.099992990,100.414,14317,5747,-0.393626,-0.961390,1.242326,0.100812,0.019000,-0.099000,-0.001000,0.100812,0.019000,-0.099000,-0.001000
946686417615,946686417.481873274,133,19968,0.100168109,100.144,14135,5833,-0.328606,-0.942806,1.249173,0.103024,0.031000,-0.098000,0.007000,0.103024,0.031000,-0.098000,0.007000
946686417715,946686417.581769466,134,19968,0.099896193,100.209,14216,5752,-0.327600,-0.961309,1.259886,0.101671,-0.086000,-0.054000,0.005000,0.217906,0.013000,-0.215000,0.033000
946686417816,946686417.681742668,135,20064,0.099973202,100.304,14276,5788,-0.275124,-0.949192,1.249748,0.098970,-0.017000,-0.091000,0.035000,0.169968,0.046000,-0.162000,0.023000
946686417916,946686417.781797528,136,19968,0.100054860,100.168,14131,5837,-0.312235,-0.949716,1.251386,0.156745,0.048000,-0.149000,0.008000,0.156745,0.048000,-0.149000,0.008000
946686418014,946686417.881715298,137,20064,0.099917769,100.365,14141,5923,-0.339687,-0.927196,1.261169,0.110968,-0.091000,-0.063000,0.008000,0.183690,0.021000,-0.174000,0.055000
946686418116,946686417.981832504,138,19968,0.100117207,100.228,14104,5864,-0.316741,-0.920500,1.255423,0.115538,0.008000,-0.114000,0.017000,0.115538,0.008000,-0.114000,0.017000
946686418215,946686418.081814170,139,19968,0.099981666,100.165,14200,5768,-0.317650,-0.918087,1.249988,0.099910,-0.078000,-0.053000,0.033000,0.109850,0.031000,-0.105000,0.009000
946686418313,946686418.181736231,140,20064,0.099922061,100.390,14267,5797,-0.392888,-0.894311,1.249731,0.107745,0.026000,-0.103000,0.018000,0.107745,0.026000,-0.103000,0.018000
946686418413,946686418.281871319,141,19968,0.100135088,100.181,14212,5756,-0.319496,-0.936709,1.267442,0.100598,-0.096000,-0.030000,0.002000,0.106475,0.014000,-0.095000,0.046000
946686418513,946686418.381823897,142,19968,0.099952579,100.242,14195,5773,-0.327576,-0.927044,1.255210,0.099469,-0.017000,-0.098000,-0.001000,0.122788,0.006000,-0.121000,0.020000
946686418613,946686418.481829882,143,20064,0.100005984,100.267,14392,5672,-0.364020,-0.985382,1.231252,0.100065,-0.002000,-0.100000,-0.003000,0.107266,0.051000,-0.092000,0.021000
946686418713,946686418.581861138,144,19968,0.100031257,100.221,14179,5789,-0.309880,-0.953137,1.253099,0.101794,-0.043000,-0.092000,0.007000,0.103446,0.024000,-0.099000,0.018000
946686418815,946686418.681838393,145,19968,0.099977255,100.173,14197,5771,-0.290546,-0.922038,1.256992,0.100573,-0.069000,-0.073000,0.005000,0.144903,0.050000,-0.136000,0.001000
946686418912,946686418.781752706,146,19968,0.099914312,100.222,14218,5750,-0.320293,-0.930359,1.253461,0.101218,-0.062000,-0.080000,0.001000,0.115957,0.003000,-0.114000,0.021000
946686419013,946686418.881718874,147,20064,0.099966168,100.355,14266,5798,-0.302209,-0.922654,1.246568,0.115590,-0.096000,-0.047000,0.044000,0.140705,0.006000,-0.131000,0.051000
946686419114,946686418.981830001,148,19968,0.100111127,100.246,14157,5811,-0.297039,-0.927113,1.253075,0.103354,0.049000,-0.091000,0.000000,0.103354,0.049000,-0.091000,0.000000
946686419212,946686419.081824183,149,20064,0.099994183,100.287,14236,5828,-0.326856,-0.894987,1.250635,0.103937,0.005000,-0.097000,0.037000,0.103937,0.005000,-0.097000,0.037000
946686419313,946686419.181859612,150,19968,0.100035429,100.202,14240,5728,-0.331620,-0.900940,1.255937,0.101533,0.030000,-0.097000,0.000000,0.101533,0.030000,-0.097000,0.000000
946686419412,946686419.281804800,151,19968,0.099945188,100.158,14150,5818,-0.331147,-0.950582,1.265671,0.102956,0.050000,-0.090000,0.000000,0.102956,0.050000,-0.090000,0.000000
946686419515,946686419.381718159,152,20064,0.099913359,100.413,14252,5812,-0.341546,-0.977336,1.249947,0.099443,-0.009000,-0.072000,0.068000,0.103484,0.012000,-0.098000,0.031000
946686419614,946686419.482568622,153,19968,0.100850463,99.521,14162,5806,-0.334386,-0.950383,1.247083,0.106696,-0.082000,-0.058000,0.036000,0.162656,0.004000,-0.160000,0.029000
946686419714,946686419.581836581,154,19968,0.099267960,100.196,14251,5717,-0.327417,-0.923035,1.253980,0.105891,-0.030000,-0.092000,0.043000,0.107355,0.008000,-0.106000,0.015000
946686419813,946686419.681792855,155,20064,0.099956274,100.352,14127,5937,-0.248258,-0.942986,1.254970,0.119004,-0.024000,-0.115000,0.019000,0.171260,0.012000,-0.169000,0.025000
946686419915,946686419.781896353,156,19968,0.100103498,100.137,14110,5858,-0.330980,-0.931850,1.264855,0.100812,-0.059000,-0.079000,0.021000,0.231368,0.001000,-0.231000,0.013000
946686420015,946686419.881793380,157,19968,0.099897027,100.189,14211,5757,-0.327233,-0.920130,1.250639,0.105285,-0.016000,-0.098000,0.035000,0.197466,0.046000,-0.189000,0.034000
946686420115,946686419.981742501,158,20064,0.099949121,100.416,14162,5902,-0.296830,-0.916925,1.247596,0.113287,0.011000,-0.112000,0.013000,0.113287,0.011000,-0.112000,0.013000
946686420211,946686420.081912994,159,19968,0.100170493,100.138,14236,5732,-0.337246,-0.889438,1.252803,0.111606,-0.018000,-0.096000,0.054000,0.115178,0.009000,-0.108000,0.039000
946686420312,946686420.181795359,160,19968,0.099882364,100.269,14215,5753,-0.357855,-0.926593,1.239006,0.110693,0.024000,-0.106000,0.021000,0.110693,0.024000,-0.106000,0.021000
946686420415,946686420.281815052,161,19968,0.100019693,100.177,14216,5752,-0.347316,-0.942737,1.252525,0.115156,-0.006000,-0.115000,0.000000,0.226861,0.033000,-0.216000,0.061000
946686420514,946686420.381760716,162,20064,0.099945664,100.273,14234,5830,-0.339139,-0.979503,1.253805,0.101912,-0.076000,-0.067000,0.011000,0.124583,0.037000,-0.114000,0.034000
946686420612,946686420.481792331,163,19968,0.100031614,100.509,14194,5774,-0.323611,-0.938237,1.237067,0.110368,0.034000,-0.105000,0.000000,0.110368,0.034000,-0.105000,0.000000
946686420716,946686420.581983685,164,19872,0.100191355,99.810,14136,5736,-0.345515,-0.943286,1.246002,0.103426,-0.067000,-0.032000,0.072000,0.108194,0.044000,-0.097000,0.019000
946686420813,946686420.682086945,165,20160,0.100103259,99.999,14267,5893,-0.238652,-0.963009,1.243354,0.098939,0.013000,-0.094000,0.028000,0.098939,0.013000,-0.094000,0.028000
946686420909,946686420.781827211,166,19968,0.099740267,100.179,14091,5877,-0.298417,-0.918051,1.238766,0.101868,-0.014000,-0.095000,0.034000,0.112299,0.011000,-0.111000,0.013000
946686421009,946686420.881763697,167,20064,0.099936485,100.341,14155,5909,-0.329172,-0.936027,1.234755,0.103121,-0.089000,-0.052000,0.003000,0.183690,0.009000,-0.181000,0.030000
946686421129,946686420.981862307,168,19968,0.100098610,100.208,14199,5769,-0.338186,-0.908668,1.241924,0.115542,-0.098000,-0.061000,0.005000,0.119336,0.011000,-0.118000,0.014000
946686421209,946686421.081824660,169,19968,0.099962354,100.186,14116,5852,-0.346990,-0.907666,1.239602,0.103078,-0.085000,-0.050000,0.030000,0.125352,0.016000,-0.119000,0.036000
946686421311,946686421.181758523,170,19968,0.099933863,100.276,14137,5831,-0.338385,-0.935057,1.235654,0.114026,-0.017000,-0.112000,0.013000,0.188491,0.062000,-0.178000,0.001000
946686421409,946686421.281769633,171,20064,0.100011110,100.319,14298,5766,-0.355868,-0.978766,1.234989,0.099025,-0.011000,-0.098000,0.009000,0.104981,0.013000,-0.104000,0.006000
946686421511,946686421.381841540,172,19968,0.100071907,100.220,14181,5787,-0.325076,-0.947917,1.236738,0.127980,-0.047000,-0.119000,0.003000,0.137357,0.029000,-0.125000,0.049000
946686421609,946686421.481801629,173,20064,0.099960089,100.367,14240,5824,-0.288498,-0.967599,1.241577,0.101129,-0.065000,-0.031000,0.071000,0.121742,0.014000,-0.105000,0.060000
946686421709,946686421.581914544,174,19968,0.100112915,100.216,14190,5778,-0.329659,-0.923581,1.231015,0.113088,-0.004000,-0.113000,-0.002000,0.125320,0.024000,-0.120000,0.027000
946686421816,946686421.681891918,175,20064,0.099977374,100.221,14134,5930,-0.322599,-0.931002,1.236707,0.099343,-0.080000,-0.045000,0.038000,0.156336,0.007000,-0.154000,0.026000
946686421912,946686421.782709360,176,19968,0.100817442,99.384,14114,5854,-0.322505,-0.944760,1.230505,0.110000,-0.084000,-0.060000,0.038000,0.114486,0.013000,-0.113000,0.013000
946686422011,946686421.882652283,177,19968,0.099942923,99.430,14167,5801,-0.363865,-0.920841,1.230582,0.101794,0.001000,-0.100000,0.019000,0.101794,0.001000,-0.100000,0.019000
946686422110,946686421.981835604,178,19968,0.099183321,100.236,14249,5719,-0.356295,-0.928769,1.240243,0.103218,0.023000,-0.099000,0.018000,0.103218,0.023000,-0.099000,0.018000
946686422212,946686422.081821680,179,19968,0.099986076,100.179,14107,5861,-0.356225,-0.947992,1.233018,0.101242,0.009000,-0.100000,0.013000,0.101242,0.009000,-0.100000,0.013000
946686422319,946686422.181758165,180,20064,0.099936485,100.373,14269,5795,-0.339297,-0.965037,1.237705,0.110932,-0.059000,-0.092000,0.019000,0.242557,0.072000,-0.231000,0.017000
946686422414,946686422.281900525,181,19968,0.100142360,100.147,14118,5850,-0.345843,-0.956936,1.226107,0.115732,0.044000,-0.107000,0.003000,0.115732,0.044000,-0.107000,0.003000
946686422511,946686422.381801248,182,20064,0.099900723,100.349,14218,5846,-0.318744,-0.965459,1.238512,0.100464,0.006000,-0.099000,0.016000,0.100464,0.006000,-0.099000,0.016000
946686422614,946686422.482645035,183,19968,0.100843787,99.509,14129,5839,-0.313527,-0.941158,1.234389,0.100310,-0.017000,-0.098000,0.013000,0.136686,0.013000,-0.135000,0.017000
946686422711,946686422.581897140,184,19968,0.099252105,100.206,14187,5781,-0.328162,-0.926368,1.232295,0.124523,0.005000,-0.116000,0.045000,0.124523,0.005000,-0.116000,0.045000
946686422814,946686422.681867599,185,20064,0.099970460,100.180,14167,5897,-0.351270,-0.950985,1.235747,0.103846,0.048000,-0.092000,-0.004000,0.103846,0.048000,-0.092000,-0.004000
946686422909,946686422.782750845,186,19968,0.100883245,99.362,14108,5860,-0.363483,-0.940226,1.237694,0.100130,-0.005000,-0.100000,0.001000,0.115538,0.015000,-0.110000,0.032000
946686423015,946686422.881862164,187,19968,0.099111319,100.209,14107,5861,-0.333391,-0.934649,1.234522,0.101917,-0.019000,-0.099000,0.015000,0.175080,0.018000,-0.173000,0.020000
946686423109,946686422.981820822,188,20064,0.099958658,100.317,14159,5905,-0.346096,-0.954367,1.229988,0.128066,-0.016000,-0.104000,0.073000,0.150007,0.011000,-0.141000,0.050000
946686423209,946686423.081898332,189,19968,0.100077510,100.158,14102,5866,-0.345050,-0.968457,1.232025,0.115395,0.008000,-0.114000,0.016000,0.115395,0.008000,-0.114000,0.016000
946686423309,946686423.181818724,190,19968,0.099920392,100.210,14086,5882,-0.345663,-0.955473,1.233294,0.115469,-0.002000,-0.105000,0.048000,0.162988,0.025000,-0.146000,0.068000
946686423409,946686423.281787634,191,20064,0.099968910,100.384,14157,5907,-0.314011,-0.956074,1.236131,0.111526,-0.098000,-0.047000,0.025000,0.176918,0.024000,-0.168000,0.050000
946686423509,946686423.382672429,192,19968,0.100884795,99.474,14220,5748,-0.338817,-0.977754,1.230908,0.100827,-0.085000,-0.054000,0.005000,0.104374,0.047000,-0.093000,0.006000
946686423611,946686423.481909156,193,19968,0.099236727,100.190,14129,5839,-0.335352,-0.947595,1.223820,0.102728,0.030000,-0.098000,0.007000,0.102728,0.030000,-0.098000,0.007000
946686423719,946686423.581848621,194,20064,0.099939466,100.342,14146,5918,-0.329511,-0.922313,1.235285,0.099323,0.006000,-0.098000,0.015000,0.099323,0.006000,-0.098000,0.015000
946686423810,946686423.681935787,195,19968,0.100087166,100.115,14185,5783,-0.348122,-0.936405,1.238489,0.103238,-0.080000,-0.017000,0.063000,0.195269,0.044000,-0.187000,0.035000
946686423909,946686423.781798482,196,19968,0.099862695,100.314,14135,5833,-0.362606,-0.956129,1.226476,0.106569,0.046000,-0.096000,0.005000,0.106569,0.046000,-0.096000,0.005000
946686424010,946686423.881853104,197,20064,0.100054622,100.260,14071,5993,-0.350969,-0.957526,1.226217,0.102181,-0.035000,-0.096000,0.000000,0.204130,0.028000,-0.194000,0.057000
946686424109,946686423.981867313,198,19968,0.100014210,100.177,14086,5882,-0.340241,-0.941765,1.224269,0.103397,-0.083000,-0.061000,0.009000,0.118802,0.005000,-0.117000,0.020000
946686424215,946686424.081799507,199,19968,0.099932194,100.263,14193,5775,-0.337808,-0.973472,1.232240,0.114704,0.052000,-0.102000,0.007000,0.114704,0.052000,-0.102000,0.007000
946686424315,946686424.181817889,200,20064,0.100018382,100.350,14169,5895,-0.288191,-0.952635,1.243141,0.112120,0.013000,-0.111000,0.009000,0.112120,0.013000,-0.111000,0.009000
946686424415,946686424.281913042,201,19968,0.100095153,100.222,14131,5837,-0.302980,-0.945544,1.233358,0.103344,-0.020000,-0.094000,0.038000,0.119243,0.015000,-0.113000,0.035000
946686424517,946686424.381885171,202,19968,0.099972129,100.208,14180,5788,-0.315300,-0.943026,1.235965,0.100065,-0.043000,-0.090000,0.008000,0.110064,0.033000,-0.105000,0.000000
946686424609,946686424.481847405,203,20064,0.099962234,100.298,14184,5880,-0.337181,-0.929984,1.227253,0.103552,-0.007000,-0.093000,0.045000,0.115421,0.044000,-0.105000,0.019000
946686424709,946686424.582725763,204,19968,0.100878358,99.372,14063,5905,-0.345128,-0.921568,1.230435,0.129205,-0.007000,-0.129000,0.002000,0.150226,0.026000,-0.144000,0.034000
946686424810,946686424.681842804,205,19968,0.099117041,100.247,14110,5858,-0.351716,-0.933721,1.236156,0.102460,0.033000,-0.097000,0.000000,0.102460,0.033000,-0.097000,0.000000
946686424928,946686424.781832576,206,19968,0.099989772,100.206,14169,5799,-0.370228,-0.952349,1.231578,0.101809,0.002000,-0.100000,0.019000,0.101809,0.002000,-0.100000,0.019000
946686425011,946686424.881800056,207,20064,0.099967480,100.209,14024,6040,-0.315175,-0.977655,1.232869,0.107583,-0.093000,-0.054000,0.003000,0.163055,0.015000,-0.161000,0.021000
946686425111,946686424.981766939,208,19968,0.099966884,100.324,14054,5914,-0.323129,-0.945372,1.231903,0.106080,-0.098000,-0.025000,0.032000,0.156541,0.051000,-0.148000,0.000000
946686425209,946686425.081843376,209,19968,0.100076437,100.199,14192,5776,-0.328252,-0.949917,1.224644,0.100409,0.005000,-0.099000,0.016000,0.100409,0.005000,-0.099000,0.016000
946686425315,946686425.181781650,210,20064,0.099938273,100.362,14214,5850,-0.303556,-0.941142,1.243162,0.113300,0.023000,-0.092000,0.062000,0.113300,0.023000,-0.092000,0.062000
946686425412,946686425.281895399,211,20064,0.100113750,100.304,14051,6013,-0.319414,-0.940721,1.237276,0.105494,-0.039000,-0.098000,0.002000,0.127538,0.040000,-0.121000,0.005000
946686425519,946686425.382785439,212,19968,0.100890040,99.379,14158,5810,-0.353644,-0.947042,1.227351,0.102927,-0.087000,-0.055000,0.000000,0.109968,0.011000,-0.104000,0.034000
946686425611,946686425.481930137,213,19968,0.099144697,100.161,14183,5785,-0.345827,-0.922439,1.232739,0.100125,-0.010000,-0.095000,0.030000,0.140093,0.008000,-0.131000,0.049000
946686425717,946686425.581834316,214,19968,0.099904180,100.286,14159,5809,-0.330630,-0.937656,1.237623,0.113459,-0.022000,-0.110000,0.017000,0.127597,0.009000,-0.126000,0.018000
946686425817,946686425.681864619,215,20064,0.100030303,100.324,14303,5761,-0.349330,-0.939701,1.239003,0.101499,-0.083000,-0.058000,0.007000,0.141092,0.047000,-0.133000,0.003000
946686425911,946686425.781949878,216,19968,0.100085258,100.125,14269,5699,-0.352716,-0.984652,1.232998,0.103397,-0.071000,-0.075000,0.005000,0.121351,0.031000,-0.111000,0.038000
946686426011,946686425.881832242,217,19968,0.099882364,100.252,14165,5803,-0.335314,-0.961571,1.241709,0.100772,-0.091000,-0.043000,0.005000,0.118865,0.036000,-0.112000,0.017000
946686426111,946686425.981831908,218,19968,0.099999666,100.200,14194,5774,-0.311217,-0.951710,1.233857,0.111862,0.004000,-0.104000,0.041000,0.111862,0.004000,-0.104000,0.041000
946686426211,946686426.081780434,219,20064,0.099948525,100.286,14185,5879,-0.298227,-0.956347,1.238891,0.117520,-0.099000,-0.059000,0.023000,0.121758,0.005000,-0.120000,0.020000
946686426311,946686426.181825995,220,20064,0.100045562,100.322,14124,5940,-0.302850,-0.934339,1.235794,0.103402,-0.070000,-0.076000,0.004000,0.164003,0.042000,-0.157000,0.022000
946686426411,946686426.282797456,221,19968,0.100971460,99.361,14083,5885,-0.321198,-0.935116,1.243720,0.101040,-0.037000,-0.094000,0.002000,0.237289,0.001000,-0.217000,0.096000
946686426511,946686426.381917000,222,19968,0.099119544,100.207,14155,5813,-0.331015,-0.904406,1.233413,0.100080,-0.004000,-0.100000,0.000000,0.103373,0.011000,-0.098000,0.031000
946686426617,946686426.481871724,223,19968,0.099954724,100.250,14218,5750,-0.347826,-0.932412,1.235027,0.099765,-0.087000,-0.040000,0.028000,0.122911,0.005000,-0.121000,0.021000
946686426711,946686426.581861854,224,19968,0.099990129,100.213,14181,5787,-0.356133,-0.952660,1.244840,0.117427,0.046000,-0.108000,0.003000,0.117427,0.046000,-0.108000,0.003000
946686426817,946686426.681814194,225,20064,0.099952340,100.273,14230,5834,-0.349799,-0.968726,1.247574,0.106822,0.011000,-0.101000,0.033000,0.106822,0.011000,-0.101000,0.033000
946686426910,946686426.781837344,226,19968,0.100023150,100.296,14202,5766,-0.328549,-0.962023,1.236205,0.099845,0.019000,-0.098000,-0.002000,0.099845,0.019000,-0.098000,-0.002000
946686427010,946686426.881885648,227,19968,0.100048304,100.132,14163,5805,-0.325912,-0.939130,1.235825,0.109183,-0.006000,-0.109000,0.002000,0.114486,0.007000,-0.113000,0.017000
946686427115,946686426.981784463,228,20064,0.099898815,100.366,14192,5872,-0.253448,-0.963827,1.248761,0.100529,-0.021000,-0.097000,0.016000,0.148953,0.017000,-0.147000,0.017000
946686427213,946686427.081902623,229,20064,0.100118160,100.277,14214,5850,-0.309379,-0.920582,1.243186,0.101887,-0.090000,-0.045000,0.016000,0.104637,0.004000,-0.103000,0.018000
946686427309,946686427.182686329,230,19968,0.100783706,99.496,14143,5825,-0.324986,-0.919002,1.248299,0.099126,-0.005000,-0.099000,0.000000,0.127267,0.028000,-0.122000,0.023000
946686427409,946686427.281943917,231,19968,0.099257588,100.158,14123,5845,-0.318834,-0.920394,1.248775,0.106184,-0.093000,-0.051000,0.005000,0.177803,0.002000,-0.163000,0.071000
946686427509,946686427.381862760,232,19968,0.099918842,100.235,14188,5780,-0.352178,-0.892664,1.251439,0.115139,-0.022000,-0.113000,-0.002000,0.212546,0.020000,-0.210000,0.026000
946686427609,946686427.481845140,233,20064,0.099982381,100.341,14232,5832,-0.381100,-0.923535,1.246425,0.102942,-0.015000,-0.096000,0.034000,0.121083,0.004000,-0.119000,0.022000
946686427709,946686427.581945419,234,19968,0.100100279,100.191,14164,5804,-0.349915,-0.949550,1.257141,0.120739,-0.045000,-0.112000,0.003000,0.177102,0.016000,-0.175000,0.022000
946686427809,946686427.681897402,235,19968,0.099951982,100.146,14161,5807,-0.318782,-0.961069,1.254722,0.103238,-0.064000,-0.081000,-0.001000,0.129124,0.014000,-0.114000,0.059000
946686427929,946686427.781799078,236,19968,0.099901676,100.262,14203,5765,-0.337011,-0.965436,1.244575,0.100464,0.006000,-0.099000,0.016000,0.100464,0.006000,-0.099000,0.016000
946686428017,946686427.881810188,237,20064,0.100011110,100.305,14229,5835,-0.304823,-0.961008,1.242375,0.100030,0.013000,-0.099000,0.006000,0.100030,0.013000,-0.099000,0.006000
946686428109,946686427.981860518,238,19968,0.100050330,100.192,14096,5872,-0.284817,-0.927350,1.263362,0.103446,-0.084000,-0.027000,0.054000,0.179939,0.056000,-0.171000,-0.001000
946686428209,946686428.081802011,239,20064,0.099941492,100.362,14226,5838,-0.335556,-0.906930,1.263690,0.113296,-0.108000,-0.034000,-0.004000,0.115382,0.011000,-0.114000,0.014000
946686428311,946686428.181924224,240,19968,0.100122213,100.168,14115,5853,-0.343502,-0.922691,1.256369,0.114337,0.024000,-0.104000,0.041000,0.114337,0.024000,-0.104000,0.041000
946686428412,946686428.281845689,241,20064,0.099921465,100.385,14269,5795,-0.341484,-0.888889,1.244815,0.104159,-0.030000,-0.090000,0.043000,0.107355,0.008000,-0.106000,0.015000
946686428510,946686428.382694960,242,19968,0.100849271,99.499,14107,5861,-0.324705,-0.912634,1.256041,0.112294,-0.060000,-0.093000,0.019000,0.206533,0.076000,-0.192000,0.004000
946686428615,946686428.481948376,243,19968,0.099253416,100.198,14252,5716,-0.367156,-0.940955,1.251269,0.112597,-0.107000,-0.035000,0.002000,0.121807,0.050000,-0.111000,0.004000
946686428709,946686428.581893325,244,19968,0.099944949,100.221,14192,5776,-0.353702,-0.956374,1.252832,0.104786,0.000000,-0.096000,0.042000,0.110941,0.048000,-0.098000,0.020000
946686428815,946686428.681861758,245,20064,0.099968433,100.324,14213,5851,-0.298562,-1.001021,1.250605,0.104178,0.010000,-0.103000,0.012000,0.104178,0.010000,-0.103000,0.012000
946686428909,946686428.781947255,246,19968,0.100085497,100.187,14221,5747,-0.301560,-0.932165,1.249810,0.108743,-0.014000,-0.102000,0.035000,0.117941,0.005000,-0.102000,0.059000
946686429009,946686428.881885171,247,20064,0.099937916,100.290,14213,5851,-0.294322,-0.944290,1.248169,0.100050,-0.003000,-0.100000,-0.001000,0.152614,0.001000,-0.149000,0.033000
946686429109,946686428.982735872,248,19872,0.100850701,99.305,14156,5716,-0.323033,-0.922104,1.263497,0.103489,0.045000,-0.093000,0.006000,0.103489,0.045000,-0.093000,0.006000
946686429229,946686429.081794143,249,20064,0.099058270,100.322,14140,5924,-0.296987,-0.911375,1.256324,0.101218,-0.094000,-0.028000,0.025000,0.112370,0.009000,-0.111000,0.015000
946686429309,946686429.181872487,250,19968,0.100078344,100.246,14165,5803,-0.321185,-0.934365,1.265501,0.110132,0.023000,-0.100000,0.040000,0.110132,0.023000,-0.100000,0.040000
946686429410,946686429.281871915,251,20064,0.099999428,100.291,14307,5757,-0.381040,-0.885599,1.244446,0.102635,0.021000,-0.093000,0.038000,0.102635,0.021000,-0.093000,0.038000
946686429510,946686429.381909609,252,19968,0.100037694,100.243,14093,5875,-0.331247,-0.944395,1.253057,0.106701,-0.100000,-0.032000,0.019000,0.115694,0.018000,-0.110000,0.031000
946686429609,946686429.481914639,253,19968,0.100005031,100.137,14157,5811,-0.317522,-0.943664,1.257375,0.121466,-0.013000,-0.107000,0.056000,0.133667,0.025000,-0.121000,0.051000
946686429719,946686429.581810713,254,20064,0.099896073,100.396,14273,5791,-0.361916,-0.995217,1.244954,0.101755,-0.088000,-0.051000,0.003000,0.171286,0.013000,-0.161000,0.057000
946686429815,946686429.681963205,255,19968,0.100152493,100.202,14134,5834,-0.315964,-0.959481,1.258142,0.112383,-0.091000,-0.050000,0.043000,0.124342,0.030000,-0.119000,0.020000
946686429909,946686429.781915307,256,19968,0.099952102,100.218,14076,5892,-0.294373,-0.928825,1.255662,0.130246,-0.058000,-0.116000,0.012000,0.163918,0.020000,-0.162000,0.015000
946686430011,946686429.881878376,257,20064,0.099963069,100.287,14171,5893,-0.291584,-0.944746,1.244985,0.105627,-0.034000,-0.100000,-0.001000,0.160835,0.030000,-0.158000,-0.002000
946686430129,946686429.981911063,258,19968,0.100032687,100.169,14094,5874,-0.323811,-0.920305,1.246148,0.100225,0.010000,-0.099000,0.012000,0.100225,0.010000,-0.099000,0.012000
946686430209,946686430.081837893,259,19968,0.099926829,100.282,14109,5859,-0.338807,-0.921917,1.245532,0.123081,-0.002000,-0.112000,0.051000,0.133364,0.019000,-0.127000,0.036000
946686430309,946686430.181872845,260,20064,0.100034952,100.300,14179,5885,-0.328707,-0.907126,1.243782,0.115603,-0.016000,-0.108000,0.038000,0.149927,0.017000,-0.142000,0.045000
946686430409,946686430.282723069,261,19968,0.100850224,99.435,14225,5743,-0.353435,-0.903283,1.240724,0.103078,-0.004000,-0.103000,0.000000,0.168793,0.049000,-0.161000,0.013000
946686430509,946686430.381903648,262,19968,0.099180579,100.265,14109,5859,-0.358275,-0.954421,1.247564,0.100270,-0.063000,-0.078000,-0.001000,0.142913,0.022000,-0.136000,0.038000
946686430610,946686430.481923223,263,20064,0.100019574,100.295,14199,5865,-0.368167,-0.976447,1.255067,0.105764,-0.076000,-0.073000,0.009000,0.132699,0.017000,-0.126000,0.038000
946686430709,946686430.581970572,264,19968,0.100047350,100.156,14139,5829,-0.315811,-0.933291,1.240382,0.115386,-0.103000,-0.052000,0.001000,0.126388,0.030000,-0.115000,0.043000
946686430829,946686430.681880713,265,19968,0.099910140,100.228,14215,5753,-0.320397,-0.961992,1.238694,0.107355,-0.047000,-0.096000,0.010000,0.197411,0.037000,-0.159000,0.111000
946686430922,946686430.781858683,266,19968,0.099977970,100.231,14120,5848,-0.272043,-0.946248,1.243823,0.100618,-0.018000,-0.098000,0.014000,0.212483,0.077000,-0.198000,0.004000
946686431023,946686430.881835461,267,20064,0.099976778,100.262,14169,5895,-0.313600,-0.937127,1.239036,0.103349,-0.094000,-0.009000,0.042000,0.174843,0.005000,-0.172000,0.031000
946686431109,946686430.981850743,268,19968,0.100015283,100.249,14131,5837,-0.339122,-0.941156,1.235055,0.127879,0.006000,-0.126000,0.021000,0.127879,0.006000,-0.126000,0.021000
946686431209,946686431.081852436,269,20064,0.100001693,100.349,14130,5934,-0.326582,-0.937718,1.233468,0.100822,-0.096000,-0.030000,0.007000,0.124523,0.011000,-0.123000,0.016000
946686431309,946686431.181956410,270,19968,0.100103974,100.194,14193,5775,-0.351886,-0.918062,1.236382,0.101518,-0.091000,-0.045000,0.000000,0.107508,0.025000,-0.103000,0.018000
946686431409,946686431.281895518,271,19968,0.099939108,100.285,14197,5771,-0.329208,-0.934031,1.229702,0.100389,-0.087000,-0.050000,0.003000,0.267526,0.120000,-0.239000,0.007000
946686431529,946686431.381926894,272,19968,0.100031376,100.141,14224,5744,-0.375518,-0.949992,1.248696,0.102908,0.010000,-0.091000,0.047000,0.102908,0.010000,-0.091000,0.047000
946686431609,946686431.481826901,273,20064,0.099900007,100.290,14244,5820,-0.330743,-0.971340,1.239789,0.107541,-0.094000,-0.052000,0.005000,0.112312,0.037000,-0.106000,0.003000
946686431709,946686431.581866622,274,19968,0.100039721,100.281,14152,5816,-0.319351,-0.961461,1.231706,0.099539,-0.088000,-0.042000,0.020000,0.104575,0.006000,-0.098000,0.036000
946686431817,946686431.681904793,275,19872,0.100038171,99.418,14163,5709,-0.336517,-0.937231,1.228806,0.107224,-0.036000,-0.101000,0.000000,0.209442,0.064000,-0.199000,0.013000
946686431910,946686431.781030893,276,20160,0.099126101,101.153,14266,5894,-0.293237,-0.941776,1.242414,0.100364,0.050000,-0.087000,-0.002000,0.100364,0.050000,-0.087000,-0.002000
946686432009,946686431.881945491,277,20064,0.100914598,100.260,14057,6007,-0.337891,-0.957597,1.237696,0.098778,-0.019000,-0.090000,0.036000,0.112406,0.001000,-0.103000,0.045000
946686432109,946686431.982759476,278,19968,0.100813985,99.415,14114,5854,-0.357552,-0.931653,1.227575,0.103605,-0.043000,-0.094000,0.007000,0.109859,0.016000,-0.098000,0.047000
946686432209,946686432.081932664,279,19968,0.099173188,100.222,14226,5742,-0.361749,-0.937043,1.238809,0.104408,0.006000,-0.103000,0.016000,0.104408,0.006000,-0.103000,0.016000
946686432309,946686432.181914449,280,19968,0.099981785,100.245,14137,5831,-0.338371,-0.940477,1.232307,0.099975,-0.089000,-0.045000,0.007000,0.171388,0.087000,-0.147000,0.014000
946686432418,946686432.281910539,281,20064,0.099996090,100.328,14251,5813,-0.358709,-0.957683,1.232201,0.107271,0.009000,-0.101000,0.035000,0.107271,0.009000,-0.101000,0.035000
946686432509,946686432.382003307,282,19968,0.100092769,100.152,14150,5818,-0.349941,-0.985394,1.233034,0.099684,0.003000,-0.098000,0.018000,0.099684,0.003000,-0.098000,0.018000
946686432609,946686432.481913805,283,19968,0.099910498,100.197,14080,5888,-0.327676,-0.985787,1.235382,0.107745,0.030000,-0.103000,0.010000,0.107745,0.030000,-0.103000,0.010000
946686432709,946686432.581865072,284,20064,0.099951267,100.343,14232,5832,-0.307566,-0.975376,1.239345,0.099242,-0.070000,-0.070000,0.007000,0.203027,0.066000,-0.192000,0.000000
946686432809,946686432.682770848,285,19968,0.100905776,99.426,14136,5832,-0.340147,-0.948797,1.224043,0.110055,-0.036000,-0.104000,0.000000,0.124354,0.024000,-0.122000,-0.002000
946686432909,946686432.781955481,286,19968,0.099184632,100.217,14076,5892,-0.328510,-0.958674,1.228087,0.104709,0.050000,-0.092000,0.000000,0.104709,0.050000,-0.092000,0.000000
946686433009,946686432.881945729,287,20064,0.099990249,100.280,14135,5929,-0.338370,-0.929380,1.237191,0.101262,-0.070000,-0.073000,0.005000,0.159881,0.028000,-0.153000,0.037000
946686433117,946686432.981980681,288,19968,0.100034952,100.165,14125,5843,-0.357272,-0.932501,1.241853,0.102347,-0.087000,-0.041000,0.035000,0.126071,0.013000,-0.109000,0.062000
946686433209,946686433.081890583,289,19968,0.099909902,100.249,14183,5785,-0.349702,-0.976756,1.222260,0.101361,-0.067000,-0.076000,0.003000,0.112392,0.010000,-0.106000,0.036000
946686433310,946686433.181888223,290,20064,0.099997640,100.362,14070,5994,-0.369814,-0.979364,1.224846,0.125901,-0.111000,-0.059000,0.007000,0.127138,0.042000,-0.120000,0.000000
946686433423,946686433.281996012,291,19968,0.100107789,100.149,14072,5896,-0.346109,-0.975257,1.230899,0.116185,-0.081000,-0.083000,0.007000,0.183401,0.082000,-0.164000,0.004000
946686433515,946686433.381897926,292,20064,0.099901915,100.381,14199,5865,-0.334025,-0.953567,1.241089,0.100772,-0.095000,-0.029000,0.017000,0.103421,0.006000,-0.102000,0.016000
946686433609,946686433.482804775,293,19968,0.100906849,99.426,14165,5803,-0.324098,-0.972652,1.231293,0.103000,0.013000,-0.102000,0.006000,0.103000,0.013000,-0.102000,0.006000
946686433715,946686433.581984282,294,19968,0.099179506,100.237,14082,5886,-0.318507,-0.945664,1.225045,0.105669,-0.095000,-0.046000,0.005000,0.107745,0.018000,-0.103000,0.026000
946686433809,946686433.681975007,295,19968,0.099990726,100.161,14181,5787,-0.337221,-0.944616,1.228087,0.113142,-0.100000,-0.049000,0.020000,0.130096,0.018000,-0.124000,0.035000
946686433909,946686433.781887174,296,20064,0.099912167,100.328,14319,5745,-0.353772,-0.952027,1.235846,0.099287,-0.052000,-0.077000,0.035000,0.100469,0.043000,-0.089000,0.018000
946686434009,946686433.881968021,297,19968,0.100080848,100.204,14103,5865,-0.382143,-0.957536,1.235406,0.118021,0.037000,-0.112000,0.004000,0.118021,0.037000,-0.112000,0.004000
946686434109,946686433.981916189,298,19968,0.099948168,100.244,14029,5939,-0.323663,-0.973583,1.230407,0.116043,-0.021000,-0.113000,0.016000,0.119687,0.055000,-0.106000,0.008000
946686434223,946686434.081921101,299,20064,0.100004911,100.293,14288,5776,-0.353087,-0.967110,1.227783,0.099970,0.012000,-0.099000,0.007000,0.099970,0.012000,-0.099000,0.007000
946686434331,946686434.181956768,300,19392,0.100035667,102.236,13613,5779,-0.316076,-1.013737,1.197583,0.099509,-0.010000,-0.099000,0.001000,0.114778,0.013000,-0.102000,0.051000
946686434416,946686434.284066319,301,20544,0.102109551,98.029,14539,6005,-0.353716,-0.941714,1.257947,0.101760,0.015000,-0.091000,0.043000,0.101760,0.015000,-0.091000,0.043000
946686434517,946686434.381837487,302,19968,0.097771168,100.277,14151,5817,-0.321085,-0.966392,1.234420,0.102220,0.019000,-0.098000,0.022000,0.102220,0.019000,-0.098000,0.022000
946686434609,946686434.481842875,303,20064,0.100005388,100.363,14294,5770,-0.322218,-0.956130,1.228781,0.110386,-0.037000,-0.104000,0.000000,0.127381,0.039000,-0.121000,0.008000
946686434719,946686434.581953406,304,19968,0.100110531,100.215,14063,5905,-0.362164,-0.956715,1.229757,0.109663,-0.089000,-0.064000,-0.003000,0.116353,0.012000,-0.115000,0.013000
946686434810,946686434.681924939,305,20064,0.099971533,100.276,14143,5921,-0.326594,-0.938450,1.232400,0.109554,-0.097000,-0.048000,0.017000,0.133761,0.012000,-0.132000,0.018000
946686434909,946686434.782751799,306,19968,0.100826859,99.473,14192,5776,-0.349453,-0.952107,1.225621,0.113547,-0.038000,-0.107000,0.000000,0.164988,0.036000,-0.158000,0.031000
946686435012,946686434.881975293,307,19968,0.099223495,100.235,14114,5854,-0.379818,-0.961398,1.226902,0.103875,-0.098000,-0.031000,0.015000,0.107522,0.008000,-0.101000,0.036000
946686435115,946686434.981960773,308,20064,0.099985480,100.218,14109,5955,-0.360343,-0.965758,1.236401,0.100772,-0.091000,-0.043000,0.005000,0.273410,0.022000,-0.270000,0.037000
946686435210,946686435.082758665,309,19968,0.100797892,99.393,14143,5825,-0.328706,-0.974634,1.231754,0.099373,-0.085000,-0.025000,0.045000,0.136770,0.009000,-0.135000,0.020000
946686435313,946686435.181904793,310,19968,0.099146128,100.240,14190,5778,-0.338258,-0.976743,1.223966,0.101558,0.029000,-0.097000,0.008000,0.101558,0.029000,-0.097000,0.008000
946686435411,946686435.281903148,311,20064,0.099998355,100.376,14234,5830,-0.289504,-0.956171,1.231845,0.104542,-0.077000,-0.070000,0.010000,0.110173,0.001000,-0.101000,0.044000
946686435509,946686435.382024288,312,19968,0.100121140,100.071,14037,5931,-0.337106,-0.941936,1.230502,0.099860,-0.084000,-0.054000,0.000000,0.115434,0.038000,-0.109000,0.000000
946686435616,946686435.481860399,313,20064,0.099836111,100.377,14172,5892,-0.360285,-0.960320,1.228119,0.106118,-0.005000,-0.106000,0.000000,0.107680,0.025000,-0.103000,0.019000
946686435713,946686435.582744122,314,19968,0.100883722,99.506,14141,5827,-0.334566,-0.930590,1.227198,0.103015,0.012000,-0.102000,0.008000,0.103015,0.012000,-0.102000,0.008000
946686435813,946686435.682003498,315,19968,0.099259377,100.172,14147,5821,-0.339267,-0.931361,1.234063,0.106911,-0.074000,-0.077000,0.005000,0.117192,0.010000,-0.097000,0.065000
946686435913,946686435.781916618,316,19968,0.099913120,100.286,14204,5764,-0.356546,-0.940701,1.230578,0.106986,-0.009000,-0.102000,0.031000,0.107508,0.019000,-0.091000,0.054000
946686436013,946686435.881958842,317,20064,0.100042224,100.261,14264,5800,-0.335347,-0.956783,1.236822,0.110675,-0.093000,-0.060000,0.000000,0.142976,0.007000,-0.133000,0.052000
946686436113,946686435.981970429,318,19968,0.100011587,100.199,14183,5785,-0.317222,-0.952927,1.243147,0.108167,0.036000,-0.102000,0.000000,0.108167,0.036000,-0.102000,0.000000
946686436219,946686436.081926346,319,19968,0.099955916,100.210,14258,5710,-0.338829,-0.964611,1.234060,0.111432,-0.040000,-0.104000,0.001000,0.112178,0.054000,-0.098000,0.008000
946686436311,946686436.181889772,320,19968,0.099963427,100.197,14131,5837,-0.331480,-0.967130,1.230994,0.107173,-0.006000,-0.107000,0.001000,0.250691,0.122000,-0.219000,-0.001000
946686436417,946686436.281836390,321,20064,0.099946618,100.291,14105,5959,-0.295849,-0.947257,1.239672,0.098676,0.012000,-0.088000,0.043000,0.098676,0.012000,-0.088000,0.043000
946686436514,946686436.381890297,322,20064,0.100053906,100.351,14205,5859,-0.332315,-0.925432,1.239328,0.108079,-0.004000,-0.108000,-0.001000,0.125427,0.020000,-0.106000,0.064000
946686436613,946686436.482733846,323,19968,0.100843549,99.518,14184,5784,-0.362728,-0.947215,1.232767,0.099423,0.005000,-0.098000,0.016000,0.099423,0.005000,-0.098000,0.016000
946686436714,946686436.582003474,324,19968,0.099269629,100.190,14159,5809,-0.334463,-0.921404,1.242204,0.116456,-0.012000,-0.103000,0.053000,0.119369,0.018000,-0.095000,0.070000
946686436813,946686436.681940198,325,19968,0.099936724,100.245,14171,5797,-0.345326,-0.932300,1.244828,0.101479,-0.080000,-0.053000,0.033000,0.122678,0.020000,-0.117000,0.031000
946686436916,946686436.781938076,326,19968,0.099997878,100.252,14261,5707,-0.363418,-0.954452,1.235092,0.099830,0.019000,-0.098000,-0.001000,0.099830,0.019000,-0.098000,-0.001000
946686437013,946686436.881945491,327,20064,0.100007415,100.230,14207,5857,-0.358887,-1.003252,1.241063,0.099020,-0.061000,-0.078000,0.000000,0.176958,0.017000,-0.167000,0.056000
946686437113,946686436.981937528,328,19968,0.099992037,100.240,14158,5810,-0.326902,-0.953146,1.249871,0.119285,-0.022000,-0.116000,0.017000,0.143715,0.027000,-0.130000,0.055000
946686437213,946686437.081926107,329,20064,0.099988580,100.344,14286,5778,-0.258241,-0.931529,1.245674,0.108784,-0.095000,-0.045000,0.028000,0.114900,0.036000,-0.109000,0.005000
946686437312,946686437.182025671,330,19968,0.100099564,100.106,14038,5930,-0.351449,-0.946787,1.248297,0.103436,0.045000,-0.093000,0.005000,0.103436,0.045000,-0.093000,0.005000
946686437413,946686437.281893015,331,20064,0.099867344,100.383,14193,5871,-0.325189,-0.904221,1.245850,0.120271,-0.007000,-0.120000,0.004000,0.138051,0.027000,-0.125000,0.052000
946686437514,946686437.382687688,332,19968,0.100794673,99.536,14116,5852,-0.321319,-0.927496,1.246416,0.100230,0.011000,-0.095000,0.030000,0.100230,0.011000,-0.095000,0.030000
946686437613,946686437.481979012,333,19968,0.099291325,100.193,14189,5779,-0.359117,-0.944900,1.240320,0.107731,0.006000,-0.101000,0.037000,0.107731,0.006000,-0.101000,0.037000
946686437713,946686437.581922293,334,19968,0.099943280,100.233,14185,5783,-0.368173,-0.906431,1.251434,0.102470,-0.086000,-0.052000,0.020000,0.170918,0.050000,-0.163000,0.012000
946686437814,946686437.681896925,335,20064,0.099974632,100.370,14260,5804,-0.355219,-0.948253,1.254237,0.100310,0.006000,-0.099000,0.015000,0.100310,0.006000,-0.099000,0.015000
946686437913,946686437.782022476,336,19968,0.100125551,100.180,14223,5745,-0.346945,-0.961041,1.252029,0.100827,0.002000,-0.099000,0.019000,0.100827,0.002000,-0.099000,0.019000
946686438014,946686437.881954551,337,20064,0.099932075,100.343,14239,5825,-0.327380,-0.983150,1.247785,0.100866,0.002000,-0.093000,0.039000,0.100866,0.002000,-0.093000,0.039000
946686438113,946686437.982753992,338,19968,0.100799441,99.501,14091,5877,-0.286622,-0.953213,1.253864,0.107187,-0.096000,-0.047000,0.008000,0.110227,0.015000,-0.105000,0.030000
946686438212,946686438.082002282,339,19968,0.099248290,100.142,14141,5827,-0.309064,-0.941826,1.250898,0.107117,-0.005000,-0.107000,0.000000,0.125563,0.058000,-0.099000,0.051000
946686438314,946686438.181893349,340,19968,0.099891067,100.278,14178,5790,-0.353771,-0.932429,1.256504,0.113947,-0.098000,-0.058000,0.004000,0.125108,0.026000,-0.120000,0.024000
946686438414,946686438.281937361,341,20064,0.100044012,100.330,14177,5887,-0.295324,-0.922529,1.241484,0.102903,-0.037000,-0.096000,0.002000,0.133008,0.029000,-0.121000,0.047000
946686438515,946686438.382023692,342,19968,0.100086331,100.165,14098,5870,-0.327163,-0.922412,1.259587,0.104207,-0.089000,-0.043000,0.033000,0.105380,0.008000,-0.104000,0.015000
946686438617,946686438.481943607,343,20064,0.099919915,100.312,14289,5775,-0.344211,-0.914965,1.239185,0.099624,-0.033000,-0.094000,0.000000,0.125702,0.014000,-0.119000,0.038000
946686438714,946686438.582780838,344,19968,0.100837231,99.467,14215,5753,-0.364567,-0.933116,1.244628,0.100404,-0.084000,-0.055000,0.000000,0.103397,0.023000,-0.099000,0.019000
946686438813,946686438.681995392,345,19968,0.099214554,100.181,14148,5820,-0.339422,-0.966931,1.261305,0.102098,-0.006000,-0.098000,0.028000,0.106184,0.009000,-0.105000,0.013000
946686438913,946686438.781935215,346,19968,0.099939823,100.256,14200,5768,-0.333378,-0.948797,1.253866,0.100045,-0.072000,-0.069000,0.008000,0.190373,0.035000,-0.171000,0.076000
946686439017,946686438.881943703,347,20064,0.100008488,100.368,14269,5795,-0.328122,-1.000814,1.243777,0.103179,0.039000,-0.094000,0.017000,0.103179,0.039000,-0.094000,0.017000
946686439112,946686438.982068062,348,19968,0.100124359,100.156,14227,5741,-0.304621,-0.938544,1.243939,0.107299,0.009000,-0.106000,0.014000,0.107299,0.009000,-0.106000,0.014000
946686439211,946686439.081987858,349,20064,0.099919796,100.256,14089,5975,-0.277476,-0.955358,1.259707,0.102708,-0.072000,-0.073000,0.006000,0.109900,0.027000,-0.105000,0.018000
946686439311,946686439.182854414,350,19968,0.100866556,99.380,14106,5862,-0.313990,-0.933931,1.265369,0.106024,-0.088000,-0.056000,0.019000,0.117239,0.022000,-0.106000,0.045000
946686439412,946686439.281986952,351,19968,0.099132538,100.198,14116,5852,-0.334320,-0.928238,1.256976,0.106747,0.003000,-0.105000,0.019000,0.106747,0.003000,-0.105000,0.019000
946686439514,946686439.381937385,352,19968,0.099950433,100.191,14162,5806,-0.315971,-0.910170,1.246807,0.103213,-0.091000,-0.046000,0.016000,0.127617,0.011000,-0.126000,0.017000
946686439613,946686439.481882453,353,20064,0.099945068,100.383,14234,5830,-0.353313,-0.897947,1.242608,0.099247,-0.060000,-0.079000,-0.003000,0.128627,0.014000,-0.107000,0.070000
946686439712,946686439.582020402,354,19968,0.100137949,100.212,14212,5756,-0.345606,-0.937096,1.257226,0.103716,0.020000,-0.094000,0.039000,0.103716,0.020000,-0.094000,0.039000
946686439816,946686439.681982517,355,19968,0.099962115,100.224,14205,5763,-0.374242,-0.944505,1.246757,0.099025,0.030000,-0.091000,0.025000,0.099025,0.030000,-0.091000,0.025000
946686439916,946686439.781952500,356,20064,0.099969983,100.340,14192,5872,-0.335591,-0.989610,1.245514,0.102888,-0.019000,-0.100000,0.015000,0.107452,0.024000,-0.103000,0.019000
946686440013,946686439.882061243,357,19968,0.100108743,100.142,14178,5790,-0.340264,-0.949842,1.251834,0.115646,0.035000,-0.110000,0.007000,0.115646,0.035000,-0.110000,0.007000
946686440114,946686439.981955886,358,19968,0.099894643,100.247,14214,5754,-0.280880,-0.956227,1.239083,0.101917,-0.045000,-0.091000,0.009000,0.107098,0.021000,-0.105000,-0.002000
946686440213,946686440.081948638,359,20064,0.099992752,100.264,14157,5907,-0.297646,-0.926670,1.251151,0.104259,0.013000,-0.099000,0.030000,0.104259,0.013000,-0.099000,0.030000
946686440314,946686440.181974769,360,19968,0.100026131,100.163,14187,5781,-0.303113,-0.909661,1.248193,0.102474,-0.014000,-0.096000,0.033000,0.139675,0.017000,-0.124000,0.062000
946686440412,946686440.281902194,361,19968,0.099927425,100.254,14097,5871,-0.339788,-0.930036,1.240559,0.101198,-0.032000,-0.096000,-0.001000,0.209757,0.017000,-0.197000,0.070000
946686440516,946686440.381912827,362,20064,0.100010633,100.373,14291,5773,-0.386521,-0.901693,1.241117,0.100469,-0.089000,-0.043000,0.018000,0.121153,0.041000,-0.114000,0.001000
946686440614,946686440.482028246,363,19968,0.100115418,100.254,14130,5838,-0.364067,-0.944782,1.245265,0.100573,-0.069000,-0.073000,0.005000,0.131807,0.052000,-0.115000,0.038000
946686440712,946686440.582026958,364,19968,0.099998713,100.211,14185,5783,-0.339477,-0.944909,1.242544,0.099086,-0.088000,-0.043000,0.015000,0.099629,0.033000,-0.094000,0.001000
946686440815,946686440.681994915,365,20064,0.099967957,100.234,14303,5761,-0.353028,-0.978033,1.241167,0.113657,-0.095000,-0.062000,0.007000,0.128460,0.001000,-0.126000,0.025000
946686440913,946686440.782761574,366,19968,0.100766659,99.475,14197,5771,-0.320397,-0.967412,1.244884,0.102245,-0.077000,-0.066000,0.013000,0.119243,0.015000,-0.113000,0.035000
946686441014,946686440.881993175,367,19968,0.099231601,100.207,14206,5762,-0.298611,-0.950760,1.240821,0.103155,-0.040000,-0.095000,0.004000,0.104216,0.032000,-0.099000,0.006000
946686441112,946686440.981958866,368,19968,0.099965692,100.183,14182,5786,-0.304007,-0.945704,1.239418,0.099363,-0.094000,-0.029000,0.014000,0.117958,0.023000,-0.107000,0.044000
946686441213,946686441.081891537,369,20064,0.099932671,100.223,14171,5893,-0.352234,-0.957555,1.239816,0.116056,-0.112000,-0.030000,0.005000,0.159264,0.050000,-0.151000,0.008000
946686441313,946686441.181874514,370,19968,0.099982977,100.311,14052,5916,-0.330057,-0.955285,1.233511,0.100588,-0.071000,-0.071000,0.006000,0.126846,0.041000,-0.120000,0.003000
946686441413,946686441.281937003,371,20064,0.100062490,100.346,14235,5829,-0.349732,-0.906115,1.239578,0.107634,-0.074000,-0.078000,0.005000,0.200462,0.036000,-0.192000,0.045000
946686441513,946686441.382029653,372,19968,0.100092649,100.211,14195,5773,-0.371002,-0.936212,1.236025,0.107075,-0.070000,-0.081000,0.002000,0.171067,0.004000,-0.168000,0.032000
946686441614,946686441.481989264,373,19968,0.099959612,100.224,14087,5881,-0.341188,-0.949646,1.228757,0.100310,-0.079000,-0.061000,0.010000,0.115022,0.029000,-0.110000,0.017000
946686441712,946686441.581969142,374,20064,0.099979877,100.322,14272,5792,-0.341076,-0.965843,1.245311,0.099810,-0.093000,-0.017000,0.032000,0.241406,0.033000,-0.202000,0.128000
946686441813,946686441.682049155,375,19968,0.100080013,100.168,14109,5859,-0.327735,-0.965968,1.232169,0.105953,-0.088000,-0.059000,-0.001000,0.117320,0.008000,-0.110000,0.040000
946686441914,946686441.781982780,376,19968,0.099933624,100.246,14192,5776,-0.330624,-0.959406,1.233124,0.113671,-0.091000,-0.052000,0.044000,0.129244,0.016000,-0.128000,0.008000
946686442014,946686441.881980181,377,20064,0.099997401,100.328,14250,5814,-0.285806,-0.955627,1.240190,0.103446,0.018000,-0.099000,0.024000,0.103446,0.018000,-0.099000,0.024000
946686442113,946686441.982066035,378,19968,0.100085855,100.107,14128,5840,-0.327778,-0.935418,1.231964,0.099644,-0.018000,-0.098000,-0.001000,0.104106,0.014000,-0.099000,0.029000
946686442214,946686442.081938267,379,20064,0.099872231,100.267,14165,5899,-0.353312,-0.962952,1.234820,0.103465,0.051000,-0.090000,-0.002000,0.103465,0.051000,-0.090000,-0.002000
946686442313,946686442.182873011,380,19968,0.100934744,99.370,14190,5778,-0.360411,-0.933557,1.239422,0.101361,0.017000,-0.097000,0.024000,0.101361,0.017000,-0.097000,0.024000
946686442416,946686442.281995416,381,19968,0.099122405,100.221,14121,5847,-0.341472,-0.958540,1.236101,0.115052,-0.111000,-0.030000,0.004000,0.182412,0.003000,-0.168000,0.071000
946686442513,946686442.381958246,382,19968,0.099962831,100.230,14056,5912,-0.342680,-0.965276,1.224716,0.099086,-0.001000,-0.099000,0.004000,0.115035,0.014000,-0.109000,0.034000
946686442613,946686442.481929421,383,20064,0.099971175,100.365,14205,5859,-0.368552,-0.980695,1.236531,0.100100,-0.004000,-0.098000,0.020000,0.238137,0.016000,-0.223000,0.082000
946686442713,946686442.582050204,384,19968,0.100120783,100.184,14090,5878,-0.336203,-0.963812,1.234734,0.101336,-0.067000,-0.076000,0.002000,0.107285,0.007000,-0.106000,0.015000
946686442816,946686442.681990027,385,20064,0.099939823,100.326,14235,5829,-0.305604,-0.964158,1.245855,0.101651,0.027000,-0.098000,0.000000,0.101651,0.027000,-0.098000,0.000000
946686442913,946686442.782844901,386,19872,0.100854874,99.326,14028,5844,-0.348915,-0.971697,1.215299,0.107173,-0.013000,-0.106000,0.009000,0.121466,0.053000,-0.109000,0.008000
946686443014,946686442.881917715,387,20064,0.099072814,100.364,14134,5930,-0.341767,-0.965487,1.233230,0.100846,-0.076000,-0.065000,0.013000,0.217920,0.056000,-0.208000,0.033000
946686443113,946686442.982037425,388,20064,0.100119710,100.294,14197,5867,-0.318315,-0.924782,1.235393,0.108669,-0.096000,-0.048000,0.017000,0.167994,0.015000,-0.166000,0.021000
946686443213,946686443.082821250,389,19968,0.100783825,99.484,14111,5857,-0.345931,-0.942578,1.231252,0.107638,-0.101000,-0.032000,0.019000,0.124032,0.004000,-0.122000,0.022000
946686443314,946686443.182046056,390,19968,0.099224806,100.210,14172,5796,-0.367831,-0.974042,1.234865,0.099267,-0.065000,-0.075000,0.002000,0.099870,0.043000,-0.090000,0.005000
946686443412,946686443.281998634,391,20064,0.099952579,100.318,14147,5917,-0.329597,-0.954062,1.219678,0.107061,-0.094000,-0.015000,0.049000,0.130488,0.021000,-0.125000,0.031000
946686443514,946686443.382806540,392,19968,0.100807905,99.453,14153,5815,-0.333995,-0.967725,1.229965,0.099870,-0.097000,-0.023000,0.006000,0.101059,0.031000,-0.096000,0.006000
946686443614,946686443.482018471,393,19968,0.099211931,100.230,14111,5857,-0.351750,-0.992777,1.235603,0.107545,-0.009000,-0.107000,0.006000,0.137528,0.061000,-0.123000,0.008000
946686443713,946686443.582002640,394,19968,0.099984169,100.159,14070,5898,-0.342485,-0.964853,1.232590,0.099207,0.012000,-0.083000,0.053000,0.099207,0.012000,-0.083000,0.053000
946686443813,946686443.681915522,395,19968,0.099912882,100.209,14143,5825,-0.345369,-0.975790,1.224757,0.108407,-0.006000,-0.104000,0.030000,0.125052,0.005000,-0.123000,0.022000
946686443912,946686443.781870484,396,20064,0.099954963,100.406,14259,5805,-0.336714,-0.943750,1.231004,0.105797,-0.055000,-0.082000,0.038000,0.107084,0.001000,-0.105000,0.021000
946686444014,946686443.882035255,397,19968,0.100164771,99.742,14055,5913,-0.330600,-0.977505,1.222935,0.100464,0.011000,-0.084000,0.054000,0.100464,0.011000,-0.084000,0.054000
946686444113,946686443.981761575,398,20064,0.099726319,100.520,14276,5788,-0.352517,-0.925584,1.242601,0.102728,-0.083000,-0.060000,0.008000,0.201636,0.003000,-0.198000,0.038000
946686444212,946686444.082777500,399,19968,0.101015925,99.470,14230,5738,-0.361738,-0.943000,1.225512,0.107070,-0.090000,-0.058000,0.000000,0.107606,0.021000,-0.103000,0.023000
946686444316,946686444.181996584,400,20064,0.099219084,100.341,14124,5940,-0.353869,-0.972711,1.225387,0.107173,-0.006000,-0.107000,0.001000,0.115321,0.001000,-0.113000,0.023000
946686444412,946686444.282778382,401,19968,0.100781798,99.497,14083,5885,-0.333010,-0.965118,1.234689,0.102323,-0.013000,-0.101000,0.010000,0.155923,0.014000,-0.154000,0.020000
946686444513,946686444.382808685,402,19968,0.100030303,99.414,14164,5804,-0.344976,-0.978718,1.231722,0.105665,-0.075000,-0.074000,0.008000,0.121297,0.032000,-0.117000,0.000000
946686444616,946686444.481978893,403,19968,0.099170208,100.213,14190,5778,-0.334636,-0.967704,1.231778,0.112792,0.011000,-0.100000,0.051000,0.112792,0.011000,-0.100000,0.051000
946686444713,946686444.581937790,404,20064,0.099958897,100.388,14130,5934,-0.321587,-0.948393,1.238680,0.100583,-0.084000,-0.055000,0.006000,0.107583,0.003000,-0.099000,0.042000
946686444811,946686444.682083845,405,19968,0.100146055,100.181,14101,5867,-0.324614,-0.934993,1.233138,0.124218,-0.106000,-0.015000,0.063000,0.135351,0.044000,-0.128000,0.000000
946686444913,946686444.782014847,406,19968,0.099931002,100.141,14162,5806,-0.345276,-0.955736,1.221866,0.123102,-0.005000,-0.123000,0.000000,0.124330,0.036000,-0.119000,-0.001000
946686445014,946686444.881917715,407,20064,0.099902868,100.375,14163,5901,-0.371462,-0.937764,1.231295,0.099614,-0.011000,-0.099000,0.001000,0.105532,0.025000,-0.096000,0.036000
946686445113,946686444.982038498,408,19968,0.100120783,100.283,14083,5885,-0.333510,-0.957685,1.226642,0.104346,0.000000,-0.102000,0.022000,0.132325,0.017000,-0.111000,0.070000
946686445215,946686445.082070827,409,19968,0.100032330,100.106,14130,5838,-0.363575,-0.943778,1.234224,0.125881,-0.079000,-0.098000,-0.001000,0.171406,0.056000,-0.162000,0.000000
946686445313,946686445.181937575,410,20064,0.099866748,100.252,14323,5741,-0.362985,-0.984051,1.236887,0.104781,0.003000,-0.103000,0.019000,0.104781,0.003000,-0.103000,0.019000
946686445413,946686445.282846451,411,19968,0.100908875,99.420,14173,5795,-0.328889,-0.958311,1.232236,0.098939,-0.083000,-0.050000,0.020000,0.203472,0.018000,-0.201000,0.026000
946686445513,946686445.382022500,412,19968,0.099176049,100.236,14214,5754,-0.316717,-0.946782,1.233080,0.112614,-0.069000,-0.089000,0.000000,0.119021,0.027000,-0.114000,0.021000
946686445614,946686445.482007623,413,20064,0.099985123,100.280,14283,5781,-0.313657,-0.970316,1.239239,0.103121,-0.035000,-0.097000,0.000000,0.189465,0.012000,-0.187000,0.028000
946686445713,946686445.582043648,414,19968,0.100036025,100.134,14049,5919,-0.340969,-0.967587,1.233109,0.101297,-0.089000,-0.048000,0.006000,0.223631,0.021000,-0.221000,0.027000
946686445815,946686445.681939840,415,19968,0.099896193,100.268,14177,5791,-0.314531,-0.928019,1.236627,0.099890,-0.017000,-0.092000,0.035000,0.124455,0.033000,-0.120000,0.000000
946686445914,946686445.781968713,416,20064,0.100028872,100.331,14282,5782,-0.365107,-0.898509,1.237360,0.099725,-0.085000,-0.052000,0.004000,0.113217,0.012000,-0.107000,0.035000
946686446016,946686445.882047892,417,19968,0.100079179,100.261,14171,5797,-0.353913,-0.960852,1.231813,0.105290,-0.099000,-0.031000,0.018000,0.117085,0.012000,-0.101000,0.058000
946686446112,946686445.982064247,418,19968,0.100016356,100.182,14167,5801,-0.331602,-0.962906,1.236041,0.101494,-0.076000,-0.066000,0.013000,0.115538,0.033000,-0.106000,0.032000
946686446213,946686446.081997156,419,20064,0.099932909,100.295,14237,5827,-0.338372,-0.966295,1.245177,0.101158,-0.020000,-0.092000,0.037000,0.107429,0.007000,-0.106000,0.016000
946686446312,946686446.182043672,420,19968,0.100046515,100.221,14245,5723,-0.327317,-0.969708,1.234725,0.100404,-0.080000,-0.060000,0.009000,0.101809,0.011000,-0.088000,0.050000
946686446413,946686446.282014608,421,19968,0.099970937,100.203,14174,5794,-0.324441,-0.960523,1.233807,0.101040,-0.074000,-0.058000,0.037000,0.163025,0.016000,-0.161000,0.020000
946686446513,946686446.381968617,422,19968,0.099954009,100.234,14249,5719,-0.271926,-0.953322,1.251542,0.103218,-0.006000,-0.103000,0.003000,0.103489,0.002000,-0.095000,0.041000
946686446614,946686446.481953025,423,20064,0.099984407,100.202,14128,5936,-0.317950,-0.933502,1.245675,0.109494,0.033000,-0.100000,0.030000,0.109494,0.033000,-0.100000,0.030000
946686446713,946686446.581917644,424,19968,0.099964619,100.298,14193,5775,-0.328291,-0.943329,1.240583,0.101242,-0.035000,-0.095000,0.000000,0.124976,0.009000,-0.117000,0.043000
946686446815,946686446.681965709,425,20064,0.100048065,100.347,14208,5856,-0.345243,-0.897031,1.245445,0.102801,0.030000,-0.098000,0.008000,0.102801,0.030000,-0.098000,0.008000
946686446913,946686446.782076955,426,19968,0.100111246,100.247,14192,5776,-0.354026,-0.935950,1.236586,0.128180,-0.087000,-0.094000,0.005000,0.167943,0.083000,-0.146000,0.000000
946686447016,946686446.882066727,427,19968,0.099989772,100.213,14192,5776,-0.360820,-0.925289,1.240205,0.100901,-0.074000,-0.068000,0.009000,0.127161,0.004000,-0.125000,0.023000
946686447113,946686446.982020497,428,20064,0.099953771,100.360,14234,5830,-0.383644,-0.992204,1.242117,0.106250,0.002000,-0.098000,0.041000,0.106250,0.002000,-0.098000,0.041000
946686447214,946686447.082139492,429,19968,0.100118995,100.124,14107,5861,-0.320652,-0.966029,1.248037,0.100045,-0.072000,-0.069000,0.008000,0.101440,0.025000,-0.097000,0.016000
946686447313,946686447.182022929,430,19968,0.099883437,100.155,14143,5825,-0.319065,-0.937145,1.241215,0.099146,-0.018000,-0.091000,0.035000,0.101153,0.014000,-0.090000,0.044000
946686447413,946686447.281928658,431,20064,0.099905729,100.375,14257,5807,-0.293571,-0.975194,1.241962,0.103359,0.021000,-0.099000,0.021000,0.103359,0.021000,-0.099000,0.021000
946686447513,946686447.382063270,432,19968,0.100134611,100.146,14104,5864,-0.325255,-0.922655,1.253203,0.098783,-0.009000,-0.094000,0.029000,0.191653,0.063000,-0.181000,0.001000
946686447613,946686447.481967688,433,19968,0.099904418,100.208,14128,5840,-0.319820,-0.940052,1.247823,0.106550,-0.009000,-0.106000,0.006000,0.125092,0.020000,-0.112000,0.052000
946686447714,946686447.581931472,434,20064,0.099963784,100.400,14235,5829,-0.330788,-0.926755,1.245703,0.101395,-0.044000,-0.091000,0.008000,0.124547,0.062000,-0.108000,-0.002000
946686447816,946686447.682084560,435,19968,0.100153089,100.203,14133,5835,-0.358841,-0.920684,1.243750,0.100005,-0.074000,-0.066000,0.013000,0.124523,0.056000,-0.111000,0.007000
946686447914,946686447.782027125,436,19968,0.099942565,100.166,14113,5855,-0.348330,-0.933646,1.254838,0.100344,0.018000,-0.096000,0.023000,0.100344,0.018000,-0.096000,0.023000
946686448013,946686447.881949306,437,20064,0.099922180,100.352,14272,5792,-0.367483,-0.939315,1.242736,0.104403,-0.036000,-0.098000,0.000000,0.189436,0.062000,-0.179000,0.001000
946686448115,946686447.982056141,438,19968,0.100106835,100.175,14193,5775,-0.358019,-0.961675,1.253568,0.101395,-0.044000,-0.091000,0.008000,0.224546,0.007000,-0.224000,0.014000
946686448213,946686448.081989646,439,19968,0.099933505,100.245,14155,5813,-0.314261,-0.974318,1.257417,0.112250,-0.006000,-0.108000,0.030000,0.182852,0.043000,-0.175000,0.031000
946686448314,946686448.181995153,440,20064,0.100005507,100.295,14231,5833,-0.279216,-0.957079,1.246633,0.121462,0.008000,-0.120000,0.017000,0.121462,0.008000,-0.120000,0.017000
946686448414,946686448.282032847,441,19968,0.100037694,100.196,14104,5864,-0.316576,-0.930121,1.255372,0.099403,-0.084000,-0.040000,0.035000,0.109659,0.019000,-0.108000,0.000000
946686448513,946686448.381981254,442,19968,0.099948406,100.249,14091,5877,-0.356218,-0.921955,1.252952,0.098980,0.012000,-0.098000,0.007000,0.098980,0.012000,-0.098000,0.007000
946686448614,946686448.481987715,443,20064,0.100006461,100.337,14216,5848,-0.326578,-0.921716,1.257230,0.101449,0.006000,-0.100000,0.016000,0.101449,0.006000,-0.100000,0.016000
946686448713,946686448.582083583,444,19968,0.100095868,100.171,14217,5751,-0.339133,-0.908286,1.255608,0.107275,-0.064000,-0.086000,-0.004000,0.154175,0.012000,-0.145000,0.051000
946686448815,946686448.682013392,445,20064,0.099929810,100.292,14278,5786,-0.380583,-0.920137,1.235153,0.106907,0.002000,-0.105000,0.020000,0.106907,0.002000,-0.105000,0.020000
946686448911,946686448.782897234,446,19968,0.100883842,99.461,14162,5806,-0.327998,-0.952450,1.251636,0.107247,-0.007000,-0.107000,0.002000,0.122911,0.005000,-0.121000,0.021000
946686449014,946686448.882110715,447,19968,0.099213481,100.161,14108,5860,-0.333646,-0.964060,1.246903,0.099343,-0.020000,-0.090000,0.037000,0.107219,0.008000,-0.106000,0.014000
946686449113,946686448.982022285,448,19968,0.099911571,100.179,14245,5723,-0.321596,-0.969716,1.250116,0.103049,-0.003000,-0.103000,-0.001000,0.112365,0.051000,-0.100000,-0.005000
946686449213,946686449.081961870,449,20064,0.099939585,100.364,14235,5829,-0.315550,-0.966343,1.241924,0.106607,0.004000,-0.105000,0.018000,0.106607,0.004000,-0.105000,0.018000
946686449313,946686449.182078123,450,19968,0.100116253,100.188,14138,5830,-0.290666,-0.947232,1.262164,0.108319,-0.074000,-0.079000,0.004000,0.110368,0.016000,-0.105000,0.030000
946686449411,946686449.282020330,451,19968,0.099942207,99.730,14178,5790,-0.311916,-0.927823,1.264859,0.105162,-0.013000,-0.099000,0.033000,0.118760,0.060000,-0.102000,0.010000
946686449514,946686449.381837010,452,20064,0.099816680,100.514,14177,5887,-0.302964,-0.923818,1.248709,0.103121,-0.035000,-0.097000,0.000000,0.121293,0.034000,-0.116000,0.010000
946686449613,946686449.482100010,453,19968,0.100263000,100.216,14198,5770,-0.321508,-0.933774,1.259269,0.116383,-0.065000,-0.094000,0.022000,0.124748,0.060000,-0.109000,0.009000
946686449713,946686449.582069516,454,20064,0.099969506,100.279,14124,5940,-0.349050,-0.920177,1.246254,0.101578,-0.074000,-0.069000,0.009000,0.133600,0.052000,-0.123000,0.004000
946686449812,946686449.682836890,455,19968,0.100767374,99.501,14128,5840,-0.348684,-0.928104,1.257226,0.099212,0.023000,-0.095000,0.017000,0.099212,0.023000,-0.095000,0.017000
946686449916,946686449.782092333,456,19968,0.099255443,100.224,14257,5711,-0.351737,-0.915427,1.250438,0.113004,-0.105000,-0.031000,0.028000,0.139478,0.003000,-0.137000,0.026000
946686450014,946686449.882067561,457,20064,0.099975228,100.301,14209,5855,-0.324388,-0.959688,1.250572,0.103218,-0.006000,-0.103000,0.003000,0.156096,0.079000,-0.134000,0.013000
946686450116,946686449.982803226,458,19968,0.100735664,99.551,14098,5870,-0.284558,-0.897379,1.267873,0.100334,-0.087000,-0.047000,0.017000,0.119139,0.048000,-0.107000,0.021000
946686450213,946686450.082100391,459,19968,0.099297166,100.185,14199,5769,-0.280845,-0.889984,1.249910,0.099870,0.007000,-0.094000,0.033000,0.099870,0.007000,-0.094000,0.033000
946686450312,946686450.182035327,460,20064,0.099934936,100.338,14194,5870,-0.282254,-0.877788,1.246849,0.104087,-0.015000,-0.103000,0.000000,0.185240,0.031000,-0.148000,0.107000
946686450414,946686450.282826662,461,19968,0.100791335,99.448,14088,5880,-0.301981,-0.881699,1.256001,0.110698,-0.098000,-0.051000,0.007000,0.118021,0.010000,-0.098000,0.065000
946686450513,946686450.382031798,462,19968,0.099205136,100.241,14150,5818,-0.302553,-0.860308,1.245474,0.100444,-0.062000,-0.079000,-0.002000,0.101203,0.044000,-0.091000,0.005000
946686450616,946686450.482026100,463,20064,0.099994302,100.333,14226,5838,-0.339702,-0.836194,1.237723,0.107680,0.019000,-0.103000,0.025000,0.107680,0.019000,-0.103000,0.025000
946686450714,946686450.582858205,464,19968,0.100832105,99.496,14129,5839,-0.332865,-0.866217,1.238462,0.121050,-0.108000,-0.035000,0.042000,0.125563,0.014000,-0.111000,0.057000
946686450816,946686450.682100296,465,19968,0.099242091,100.233,14113,5855,-0.327639,-0.873263,1.239072,0.119252,-0.048000,-0.109000,0.006000,0.171234,0.011000,-0.160000,0.060000
946686450912,946686450.782085776,466,19968,0.099985480,100.157,14152,5816,-0.351275,-0.862144,1.238654,0.101232,0.050000,-0.088000,-0.002000,0.101232,0.050000,-0.088000,-0.002000
946686451016,946686450.881999850,467,20064,0.099914074,100.298,14303,5761,-0.311583,-0.894723,1.247859,0.100737,-0.096000,-0.026000,0.016000,0.124165,0.038000,-0.118000,0.007000
946686451114,946686450.982891560,468,19968,0.100891709,99.425,14183,5785,-0.270549,-0.850142,1.235569,0.109426,-0.102000,-0.029000,0.027000,0.112089,0.044000,-0.098000,0.032000
946686451212,946686451.082067966,469,19968,0.099176407,100.208,14149,5819,-0.272937,-0.840932,1.238225,0.100484,0.006000,-0.094000,0.035000,0.100484,0.006000,-0.094000,0.035000
946686451314,946686451.182022214,470,20064,0.099954247,100.284,14158,5906,-0.295427,-0.838674,1.235926,0.100045,-0.096000,-0.028000,0.003000,0.104259,0.013000,-0.099000,0.030000
946686451412,946686451.282055974,471,19968,0.100033760,100.126,14014,5954,-0.294760,-0.816691,1.243625,0.099177,-0.066000,-0.074000,0.002000,0.128814,0.008000,-0.127000,0.020000
946686451512,946686451.381942272,472,19968,0.099886298,100.307,14072,5896,-0.298838,-0.816927,1.232819,0.103537,-0.084000,-0.060000,0.008000,0.114869,0.015000,-0.109000,0.033000
946686451614,946686451.482003212,473,20064,0.100060940,100.363,14258,5806,-0.330956,-0.763036,1.245803,0.113969,0.002000,-0.112000,0.021000,0.113969,0.002000,-0.112000,0.021000
946686451714,946686451.582107306,474,19968,0.100104094,100.240,14042,5926,-0.295492,-0.820447,1.230209,0.100588,-0.071000,-0.071000,0.006000,0.103218,0.018000,-0.093000,0.041000
946686451815,946686451.682099581,475,19968,0.099992275,100.114,14105,5863,-0.316239,-0.810930,1.243283,0.099101,0.012000,-0.094000,0.029000,0.099101,0.012000,-0.094000,0.029000
946686451916,946686451.781968117,476,20064,0.099868536,100.413,14178,5886,-0.308415,-0.846074,1.240717,0.100643,0.045000,-0.090000,0.002000,0.100643,0.045000,-0.090000,0.002000
946686452013,946686451.882134557,477,19968,0.100166440,100.145,14099,5869,-0.275756,-0.801407,1.237907,0.101459,-0.018000,-0.099000,0.013000,0.135827,0.035000,-0.130000,0.018000
946686452113,946686451.982030034,478,19968,0.099895477,100.208,14096,5872,-0.292866,-0.811858,1.244313,0.099945,-0.002000,-0.097000,0.024000,0.109791,0.002000,-0.101000,0.043000
946686452216,946686452.081980944,479,19968,0.099950910,100.222,14104,5864,-0.294109,-0.847203,1.245160,0.101079,-0.090000,-0.046000,0.001000,0.132804,0.032000,-0.127000,0.022000
946686452315,946686452.181954026,480,20064,0.099973083,100.269,14134,5930,-0.323744,-0.921412,1.241273,0.107205,-0.001000,-0.104000,0.026000,0.129638,0.001000,-0.127000,0.026000
946686452413,946686452.281983137,481,19968,0.100029111,99.815,13994,5974,-0.307945,-0.945963,1.237666,0.104743,-0.089000,-0.055000,0.005000,0.110517,0.017000,-0.105000,0.030000
946686452516,946686452.381825924,482,20064,0.099842787,100.464,14212,5852,-0.349643,-0.927349,1.242382,0.109238,0.000000,-0.107000,0.022000,0.115434,0.038000,-0.109000,0.000000
946686452613,946686452.482032299,483,19968,0.100206375,100.285,14135,5833,-0.346274,-0.960855,1.220135,0.099905,-0.011000,-0.088000,0.046000,0.115681,0.005000,-0.114000,0.019000
946686452713,946686452.582055330,484,19968,0.100023031,100.235,14070,5898,-0.338338,-0.986843,1.227377,0.101242,-0.089000,-0.048000,0.005000,0.110932,0.004000,-0.103000,0.041000
946686452814,946686452.682042241,485,20064,0.099986911,100.286,14217,5847,-0.337862,-0.980003,1.242225,0.110928,-0.094000,-0.045000,0.038000,0.241118,0.113000,-0.213000,0.000000
946686452912,946686452.782087207,486,19968,0.100044966,100.217,14091,5877,-0.358116,-0.965883,1.225662,0.103000,0.042000,-0.094000,0.003000,0.103000,0.042000,-0.094000,0.003000
946686453013,946686452.882056236,487,19968,0.099969029,100.232,14051,5917,-0.322343,-0.999307,1.230120,0.109845,-0.095000,-0.055000,0.004000,0.110693,0.021000,-0.106000,0.024000
946686453114,946686452.982027888,488,20064,0.099971652,100.364,14149,5915,-0.309089,-0.956729,1.235941,0.103928,0.018000,-0.099000,0.026000,0.103928,0.018000,-0.099000,0.026000
946686453213,946686453.082142949,489,19968,0.100115061,100.102,14159,5809,-0.345986,-0.954066,1.217015,0.107061,-0.034000,-0.091000,0.045000,0.115217,0.013000,-0.109000,0.035000
946686453313,946686453.182001710,490,19968,0.099858761,99.776,14063,5905,-0.346855,-0.967963,1.224670,0.098858,-0.019000,-0.096000,0.014000,0.104924,0.006000,-0.098000,0.037000
946686453415,946686453.281914473,491,20064,0.099912763,100.426,14221,5843,-0.353030,-0.929920,1.255985,0.115382,0.011000,-0.114000,0.014000,0.115382,0.011000,-0.114000,0.014000
946686453513,946686453.382084608,492,19968,0.100170135,100.239,14114,5854,-0.342303,-0.951128,1.222766,0.109238,0.000000,-0.107000,0.022000,0.200584,0.009000,-0.187000,0.072000
946686453612,946686453.482074022,493,19968,0.099989414,100.167,14123,5845,-0.368239,-0.988729,1.224928,0.110027,-0.012000,-0.109000,0.009000,0.124944,0.037000,-0.119000,0.009000
946686453712,946686453.581983447,494,20064,0.099909425,100.375,14162,5902,-0.337634,-0.988315,1.227523,0.101395,-0.044000,-0.091000,0.008000,0.175049,0.001000,-0.160000,0.071000
946686453814,946686453.682125330,495,19968,0.100141883,100.158,14127,5841,-0.337566,-0.962635,1.230649,0.107703,0.028000,-0.104000,0.000000,0.107703,0.028000,-0.104000,0.000000
946686453913,946686453.782035589,496,19968,0.099910259,100.265,14167,5801,-0.334510,-0.980873,1.234986,0.100504,-0.097000,-0.026000,0.004000,0.180424,0.040000,-0.173000,0.032000
946686454013,946686453.882037759,497,19968,0.100002170,100.162,14125,5843,-0.339801,-0.968323,1.227418,0.114079,-0.066000,-0.093000,0.003000,0.115646,0.035000,-0.110000,0.007000
946686454114,946686453.981957912,498,20064,0.099920154,100.378,14208,5856,-0.323721,-0.934405,1.235192,0.106911,-0.074000,-0.077000,0.005000,0.128814,0.008000,-0.127000,0.020000
946686454213,946686454.082094550,499,19968,0.100136638,100.112,14171,5797,-0.335392,-0.953650,1.225461,0.105413,-0.014000,-0.104000,0.010000,0.165886,0.045000,-0.158000,0.023000
946686454315,946686454.181965590,500,20064,0.099871039,100.370,14213,5851,-0.369457,-0.954721,1.237294,0.102264,0.032000,-0.097000,0.005000,0.102264,0.032000,-0.097000,0.005000
946686454416,946686454.282082200,501,19968,0.100116611,100.236,14048,5920,-0.346959,-0.980560,1.234133,0.102465,-0.033000,-0.097000,-0.001000,0.125371,0.039000,-0.119000,0.006000
946686454513,946686454.382086039,502,19968,0.100003839,100.196,14073,5895,-0.337921,-0.975509,1.227788,0.103291,0.011000,-0.102000,0.012000,0.103291,0.011000,-0.102000,0.012000
946686454613,946686454.482040048,503,20064,0.099954009,100.299,14238,5826,-0.337565,-0.984712,1.236929,0.114813,-0.017000,-0.107000,0.038000,0.197094,0.098000,-0.171000,-0.001000
946686454714,946686454.582798719,504,19968,0.100758672,99.546,14055,5913,-0.330826,-0.975123,1.224511,0.111396,0.041000,-0.102000,0.018000,0.111396,0.041000,-0.102000,0.018000
946686454812,946686454.682092786,505,19968,0.099294066,100.207,14042,5926,-0.310458,-0.962559,1.241021,0.099202,-0.006000,-0.099000,0.002000,0.111104,0.002000,-0.102000,0.044000
946686454917,946686454.782045484,506,19968,0.099952698,99.632,14132,5836,-0.300434,-0.958141,1.230922,0.103238,0.013000,-0.092000,0.045000,0.103238,0.013000,-0.092000,0.045000
946686455016,946686454.881978869,507,20064,0.099933386,100.302,14260,5804,-0.332202,-0.954644,1.230639,0.124342,-0.018000,-0.116000,0.041000,0.127157,0.013000,-0.120000,0.040000
946686455111,946686454.982039452,508,19968,0.100060582,99.711,14050,5918,-0.326537,-0.967753,1.229095,0.103865,-0.004000,-0.094000,0.044000,0.115365,0.012000,-0.114000,0.013000
946686455212,946686455.081919789,509,20064,0.099880338,100.481,14187,5877,-0.361332,-0.935353,1.243905,0.102235,-0.040000,-0.094000,0.004000,0.125463,0.048000,-0.114000,0.021000
946686455313,946686455.182150602,510,19968,0.100230813,100.193,14150,5818,-0.351753,-0.950713,1.228987,0.101183,-0.006000,-0.101000,0.001000,0.108416,0.007000,-0.107000,0.016000
946686455414,946686455.282101750,511,19968,0.099951148,100.118,14227,5741,-0.346933,-0.966289,1.233040,0.103619,0.003000,-0.102000,0.018000,0.103619,0.003000,-0.102000,0.018000
946686455514,946686455.381975412,512,20064,0.099873662,100.379,14251,5813,-0.335915,-0.972607,1.239531,0.101887,0.034000,-0.096000,0.003000,0.101887,0.034000,-0.096000,0.003000
946686455613,946686455.482776523,513,19968,0.100801110,99.584,14120,5848,-0.317464,-0.948237,1.233219,0.120246,-0.115000,-0.035000,0.003000,0.177003,0.055000,-0.168000,0.009000
946686455716,946686455.582110763,514,19968,0.099334240,100.200,14201,5767,-0.334641,-0.961917,1.239773,0.103735,-0.014000,-0.097000,0.034000,0.114564,0.046000,-0.103000,0.020000
946686455813,946686455.682059288,515,20064,0.099948525,100.203,14045,6019,-0.332979,-0.940288,1.234013,0.100045,-0.072000,-0.069000,0.008000,0.159016,0.071000,-0.142000,0.009000
946686455912,946686455.782020569,516,19968,0.099961281,100.311,14132,5836,-0.310179,-0.938433,1.237121,0.103082,-0.061000,-0.083000,-0.004000,0.159477,0.027000,-0.152000,0.040000
946686456013,946686455.882087350,517,19968,0.100066781,100.187,14129,5839,-0.326633,-0.950665,1.233041,0.107680,-0.103000,-0.031000,-0.005000,0.165451,0.006000,-0.143000,0.083000
946686456117,946686455.982031584,518,20064,0.099944234,100.363,14277,5787,-0.367435,-0.919303,1.236017,0.109037,-0.015000,-0.108000,0.000000,0.110386,0.037000,-0.104000,0.000000
946686456214,946686456.082141042,519,19968,0.100109458,100.229,14161,5807,-0.326305,-0.953530,1.236249,0.104590,-0.039000,-0.097000,0.003000,0.158836,0.030000,-0.152000,0.035000
946686456315,946686456.182120562,520,19968,0.099979520,99.635,14251,5717,-0.346236,-0.947303,1.241143,0.100424,-0.089000,-0.042000,0.020000,0.103257,0.031000,-0.095000,0.026000
946686456416,946686456.282010794,521,20064,0.099890232,100.343,14309,5755,-0.362881,-0.978431,1.237276,0.118093,-0.064000,-0.097000,0.021000,0.160754,0.079000,-0.140000,-0.001000
946686456513,946686456.382110834,522,19968,0.100100040,100.249,14126,5842,-0.328922,-0.975482,1.233204,0.110386,-0.037000,-0.104000,0.000000,0.203116,0.014000,-0.202000,0.016000
946686456616,946686456.482112169,523,19968,0.100001335,100.214,14195,5773,-0.287088,-0.964230,1.244431,0.109704,-0.019000,-0.107000,0.015000,0.154703,0.020000,-0.138000,0.067000
946686456714,946686456.582079887,524,20064,0.099967718,100.255,14182,5882,-0.315632,-0.926002,1.236734,0.109238,-0.083000,-0.060000,0.038000,0.126436,0.003000,-0.109000,0.064000
946686456813,946686456.682102323,525,19968,0.100022435,99.779,14090,5878,-0.337101,-0.957167,1.236522,0.103397,-0.083000,-0.061000,0.009000,0.104871,0.005000,-0.098000,0.037000
946686456912,946686456.781944156,526,19968,0.099841833,100.362,14164,5804,-0.329337,-0.926587,1.253860,0.100225,-0.006000,-0.100000,0.003000,0.103334,0.007000,-0.102000,0.015000
946686457013,946686456.882062197,527,20064,0.100118041,100.301,14242,5822,-0.363453,-0.904224,1.238815,0.107703,0.028000,-0.104000,0.000000,0.107703,0.028000,-0.104000,0.000000
946686457114,946686456.982096434,528,19968,0.100034237,100.269,14225,5743,-0.345871,-0.942505,1.238888,0.101316,-0.068000,-0.075000,0.004000,0.136316,0.025000,-0.134000,-0.001000
946686457214,946686457.082115412,529,19968,0.100018978,100.260,14089,5879,-0.342506,-0.947998,1.247054,0.110136,-0.093000,-0.059000,0.000000,0.115974,0.027000,-0.111000,0.020000
946686457313,946686457.182125449,530,20064,0.100010037,100.273,14260,5804,-0.369779,-0.984918,1.260391,0.107652,-0.022000,-0.104000,0.017000,0.115382,0.011000,-0.114000,0.014000
946686457414,946686457.282154322,531,19968,0.100028872,100.200,14174,5794,-0.331565,-0.957421,1.242364,0.105347,0.036000,-0.099000,-0.001000,0.105347,0.036000,-0.099000,-0.001000
946686457515,946686457.382107377,532,19968,0.099953055,99.696,14145,5823,-0.338591,-0.949656,1.246696,0.105551,-0.098000,-0.024000,0.031000,0.156649,0.011000,-0.147000,0.053000
946686457617,946686457.481967926,533,20064,0.099860549,100.373,14182,5882,-0.256085,-0.953954,1.244559,0.104451,-0.031000,-0.090000,0.043000,0.126984,0.038000,-0.116000,0.035000
946686457715,946686457.582101583,534,19968,0.100133657,100.183,14104,5864,-0.310076,-0.918225,1.252002,0.115888,0.025000,-0.111000,0.022000,0.115888,0.025000,-0.111000,0.022000
946686457812,946686457.682045221,535,20064,0.099943638,100.357,14201,5863,-0.336262,-0.928010,1.246419,0.112730,-0.010000,-0.112000,0.008000,0.168579,0.007000,-0.157000,0.061000
946686457914,946686457.782928467,536,19968,0.100883245,99.467,14162,5806,-0.339101,-0.933939,1.258214,0.131427,-0.118000,-0.057000,0.010000,0.136385,0.014000,-0.129000,0.042000
946686458012,946686457.882151842,537,19968,0.099223375,100.143,14140,5828,-0.320605,-0.920719,1.251309,0.101139,-0.006000,-0.097000,0.028000,0.115827,0.034000,-0.106000,0.032000
946686458114,946686457.982038021,538,19968,0.099886179,100.224,14253,5715,-0.360593,-0.927469,1.250695,0.099423,-0.088000,-0.046000,0.005000,0.100827,0.002000,-0.099000,0.019000
946686458213,946686458.082013845,539,20064,0.099975824,100.357,14222,5842,-0.380590,-0.969824,1.241962,0.115529,-0.029000,-0.109000,0.025000,0.132763,0.025000,-0.120000,0.051000
946686458316,946686458.182132006,540,19968,0.100118160,100.164,14142,5826,-0.305741,-0.977156,1.263697,0.103591,-0.097000,-0.031000,0.019000,0.112419,0.017000,-0.107000,0.030000
946686458411,946686458.282056451,541,19968,0.099924445,99.704,14195,5773,-0.298990,-0.953684,1.256352,0.099020,-0.088000,-0.045000,0.006000,0.191885,0.024000,-0.190000,0.012000
946686458513,946686458.381991386,542,20064,0.099934936,100.372,14204,5860,-0.309864,-0.942426,1.251576,0.099040,0.013000,-0.098000,0.006000,0.099040,0.013000,-0.098000,0.006000
946686458613,946686458.482119679,543,19968,0.100128293,100.208,14151,5817,-0.318353,-0.956041,1.262999,0.103373,-0.011000,-0.098000,0.031000,0.165024,0.028000,-0.132000,0.095000
946686458714,946686458.582071543,544,19968,0.099951863,100.223,14169,5799,-0.290994,-0.924915,1.258445,0.100285,-0.084000,-0.051000,0.020000,0.102225,0.012000,-0.091000,0.045000
946686458813,946686458.682050586,545,20064,0.099979043,100.347,14255,5809,-0.339646,-0.910588,1.255315,0.101730,-0.090000,-0.043000,0.020000,0.105575,0.007000,-0.099000,0.036000
946686458914,946686458.782153726,546,19968,0.100103140,100.146,14270,5698,-0.325969,-0.914178,1.246676,0.130096,-0.120000,-0.037000,0.034000,0.133462,0.044000,-0.126000,0.000000
946686459012,946686458.882043600,547,19968,0.099889874,100.265,14115,5853,-0.339978,-0.932294,1.253604,0.102176,-0.090000,-0.048000,0.006000,0.106626,0.017000,-0.102000,0.026000
946686459111,946686458.982054949,548,20064,0.100011349,100.353,14287,5777,-0.348195,-0.952585,1.246558,0.106033,0.013000,-0.105000,0.007000,0.106033,0.013000,-0.105000,0.007000
946686459213,946686459.082160234,549,19968,0.100105286,100.124,14171,5797,-0.361453,-0.942208,1.247611,0.103097,-0.088000,-0.026000,0.047000,0.143600,0.034000,-0.131000,0.048000
946686459314,946686459.182040930,550,19968,0.099880695,100.223,14094,5874,-0.335137,-0.989073,1.262108,0.104062,-0.035000,-0.098000,0.000000,0.104566,0.013000,-0.093000,0.046000
946686459413,946686459.282012582,551,20064,0.099971652,100.411,14257,5807,-0.271994,-0.955644,1.252050,0.104518,-0.018000,-0.102000,0.014000,0.136492,0.015000,-0.129000,0.042000
946686459512,946686459.382172942,552,19968,0.100160360,100.129,14183,5785,-0.322112,-0.952187,1.248705,0.111023,0.002000,-0.109000,0.021000,0.111023,0.002000,-0.109000,0.021000
946686459614,946686459.482054114,553,20064,0.099881172,100.374,14191,5873,-0.331397,-0.931013,1.245428,0.100070,-0.073000,-0.067000,0.014000,0.118651,0.049000,-0.106000,0.021000
946686459712,946686459.582854629,554,19968,0.100800514,99.568,14096,5872,-0.317027,-0.935290,1.266877,0.103542,-0.018000,-0.101000,0.014000,0.143311,0.048000,-0.135000,0.003000
946686459816,946686459.682183146,555,19968,0.099328518,100.157,14159,5809,-0.331382,-0.930000,1.260643,0.100812,-0.073000,-0.053000,0.045000,0.104403,0.018000,-0.100000,0.024000
946686459914,946686459.782109261,556,19968,0.099926114,100.177,14169,5799,-0.363682,-0.908956,1.246021,0.098914,0.012000,-0.098000,0.006000,0.098914,0.012000,-0.098000,0.006000
946686460016,946686459.882035851,557,20064,0.099926591,100.407,14206,5858,-0.360357,-0.922938,1.245626,0.099780,-0.084000,-0.046000,0.028000,0.124378,0.039000,-0.118000,0.005000
946686460114,946686459.982199311,558,19968,0.100163460,100.141,14165,5803,-0.346460,-0.956998,1.256475,0.101538,-0.014000,-0.095000,0.033000,0.110422,0.009000,-0.104000,0.036000
946686460213,946686460.082099915,559,19968,0.099900603,100.172,14128,5840,-0.357557,-0.969044,1.244674,0.101376,-0.042000,-0.092000,0.007000,0.183442,0.061000,-0.173000,0.001000
946686460313,946686460.182032466,560,20064,0.099932551,100.394,14238,5826,-0.338832,-0.970565,1.245061,0.103082,-0.004000,-0.103000,-0.001000,0.112512,0.007000,-0.111000,0.017000
946686460412,946686460.282174945,561,19968,0.100142479,100.195,14094,5874,-0.281407,-0.960979,1.254980,0.115538,0.008000,-0.114000,0.017000,0.115538,0.008000,-0.114000,0.017000
946686460516,946686460.382128596,562,19968,0.099953651,99.701,14084,5884,-0.315035,-0.949127,1.243209,0.107000,-0.078000,-0.062000,0.039000,0.156544,0.051000,-0.148000,0.001000
946686460613,946686460.481907964,563,20064,0.099779367,100.428,14167,5897,-0.357713,-0.913955,1.236587,0.110887,-0.014000,-0.110000,0.000000,0.118503,0.035000,-0.113000,0.007000
946686460713,946686460.582101941,564,19968,0.100193977,100.275,14059,5909,-0.338292,-0.940329,1.253352,0.099524,-0.086000,-0.050000,0.003000,0.127102,0.017000,-0.121000,0.035000
946686460812,946686460.682135940,565,19968,0.100033998,100.117,14143,5825,-0.328550,-0.912053,1.251710,0.099975,-0.019000,-0.097000,0.015000,0.128445,0.015000,-0.127000,0.012000
946686460916,946686460.781998038,566,20064,0.099862099,100.452,14287,5777,-0.364898,-0.907750,1.238315,0.103412,-0.014000,-0.097000,0.033000,0.106442,0.007000,-0.105000,0.016000
946686461013,946686460.882203221,567,19968,0.100205183,100.172,14254,5714,-0.352444,-0.950952,1.237284,0.099654,-0.081000,-0.039000,0.043000,0.110657,0.014000,-0.105000,0.032000
946686461115,946686460.982128620,568,19968,0.099925399,99.667,14112,5856,-0.323342,-0.960908,1.247870,0.104695,-0.083000,-0.054000,0.034000,0.121017,0.022000,-0.119000,0.000000
946686461213,946686461.081994653,569,20064,0.099866033,100.392,14303,5761,-0.315782,-0.990904,1.240525,0.104245,-0.063000,-0.083000,-0.003000,0.109110,0.036000,-0.103000,0.000000
946686461311,946686461.182891369,570,19968,0.100896716,99.479,14208,5760,-0.315260,-0.973468,1.234397,0.110091,-0.094000,-0.028000,0.050000,0.125016,0.004000,-0.123000,0.022000
946686461413,946686461.282131553,571,19968,0.099240184,100.199,14057,5911,-0.294959,-0.947225,1.238493,0.101213,0.010000,-0.100000,0.012000,0.101213,0.010000,-0.100000,0.012000
946686461514,946686461.382086635,572,20064,0.099955082,100.272,14091,5973,-0.304163,-0.953032,1.238273,0.112419,-0.110000,-0.023000,-0.003000,0.119050,0.022000,-0.108000,0.045000
946686461612,946686461.482122064,573,19968,0.100035429,99.770,14056,5912,-0.341648,-0.952851,1.230156,0.105565,-0.088000,-0.058000,0.006000,0.107471,0.005000,-0.106000,0.017000
946686461716,946686461.582013845,574,19968,0.099891782,100.311,14069,5899,-0.340246,-0.941772,1.237986,0.105693,-0.037000,-0.099000,0.001000,0.117269,0.046000,-0.106000,0.020000
946686461813,946686461.682087898,575,20064,0.100074053,100.350,14171,5893,-0.360443,-0.931050,1.236576,0.100985,-0.037000,-0.090000,0.027000,0.103552,0.029000,-0.099000,0.009000
946686461917,946686461.782190204,576,19968,0.100102305,100.227,14119,5849,-0.336270,-0.960611,1.236485,0.106273,-0.058000,-0.087000,0.019000,0.127326,0.004000,-0.110000,0.064000
946686462012,946686461.882173181,577,19968,0.099982977,100.140,14168,5800,-0.336922,-1.010007,1.239047,0.103600,-0.098000,-0.020000,0.027000,0.109421,0.014000,-0.104000,0.031000
946686462116,946686461.982067227,578,20064,0.099894047,100.337,14089,5975,-0.296837,-1.033571,1.262118,0.101316,-0.090000,-0.046000,0.007000,0.109037,0.028000,-0.104000,0.017000
946686462213,946686462.082897663,579,19968,0.100830436,99.447,13890,6078,-0.302802,-1.016608,1.253248,0.101789,0.004000,-0.088000,0.051000,0.101789,0.004000,-0.088000,0.051000
946686462313,946686462.182086110,580,19968,0.099188447,100.235,13945,6023,-0.303449,-1.014433,1.248735,0.100901,0.034000,-0.095000,0.000000,0.100901,0.034000,-0.095000,0.000000
946686462414,946686462.282077193,581,20064,0.099991083,100.369,13867,6197,-0.310581,-1.031006,1.259424,0.110680,-0.096000,-0.055000,0.003000,0.115827,0.034000,-0.106000,0.032000
946686462516,946686462.382197261,582,19968,0.100120068,100.159,13777,6191,-0.316618,-1.015826,1.260846,0.099187,-0.006000,-0.099000,0.001000,0.118300,0.015000,-0.099000,0.063000
946686462612,946686462.482121348,583,19968,0.099924088,99.669,13893,6075,-0.305285,-1.027197,1.242188,0.101730,-0.093000,-0.026000,0.032000,0.134711,0.013000,-0.127000,0.043000
946686462713,946686462.582033038,584,20064,0.099911690,100.412,13998,6066,-0.349877,-1.030111,1.262639,0.103465,0.051000,-0.090000,-0.002000,0.103465,0.051000,-0.090000,-0.002000
946686462814,946686462.682195306,585,19968,0.100162268,100.131,13803,6165,-0.342312,-1.025521,1.250788,0.099659,0.030000,-0.094000,0.014000,0.099659,0.030000,-0.094000,0.014000
946686462914,946686462.782078862,586,19968,0.099883556,100.274,13939,6029,-0.332026,-1.013052,1.243537,0.112045,0.044000,-0.103000,0.003000,0.112045,0.044000,-0.103000,0.003000
946686463016,946686462.882107496,587,20064,0.100028634,100.303,14214,5850,-0.318750,-1.014142,1.231720,0.099252,-0.043000,-0.089000,0.009000,0.180870,0.037000,-0.177000,-0.004000
946686463114,946686462.982165575,588,19968,0.100058079,100.158,14121,5847,-0.300734,-0.966641,1.228429,0.098980,0.012000,-0.098000,0.007000,0.098980,0.012000,-0.098000,0.007000
946686463214,946686463.082071900,589,19968,0.099906325,100.278,14106,5862,-0.305583,-0.959627,1.236286,0.100290,-0.093000,-0.028000,0.025000,0.171132,0.014000,-0.169000,0.023000
946686463315,946686463.182097077,590,20064,0.100025177,100.360,14202,5862,-0.306482,-0.952192,1.238021,0.100841,-0.098000,-0.023000,0.006000,0.146414,0.005000,-0.144000,0.026000
946686463415,946686463.282214761,591,19968,0.100117683,99.719,14039,5929,-0.347638,-1.000826,1.236048,0.102786,-0.090000,-0.044000,0.023000,0.115624,0.054000,-0.102000,0.007000
946686463514,946686463.382004738,592,19968,0.099789977,99.786,13833,6135,-0.341224,-1.021902,1.245298,0.118512,0.010000,-0.117000,0.016000,0.118512,0.010000,-0.117000,0.016000
946686463614,946686463.482003093,593,20064,0.099998355,100.453,13922,6142,-0.335659,-1.015287,1.252192,0.107731,0.003000,-0.106000,0.019000,0.107731,0.003000,-0.106000,0.019000
946686463712,946686463.582212329,594,19968,0.100209236,100.129,13979,5989,-0.333779,-1.033410,1.239861,0.103039,-0.032000,-0.088000,0.043000,0.115139,0.002000,-0.113000,0.022000
946686463813,946686463.682094455,595,19968,0.099882126,99.702,13850,6118,-0.302957,-1.022751,1.235882,0.124141,-0.101000,-0.049000,0.053000,0.161917,0.016000,-0.160000,0.019000
946686463915,946686463.782019734,596,19968,0.099925280,100.261,13953,6015,-0.313735,-1.021835,1.241369,0.103131,-0.090000,-0.006000,0.050000,0.133664,0.021000,-0.127000,0.036000
946686464016,946686463.882042289,597,20064,0.100022554,100.292,14151,5913,-0.306568,-1.004090,1.251305,0.109494,0.006000,-0.108000,0.017000,0.109494,0.006000,-0.108000,0.017000
946686464116,946686463.982081652,598,19968,0.100039363,100.285,13975,5993,-0.308225,-0.984071,1.244807,0.107485,-0.014000,-0.106000,0.011000,0.126250,0.019000,-0.113000,0.053000
946686464213,946686464.082118154,599,20064,0.100036502,100.350,14102,5962,-0.300728,-0.943816,1.243419,0.103542,-0.092000,-0.031000,0.036000,0.113406,0.011000,-0.112000,0.014000
946686464312,946686464.182226181,600,19968,0.100108027,100.083,14089,5879,-0.332429,-0.964309,1.234046,0.103581,0.027000,-0.100000,0.000000,0.103581,0.027000,-0.100000,0.000000
946686464414,946686464.282065630,601,19968,0.099839449,99.768,13971,5997,-0.339445,-0.985275,1.237143,0.103504,-0.025000,-0.098000,0.022000,0.110729,0.020000,-0.106000,0.025000
946686464515,946686464.382018685,602,20064,0.099953055,100.443,14038,6026,-0.333386,-0.982351,1.248742,0.105556,0.029000,-0.101000,0.010000,0.105556,0.029000,-0.101000,0.010000
946686464613,946686464.482218266,603,19968,0.100199580,100.190,13952,6016,-0.336906,-1.013941,1.242396,0.106696,0.028000,-0.102000,0.014000,0.106696,0.028000,-0.102000,0.014000
946686464712,946686464.582153201,604,19968,0.099934936,99.707,13904,6064,-0.330337,-1.043278,1.246173,0.101242,-0.035000,-0.095000,0.000000,0.115434,0.035000,-0.110000,0.000000
946686464817,946686464.681947589,605,20064,0.099794388,100.489,13926,6138,-0.299237,-1.013115,1.249929,0.099448,-0.075000,-0.064000,0.013000,0.101292,0.008000,-0.100000,0.014000
946686464913,946686464.782198071,606,19968,0.100250483,100.267,14012,5956,-0.309991,-1.007519,1.240897,0.105162,-0.095000,-0.045000,0.003000,0.133581,0.026000,-0.128000,0.028000
946686465011,946686464.882213235,607,19968,0.100015163,99.624,13985,5983,-0.320791,-1.007659,1.244452,0.104781,0.011000,-0.093000,0.047000,0.104781,0.011000,-0.093000,0.047000
946686465114,946686464.982027292,608,20064,0.099814057,100.338,13918,6146,-0.331098,-0.978653,1.255529,0.101799,-0.097000,-0.027000,0.015000,0.159878,0.069000,-0.144000,0.008000
946686465215,946686465.082128882,609,19968,0.100101590,100.201,13933,6035,-0.292893,-1.001522,1.242614,0.100578,-0.068000,-0.074000,0.004000,0.140734,0.014000,-0.139000,0.017000
946686465314,946686465.182091951,610,20064,0.099963069,100.374,14155,5909,-0.376447,-0.963780,1.245949,0.110422,0.009000,-0.104000,0.036000,0.110422,0.009000,-0.104000,0.036000
946686465414,946686465.282912374,611,19968,0.100820422,99.556,13994,5974,-0.334080,-0.996748,1.242473,0.101277,-0.013000,-0.082000,0.058000,0.111951,0.008000,-0.105000,0.038000
946686465513,946686465.382223606,612,19968,0.099311233,100.162,14030,5938,-0.293042,-0.981661,1.250811,0.115356,-0.043000,-0.107000,0.003000,0.132575,0.026000,-0.120000,0.050000
946686465613,946686465.482133985,613,19968,0.099910378,100.171,13992,5976,-0.314907,-1.009978,1.246107,0.099785,-0.040000,-0.086000,0.031000,0.104355,0.023000,-0.100000,0.019000
946686465713,946686465.582064390,614,20064,0.099930406,100.391,14140,5924,-0.337715,-1.031856,1.252159,0.105929,-0.096000,-0.018000,0.041000,0.107583,0.026000,-0.103000,0.017000
946686465813,946686465.682211757,615,19968,0.100147367,100.190,13944,6024,-0.300726,-1.000278,1.241874,0.101168,-0.031000,-0.093000,0.025000,0.130798,0.002000,-0.120000,0.052000
946686465914,946686465.782141089,616,19968,0.099929333,99.669,13970,5998,-0.284800,-0.994138,1.247948,0.106174,-0.006000,-0.106000,0.001000,0.124214,0.022000,-0.119000,0.028000
946686466011,946686465.882009864,617,19968,0.099868774,99.744,14029,5939,-0.322746,-1.010154,1.242958,0.099020,0.045000,-0.088000,0.006000,0.099020,0.045000,-0.088000,0.006000
946686466112,946686465.981892824,618,20064,0.099882960,100.514,13907,6157,-0.312695,-0.993813,1.263009,0.107224,-0.092000,-0.027000,0.048000,0.221490,0.021000,-0.196000,0.101000
946686466212,946686466.082164168,619,19968,0.100271344,100.182,13898,6070,-0.311058,-0.973674,1.253790,0.099086,-0.039000,-0.091000,0.004000,0.272487,0.018000,-0.271000,0.022000
946686466314,946686466.182106495,620,20064,0.099942327,100.367,14126,5938,-0.330272,-0.949080,1.263589,0.101242,-0.089000,-0.048000,0.005000,0.107084,0.001000,-0.105000,0.021000
946686466414,946686466.282227635,621,19968,0.100121140,100.209,13949,6019,-0.339355,-1.009416,1.252761,0.107503,-0.102000,-0.033000,0.008000,0.201268,0.054000,-0.192000,0.027000
946686466513,946686466.382190585,622,19968,0.099962950,100.144,13941,6027,-0.318959,-1.012358,1.265427,0.100583,-0.044000,-0.090000,0.009000,0.133600,0.038000,-0.122000,0.039000
946686466616,946686466.482087255,623,20064,0.099896669,100.385,13983,6081,-0.310479,-1.041088,1.260928,0.105328,-0.091000,-0.053000,0.002000,0.125172,0.022000,-0.120000,0.028000
946686466713,946686466.582227945,624,19968,0.100140691,100.185,14006,5962,-0.306181,-0.994894,1.252909,0.104207,-0.097000,-0.015000,0.035000,0.110838,0.002000,-0.109000,0.020000
946686466814,946686466.682171702,625,19968,0.099943757,100.162,13952,6016,-0.285738,-0.987826,1.263829,0.105309,0.008000,-0.099000,0.035000,0.105309,0.008000,-0.099000,0.035000
946686466912,946686466.782087564,626,20064,0.099915862,100.302,13911,6153,-0.273671,-0.983801,1.276766,0.099202,-0.083000,-0.054000,0.006000,0.105423,0.011000,-0.088000,0.057000
946686467013,946686466.882152796,627,19968,0.100065231,99.782,14040,5928,-0.321925,-0.966212,1.259890,0.107084,-0.003000,-0.107000,-0.003000,0.162886,0.008000,-0.152000,0.058000
946686467116,946686466.982012630,628,19968,0.099859834,100.329,13942,6026,-0.345611,-0.988169,1.265620,0.103388,0.022000,-0.094000,0.037000,0.103388,0.022000,-0.094000,0.037000
946686467212,946686467.082094789,629,20064,0.100082159,100.379,14056,6008,-0.342175,-0.941796,1.262603,0.100409,-0.009000,-0.100000,0.001000,0.115538,0.041000,-0.108000,-0.002000
946686467313,946686467.182222128,630,19968,0.100127339,100.184,13959,6009,-0.331382,-0.978218,1.279398,0.107522,-0.095000,-0.050000,0.006000,0.109275,0.015000,-0.104000,0.030000
946686467412,946686467.282158375,631,19968,0.099936247,99.654,13956,6012,-0.348492,-1.012259,1.271531,0.105778,-0.088000,-0.042000,0.041000,0.127675,0.036000,-0.122000,0.011000
946686467516,946686467.382039070,632,20064,0.099880695,100.451,14043,6021,-0.315221,-1.054937,1.261982,0.107224,-0.102000,-0.033000,0.002000,0.159640,0.020000,-0.158000,0.011000
946686467613,946686467.482247472,633,19968,0.100208402,100.188,13947,6021,-0.281898,-1.002052,1.272661,0.099469,-0.086000,-0.047000,0.017000,0.107037,0.018000,-0.102000,0.027000
946686467712,946686467.582169771,634,19968,0.099922299,100.212,14011,5957,-0.268007,-1.009003,1.267588,0.108213,0.009000,-0.102000,0.035000,0.108213,0.009000,-0.102000,0.035000
946686467814,946686467.682114840,635,20064,0.099945068,100.320,13895,6169,-0.296651,-0.972221,1.270502,0.101124,-0.091000,-0.044000,0.003000,0.168294,0.033000,-0.165000,-0.003000
946686467914,946686467.782189131,636,19968,0.100074291,100.232,13925,6043,-0.305094,-0.967151,1.282418,0.123361,-0.023000,-0.120000,0.017000,0.133843,0.033000,-0.128000,0.021000
946686468012,946686467.882176995,637,19968,0.099987864,100.132,13974,5994,-0.306334,-0.962325,1.270348,0.114883,-0.075000,-0.087000,0.002000,0.162588,0.073000,-0.145000,0.009000
946686468116,946686467.982070804,638,20064,0.099893808,100.417,14085,5979,-0.336344,-0.963669,1.263847,0.103039,-0.080000,-0.064000,0.011000,0.186706,0.001000,-0.183000,0.037000
946686468211,946686468.082231522,639,19968,0.100160718,100.160,13954,6014,-0.327933,-0.987719,1.272339,0.100563,-0.032000,-0.092000,0.025000,0.103489,0.002000,-0.095000,0.041000
946686468313,946686468.182135582,640,19968,0.099904060,100.177,13992,5976,-0.282499,-0.970717,1.273655,0.099141,0.009000,-0.098000,0.012000,0.099141,0.009000,-0.098000,0.012000
946686468413,946686468.282064795,641,20064,0.099929214,100.376,14118,5946,-0.349717,-1.024917,1.261055,0.099448,0.011000,-0.088000,0.045000,0.099448,0.011000,-0.088000,0.045000
946686468513,946686468.382200956,642,19968,0.100136161,100.230,13997,5971,-0.313150,-1.016946,1.264070,0.102956,0.050000,-0.090000,0.000000,0.102956,0.050000,-0.090000,0.000000
946686468613,946686468.482187152,643,19968,0.099986196,99.590,13972,5996,-0.289923,-1.000403,1.276894,0.112543,-0.001000,-0.109000,0.028000,0.120988,0.018000,-0.115000,0.033000
946686468716,946686468.582077980,644,20064,0.099890828,100.335,13901,6163,-0.272919,-0.975100,1.267197,0.103267,0.008000,-0.102000,0.014000,0.103267,0.008000,-0.102000,0.014000
946686468814,946686468.682167053,645,19968,0.100089073,100.199,13950,6018,-0.316875,-1.000964,1.269084,0.107819,-0.104000,-0.028000,0.005000,0.174198,0.034000,-0.158000,0.065000
946686468915,946686468.782129645,646,19968,0.099962592,100.243,14012,5956,-0.310803,-0.966468,1.259810,0.103436,-0.069000,-0.077000,0.003000,0.124016,0.012000,-0.110000,0.056000
946686469012,946686468.882145524,647,20064,0.100015879,100.281,13904,6160,-0.305016,-0.962449,1.277929,0.101124,-0.096000,-0.031000,0.007000,0.141121,0.057000,-0.129000,0.005000
946686469115,946686468.982192039,648,19968,0.100046515,100.215,14034,5934,-0.316996,-0.962097,1.269620,0.100568,-0.033000,-0.095000,0.000000,0.182595,0.010000,-0.180000,0.029000
946686469213,946686469.082154751,649,19968,0.099962711,100.189,13981,5987,-0.339506,-0.982130,1.261929,0.100130,-0.083000,-0.056000,-0.001000,0.125355,0.003000,-0.123000,0.024000
946686469313,946686469.182090878,650,20064,0.099936128,100.333,14145,5919,-0.347810,-1.010664,1.267626,0.109709,-0.104000,-0.034000,0.008000,0.238816,0.010000,-0.238000,0.017000
946686469414,946686469.282169700,651,19968,0.100078821,100.225,13922,6046,-0.312990,-1.022082,1.276715,0.100295,-0.085000,-0.053000,0.005000,0.171598,0.069000,-0.157000,0.006000
946686469512,946686469.382151961,652,19968,0.099982262,100.181,13954,6014,-0.326055,-1.016092,1.274292,0.099086,-0.004000,-0.099000,-0.001000,0.114930,0.025000,-0.110000,0.022000
946686469614,946686469.482090950,653,20064,0.099938989,100.367,14063,6001,-0.266234,-1.011159,1.257053,0.098813,-0.036000,-0.092000,0.002000,0.110322,0.011000,-0.109000,0.013000
946686469715,946686469.582209110,654,19968,0.100118160,99.713,13900,6068,-0.305146,-1.006619,1.278661,0.105314,-0.079000,-0.059000,0.037000,0.105323,0.009000,-0.104000,0.014000
946686469811,946686469.682052374,655,19968,0.099843264,99.782,13898,6070,-0.306642,-0.997450,1.279850,0.103121,-0.089000,-0.052000,0.003000,0.104871,0.005000,-0.098000,0.037000
946686469916,946686469.782011032,656,20064,0.099958658,100.486,14050,6014,-0.308318,-0.966223,1.257563,0.102630,-0.082000,-0.047000,0.040000,0.109110,0.036000,-0.103000,0.000000
946686470013,946686469.882254601,657,19968,0.100243568,100.112,13934,6034,-0.309081,-0.985645,1.263991,0.101440,0.016000,-0.097000,0.025000,0.101440,0.016000,-0.097000,0.025000
946686470114,946686469.982113719,658,19968,0.099859118,100.245,13978,5990,-0.313386,-0.958891,1.275628,0.107638,-0.101000,-0.032000,0.019000,0.132458,0.018000,-0.111000,0.070000
946686470213,946686470.082098007,659,19968,0.099984288,100.231,13975,5993,-0.356353,-0.987940,1.255881,0.099504,-0.008000,-0.099000,0.006000,0.103368,0.020000,-0.099000,0.022000
946686470312,946686470.182080150,660,20064,0.099982142,100.292,14101,5963,-0.372976,-1.020099,1.254338,0.114830,-0.080000,-0.069000,0.045000,0.127475,0.059000,-0.113000,0.000000
946686470412,946686470.282126188,661,19968,0.100046039,100.265,13962,6006,-0.337611,-1.010665,1.268695,0.110820,-0.058000,-0.086000,0.039000,0.112022,0.056000,-0.097000,-0.002000
946686470514,946686470.382148147,662,20064,0.100021958,100.371,13969,6095,-0.259600,-1.041213,1.260771,0.098823,-0.046000,-0.081000,0.033000,0.273088,0.010000,-0.269000,0.046000
946686470613,946686470.482263923,663,19968,0.100115776,100.178,13949,6019,-0.286151,-0.978777,1.255494,0.100230,-0.010000,-0.089000,0.045000,0.107145,0.006000,-0.100000,0.038000
946686470713,946686470.582179546,664,19968,0.099915624,99.611,13913,6055,-0.316818,-1.014534,1.254949,0.099343,-0.008000,-0.083000,0.054000,0.213131,0.055000,-0.204000,0.028000
946686470814,946686470.682035804,665,20064,0.099856257,100.358,13885,6179,-0.297653,-0.982356,1.259002,0.102961,-0.096000,-0.032000,0.019000,0.180283,0.017000,-0.178000,0.023000
946686470913,946686470.782145977,666,19968,0.100110173,100.283,13931,6037,-0.338487,-0.983810,1.255718,0.104259,-0.094000,-0.045000,0.003000,0.172482,0.018000,-0.149000,0.085000
946686471014,946686470.882199526,667,19968,0.100053549,100.129,14050,5918,-0.330147,-0.972511,1.256886,0.100185,-0.080000,-0.039000,0.046000,0.124165,0.002000,-0.122000,0.023000
946686471114,946686470.982075691,668,19968,0.099876165,100.276,13973,5995,-0.337083,-1.001163,1.250601,0.101361,-0.067000,-0.076000,0.003000,0.201718,0.019000,-0.195000,0.048000
946686471213,946686471.082103848,669,20064,0.100028157,100.307,14020,6044,-0.347559,-1.000305,1.254959,0.107023,-0.086000,-0.043000,0.047000,0.191614,0.026000,-0.182000,0.054000
946686471314,946686471.182170749,670,19968,0.100066900,99.754,13986,5982,-0.315115,-1.018786,1.253845,0.104120,-0.005000,-0.104000,0.000000,0.104470,0.040000,-0.095000,0.017000
946686471415,946686471.282002449,671,19968,0.099831700,99.773,14026,5942,-0.298761,-1.022304,1.253680,0.100846,-0.083000,-0.040000,0.041000,0.103334,0.007000,-0.102000,0.015000
946686471514,946686471.382078648,672,20064,0.100076199,100.386,14033,6031,-0.269249,-0.998589,1.264560,0.123138,0.021000,-0.111000,0.049000,0.123138,0.021000,-0.111000,0.049000
946686471613,946686471.482214808,673,19968,0.100136161,99.666,13945,6023,-0.301911,-1.001768,1.253988,0.101912,0.009000,-0.096000,0.033000,0.101912,0.009000,-0.096000,0.033000
946686471714,946686471.582045794,674,20064,0.099830985,100.357,13996,6068,-0.325628,-1.002689,1.250483,0.104886,-0.011000,-0.104000,0.008000,0.109037,0.032000,-0.104000,0.007000
946686471813,946686471.682173491,675,19968,0.100127697,100.206,13837,6131,-0.325250,-0.991024,1.245459,0.106250,0.002000,-0.098000,0.041000,0.106250,0.002000,-0.098000,0.041000
946686471912,946686471.782132506,676,19968,0.099959016,100.290,13909,6059,-0.336528,-0.991564,1.253300,0.100484,-0.068000,-0.072000,0.017000,0.130514,0.017000,-0.124000,0.037000
946686472014,946686471.882170320,677,20064,0.100037813,100.345,14012,6052,-0.348747,-0.988018,1.253861,0.100424,-0.089000,-0.042000,0.020000,0.101356,0.048000,-0.087000,0.020000
946686472114,946686471.982278347,678,19968,0.100108027,100.176,13965,6003,-0.332175,-1.014995,1.255754,0.103947,0.020000,-0.102000,-0.001000,0.103947,0.020000,-0.102000,-0.001000
946686472213,946686472.082211018,679,19968,0.099932671,100.149,13883,6085,-0.315925,-1.017214,1.259180,0.101518,-0.019000,-0.093000,0.036000,0.127114,0.019000,-0.121000,0.034000
946686472315,946686472.182111025,680,19968,0.099900007,99.667,13866,6102,-0.315923,-1.027924,1.255043,0.099126,-0.005000,-0.099000,0.000000,0.235130,0.010000,-0.219000,0.085000
946686472413,946686472.282003880,681,20064,0.099892855,100.395,14039,6025,-0.316706,-1.028687,1.254749,0.103894,-0.097000,-0.032000,0.019000,0.127491,0.029000,-0.122000,0.023000
946686472513,946686472.382152915,682,19968,0.100149035,100.263,13869,6099,-0.318757,-0.981046,1.243110,0.101395,-0.044000,-0.091000,0.008000,0.112272,0.037000,-0.106000,0.000000
946686472611,946686472.482174754,683,19968,0.100021839,99.579,13925,6043,-0.319692,-1.011200,1.254310,0.104508,-0.041000,-0.096000,0.005000,0.133525,0.022000,-0.128000,0.031000
946686472713,946686472.582046628,684,19968,0.099871874,99.709,13893,6075,-0.326700,-1.003756,1.249765,0.134294,-0.015000,-0.133000,0.011000,0.226753,0.069000,-0.216000,0.000000
946686472816,946686472.681516767,685,20064,0.099470139,100.853,13916,6148,-0.349511,-1.007598,1.247008,0.116090,-0.110000,-0.036000,0.009000,0.127220,0.026000,-0.122000,0.025000
946686472913,946686472.782117963,686,19968,0.100601196,100.235,13919,6049,-0.337392,-0.999697,1.248258,0.105342,-0.036000,-0.099000,0.000000,0.214963,0.088000,-0.196000,0.007000
946686473013,946686472.882101536,687,20064,0.099983573,100.313,14036,6028,-0.342401,-0.994281,1.243038,0.107494,-0.091000,-0.057000,0.005000,0.192598,0.002000,-0.189000,0.037000
946686473117,946686472.982170582,688,19968,0.100069046,100.182,13958,6010,-0.338259,-1.029530,1.239678,0.103412,-0.098000,-0.019000,0.027000,0.103798,0.003000,-0.102000,0.019000
946686473212,946686473.082110763,689,19968,0.099940181,99.654,13868,6100,-0.337928,-1.027952,1.246349,0.106574,-0.034000,-0.101000,-0.001000,0.159028,0.031000,-0.152000,0.035000
946686473311,946686473.181988239,690,20064,0.099877477,100.489,13998,6066,-0.308138,-1.025064,1.269005,0.105821,-0.042000,-0.097000,0.005000,0.114809,0.044000,-0.106000,0.003000
946686473410,946686473.282215238,691,19968,0.100226998,100.171,13936,6032,-0.318080,-1.012279,1.245246,0.121285,-0.099000,-0.070000,-0.003000,0.121495,0.042000,-0.114000,-0.001000
946686473512,946686473.382133961,692,19968,0.099918723,99.648,13871,6097,-0.347471,-1.024675,1.247298,0.107187,-0.006000,-0.107000,0.002000,0.121198,0.015000,-0.120000,0.008000
946686473611,946686473.482080817,693,19872,0.099946856,99.822,13842,6030,-0.300060,-1.017558,1.243730,0.101459,-0.018000,-0.099000,0.013000,0.244481,0.013000,-0.241000,0.039000
946686473721,946686473.581552505,694,20160,0.099471688,100.907,14214,5946,-0.337736,-0.964043,1.257145,0.104283,0.025000,-0.095000,0.035000,0.104283,0.025000,-0.095000,0.035000
946686473815,946686473.682181358,695,20064,0.100628853,100.366,14057,6007,-0.344043,-1.024106,1.243976,0.119386,-0.052000,-0.107000,0.010000,0.124354,0.002000,-0.122000,0.024000
946686473909,946686473.782295346,696,19392,0.100113988,97.704,13414,5978,-0.306788,-1.081058,1.216698,0.101287,-0.017000,-0.099000,0.013000,0.195660,0.001000,-0.179000,0.079000
946686474010,946686473.879710674,697,20544,0.097415328,102.164,14322,6222,-0.351775,-0.967687,1.276922,0.124944,0.037000,-0.119000,0.009000,0.124944,0.037000,-0.119000,0.009000
946686474113,946686473.982071519,698,20064,0.102360845,100.424,14091,5973,-0.315012,-1.030479,1.245226,0.103160,0.021000,-0.099000,0.020000,0.103160,0.021000,-0.099000,0.020000
946686474214,946686474.082242012,699,19968,0.100170493,100.214,13912,6056,-0.324974,-1.020955,1.247223,0.101168,-0.075000,-0.067000,0.011000,0.221192,0.057000,-0.211000,0.034000
946686474313,946686474.182203770,700,19968,0.099961758,100.205,13912,6056,-0.317577,-0.989922,1.256163,0.106231,-0.079000,-0.070000,0.012000,0.189615,0.012000,-0.187000,0.029000
946686474414,946686474.282167315,701,19968,0.099963546,99.652,13958,6010,-0.325244,-0.987580,1.244614,0.103542,-0.043000,-0.094000,0.006000,0.126071,0.013000,-0.109000,0.062000
946686474516,946686474.382048368,702,20064,0.099881053,100.351,14048,6016,-0.327283,-0.995952,1.244452,0.116215,-0.007000,-0.116000,0.001000,0.125328,0.039000,-0.119000,0.005000
946686474612,946686474.482153177,703,19968,0.100104809,99.771,13920,6048,-0.355208,-1.000394,1.254800,0.104852,-0.064000,-0.083000,-0.003000,0.117004,0.019000,-0.105000,0.048000
946686474714,946686474.582063198,704,20064,0.099910021,100.455,13945,6119,-0.355465,-1.007859,1.256268,0.105186,0.004000,-0.098000,0.038000,0.105186,0.004000,-0.098000,0.038000
946686474812,946686474.682274580,705,19968,0.100211382,100.133,13977,5991,-0.331019,-1.025185,1.245163,0.103894,0.011000,-0.092000,0.047000,0.103894,0.011000,-0.092000,0.047000
946686474912,946686474.782162786,706,19968,0.099888206,99.734,13824,6144,-0.344036,-1.009790,1.244534,0.102806,0.038000,-0.094000,0.017000,0.102806,0.038000,-0.094000,0.017000
946686475013,946686474.882053852,707,20064,0.099891067,100.463,13980,6084,-0.309377,-1.017832,1.252730,0.100603,-0.006000,-0.079000,0.062000,0.134885,0.003000,-0.124000,0.053000
946686475113,946686474.982262492,708,19968,0.100208640,100.194,14000,5968,-0.298827,-1.003649,1.257397,0.107355,-0.039000,-0.100000,0.002000,0.137757,0.009000,-0.136000,0.020000
946686475213,946686475.082207322,709,19968,0.099944830,99.675,14027,5941,-0.337551,-1.001248,1.245966,0.100573,-0.069000,-0.073000,0.005000,0.101514,0.004000,-0.100000,0.017000
946686475315,946686475.182078481,710,19968,0.099871159,99.755,13936,6032,-0.318101,-1.000847,1.249522,0.107838,-0.100000,-0.030000,0.027000,0.116151,0.033000,-0.111000,0.009000
946686475414,946686475.281929255,711,20064,0.099850774,100.470,13833,6231,-0.310494,-1.002857,1.252529,0.100946,0.011000,-0.087000,0.050000,0.100946,0.011000,-0.087000,0.050000
946686475514,946686475.382157326,712,19968,0.100228071,100.201,13968,6000,-0.348951,-1.008867,1.247909,0.103368,0.022000,-0.099000,0.020000,0.103368,0.022000,-0.099000,0.020000
946686475614,946686475.482113242,713,20064,0.099955916,100.452,14015,6049,-0.331192,-0.983723,1.250207,0.101099,-0.002000,-0.101000,0.004000,0.118254,0.048000,-0.108000,0.004000
946686475712,946686475.582314730,714,19968,0.100201488,100.114,13982,5986,-0.321595,-0.988587,1.257178,0.099930,-0.081000,-0.056000,0.017000,0.153512,0.021000,-0.137000,0.066000
946686475813,946686475.682188511,715,19968,0.099873781,99.716,14030,5938,-0.322994,-1.015490,1.258601,0.106273,-0.058000,-0.087000,0.019000,0.125845,0.008000,-0.118000,0.043000
946686475913,946686475.782098413,716,19968,0.099909902,100.272,14023,5945,-0.332835,-1.043788,1.247142,0.099524,0.003000,-0.086000,0.050000,0.099524,0.003000,-0.086000,0.050000
946686476015,946686475.882126331,717,20064,0.100027919,100.363,14051,6013,-0.282237,-0.996493,1.252398,0.099141,0.009000,-0.098000,0.012000,0.099141,0.009000,-0.098000,0.012000
946686476117,946686475.982247829,718,19968,0.100121498,100.134,13920,6048,-0.274950,-1.000997,1.256282,0.118533,-0.107000,-0.051000,0.000000,0.189476,0.003000,-0.186000,0.036000
946686476213,946686476.082137704,719,19968,0.099889874,99.685,13971,5997,-0.329464,-1.005117,1.245985,0.101926,0.017000,-0.086000,0.052000,0.101926,0.017000,-0.086000,0.052000
946686476314,946686476.181947589,720,20064,0.099809885,100.532,13922,6142,-0.297644,-0.985484,1.254051,0.115417,0.010000,-0.114000,0.015000,0.115417,0.010000,-0.114000,0.015000
946686476413,946686476.282240152,721,19968,0.100292563,100.136,13976,5992,-0.320277,-0.989682,1.256802,0.103218,-0.006000,-0.103000,0.003000,0.220513,0.036000,-0.211000,0.053000
946686476513,946686476.382125616,722,19968,0.099885464,100.268,14004,5964,-0.358108,-0.980462,1.246569,0.129669,-0.055000,-0.117000,0.010000,0.165566,0.048000,-0.158000,0.012000
946686476613,946686476.482132912,723,20064,0.100007296,100.309,13992,6072,-0.371659,-1.020913,1.253792,0.099529,-0.089000,-0.044000,0.007000,0.109604,0.005000,-0.108000,0.018000
946686476717,946686476.582180738,724,19968,0.100047827,100.267,13897,6071,-0.317031,-1.010422,1.266431,0.116700,-0.003000,-0.113000,0.029000,0.212064,0.067000,-0.201000,0.009000
946686476813,946686476.682204843,725,19968,0.100024104,99.590,14010,5958,-0.319790,-1.008101,1.257438,0.100648,0.009000,-0.095000,0.032000,0.100648,0.009000,-0.095000,0.032000
946686476913,946686476.782105565,726,20064,0.099900723,100.411,13978,6086,-0.257248,-1.040843,1.256613,0.102181,-0.035000,-0.096000,0.000000,0.156285,0.064000,-0.140000,0.027000
946686477013,946686476.882266641,727,19968,0.100161076,99.641,13851,6117,-0.287163,-0.986043,1.266482,0.111167,-0.075000,-0.082000,0.003000,0.160141,0.048000,-0.146000,0.045000
946686477113,946686476.982038498,728,19968,0.099771857,99.750,13905,6063,-0.307706,-0.961728,1.262217,0.100429,0.010000,-0.095000,0.031000,0.100429,0.010000,-0.095000,0.031000
946686477214,946686477.082039595,729,20064,0.100001097,100.342,14021,6043,-0.323616,-0.976672,1.260269,0.110802,-0.090000,-0.064000,0.009000,0.115104,0.008000,-0.108000,0.039000
946686477313,946686477.182135701,730,19968,0.100096107,100.239,13867,6101,-0.314662,-0.972913,1.268351,0.101223,-0.006000,-0.101000,0.003000,0.125607,0.036000,-0.120000,0.009000
946686477416,946686477.282123089,731,19968,0.099987388,99.661,13924,6044,-0.337894,-0.974658,1.271350,0.104322,-0.083000,-0.063000,-0.005000,0.116713,0.006000,-0.115000,0.019000
946686477513,946686477.382128000,732,20064,0.100004911,100.372,14117,5947,-0.371213,-0.963936,1.255436,0.101789,-0.082000,-0.046000,0.039000,0.112129,0.016000,-0.094000,0.059000
946686477612,946686477.482253790,733,19968,0.100125790,99.649,13940,6028,-0.360985,-1.020024,1.268921,0.099222,-0.082000,-0.039000,0.040000,0.099267,0.006000,-0.073000,0.067000
946686477716,946686477.582098007,734,20064,0.099844217,100.451,14038,6026,-0.292540,-1.050624,1.269661,0.101203,-0.091000,-0.044000,0.005000,0.103639,0.039000,-0.096000,0.002000
946686477813,946686477.682299614,735,19872,0.100201607,99.502,13816,6056,-0.303522,-0.974416,1.272310,0.107912,0.003000,-0.106000,0.020000,0.107912,0.003000,-0.106000,0.020000
946686477914,946686477.781928301,736,20064,0.099628687,100.487,14051,6013,-0.269545,-1.013398,1.258410,0.127949,0.013000,-0.091000,0.089000,0.127949,0.013000,-0.091000,0.089000
946686478013,946686477.882163525,737,19968,0.100235224,99.605,13835,6133,-0.321335,-0.994603,1.275217,0.103836,-0.037000,-0.097000,0.002000,0.111162,0.052000,-0.098000,0.007000
946686478116,946686477.982043982,738,20064,0.099880457,100.451,13951,6113,-0.313997,-0.978071,1.269655,0.100529,-0.069000,-0.073000,0.004000,0.103421,0.006000,-0.102000,0.016000
946686478213,946686478.082254410,739,19968,0.100210428,99.603,13972,5996,-0.324013,-0.972754,1.281881,0.104446,0.012000,-0.093000,0.046000,0.104446,0.012000,-0.093000,0.046000
946686478314,946686478.182144403,740,20064,0.099889994,100.365,14065,5999,-0.354701,-0.953640,1.254301,0.102806,-0.026000,-0.097000,0.022000,0.209268,0.002000,-0.205000,0.042000
946686478415,946686478.282254934,741,19968,0.100110531,100.233,13994,5974,-0.315921,-0.977514,1.275174,0.103894,0.011000,-0.092000,0.047000,0.103894,0.011000,-0.092000,0.047000
946686478516,946686478.382230997,742,19968,0.099976063,100.181,13927,6041,-0.320423,-0.987559,1.273247,0.105858,-0.089000,-0.057000,0.006000,0.121511,0.013000,-0.120000,0.014000
946686478613,946686478.482168913,743,19968,0.099937916,99.595,13985,5983,-0.346566,-1.010199,1.267294,0.106480,0.004000,-0.099000,0.039000,0.106480,0.004000,-0.099000,0.039000
946686478714,946686478.582059979,744,20064,0.099891067,100.440,14160,5904,-0.293852,-1.023054,1.254372,0.110878,-0.098000,-0.049000,0.017000,0.203789,0.036000,-0.195000,0.047000
946686478812,946686478.682263136,745,19968,0.100203156,99.548,13903,6065,-0.292634,-0.986810,1.276264,0.100846,0.040000,-0.091000,0.017000,0.100846,0.040000,-0.091000,0.017000
946686478914,946686478.782131195,746,20064,0.099868059,100.390,13953,6111,-0.267971,-0.978883,1.276114,0.103937,0.005000,-0.097000,0.037000,0.103937,0.005000,-0.097000,0.037000
946686479016,946686478.882292986,747,19968,0.100161791,100.157,14001,5967,-0.302817,-0.954734,1.277633,0.101262,0.019000,-0.097000,0.022000,0.101262,0.019000,-0.097000,0.022000
946686479116,946686478.982211947,748,19968,0.099918962,100.182,14004,5964,-0.254976,-0.926068,1.285223,0.099785,-0.095000,-0.026000,0.016000,0.107224,0.042000,-0.097000,0.018000
946686479213,946686479.082151532,749,19968,0.099939585,99.626,13900,6068,-0.254774,-0.946077,1.279790,0.115143,-0.015000,-0.108000,0.037000,0.115417,0.012000,-0.109000,0.036000
946686479313,946686479.182079792,750,19968,0.099928260,99.678,13992,5976,-0.277886,-0.943211,1.263771,0.103368,0.050000,-0.088000,0.021000,0.103368,0.050000,-0.088000,0.021000
946686479413,946686479.281966925,751,20064,0.099887133,100.483,14142,5922,-0.325022,-0.925040,1.261788,0.106212,-0.006000,-0.102000,0.029000,0.184884,0.042000,-0.177000,0.033000
946686479516,946686479.382205963,752,19968,0.100239038,99.597,13881,6087,-0.280175,-0.954503,1.278041,0.104120,-0.092000,-0.044000,0.021000,0.141400,0.048000,-0.133000,0.001000
946686479613,946686479.482048750,753,19968,0.099842787,99.708,13975,5993,-0.297278,-0.980099,1.287452,0.112365,-0.040000,-0.105000,0.001000,0.163003,0.003000,-0.160000,0.031000
946686479712,946686479.582090855,754,20064,0.100042105,100.335,14079,5985,-0.270749,-0.988405,1.269632,0.099529,0.029000,-0.091000,0.028000,0.099529,0.029000,-0.091000,0.028000
946686479812,946686479.682177424,755,19968,0.100086570,99.614,13923,6045,-0.226869,-0.931594,1.280092,0.114900,0.036000,-0.109000,0.005000,0.114900,0.036000,-0.109000,0.005000
946686479914,946686479.782098413,756,20064,0.099920988,100.314,14038,6026,-0.242531,-0.925950,1.263764,0.105186,0.004000,-0.098000,0.038000,0.105186,0.004000,-0.098000,0.038000
946686480013,946686479.882176638,757,19968,0.100078225,99.722,13983,5985,-0.289106,-0.939547,1.269692,0.110458,-0.104000,-0.032000,0.019000,0.136191,0.042000,-0.128000,0.020000
946686480112,946686479.982094407,758,20064,0.099917769,100.433,13807,6257,-0.306230,-0.962444,1.272742,0.105043,-0.096000,-0.027000,0.033000,0.108287,0.009000,-0.107000,0.014000
946686480213,946686480.082285643,759,19872,0.100191236,99.484,13829,6043,-0.298968,-0.964565,1.268157,0.100703,-0.085000,-0.054000,0.000000,0.159072,0.006000,-0.148000,0.058000
946686480313,946686480.181966901,760,20064,0.099681258,100.502,14058,6006,-0.378813,-0.898338,1.252932,0.109827,-0.077000,-0.078000,0.007000,0.259540,0.053000,-0.254000,-0.006000
946686480414,946686480.282207847,761,20064,0.100240946,100.362,14025,6039,-0.351192,-0.979828,1.269750,0.099529,0.037000,-0.091000,0.016000,0.099529,0.037000,-0.091000,0.016000
946686480512,946686480.382324815,762,19872,0.100116968,99.457,13824,6048,-0.280120,-0.930064,1.269706,0.112089,-0.100000,-0.050000,0.008000,0.125048,0.016000,-0.105000,0.066000
946686480615,946686480.481952548,763,20064,0.099627733,100.007,14078,5986,-0.320333,-0.975885,1.251040,0.100817,-0.010000,-0.100000,0.008000,0.123730,0.008000,-0.122000,0.019000
946686480714,946686480.582109690,764,19968,0.100157142,99.654,14009,5959,-0.290208,-0.937628,1.256167,0.134495,-0.016000,-0.133000,0.012000,0.156333,0.060000,-0.142000,0.026000
946686480814,946686480.682134151,765,19968,0.100024462,99.650,13924,6044,-0.268970,-0.935678,1.261378,0.121700,-0.053000,-0.109000,0.011000,0.254772,0.042000,-0.243000,0.064000
946686480913,946686480.781530976,766,20064,0.099396825,100.332,13911,6153,-0.307149,-0.953819,1.257863,0.106944,-0.042000,-0.093000,0.032000,0.106986,0.031000,-0.102000,0.009000
946686481015,946686480.882082820,767,19968,0.100551844,99.703,13895,6073,-0.340998,-0.969917,1.251697,0.101592,0.009000,-0.096000,0.032000,0.101592,0.009000,-0.096000,0.032000
946686481113,946686480.982060194,768,20064,0.099977374,100.444,14003,6061,-0.341795,-0.916579,1.250395,0.107261,0.010000,-0.106000,0.013000,0.107261,0.010000,-0.106000,0.013000
946686481217,946686481.082256198,769,19872,0.100196004,99.405,13840,6032,-0.299513,-0.974358,1.259067,0.100020,-0.016000,-0.098000,0.012000,0.253907,0.016000,-0.238000,0.087000
946686481315,946686481.181989670,770,20160,0.099733472,100.602,14142,6018,-0.394256,-0.935483,1.247638,0.103528,0.005000,-0.102000,0.017000,0.103528,0.005000,-0.102000,0.017000
946686481413,946686481.282348752,771,19872,0.100359082,99.439,13857,6015,-0.339276,-0.992150,1.252934,0.102259,-0.074000,-0.070000,0.009000,0.117890,0.020000,-0.113000,0.027000
946686481513,946686481.381966949,772,20064,0.099618196,100.469,14070,5994,-0.326655,-0.999058,1.259990,0.103097,-0.002000,-0.103000,0.004000,0.103397,0.019000,-0.099000,0.023000
946686481613,946686481.482185721,773,19968,0.100218773,99.653,13909,6059,-0.320360,-0.999107,1.246591,0.112965,-0.046000,-0.103000,0.006000,0.115017,0.004000,-0.107000,0.042000
946686481713,946686481.582128763,774,20064,0.099943042,100.379,14122,5942,-0.301977,-0.972652,1.253948,0.105934,-0.046000,-0.095000,0.009000,0.123183,0.002000,-0.121000,0.023000
946686481813,946686481.682271361,775,19968,0.100142598,99.654,13862,6106,-0.311224,-0.954509,1.249152,0.119558,0.009000,-0.118000,0.017000,0.119558,0.009000,-0.118000,0.017000
946686481915,946686481.782110453,776,19968,0.099839091,99.736,13841,6127,-0.323654,-0.992500,1.249334,0.101769,-0.087000,-0.042000,0.032000,0.230734,0.022000,-0.223000,0.055000
946686482013,946686481.882008433,777,20064,0.099897981,100.504,14000,6064,-0.350023,-0.976789,1.241906,0.101218,0.008000,-0.095000,0.034000,0.101218,0.008000,-0.095000,0.034000
946686482114,946686481.982264042,778,19968,0.100255609,100.151,13998,5970,-0.365284,-0.965490,1.255032,0.109115,-0.081000,-0.056000,0.047000,0.112227,0.007000,-0.105000,0.039000
946686482213,946686482.082161546,779,19968,0.099897504,99.599,13921,6047,-0.326549,-0.978566,1.248137,0.112339,-0.018000,-0.110000,0.014000,0.118499,0.008000,-0.117000,0.017000
946686482312,946686482.182130098,780,20064,0.099968553,100.396,14061,6003,-0.362307,-1.010601,1.242857,0.101863,0.034000,-0.096000,0.002000,0.101863,0.034000,-0.096000,0.002000
946686482414,946686482.282279611,781,19968,0.100149512,100.140,13962,6006,-0.345040,-1.022510,1.249234,0.099494,-0.073000,-0.067000,0.009000,0.100812,0.019000,-0.099000,-0.001000
946686482513,946686482.382174253,782,19968,0.099894643,99.661,13829,6139,-0.316290,-1.032032,1.246277,0.103663,-0.039000,-0.096000,0.003000,0.165363,0.004000,-0.152000,0.065000
946686482614,946686482.482102633,783,20064,0.099928379,100.453,13989,6075,-0.267985,-1.020924,1.257825,0.116439,0.034000,-0.111000,0.009000,0.116439,0.034000,-0.111000,0.009000
946686482712,946686482.582292914,784,19968,0.100190282,100.201,13917,6051,-0.316970,-1.033438,1.242525,0.102098,-0.084000,-0.058000,-0.002000,0.160106,0.040000,-0.153000,0.025000
946686482814,946686482.682240725,785,19968,0.099947810,99.642,13926,6042,-0.334021,-1.005279,1.246875,0.115434,0.038000,-0.109000,0.000000,0.115434,0.038000,-0.109000,0.000000
946686482914,946686482.782087922,786,20064,0.099847198,100.425,13980,6084,-0.327705,-0.986120,1.261607,0.107369,-0.010000,-0.102000,0.032000,0.127381,0.017000,-0.121000,0.036000
946686483013,946686482.882269621,787,19968,0.100181699,100.156,13986,5982,-0.344217,-0.975176,1.252645,0.111741,0.026000,-0.107000,0.019000,0.111741,0.026000,-0.107000,0.019000
946686483112,946686482.982170582,788,19968,0.099900961,99.602,13913,6055,-0.373282,-1.028777,1.234056,0.104666,-0.005000,-0.101000,0.027000,0.121227,0.010000,-0.114000,0.040000
946686483214,946686483.082116127,789,20064,0.099945545,100.329,13979,6085,-0.326885,-1.003463,1.251089,0.099045,0.017000,-0.089000,0.040000,0.099045,0.017000,-0.089000,0.040000
946686483314,946686483.182200432,790,19968,0.100084305,100.235,13916,6052,-0.326752,-1.008019,1.251100,0.116060,-0.037000,-0.110000,-0.001000,0.230907,0.005000,-0.227000,0.042000
946686483413,946686483.282194972,791,19968,0.099994540,99.610,13997,5971,-0.350041,-1.026547,1.245899,0.103160,0.000000,-0.101000,0.021000,0.106094,0.010000,-0.100000,0.034000
946686483514,946686483.382105231,792,20064,0.099910259,100.417,13984,6080,-0.324667,-0.998534,1.258781,0.109458,-0.042000,-0.101000,0.004000,0.126452,0.013000,-0.125000,0.014000
946686483614,946686483.482274652,793,19968,0.100169420,100.199,13940,6028,-0.319407,-0.979749,1.250748,0.103576,0.018000,-0.102000,0.000000,0.103576,0.018000,-0.102000,0.000000
946686483715,946686483.582231522,794,19968,0.099956870,99.645,13982,5986,-0.358459,-0.992399,1.239283,0.105627,-0.034000,-0.100000,-0.001000,0.212965,0.007000,-0.173000,0.124000
946686483810,946686483.682032466,795,19968,0.099800944,99.786,13841,6127,-0.371750,-1.001160,1.234638,0.103179,-0.086000,-0.057000,-0.001000,0.137583,0.012000,-0.136000,0.017000
946686483914,946686483.781575084,796,20064,0.099542618,100.927,14013,6051,-0.361124,-0.946833,1.265249,0.111203,-0.022000,-0.101000,0.041000,0.213356,0.098000,-0.189000,0.014000
946686484015,946686483.882251263,797,19968,0.100676179,99.604,13899,6069,-0.342469,-1.009679,1.249121,0.100643,0.002000,-0.099000,0.018000,0.100643,0.002000,-0.099000,0.018000
946686484110,946686483.982028127,798,19968,0.099776864,99.749,13908,6060,-0.358579,-1.033378,1.239698,0.099343,-0.014000,-0.093000,0.032000,0.124032,0.004000,-0.122000,0.022000
946686484214,946686484.082026362,799,20064,0.099998236,100.421,13973,6091,-0.347703,-1.015166,1.245392,0.101420,-0.085000,-0.055000,0.006000,0.103097,0.052000,-0.089000,-0.002000
946686484311,946686484.182205796,800,19968,0.100179434,99.604,13893,6075,-0.309177,-1.036953,1.251947,0.110114,-0.080000,-0.075000,0.010000,0.203747,0.098000,-0.178000,0.015000
946686484413,946686484.282124281,801,20064,0.099918485,100.388,14094,5970,-0.283431,-1.012164,1.259567,0.101143,0.007000,-0.095000,0.034000,0.101143,0.007000,-0.095000,0.034000
946686484513,946686484.382271647,802,19968,0.100147367,100.172,13925,6043,-0.329296,-1.028444,1.242075,0.106452,-0.096000,-0.046000,0.000000,0.160116,0.028000,-0.153000,0.038000
946686484615,946686484.482199669,803,19968,0.099928021,99.646,13858,6110,-0.297826,-1.000646,1.248935,0.103121,-0.003000,-0.103000,0.004000,0.130579,0.011000,-0.129000,0.017000
946686484712,946686484.582128644,804,19968,0.099928975,99.745,13931,6037,-0.334289,-1.010743,1.249861,0.103542,-0.043000,-0.094000,0.006000,0.163667,0.005000,-0.161000,0.029000
946686484819,946686484.681626320,805,20064,0.099497676,100.902,14081,5983,-0.353686,-1.000048,1.253570,0.104585,-0.092000,-0.043000,0.025000,0.151951,0.048000,-0.144000,0.007000
946686484914,946686484.782271981,806,19968,0.100645661,99.486,13924,6044,-0.338124,-1.025075,1.252834,0.099529,0.016000,-0.095000,0.025000,0.099529,0.016000,-0.095000,0.025000
946686485013,946686484.882153869,807,19968,0.099881887,99.680,13889,6079,-0.295096,-1.018118,1.248211,0.099830,-0.019000,-0.097000,0.014000,0.125196,0.007000,-0.117000,0.044000
946686485114,946686484.981587172,808,20064,0.099433303,100.900,14058,6006,-0.319278,-1.031187,1.248102,0.098798,-0.084000,-0.052000,0.001000,0.144375,0.026000,-0.142000,-0.002000
946686485213,946686485.082244039,809,19968,0.100656867,99.586,13970,5998,-0.321446,-1.017427,1.243464,0.103078,-0.004000,-0.103000,0.000000,0.121404,0.053000,-0.109000,0.007000
946686485313,946686485.182170033,810,19968,0.099925995,99.639,14037,5931,-0.263000,-0.973498,1.260119,0.101435,-0.066000,-0.077000,0.002000,0.103005,0.019000,-0.093000,0.040000
946686485413,946686485.282032609,811,20064,0.099862576,99.938,14014,6050,-0.288631,-0.975732,1.250788,0.102961,-0.096000,-0.032000,0.019000,0.118562,0.012000,-0.112000,0.037000
946686485515,946686485.382072210,812,20064,0.100039601,100.476,13966,6098,-0.324772,-1.029877,1.245144,0.103412,-0.098000,-0.019000,0.027000,0.121746,0.050000,-0.109000,0.021000
946686485612,946686485.482311130,813,19872,0.100238919,99.485,13888,5984,-0.316764,-1.016915,1.244993,0.102391,0.016000,-0.092000,0.042000,0.102391,0.016000,-0.092000,0.042000
946686485713,946686485.582013011,814,20064,0.099701881,100.498,14027,6037,-0.329086,-0.965953,1.263352,0.101040,-0.074000,-0.058000,0.037000,0.107861,0.047000,-0.095000,0.020000
946686485813,946686485.682253242,815,19968,0.100240231,99.537,13979,5989,-0.337826,-1.014378,1.242938,0.098848,0.001000,-0.097000,0.019000,0.098848,0.001000,-0.097000,0.019000
946686485913,946686485.782125473,816,19968,0.099872231,99.675,13949,6019,-0.311262,-1.000105,1.251352,0.100045,-0.072000,-0.069000,0.008000,0.115957,0.030000,-0.111000,0.015000
946686486014,946686485.881980896,817,20064,0.099855423,100.476,14044,6020,-0.309828,-1.016231,1.266623,0.104048,-0.020000,-0.101000,0.015000,0.117405,0.002000,-0.108000,0.046000
946686486112,946686485.982207537,818,19968,0.100226641,99.568,13941,6027,-0.302945,-1.003059,1.253617,0.110648,-0.019000,-0.109000,-0.001000,0.145059,0.013000,-0.128000,0.067000
946686486213,946686486.082149267,819,19968,0.099941730,99.710,14004,5964,-0.301372,-1.010887,1.254884,0.099343,-0.014000,-0.093000,0.032000,0.107205,0.040000,-0.098000,0.017000
946686486313,946686486.182041645,820,20064,0.099892378,99.933,13892,6172,-0.275932,-1.006276,1.260481,0.099494,-0.097000,-0.021000,0.007000,0.159176,0.004000,-0.155000,0.036000
946686486413,946686486.282095671,821,19968,0.100054026,99.751,13877,6091,-0.294818,-0.985862,1.257596,0.099810,-0.080000,-0.059000,0.009000,0.191296,0.005000,-0.188000,0.035000
946686486516,946686486.382068872,822,20064,0.099973202,100.487,14056,6008,-0.354328,-0.981409,1.254455,0.109128,-0.076000,-0.078000,0.007000,0.118144,0.013000,-0.117000,0.010000
946686486612,946686486.482298136,823,19968,0.100229263,100.183,13967,6001,-0.305684,-0.965346,1.258913,0.121491,-0.102000,-0.066000,0.000000,0.124812,0.007000,-0.123000,0.020000
946686486716,946686486.582227468,824,19968,0.099929333,100.212,13946,6022,-0.301251,-0.968482,1.263447,0.113868,-0.071000,-0.089000,-0.002000,0.180754,0.028000,-0.172000,0.048000
946686486813,946686486.682188869,825,19968,0.099961400,99.639,14046,5922,-0.350268,-0.987767,1.258600,0.108287,-0.102000,-0.031000,0.019000,0.120690,0.057000,-0.106000,0.009000
946686486913,946686486.782052994,826,20064,0.099864125,100.430,13969,6095,-0.371297,-1.058703,1.260876,0.099242,-0.070000,-0.070000,0.007000,0.136667,0.026000,-0.131000,0.029000
946686487013,946686486.882248998,827,19968,0.100196004,99.649,13960,6008,-0.302022,-0.985309,1.264880,0.123879,-0.036000,-0.107000,0.051000,0.205934,0.036000,-0.197000,0.048000
946686487114,946686486.982122064,828,19968,0.099873066,99.683,13945,6023,-0.294050,-0.980217,1.262603,0.134052,-0.119000,-0.040000,0.047000,0.152791,0.020000,-0.128000,0.081000
946686487213,946686487.082126856,829,20064,0.100004792,99.820,14097,5967,-0.260456,-1.001226,1.261649,0.124069,0.005000,-0.122000,0.022000,0.124069,0.005000,-0.122000,0.022000
946686487312,946686487.182120800,830,19968,0.099993944,99.687,13894,6074,-0.316459,-0.976326,1.268105,0.103735,0.044000,-0.092000,0.019000,0.103735,0.044000,-0.092000,0.019000
946686487415,946686487.282148600,831,20064,0.100027800,100.338,13948,6116,-0.296467,-0.977195,1.274374,0.110277,-0.104000,-0.033000,0.016000,0.167932,0.024000,-0.160000,0.045000
946686487515,946686487.382244349,832,19968,0.100095749,100.218,14022,5946,-0.314696,-0.967077,1.265275,0.104307,-0.088000,-0.056000,0.000000,0.203266,0.022000,-0.192000,0.063000
946686487612,946686487.482214689,833,19968,0.099970341,99.627,13927,6041,-0.362548,-0.989594,1.265616,0.108665,-0.076000,-0.044000,0.064000,0.148812,0.012000,-0.140000,0.049000
946686487715,946686487.582137346,834,19968,0.099922657,99.627,13909,6059,-0.336469,-0.971679,1.275168,0.117068,-0.045000,-0.108000,0.004000,0.127617,0.011000,-0.126000,0.017000
946686487813,946686487.682035565,835,20064,0.099898219,100.423,14003,6061,-0.332073,-1.004202,1.267630,0.124020,-0.098000,-0.064000,0.041000,0.258554,0.015000,-0.255000,0.040000
946686487912,946686487.782214761,836,19968,0.100179195,99.576,14036,5932,-0.332899,-1.021911,1.269356,0.100125,-0.005000,-0.100000,0.000000,0.127138,0.042000,-0.120000,0.000000
946686488014,946686487.882205963,837,20064,0.099991202,100.298,14002,6062,-0.274625,-1.027849,1.257426,0.106179,0.032000,-0.101000,0.007000,0.106179,0.032000,-0.101000,0.007000
946686488115,946686487.982246280,838,19968,0.100040317,99.631,13965,6003,-0.305869,-0.986740,1.279302,0.106344,-0.018000,-0.104000,0.013000,0.165194,0.012000,-0.163000,0.024000
946686488213,946686488.082206607,839,19968,0.099960327,99.618,13976,5992,-0.305279,-0.954471,1.280215,0.099156,0.042000,-0.088000,0.018000,0.099156,0.042000,-0.088000,0.018000
946686488315,946686488.182107925,840,19968,0.099901319,99.664,13991,5977,-0.323806,-0.969292,1.274214,0.100648,-0.004000,-0.075000,0.067000,0.176946,0.087000,-0.154000,-0.005000
946686488412,946686488.282068253,841,20064,0.099960327,99.898,14072,5992,-0.288374,-0.958300,1.278244,0.103276,-0.096000,-0.033000,0.019000,0.127675,0.008000,-0.126000,0.019000
946686488514,946686488.382128954,842,19968,0.100060701,99.686,14004,5964,-0.298388,-0.954694,1.266805,0.099890,-0.017000,-0.092000,0.035000,0.104623,0.011000,-0.099000,0.032000
946686488614,946686488.482128739,843,20064,0.099999785,100.445,14119,5945,-0.348822,-0.981339,1.264400,0.099690,-0.044000,-0.089000,0.009000,0.152007,0.004000,-0.131000,0.077000
946686488713,946686488.582306862,844,19968,0.100178123,100.173,14087,5881,-0.339771,-0.999277,1.269768,0.104336,-0.094000,-0.045000,0.005000,0.171146,0.051000,-0.163000,0.011000
946686488814,946686488.682235241,845,19968,0.099928379,99.605,13895,6073,-0.295309,-1.025393,1.270373,0.104120,0.016000,-0.099000,0.028000,0.104120,0.016000,-0.099000,0.028000
946686488914,946686488.782109618,846,20064,0.099874377,100.420,14050,6014,-0.265414,-1.023008,1.258391,0.102557,0.011000,-0.091000,0.046000,0.102557,0.011000,-0.091000,0.046000
946686489013,946686488.882288814,847,19968,0.100179195,99.654,13987,5981,-0.309756,-1.008666,1.264320,0.100170,0.004000,-0.093000,0.037000,0.100170,0.004000,-0.093000,0.037000
946686489114,946686488.982175350,848,19968,0.099886537,99.604,14049,5919,-0.294525,-0.967378,1.281101,0.100369,-0.037000,-0.089000,0.028000,0.160440,0.051000,-0.152000,0.006000
946686489214,946686489.082207322,849,20064,0.100031972,100.359,13895,6169,-0.302695,-0.976810,1.272054,0.103097,-0.002000,-0.100000,0.025000,0.171278,0.066000,-0.158000,0.004000
946686489312,946686489.182323098,850,19968,0.100115776,100.147,13860,6108,-0.311898,-0.998326,1.278359,0.106822,-0.091000,-0.051000,0.023000,0.115139,0.002000,-0.113000,0.022000
946686489416,946686489.282228351,851,19968,0.099905252,99.641,13959,6009,-0.321864,-0.963428,1.268572,0.107005,-0.015000,-0.100000,0.035000,0.107056,0.047000,-0.096000,0.006000
946686489513,946686489.382145524,852,20064,0.099917173,100.414,14016,6048,-0.369541,-0.954151,1.262221,0.110531,-0.009000,-0.110000,0.006000,0.191792,0.060000,-0.180000,0.028000
946686489613,946686489.482315183,853,19968,0.100169659,100.204,13934,6034,-0.320382,-0.980223,1.281738,0.126404,-0.095000,-0.077000,0.032000,0.206092,0.008000,-0.191000,0.077000
946686489713,946686489.582281351,854,19968,0.099966168,99.572,13977,5991,-0.365401,-1.012261,1.264258,0.102357,0.006000,-0.096000,0.035000,0.102357,0.006000,-0.096000,0.035000
946686489814,946686489.682134390,855,20064,0.099853039,100.410,13977,6087,-0.322270,-1.037337,1.262543,0.107042,-0.017000,-0.105000,0.012000,0.124270,0.029000,-0.119000,0.021000
946686489914,946686489.782304764,856,19968,0.100170374,100.166,13897,6071,-0.300869,-0.973580,1.276754,0.114830,-0.107000,-0.036000,0.021000,0.268928,0.045000,-0.256000,0.069000
946686490014,946686489.882228851,857,19968,0.099924088,99.686,14012,5956,-0.280345,-1.011670,1.269515,0.100250,-0.032000,-0.095000,-0.001000,0.122168,0.010000,-0.115000,0.040000
946686490113,946686489.982077241,858,19968,0.099848390,99.717,13941,6027,-0.317268,-0.966276,1.262785,0.112579,0.053000,-0.099000,0.008000,0.112579,0.053000,-0.099000,0.008000
946686490213,946686490.082022667,859,20064,0.099945426,99.864,13964,6100,-0.312591,-0.968824,1.272006,0.101321,-0.007000,-0.091000,0.044000,0.110752,0.035000,-0.105000,0.004000
946686490314,946686490.182186842,860,19968,0.100164175,99.667,13869,6099,-0.282398,-0.971210,1.272590,0.121116,-0.106000,-0.052000,0.027000,0.121643,0.021000,-0.116000,0.030000
946686490412,946686490.282136917,861,19968,0.099950075,99.673,13931,6037,-0.334645,-0.971102,1.263165,0.101518,-0.084000,-0.053000,0.021000,0.127146,0.038000,-0.121000,0.009000
946686490514,946686490.382005811,862,20064,0.099868894,100.544,14044,6020,-0.354991,-0.958245,1.258237,0.101000,-0.084000,-0.048000,0.029000,0.148762,0.013000,-0.144000,0.035000
946686490613,946686490.482305288,863,19968,0.100299478,99.600,13895,6073,-0.328494,-0.979257,1.265335,0.116082,-0.013000,-0.115000,0.009000,0.155888,0.012000,-0.154000,0.021000
946686490711,946686490.582176924,864,19968,0.099871635,99.596,13954,6014,-0.328363,-1.013941,1.262715,0.099644,0.018000,-0.098000,-0.001000,0.099644,0.018000,-0.098000,-0.001000
946686490814,946686490.682152152,865,20064,0.099975228,100.339,14112,5952,-0.293426,-1.039199,1.258312,0.105128,-0.046000,-0.094000,0.010000,0.114974,0.003000,-0.113000,0.021000
946686490913,946686490.782243490,866,19968,0.100091338,99.598,13937,6031,-0.281007,-1.009991,1.265366,0.108596,-0.019000,-0.106000,0.014000,0.164882,0.016000,-0.163000,0.019000
946686491013,946686490.882202506,867,19968,0.099959016,99.600,13936,6032,-0.280541,-1.000653,1.262969,0.101297,-0.089000,-0.048000,0.006000,0.104623,0.020000,-0.095000,0.039000
946686491111,946686490.982018590,868,19968,0.099816084,99.749,13870,6098,-0.328007,-0.982663,1.253564,0.101843,-0.034000,-0.096000,0.000000,0.159207,0.011000,-0.149000,0.055000
946686491211,946686491.081527948,869,20064,0.099509358,100.292,13975,6089,-0.335729,-0.982238,1.258515,0.099161,-0.059000,-0.076000,0.024000,0.110390,0.007000,-0.109000,0.016000
946686491315,946686491.182162762,870,19968,0.100634813,99.626,13965,6003,-0.313615,-0.985344,1.253493,0.105991,-0.020000,-0.103000,0.015000,0.175439,0.011000,-0.173000,0.027000
946686491412,946686491.282067537,871,20064,0.099904776,100.489,14063,6001,-0.348136,-0.945485,1.256745,0.099725,-0.085000,-0.052000,0.004000,0.114372,0.011000,-0.108000,0.036000
946686491513,946686491.382301211,872,19968,0.100233674,99.532,14023,5945,-0.332675,-1.005176,1.250115,0.100205,-0.076000,-0.064000,0.013000,0.105821,0.043000,-0.095000,0.018000
946686491612,946686491.482198358,873,19968,0.099897146,99.664,13947,6021,-0.327126,-1.022740,1.261673,0.106855,-0.091000,-0.056000,0.001000,0.157521,0.024000,-0.141000,0.066000
946686491713,946686491.582104921,874,20064,0.099906564,100.410,14044,6020,-0.298757,-1.048604,1.260319,0.107517,-0.106000,-0.018000,0.000000,0.133675,0.011000,-0.132000,0.018000
946686491815,946686491.682269216,875,19968,0.100164294,99.641,13910,6058,-0.311832,-1.022210,1.251650,0.101213,0.050000,-0.088000,0.000000,0.101213,0.050000,-0.088000,0.000000
946686491913,946686491.782190204,876,19968,0.099920988,99.590,13972,5996,-0.291798,-1.014973,1.263029,0.107224,-0.036000,-0.101000,0.000000,0.133664,0.035000,-0.129000,0.000000
946686492013,946686491.882110953,877,19968,0.099920750,99.698,13907,6061,-0.305697,-0.980814,1.257648,0.101163,-0.017000,-0.093000,0.036000,0.115174,0.002000,-0.106000,0.045000
946686492113,946686491.981564879,878,20064,0.099453926,100.284,13841,6223,-0.308493,-1.018053,1.253253,0.107731,0.006000,-0.101000,0.037000,0.107731,0.006000,-0.101000,0.037000
946686492214,946686492.082106829,879,20064,0.100541949,100.421,14028,6036,-0.360351,-1.006761,1.254183,0.099825,-0.010000,-0.099000,0.008000,0.124920,0.047000,-0.114000,0.020000
946686492313,946686492.182285786,880,19968,0.100178957,100.264,13911,6057,-0.330386,-0.987803,1.246330,0.099850,-0.013000,-0.099000,0.000000,0.125040,0.003000,-0.115000,0.049000
946686492413,946686492.282295942,881,19968,0.100010157,99.517,13845,6123,-0.308346,-1.021384,1.249895,0.103291,0.011000,-0.102000,0.012000,0.103291,0.011000,-0.102000,0.012000
946686492515,946686492.382188678,882,19968,0.099892735,99.596,13998,5970,-0.355850,-1.023686,1.247618,0.110693,0.024000,-0.106000,0.021000,0.110693,0.024000,-0.106000,0.021000
946686492613,946686492.482103586,883,20064,0.099914908,100.410,13985,6079,-0.324748,-1.027548,1.254849,0.101079,-0.091000,-0.044000,0.000000,0.103947,0.020000,-0.102000,-0.001000
946686492713,946686492.582264662,884,19968,0.100161076,99.628,13817,6151,-0.295414,-0.993524,1.254061,0.104709,-0.008000,-0.100000,0.030000,0.152437,0.025000,-0.146000,0.036000
946686492811,946686492.682169914,885,20064,0.099905252,100.398,14037,6027,-0.290459,-1.004576,1.257921,0.103204,-0.099000,-0.029000,0.003000,0.171026,0.045000,-0.165000,0.000000
946686492913,946686492.782329679,886,19968,0.100159764,100.220,13896,6072,-0.333193,-1.020877,1.247944,0.099373,-0.035000,-0.093000,0.001000,0.112201,0.042000,-0.104000,-0.003000
946686493014,946686492.882294536,887,19968,0.099964857,99.631,13876,6092,-0.323972,-1.014992,1.245315,0.100245,-0.084000,-0.047000,0.028000,0.100255,0.009000,-0.099000,0.013000
946686493111,946686492.982156277,888,19968,0.099861741,99.619,13879,6089,-0.316099,-1.017868,1.251548,0.099287,0.016000,-0.089000,0.041000,0.099287,0.016000,-0.089000,0.041000
946686493214,946686493.082116961,889,20064,0.099960685,100.386,14105,5959,-0.352815,-0.995750,1.250584,0.100573,0.005000,-0.099000,0.017000,0.100573,0.005000,-0.099000,0.017000
946686493311,946686493.182250023,890,19968,0.100133061,99.592,13856,6112,-0.342550,-1.042992,1.245320,0.104336,-0.094000,-0.045000,0.005000,0.107606,0.021000,-0.103000,0.023000
946686493412,946686493.282150745,891,19968,0.099900723,99.657,13845,6123,-0.320366,-1.012072,1.248435,0.100603,-0.094000,-0.031000,0.018000,0.124270,0.021000,-0.119000,0.029000
946686493514,946686493.382088423,892,20064,0.099937677,99.824,13965,6099,-0.302683,-0.966919,1.254506,0.103450,-0.087000,-0.042000,0.037000,0.121631,0.013000,-0.105000,0.060000
946686493613,946686493.482208490,893,19968,0.100120068,99.651,13799,6169,-0.286089,-0.888548,1.259812,0.114987,0.042000,-0.107000,-0.003000,0.114987,0.042000,-0.107000,-0.003000
946686493715,946686493.582149863,894,19968,0.099941373,99.650,13847,6121,-0.264786,-0.842005,1.259009,0.100563,-0.032000,-0.092000,0.025000,0.128585,0.009000,-0.127000,0.018000
946686493815,946686493.682171106,895,20064,0.100021243,100.361,13852,6212,-0.255900,-0.819271,1.258127,0.101642,-0.009000,-0.101000,0.007000,0.136883,0.064000,-0.121000,0.000000
946686493915,946686493.782294393,896,19968,0.100123286,99.631,13851,6117,-0.296960,-0.843941,1.239124,0.103600,-0.096000,-0.029000,0.026000,0.124439,0.050000,-0.112000,0.021000
946686494015,946686493.882166386,897,19968,0.099871993,99.674,13718,6250,-0.261720,-0.807682,1.256282,0.107680,0.019000,-0.103000,0.025000,0.107680,0.019000,-0.103000,0.025000
946686494113,946686493.982133269,898,20064,0.099966884,100.367,13849,6215,-0.257378,-0.817508,1.261028,0.099202,-0.006000,-0.099000,0.002000,0.114869,0.015000,-0.109000,0.033000
946686494214,946686494.082260013,899,19968,0.100126743,99.610,13836,6132,-0.260873,-0.857256,1.250595,0.108871,0.002000,-0.107000,0.020000,0.108871,0.002000,-0.107000,0.020000
946686494312,946686494.182125807,900,19968,0.099865794,99.704,13808,6160,-0.254445,-0.852262,1.241170,0.109115,-0.005000,-0.109000,0.000000,0.183308,0.020000,-0.181000,0.021000
946686494416,946686494.282069087,901,20064,0.099943280,100.464,13926,6138,-0.176864,-0.844367,1.253620,0.114909,-0.098000,-0.048000,0.036000,0.124374,0.012000,-0.123000,0.014000
946686494513,946686494.382283926,902,19968,0.100214839,99.546,13943,6025,-0.163904,-0.824406,1.236166,0.100469,-0.042000,-0.091000,0.007000,0.145468,0.008000,-0.136000,0.051000
946686494613,946686494.482192636,903,19968,0.099908710,99.587,13986,5982,-0.150509,-0.838199,1.242523,0.103990,0.006000,-0.097000,0.037000,0.103990,0.006000,-0.097000,0.037000
946686494714,946686494.582203388,904,20064,0.100010753,100.315,13826,6238,-0.160926,-0.823781,1.237635,0.100125,-0.070000,-0.034000,0.063000,0.107005,0.021000,-0.097000,0.040000
946686494812,946686494.682273865,905,19968,0.100070477,99.679,13807,6161,-0.183701,-0.868570,1.249984,0.099202,-0.066000,-0.074000,0.003000,0.110756,0.005000,-0.109000,0.019000
946686494913,946686494.782102108,906,20064,0.099828243,100.519,14047,6017,-0.234600,-0.869429,1.246389,0.102942,-0.015000,-0.096000,0.034000,0.113371,0.030000,-0.108000,0.017000
946686495014,946686494.882367849,907,19968,0.100265741,100.187,13838,6130,-0.219592,-0.917846,1.237228,0.105537,-0.072000,-0.077000,0.005000,0.169198,0.030000,-0.152000,0.068000
946686495116,946686494.982306838,908,19968,0.099938989,99.590,13997,5971,-0.228248,-0.908372,1.248023,0.103204,-0.099000,-0.029000,0.003000,0.168134,0.045000,-0.162000,0.000000
946686495213,946686495.082194805,909,19968,0.099887967,99.684,13988,5980,-0.253336,-0.923548,1.250166,0.103213,0.032000,-0.098000,0.005000,0.103213,0.032000,-0.098000,0.005000
946686495312,946686495.182064533,910,19968,0.099869728,99.699,13889,6079,-0.219160,-0.937981,1.244494,0.112170,-0.079000,-0.046000,0.065000,0.206424,0.001000,-0.189000,0.083000
946686495411,946686495.282052040,911,20064,0.099987507,99.863,14080,5984,-0.210813,-0.947240,1.260329,0.101696,0.045000,-0.091000,0.006000,0.101696,0.045000,-0.091000,0.006000
946686495515,946686495.382207155,912,19968,0.100155115,99.683,14012,5956,-0.263960,-0.941974,1.251808,0.099202,0.006000,-0.093000,0.034000,0.099202,0.006000,-0.093000,0.034000
946686495613,946686495.481644034,913,20064,0.099436879,100.277,13987,6077,-0.288744,-0.950281,1.250787,0.113503,-0.081000,-0.079000,0.009000,0.125579,0.013000,-0.124000,0.015000
946686495713,946686495.582225680,914,19968,0.100581646,99.611,13969,5999,-0.310522,-0.970226,1.244890,0.103470,0.052000,-0.089000,0.009000,0.103470,0.052000,-0.089000,0.009000
946686495813,946686495.682162166,915,19968,0.099936485,99.645,14069,5899,-0.312389,-0.954860,1.239932,0.110168,-0.006000,-0.110000,0.001000,0.137590,0.009000,-0.129000,0.047000
946686495914,946686495.782080173,916,20064,0.099918008,100.537,14196,5868,-0.370882,-0.957706,1.244871,0.105314,-0.079000,-0.059000,0.037000,0.152046,0.010000,-0.133000,0.073000
946686496013,946686495.882368207,917,19968,0.100288033,99.538,14030,5938,-0.314717,-0.987355,1.249996,0.102961,-0.033000,-0.094000,0.026000,0.103817,0.017000,-0.083000,0.060000
946686496113,946686495.982141018,918,19968,0.099772811,99.677,14091,5877,-0.323401,-0.985405,1.252343,0.103238,-0.091000,-0.044000,0.021000,0.116404,0.050000,-0.103000,0.021000
946686496213,946686496.082116127,919,20064,0.099975109,100.463,14229,5835,-0.323922,-1.024991,1.239749,0.103755,0.030000,-0.099000,0.008000,0.103755,0.030000,-0.099000,0.008000
946686496313,946686496.182317615,920,19968,0.100201488,99.601,14023,5945,-0.327681,-0.994754,1.244357,0.107944,-0.088000,-0.062000,0.008000,0.156266,0.067000,-0.141000,0.007000
946686496413,946686496.282248497,921,19968,0.099930882,99.624,14108,5860,-0.268224,-0.972320,1.258648,0.105152,-0.008000,-0.088000,0.057000,0.160159,0.021000,-0.143000,0.069000
946686496514,946686496.381631970,922,19968,0.099383473,100.228,14079,5889,-0.300566,-0.962239,1.245177,0.099373,-0.075000,-0.055000,0.035000,0.116121,0.002000,-0.114000,0.022000
946686496613,946686496.481612206,923,20064,0.099980235,100.241,14092,5972,-0.315424,-0.974423,1.243249,0.111306,-0.073000,-0.084000,0.002000,0.222749,0.016000,-0.220000,0.031000
946686496714,946686496.582201481,924,20064,0.100589275,100.408,14102,5962,-0.328013,-0.937762,1.253281,0.127299,0.050000,-0.117000,0.004000,0.127299,0.050000,-0.117000,0.004000
946686496814,946686496.682355881,925,19968,0.100154400,100.202,14053,5915,-0.305463,-0.948040,1.253272,0.100901,0.034000,-0.095000,0.000000,0.100901,0.034000,-0.095000,0.000000
946686496914,946686496.782304645,926,19968,0.099948764,100.217,14123,5845,-0.331156,-0.969233,1.248103,0.103368,-0.100000,-0.018000,0.019000,0.124555,0.048000,-0.113000,0.021000
946686497014,946686496.882277131,927,19968,0.099972486,99.627,13994,5974,-0.362417,-0.987929,1.256404,0.125638,-0.113000,-0.054000,0.010000,0.223090,0.014000,-0.222000,0.017000
946686497112,946686496.982076764,928,20064,0.099799633,100.515,14165,5899,-0.321838,-1.013978,1.260174,0.100369,-0.037000,-0.089000,0.028000,0.141686,0.023000,-0.139000,0.015000
946686497213,946686497.082343936,929,19968,0.100267172,99.601,14025,5943,-0.303065,-0.970905,1.251021,0.101479,0.011000,-0.096000,0.031000,0.101479,0.011000,-0.096000,0.031000
946686497313,946686497.182200193,930,19968,0.099856257,99.699,14110,5858,-0.291372,-1.003502,1.252279,0.120681,-0.010000,-0.120000,0.008000,0.146523,0.027000,-0.144000,-0.002000
946686497415,946686497.281651974,931,19968,0.099451780,100.113,13986,5982,-0.319414,-0.978979,1.264268,0.106273,-0.007000,-0.106000,0.003000,0.117107,0.027000,-0.112000,0.021000
946686497512,946686497.381515861,932,20064,0.099863887,100.352,13984,6080,-0.301802,-0.947755,1.262129,0.106287,-0.087000,-0.052000,0.032000,0.111382,0.009000,-0.110000,0.015000
946686497612,946686497.482182860,933,19968,0.100667000,99.604,14045,5923,-0.322250,-0.973578,1.255687,0.100921,-0.011000,-0.100000,0.008000,0.111131,0.013000,-0.110000,0.009000
946686497714,946686497.582200527,934,20064,0.100017667,100.345,14123,5941,-0.369870,-0.941074,1.256640,0.115784,-0.030000,-0.109000,0.025000,0.124455,0.033000,-0.120000,0.000000
946686497813,946686497.682290077,935,19968,0.100089550,99.602,14035,5933,-0.320084,-0.955531,1.270447,0.104389,-0.076000,-0.060000,0.039000,0.107238,0.014000,-0.102000,0.030000
946686497916,946686497.782213211,936,20064,0.099923134,100.429,14165,5899,-0.357477,-0.981543,1.257341,0.102908,-0.085000,-0.058000,-0.001000,0.110716,0.004000,-0.109000,0.019000
946686498013,946686497.882395506,937,19968,0.100182295,99.556,14079,5889,-0.352873,-0.993887,1.264541,0.099045,0.001000,-0.097000,0.020000,0.099045,0.001000,-0.097000,0.020000
946686498111,946686497.982221961,938,19968,0.099826455,99.658,14073,5895,-0.337617,-0.998597,1.269573,0.107713,0.045000,-0.096000,0.019000,0.107713,0.045000,-0.096000,0.019000
946686498212,946686498.082185507,939,19968,0.099963546,99.621,14013,5955,-0.297790,-0.988677,1.264127,0.099945,0.040000,-0.090000,0.017000,0.099945,0.040000,-0.090000,0.017000
946686498313,946686498.182099342,940,19968,0.099913836,99.643,14067,5901,-0.291151,-0.955438,1.265020,0.109165,-0.006000,-0.109000,0.000000,0.110553,0.019000,-0.106000,0.025000
946686498413,946686498.281486869,941,20064,0.099387527,100.375,14141,5923,-0.329911,-0.946834,1.257975,0.103136,0.043000,-0.092000,0.018000,0.103136,0.043000,-0.092000,0.018000
946686498514,946686498.382179976,942,20064,0.100693107,100.435,14064,6000,-0.313665,-0.959319,1.269395,0.107121,-0.001000,-0.107000,0.005000,0.115109,0.047000,-0.105000,0.004000
946686498612,946686498.482371330,943,19872,0.100191355,99.411,14068,5804,-0.312191,-0.941970,1.285981,0.103368,-0.048000,-0.085000,0.034000,0.103421,0.006000,-0.102000,0.016000
946686498713,946686498.581529856,944,20064,0.099158525,100.329,14135,5929,-0.355351,-0.924146,1.248745,0.103291,-0.075000,-0.060000,0.038000,0.116090,0.034000,-0.111000,0.000000
946686498813,946686498.682153583,945,19968,0.100623727,99.679,13982,5986,-0.314528,-0.978408,1.263504,0.105882,0.031000,-0.097000,0.029000,0.105882,0.031000,-0.097000,0.029000
946686498914,946686498.782086372,946,20064,0.099932790,100.470,14133,5931,-0.357106,-0.984488,1.255373,0.099237,-0.076000,-0.054000,0.034000,0.103019,0.015000,-0.098000,0.028000
946686499013,946686498.882317305,947,19968,0.100230932,99.577,14124,5844,-0.338434,-1.001448,1.257998,0.100941,-0.053000,-0.078000,0.036000,0.127421,0.026000,-0.122000,0.026000
946686499114,946686498.982202530,948,20064,0.099885225,100.389,14189,5875,-0.292346,-0.983114,1.260406,0.100305,-0.086000,-0.044000,0.027000,0.114639,0.001000,-0.105000,0.046000
946686499213,946686499.082350612,949,19968,0.100148082,99.615,13975,5993,-0.276504,-0.964133,1.257536,0.103155,0.014000,-0.098000,0.029000,0.103155,0.014000,-0.098000,0.029000
946686499313,946686499.182292342,950,19968,0.099941730,99.632,14026,5942,-0.299517,-0.962900,1.272708,0.103310,0.013000,-0.098000,0.030000,0.103310,0.013000,-0.098000,0.030000
946686499412,946686499.282157540,951,19968,0.099865198,99.610,13976,5992,-0.321184,-0.957475,1.265139,0.116867,-0.068000,-0.095000,0.003000,0.124226,0.038000,-0.118000,0.008000
946686499513,946686499.382192612,952,20064,0.100035071,100.346,14109,5955,-0.325275,-0.943381,1.266114,0.102108,-0.020000,-0.099000,0.015000,0.130702,0.009000,-0.129000,0.019000
946686499613,946686499.482293606,953,19968,0.100100994,99.612,14069,5899,-0.318217,-0.939609,1.269580,0.103721,-0.010000,-0.103000,0.007000,0.108374,0.010000,-0.107000,0.014000
946686499713,946686499.582196951,954,20064,0.099903345,100.448,14153,5911,-0.401349,-0.950632,1.247011,0.100469,-0.094000,-0.013000,0.033000,0.107243,0.011000,-0.106000,0.012000
946686499815,946686499.682397485,955,19968,0.100200534,100.180,14100,5868,-0.360026,-0.983311,1.264594,0.102088,-0.067000,-0.077000,0.002000,0.124535,0.054000,-0.112000,0.007000
946686499914,946686499.782322526,956,19968,0.099925041,99.582,13942,6026,-0.340435,-1.007630,1.262335,0.104508,-0.041000,-0.096000,0.005000,0.127711,0.015000,-0.121000,0.038000
946686500013,946686499.882241130,957,19968,0.099918604,99.623,14045,5923,-0.331777,-1.014259,1.268104,0.100444,-0.062000,-0.079000,-0.002000,0.139119,0.060000,-0.123000,0.025000
946686500114,946686499.982150555,958,20064,0.099909425,100.428,14183,5881,-0.283168,-0.997891,1.253017,0.107768,0.011000,-0.102000,0.033000,0.107768,0.011000,-0.102000,0.033000
946686500213,946686500.082331657,959,19968,0.100181103,99.597,13973,5995,-0.291290,-0.976406,1.260280,0.100623,0.018000,-0.099000,0.000000,0.100623,0.018000,-0.099000,0.000000
946686500313,946686500.182149887,960,19968,0.099818230,99.722,13964,6004,-0.302220,-0.961389,1.263186,0.099504,-0.096000,-0.026000,0.003000,0.156250,0.023000,-0.131000,0.082000
946686500412,946686500.282077432,961,20064,0.099927545,99.844,14062,6002,-0.309040,-0.951942,1.246436,0.102460,-0.033000,-0.097000,0.000000,0.182595,0.002000,-0.179000,0.036000
946686500513,946686500.382282972,962,19968,0.100205541,99.611,14012,5956,-0.328467,-0.975625,1.257508,0.099242,-0.070000,-0.070000,0.007000,0.107522,0.014000,-0.102000,0.031000
946686500613,946686500.482181430,963,19968,0.099898458,99.649,14031,5937,-0.330116,-0.921707,1.262328,0.101995,-0.087000,-0.053000,0.005000,0.103388,0.052000,-0.089000,0.008000
946686500714,946686500.582262278,964,20064,0.100080848,100.379,14191,5873,-0.357762,-0.943373,1.246226,0.099056,-0.012000,-0.098000,0.008000,0.107764,0.004000,-0.106000,0.019000
946686500812,946686500.682402968,965,19872,0.100140691,99.346,13976,5896,-0.329434,-0.971556,1.248027,0.104408,0.006000,-0.103000,0.016000,0.104408,0.006000,-0.103000,0.016000
946686500913,946686500.781515360,966,20064,0.099112391,100.270,14086,5978,-0.351470,-0.989919,1.252072,0.100484,-0.090000,-0.029000,0.034000,0.130518,0.013000,-0.129000,0.015000
946686501013,946686500.882217288,967,19968,0.100701928,99.561,14032,5936,-0.296796,-0.984892,1.245068,0.119670,-0.083000,-0.086000,0.006000,0.133240,0.014000,-0.126000,0.041000
946686501114,946686500.982131958,968,20064,0.099914670,99.792,14201,5863,-0.283240,-0.989567,1.240535,0.100080,-0.004000,-0.100000,0.000000,0.115668,0.023000,-0.111000,0.023000
946686501213,946686501.082199097,969,19968,0.100067139,99.682,13943,6025,-0.313182,-0.976537,1.252041,0.112062,-0.073000,-0.085000,0.002000,0.188088,0.036000,-0.180000,0.041000
946686501313,946686501.181637287,970,20064,0.099438190,100.911,13987,6077,-0.321071,-0.960496,1.247118,0.124599,-0.006000,-0.120000,0.033000,0.229022,0.041000,-0.219000,0.053000
946686501412,946686501.282301784,971,19968,0.100664496,99.571,13969,5999,-0.325114,-0.959882,1.237998,0.101469,-0.086000,-0.046000,0.028000,0.199912,0.027000,-0.190000,0.056000
946686501513,946686501.382236004,972,19968,0.099934220,99.585,14066,5902,-0.339139,-0.974181,1.239846,0.103576,0.010000,-0.098000,0.032000,0.103576,0.010000,-0.098000,0.032000
946686501616,946686501.482152700,973,20064,0.099916697,100.430,14123,5941,-0.348816,-0.965722,1.247399,0.103097,-0.002000,-0.103000,0.004000,0.107508,0.018000,-0.103000,0.025000
946686501715,946686501.582327962,974,19968,0.100175261,99.642,14037,5931,-0.333290,-1.016352,1.249080,0.106921,-0.102000,-0.032000,0.002000,0.191003,0.037000,-0.173000,0.072000
946686501813,946686501.682229400,975,19968,0.099901438,99.625,14064,5904,-0.344969,-0.983572,1.237541,0.109339,0.011000,-0.103000,0.035000,0.109339,0.011000,-0.103000,0.035000
946686501914,946686501.782144785,976,20064,0.099915385,100.454,14128,5936,-0.312788,-1.001796,1.251052,0.102533,-0.036000,-0.096000,0.001000,0.128573,0.021000,-0.123000,0.031000
946686502016,946686501.882353306,977,19968,0.100208521,99.578,14078,5890,-0.302831,-0.976571,1.245042,0.101158,-0.002000,-0.098000,0.025000,0.140986,0.015000,-0.136000,0.034000
946686502113,946686501.982295632,978,19968,0.099942327,99.546,14010,5958,-0.303304,-0.971176,1.232494,0.103097,-0.032000,-0.098000,-0.001000,0.200689,0.024000,-0.190000,0.060000
946686502213,946686502.082163334,979,19968,0.099867702,99.726,14005,5963,-0.339713,-1.010037,1.240031,0.101435,-0.096000,-0.028000,0.017000,0.103798,0.003000,-0.102000,0.019000
946686502313,946686502.181653261,980,20064,0.099489927,100.313,13992,6072,-0.337797,-0.970096,1.246910,0.100225,-0.006000,-0.100000,0.003000,0.179260,0.090000,-0.155000,-0.003000
946686502414,946686502.282143116,981,19968,0.100489855,99.691,14023,5945,-0.317784,-0.977491,1.240911,0.100449,0.012000,-0.089000,0.045000,0.100449,0.012000,-0.089000,0.045000
946686502514,946686502.382156253,982,19968,0.100013137,99.616,14052,5916,-0.346562,-0.978682,1.234330,0.104628,-0.089000,-0.055000,0.001000,0.115109,0.044000,-0.105000,0.017000
946686502613,946686502.482126474,983,20064,0.099970222,99.818,14054,6010,-0.368380,-1.001581,1.243509,0.103078,-0.004000,-0.103000,0.000000,0.115278,0.033000,-0.110000,0.010000
946686502713,946686502.582286954,984,19968,0.100160480,99.582,14043,5925,-0.321041,-0.989096,1.241662,0.107559,-0.018000,-0.099000,0.038000,0.125797,0.007000,-0.124000,0.020000
946686502811,946686502.682133913,985,19968,0.099846959,99.735,13991,5977,-0.321509,-1.003165,1.245937,0.103793,-0.087000,-0.048000,0.030000,0.118254,0.012000,-0.112000,0.036000
946686502915,946686502.781617165,986,20064,0.099483252,100.251,14117,5947,-0.306799,-1.027991,1.238514,0.098615,-0.069000,-0.040000,0.058000,0.189063,0.055000,-0.172000,0.056000
946686503011,946686502.882281065,987,19968,0.100663900,99.510,13884,6084,-0.312111,-0.998978,1.237469,0.100175,-0.001000,-0.097000,0.025000,0.195420,0.028000,-0.186000,0.053000
946686503115,946686502.982289314,988,19968,0.100008249,99.624,13981,5987,-0.321764,-0.992793,1.230501,0.107187,-0.043000,-0.098000,0.006000,0.149910,0.008000,-0.140000,0.053000
946686503213,946686503.081656694,989,19968,0.099367380,100.083,14050,5918,-0.337415,-1.008793,1.235911,0.099960,-0.034000,-0.094000,0.000000,0.117839,0.017000,-0.094000,0.069000
946686503312,946686503.181486726,990,20064,0.099830031,100.312,14028,6036,-0.336131,-0.995466,1.249625,0.101242,0.001000,-0.093000,0.040000,0.101242,0.001000,-0.093000,0.040000
946686503412,946686503.282180786,991,19968,0.100694060,99.657,14087,5881,-0.313983,-0.973888,1.241176,0.103218,-0.006000,-0.103000,0.003000,0.119432,0.012000,-0.118000,0.014000
946686503513,946686503.381579757,992,20064,0.099398971,100.346,14167,5897,-0.355840,-0.985349,1.232024,0.109895,-0.072000,-0.083000,0.002000,0.112004,0.021000,-0.110000,-0.002000
946686503612,946686503.482183099,993,20064,0.100603342,100.509,14045,6019,-0.323460,-1.019858,1.234453,0.105043,-0.079000,-0.068000,0.013000,0.117282,0.001000,-0.115000,0.023000
946686503715,946686503.582418919,994,19872,0.100235820,99.372,13906,5966,-0.310963,-0.987902,1.230073,0.123960,-0.086000,-0.089000,0.007000,0.141060,0.047000,-0.133000,0.000000
946686503813,946686503.681541204,995,20064,0.099122286,100.385,14174,5890,-0.339867,-0.999176,1.237173,0.100389,-0.087000,-0.050000,0.003000,0.116159,0.055000,-0.102000,0.008000
946686503915,946686503.782280207,996,19968,0.100739002,99.558,13989,5979,-0.314709,-0.994659,1.240789,0.107224,-0.036000,-0.101000,0.000000,0.171313,0.034000,-0.164000,0.036000
946686504013,946686503.882189989,997,19872,0.099909782,99.562,13920,5952,-0.333901,-0.990157,1.240173,0.118929,-0.040000,-0.112000,0.000000,0.130065,0.052000,-0.113000,0.038000
946686504113,946686503.981480837,998,20064,0.099290848,100.306,14193,5871,-0.316743,-0.949677,1.241264,0.103639,0.006000,-0.097000,0.036000,0.103639,0.006000,-0.097000,0.036000
946686504213,946686504.081533432,999,20064,0.100052595,100.314,14162,5902,-0.343348,-0.977652,1.244415,0.101272,-0.016000,-0.100000,0.000000,0.129711,0.060000,-0.115000,0.000000
946686504314,946686504.182187915,1000,19968,0.100654483,99.586,13993,5975,-0.295184,-0.990856,1.242084,0.099509,-0.095000,-0.029000,0.006000,0.101356,0.021000,-0.074000,0.066000
946686504414,946686504.282150030,1001,19968,0.099962115,99.627,14022,5946,-0.301761,-0.978709,1.239515,0.101843,-0.034000,-0.096000,0.000000,0.162096,0.039000,-0.155000,0.027000
946686504513,946686504.381525397,1002,20064,0.099375367,100.263,14188,5876,-0.343615,-0.994199,1.235948,0.098980,0.012000,-0.098000,0.007000,0.098980,0.012000,-0.098000,0.007000
946686504614,946686504.482235551,1003,20064,0.100710154,100.347,14118,5946,-0.355368,-0.994100,1.241701,0.099810,-0.061000,-0.079000,0.000000,0.107056,0.012000,-0.106000,0.009000
946686504713,946686504.582330704,1004,19968,0.100095153,99.629,13963,6005,-0.315626,-0.949706,1.240735,0.100424,-0.087000,-0.020000,0.046000,0.101602,0.017000,-0.097000,0.025000
946686504812,946686504.682240844,1005,19968,0.099910140,99.603,14052,5916,-0.360558,-0.956524,1.241561,0.103513,0.017000,-0.099000,0.025000,0.103513,0.017000,-0.099000,0.025000
946686504912,946686504.782235146,1006,19968,0.099994302,99.566,14152,5816,-0.361169,-0.945646,1.223852,0.106607,0.004000,-0.105000,0.018000,0.106607,0.004000,-0.105000,0.018000
946686505015,946686504.881546617,1007,20064,0.099311471,100.411,14005,6059,-0.371721,-0.935235,1.239415,0.101656,0.014000,-0.097000,0.027000,0.101656,0.014000,-0.097000,0.027000
946686505112,946686504.982192278,1008,19968,0.100645661,99.586,14018,5950,-0.379065,-0.943440,1.245993,0.103267,-0.038000,-0.096000,0.002000,0.105480,0.017000,-0.089000,0.054000
946686505214,946686505.082222223,1009,20064,0.100029945,100.380,14165,5899,-0.385232,-0.929189,1.241518,0.103359,-0.093000,-0.045000,0.003000,0.128281,0.024000,-0.126000,-0.002000
946686505312,946686505.182358503,1010,19872,0.100136280,99.474,14093,5779,-0.368580,-0.957259,1.232880,0.111512,-0.005000,-0.101000,0.047000,0.249016,0.122000,-0.217000,-0.006000
946686505413,946686505.281569481,1011,20064,0.099210978,100.251,14175,5889,-0.384199,-0.955889,1.237147,0.102147,-0.088000,-0.043000,0.029000,0.146963,0.003000,-0.135000,0.058000
946686505513,946686505.382204652,1012,19968,0.100635171,99.607,14091,5877,-0.370146,-0.961387,1.236325,0.107159,-0.079000,-0.061000,0.039000,0.112543,0.016000,-0.107000,0.031000
946686505614,946686505.482181668,1013,20064,0.099977016,99.784,14241,5823,-0.359585,-0.956093,1.244203,0.100265,-0.095000,-0.032000,0.002000,0.247398,0.001000,-0.247000,0.014000
946686505715,946686505.582221627,1014,19968,0.100039959,99.725,14010,5958,-0.393923,-0.935731,1.237944,0.114582,-0.042000,-0.102000,0.031000,0.116323,0.009000,-0.115000,0.015000
946686505815,946686505.681702614,1015,19968,0.099480987,100.048,14037,5931,-0.392078,-0.918882,1.241041,0.103267,-0.038000,-0.096000,0.002000,0.128410,0.024000,-0.123000,0.028000
946686505913,946686505.781506777,1016,20064,0.099804163,100.402,14071,5993,-0.388290,-0.917538,1.238670,0.104929,-0.044000,-0.095000,0.007000,0.121165,0.028000,-0.116000,0.021000
946686506013,946686505.882296205,1017,19968,0.100789428,99.493,14117,5851,-0.419668,-0.911777,1.241475,0.105929,0.041000,-0.096000,0.018000,0.105929,0.041000,-0.096000,0.018000
946686506114,946686505.982324004,1018,20064,0.100027800,100.308,14186,5878,-0.397997,-0.924772,1.244577,0.112894,-0.035000,-0.096000,0.048000,0.162902,0.024000,-0.155000,0.044000
946686506213,946686506.082381725,1019,19872,0.100057721,99.472,13928,5944,-0.335084,-0.942981,1.251964,0.099489,-0.087000,-0.048000,0.005000,0.103349,0.009000,-0.102000,0.014000
946686506314,946686506.181608558,1020,20064,0.099226832,100.269,14268,5796,-0.366441,-0.966233,1.238489,0.115091,0.013000,-0.114000,0.009000,0.115091,0.013000,-0.114000,0.009000
946686506413,946686506.282173395,1021,19968,0.100564837,99.670,14081,5887,-0.326165,-0.982194,1.244619,0.100975,0.014000,-0.096000,0.028000,0.100975,0.014000,-0.096000,0.028000
946686506511,946686506.382189751,1022,20064,0.100016356,99.775,14210,5854,-0.235030,-0.962780,1.247765,0.098899,-0.031000,-0.084000,0.042000,0.191324,0.020000,-0.189000,0.022000
946686506615,946686506.482334256,1023,19968,0.100144506,99.583,14094,5874,-0.292399,-0.965563,1.250044,0.106897,-0.023000,-0.103000,0.017000,0.118579,0.005000,-0.110000,0.044000
946686506714,946686506.581676245,1024,20064,0.099341989,100.308,14055,6009,-0.313432,-0.963288,1.249033,0.103566,-0.009000,-0.103000,0.006000,0.106160,0.005000,-0.099000,0.038000
946686506815,946686506.682321787,1025,19968,0.100645542,99.586,14030,5938,-0.327457,-0.956730,1.255487,0.105594,-0.075000,-0.074000,0.007000,0.136580,0.005000,-0.127000,0.050000
946686506914,946686506.782293797,1026,19968,0.099972010,99.493,14107,5861,-0.309569,-0.971936,1.247972,0.104743,-0.089000,-0.055000,0.005000,0.142046,0.013000,-0.118000,0.078000
946686507018,946686506.882289886,1027,19968,0.099996090,99.506,14148,5820,-0.334922,-0.931747,1.245804,0.106813,-0.019000,-0.098000,0.038000,0.128845,0.014000,-0.122000,0.039000
946686507117,946686506.982241511,1028,19968,0.099951625,99.526,14073,5895,-0.349105,-0.972125,1.245504,0.103165,0.001000,-0.101000,0.021000,0.103165,0.001000,-0.101000,0.021000
946686507214,946686507.081511021,1029,20064,0.099269509,100.391,14104,5960,-0.352934,-0.991501,1.255319,0.118613,-0.036000,-0.113000,-0.002000,0.121103,0.019000,-0.119000,0.012000
946686507314,946686507.182216287,1030,19968,0.100705266,99.632,14058,5910,-0.317634,-0.985454,1.255227,0.109659,0.018000,-0.105000,0.026000,0.109659,0.018000,-0.105000,0.026000
946686507415,946686507.281596422,1031,19968,0.099380136,100.200,14100,5868,-0.329048,-0.991205,1.252157,0.103160,0.000000,-0.101000,0.021000,0.121367,0.005000,-0.113000,0.044000
946686507516,946686507.381554008,1032,20064,0.099957585,100.380,14117,5947,-0.255577,-0.961606,1.253662,0.101405,-0.009000,-0.101000,0.001000,0.125559,0.010000,-0.124000,0.017000
946686507612,946686507.481685519,1033,19968,0.100131512,100.097,13979,5989,-0.315028,-0.943138,1.269743,0.099202,-0.020000,-0.096000,0.015000,0.175841,0.058000,-0.166000,0.000000
946686507715,946686507.581534386,1034,20064,0.099848866,100.386,14147,5917,-0.332210,-0.945699,1.268195,0.104508,0.029000,-0.100000,0.009000,0.104508,0.029000,-0.100000,0.009000
946686507816,946686507.682251811,1035,19968,0.100717425,99.565,13997,5971,-0.345511,-0.945726,1.261294,0.110100,-0.017000,-0.108000,0.013000,0.110426,0.012000,-0.109000,0.013000
946686507915,946686507.782243252,1036,19968,0.099991441,99.566,13990,5978,-0.338432,-0.944618,1.269191,0.104733,-0.087000,-0.050000,0.030000,0.217646,0.019000,-0.215000,0.028000
946686508015,946686507.882191420,1037,19968,0.099948168,99.562,14144,5824,-0.332122,-0.936459,1.257731,0.100424,0.004000,-0.087000,0.050000,0.100424,0.004000,-0.087000,0.050000
946686508118,946686507.981489420,1038,20064,0.099298000,100.339,14127,5937,-0.374656,-0.959867,1.253299,0.109950,-0.092000,-0.045000,0.040000,0.183807,0.032000,-0.181000,0.000000
946686508214,946686508.082235694,1039,19968,0.100746274,99.585,14049,5919,-0.330564,-0.975999,1.274896,0.103121,-0.089000,-0.052000,0.003000,0.173445,0.027000,-0.155000,0.073000
946686508317,946686508.181571484,1040,20064,0.099335790,100.402,14102,5962,-0.291119,-0.983066,1.257128,0.108374,0.010000,-0.107000,0.014000,0.108374,0.010000,-0.107000,0.014000
946686508415,946686508.282231927,1041,19968,0.100660443,99.612,14060,5908,-0.307945,-0.954438,1.265671,0.114394,-0.098000,-0.059000,0.001000,0.234974,0.094000,-0.204000,0.069000
946686508515,946686508.382256389,1042,19968,0.100024462,99.515,14117,5851,-0.283764,-0.925640,1.284282,0.102391,0.016000,-0.092000,0.042000,0.102391,0.016000,-0.092000,0.042000
946686508614,946686508.481520891,1043,19968,0.099264503,100.242,14137,5831,-0.288876,-0.897867,1.271722,0.098874,-0.084000,-0.052000,0.004000,0.102489,0.024000,-0.098000,0.018000
946686508714,946686508.581494570,1044,20064,0.099973679,100.324,14110,5954,-0.316809,-0.916887,1.261742,0.100384,-0.088000,-0.043000,0.022000,0.103663,0.039000,-0.096000,-0.003000
946686508814,946686508.682225227,1045,19968,0.100730658,99.572,14006,5962,-0.332227,-0.931543,1.262606,0.123130,-0.012000,-0.109000,0.056000,0.190384,0.085000,-0.170000,0.011000
946686508914,946686508.781549096,1046,20064,0.099323869,100.325,14061,6003,-0.357161,-0.894410,1.261851,0.110503,0.015000,-0.105000,0.031000,0.110503,0.015000,-0.105000,0.031000
946686509016,946686508.882330775,1047,19968,0.100781679,99.469,14115,5853,-0.338519,-0.922121,1.269340,0.100305,0.022000,-0.096000,0.019000,0.100305,0.022000,-0.096000,0.019000
946686509110,946686508.982216358,1048,19968,0.099885583,99.697,14183,5785,-0.348355,-0.924236,1.252501,0.101985,0.001000,-0.100000,0.020000,0.101985,0.001000,-0.100000,0.020000
946686509209,946686509.081643224,1049,20064,0.099426866,100.305,14129,5935,-0.327564,-0.976924,1.263619,0.102421,-0.101000,-0.017000,0.000000,0.158669,0.004000,-0.146000,0.062000
946686509313,946686509.182243347,1050,19968,0.100600123,99.604,14023,5945,-0.297957,-0.917585,1.261865,0.107266,-0.084000,-0.051000,0.043000,0.250370,0.075000,-0.216000,0.102000
946686509418,946686509.282244086,1051,19968,0.100000739,99.622,13979,5989,-0.264635,-0.917371,1.267226,0.104403,0.024000,-0.100000,0.018000,0.104403,0.024000,-0.100000,0.018000
946686509511,946686509.381610155,1052,20064,0.099366069,100.321,14048,6016,-0.307199,-0.884732,1.258099,0.100529,0.029000,-0.096000,0.007000,0.100529,0.029000,-0.096000,0.007000
946686509614,946686509.482318640,1053,19968,0.100708485,99.474,14005,5963,-0.294146,-0.900388,1.270611,0.099975,-0.089000,-0.045000,0.007000,0.179304,0.070000,-0.165000,0.005000
946686509716,946686509.582298994,1054,19968,0.099980354,99.535,13985,5983,-0.302641,-0.890971,1.272359,0.102985,-0.075000,-0.070000,0.009000,0.188536,0.009000,-0.176000,0.067000
946686509813,946686509.681583762,1055,20064,0.099284768,100.348,14077,5987,-0.346099,-0.849513,1.252415,0.102981,0.002000,-0.101000,0.020000,0.102981,0.002000,-0.101000,0.020000
946686509912,946686509.782443881,1056,19968,0.100860119,99.386,14075,5893,-0.334619,-0.872808,1.257035,0.098874,0.004000,-0.092000,0.036000,0.098874,0.004000,-0.092000,0.036000
946686510011,946686509.882401466,1057,19968,0.099957585,99.432,14005,5963,-0.335813,-0.883606,1.263905,0.099187,-0.069000,-0.071000,0.006000,0.213138,0.092000,-0.192000,0.010000
946686510111,946686509.981574178,1058,19968,0.099172711,100.233,14011,5957,-0.322581,-0.922111,1.261354,0.102922,-0.082000,-0.062000,-0.005000,0.133675,0.012000,-0.126000,0.043000
946686510212,946686510.081527948,1059,20064,0.099953771,100.378,14196,5868,-0.300089,-0.904279,1.248191,0.103740,-0.084000,-0.041000,0.045000,0.119499,0.010000,-0.118000,0.016000
946686510319,946686510.182234883,1060,19968,0.100706935,99.675,13944,6024,-0.278728,-0.906552,1.253321,0.112610,-0.109000,-0.020000,0.020000,0.113969,0.018000,-0.109000,0.028000
946686510409,946686510.281655192,1061,19968,0.099420309,100.144,13942,6026,-0.221841,-0.877336,1.268206,0.101578,-0.030000,-0.097000,-0.003000,0.111777,0.013000,-0.106000,0.033000
946686510509,946686510.381538630,1062,20064,0.099883437,100.255,14032,6032,-0.277973,-0.865585,1.255367,0.121202,0.056000,-0.105000,0.023000,0.121202,0.056000,-0.105000,0.023000
946686510612,946686510.482303739,1063,19968,0.100765109,99.516,13959,6009,-0.291966,-0.932815,1.262640,0.105802,-0.013000,-0.105000,0.000000,0.144416,0.026000,-0.116000,0.082000
946686510712,946686510.581556559,1064,19968,0.099252820,100.225,13900,6068,-0.284103,-0.944363,1.254583,0.106738,-0.090000,-0.043000,0.038000,0.158300,0.007000,-0.137000,0.079000
946686510809,946686510.681505561,1065,20064,0.099949002,100.345,14107,5957,-0.343818,-0.922253,1.245368,0.100484,0.007000,-0.088000,0.048000,0.100484,0.007000,-0.088000,0.048000
946686510912,946686510.782400608,1066,19968,0.100895047,99.457,14066,5902,-0.332989,-0.968941,1.255985,0.120457,-0.090000,-0.079000,0.013000,0.142429,0.027000,-0.129000,0.054000
946686511013,946686510.881612897,1067,19968,0.099212289,100.213,14058,5910,-0.327309,-0.984427,1.251425,0.103542,-0.043000,-0.094000,0.006000,0.182803,0.020000,-0.181000,0.016000
946686511113,946686510.981572390,1068,20064,0.099959493,100.340,14078,5986,-0.323748,-1.012622,1.249614,0.105342,-0.036000,-0.099000,0.000000,0.119134,0.013000,-0.118000,0.010000
946686511213,946686511.082267046,1069,19968,0.100694656,99.571,14068,5900,-0.301763,-1.002939,1.254146,0.101366,-0.007000,-0.101000,0.005000,0.104470,0.025000,-0.100000,0.017000
946686511313,946686511.182240605,1070,19968,0.099973559,99.647,13953,6015,-0.291523,-0.988741,1.250560,0.106949,-0.089000,-0.059000,0.006000,0.126882,0.049000,-0.117000,0.003000
946686511413,946686511.281584382,1071,20064,0.099343777,100.333,14033,6031,-0.284479,-0.962311,1.258000,0.099146,-0.078000,-0.061000,-0.005000,0.100946,0.011000,-0.087000,0.050000
946686511513,946686511.382154703,1072,19968,0.100570321,99.628,13999,5969,-0.337798,-0.987571,1.238136,0.100005,-0.060000,-0.080000,0.001000,0.211116,0.009000,-0.208000,0.035000
946686511613,946686511.481547594,1073,20064,0.099392891,100.413,14031,6033,-0.323127,-0.963505,1.247098,0.100901,-0.001000,-0.098000,0.024000,0.101361,0.028000,-0.097000,0.009000
946686511715,946686511.582301617,1074,19968,0.100754023,99.515,14010,5958,-0.334694,-0.964697,1.250532,0.111508,-0.092000,-0.063000,-0.001000,0.192221,0.024000,-0.182000,0.057000
946686511811,946686511.682281971,1075,19968,0.099980354,99.501,13956,6012,-0.329519,-0.983202,1.244087,0.100827,0.002000,-0.099000,0.019000,0.100827,0.002000,-0.099000,0.019000
946686511913,946686511.782175660,1076,19968,0.099893689,99.626,14074,5894,-0.337619,-0.997745,1.246813,0.108384,0.005000,-0.101000,0.039000,0.108384,0.005000,-0.101000,0.039000
946686512013,946686511.881546855,1077,19968,0.099371195,100.219,13968,6000,-0.317184,-0.998166,1.247506,0.098939,-0.083000,-0.046000,0.028000,0.149696,0.022000,-0.134000,0.063000
946686512113,946686511.981498361,1078,20064,0.099951506,100.327,14065,5999,-0.307397,-1.007314,1.251158,0.100548,-0.079000,-0.062000,-0.005000,0.168576,0.056000,-0.159000,0.001000
946686512213,946686512.082224250,1079,19968,0.100725889,99.575,14075,5893,-0.347385,-0.999139,1.242145,0.102966,0.001000,-0.101000,0.020000,0.102966,0.001000,-0.101000,0.020000
946686512313,946686512.181540728,1080,20064,0.099316478,100.404,14011,6053,-0.296969,-0.975241,1.258510,0.107201,-0.102000,-0.032000,0.008000,0.121219,0.038000,-0.115000,0.005000
946686512415,946686512.281697392,1081,19872,0.100156665,100.084,13870,6002,-0.324622,-1.009125,1.246121,0.111045,-0.063000,-0.089000,0.021000,0.130388,0.020000,-0.124000,0.035000
946686512516,946686512.381505013,1082,20064,0.099807620,100.295,14006,6058,-0.302827,-0.986538,1.249790,0.102577,0.051000,-0.089000,0.000000,0.102577,0.051000,-0.089000,0.000000
946686512612,946686512.481552601,1083,20064,0.100047588,100.310,14059,6005,-0.347559,-0.984028,1.251286,0.102806,-0.098000,-0.031000,0.002000,0.109014,0.006000,-0.102000,0.038000
946686512713,946686512.582360506,1084,19968,0.100807905,99.474,13928,6040,-0.341284,-0.997463,1.240108,0.108632,0.027000,-0.104000,0.016000,0.108632,0.027000,-0.104000,0.016000
946686512813,946686512.682214260,1085,19968,0.099853754,99.594,13915,6053,-0.337656,-1.000271,1.244716,0.105532,-0.074000,-0.075000,0.006000,0.144596,0.006000,-0.134000,0.054000
946686512913,946686512.781557679,1086,20064,0.099343419,100.379,14099,5965,-0.346636,-1.017527,1.241392,0.099930,-0.011000,-0.099000,0.008000,0.121754,0.008000,-0.114000,0.042000
946686513014,946686512.882222176,1087,19968,0.100664496,99.582,13957,6011,-0.333186,-1.008506,1.238077,0.103267,-0.038000,-0.096000,0.002000,0.114913,0.023000,-0.110000,0.024000
946686513115,946686512.982233167,1088,19968,0.100010991,99.530,13943,6025,-0.305264,-0.996923,1.244269,0.104957,-0.042000,-0.096000,0.006000,0.124567,0.035000,-0.114000,0.036000
946686513213,946686513.081505060,1089,19968,0.099271894,100.275,14055,5913,-0.319107,-1.003612,1.243093,0.099539,-0.096000,-0.026000,0.004000,0.102703,0.006000,-0.096000,0.036000
946686513314,946686513.181509614,1090,20064,0.100004554,100.405,14031,6033,-0.301053,-0.994280,1.250689,0.102567,0.028000,-0.094000,0.030000,0.102567,0.028000,-0.094000,0.030000
946686513415,946686513.281668901,1091,19968,0.100159287,100.106,13951,6017,-0.316190,-0.961428,1.247559,0.112089,-0.094000,-0.052000,0.032000,0.125116,0.038000,-0.119000,0.007000
946686513513,946686513.381543994,1092,20064,0.099875093,100.306,14110,5954,-0.343756,-0.960418,1.256463,0.100568,0.033000,-0.095000,0.000000,0.100568,0.033000,-0.095000,0.000000
946686513613,946686513.482311726,1093,19968,0.100767732,99.512,13985,5983,-0.334022,-1.010683,1.237776,0.121709,0.012000,-0.115000,0.038000,0.121709,0.012000,-0.115000,0.038000
946686513713,946686513.581575274,1094,20064,0.099263549,100.392,13965,6099,-0.321982,-1.000217,1.243514,0.121165,-0.105000,-0.034000,0.050000,0.131187,0.001000,-0.120000,0.053000
946686513813,946686513.682306767,1095,19968,0.100731492,99.528,14015,5953,-0.291578,-0.992553,1.244846,0.109449,0.037000,-0.103000,0.001000,0.109449,0.037000,-0.103000,0.001000
946686513913,946686513.782248855,1096,19968,0.099942088,99.541,14065,5903,-0.334451,-0.990000,1.237975,0.099544,-0.082000,-0.056000,0.007000,0.128320,0.012000,-0.121000,0.041000
946686514015,946686513.882280946,1097,19968,0.100032091,99.499,14016,5952,-0.337376,-1.015639,1.243671,0.102630,0.010000,-0.097000,0.032000,0.102630,0.010000,-0.097000,0.032000
946686514116,946686513.981513381,1098,20064,0.099232435,100.415,14014,6050,-0.281920,-0.969525,1.247616,0.125960,-0.109000,-0.063000,0.004000,0.213216,0.094000,-0.191000,0.012000
946686514212,946686514.082262516,1099,19872,0.100749135,99.499,13926,5946,-0.301079,-1.002696,1.238281,0.108301,0.010000,-0.102000,0.035000,0.108301,0.010000,-0.102000,0.035000
946686514313,946686514.181502819,1100,20064,0.099240303,100.336,14151,5913,-0.327580,-0.980720,1.249010,0.100648,0.009000,-0.095000,0.032000,0.100648,0.009000,-0.095000,0.032000
946686514412,946686514.281595826,1101,20064,0.100093007,100.327,14038,6026,-0.359281,-0.979084,1.243895,0.101035,0.012000,-0.100000,0.008000,0.101035,0.012000,-0.100000,0.008000
946686514512,946686514.382281780,1102,19968,0.100685954,99.523,13874,6094,-0.328382,-0.997241,1.241763,0.106160,-0.083000,-0.066000,-0.005000,0.107634,0.005000,-0.106000,0.018000
946686514612,946686514.482210159,1103,19968,0.099928379,99.605,14059,5909,-0.349945,-1.024290,1.240387,0.106869,-0.011000,-0.106000,0.008000,0.193871,0.009000,-0.191000,0.032000
946686514714,946686514.581563830,1104,20064,0.099353671,100.301,14017,6047,-0.323954,-1.000424,1.247324,0.099614,-0.011000,-0.099000,0.001000,0.132970,0.065000,-0.116000,0.000000
946686514813,946686514.682290077,1105,19968,0.100726247,99.494,13994,5974,-0.307630,-0.997022,1.246557,0.112357,-0.092000,-0.064000,0.008000,0.128487,0.016000,-0.122000,0.037000
946686514914,946686514.782244682,1106,19968,0.099954605,99.543,14046,5922,-0.290844,-0.992809,1.251424,0.108563,-0.044000,-0.099000,0.007000,0.121400,0.055000,-0.108000,0.007000
946686515012,946686514.881526113,1107,20064,0.099281430,100.446,14100,5964,-0.323103,-0.994402,1.241451,0.104757,0.002000,-0.103000,0.019000,0.104757,0.002000,-0.103000,0.019000
946686515112,946686514.981724381,1108,19968,0.100198269,100.125,13920,6048,-0.309498,-0.984732,1.240276,0.107229,0.036000,-0.101000,0.001000,0.107229,0.036000,-0.101000,0.001000
946686515213,946686515.081591249,1109,20064,0.099866867,100.360,13989,6075,-0.332696,-0.975697,1.254115,0.101257,-0.069000,-0.074000,0.004000,0.119373,0.005000,-0.119000,0.008000
946686515313,946686515.182359695,1110,19968,0.100768447,99.500,14098,5870,-0.346300,-0.976067,1.241038,0.103407,-0.017000,-0.102000,0.000000,0.129453,0.002000,-0.127000,0.025000
946686515413,946686515.282362342,1111,19968,0.100002646,99.514,13951,6017,-0.336634,-0.976649,1.245613,0.102596,-0.011000,-0.102000,0.001000,0.133462,0.066000,-0.116000,0.000000
946686515513,946686515.381617069,1112,19968,0.099254727,100.193,14019,5949,-0.320796,-0.978773,1.251498,0.102235,-0.040000,-0.094000,0.004000,0.114377,0.012000,-0.113000,0.013000
946686515613,946686515.481572628,1113,20064,0.099955559,100.340,14195,5869,-0.334124,-0.997142,1.255195,0.102426,-0.011000,-0.097000,0.031000,0.136653,0.027000,-0.131000,0.028000
946686515715,946686515.582361817,1114,19968,0.100789189,99.495,14033,5935,-0.327613,-1.027547,1.246916,0.101262,0.019000,-0.097000,0.022000,0.101262,0.019000,-0.097000,0.022000
946686515815,946686515.682241201,1115,19968,0.099879384,99.557,14031,5937,-0.282368,-0.969784,1.253818,0.100469,-0.087000,-0.043000,0.026000,0.182302,0.007000,-0.169000,0.068000
946686515913,946686515.781545401,1116,20064,0.099304199,100.292,14029,6035,-0.285670,-0.982407,1.250252,0.099935,-0.041000,-0.091000,0.005000,0.126768,0.055000,-0.114000,0.007000
946686516020,946686515.882258654,1117,19968,0.100713253,99.573,14014,5954,-0.322911,-0.996721,1.240474,0.102343,-0.013000,-0.096000,0.033000,0.102426,0.011000,-0.097000,0.031000
946686516113,946686515.981594443,1118,19968,0.099335790,100.187,13982,5986,-0.308690,-0.977301,1.247587,0.100130,-0.012000,-0.099000,0.009000,0.101361,0.017000,-0.097000,0.024000
946686516213,946686516.081507921,1119,20064,0.099913478,100.328,14094,5970,-0.329696,-0.943446,1.254398,0.101656,-0.078000,-0.055000,0.035000,0.124455,0.033000,-0.120000,0.000000
946686516313,946686516.182323813,1120,19968,0.100815892,99.504,14070,5898,-0.330480,-0.974715,1.246369,0.099945,-0.088000,-0.047000,0.006000,0.104623,0.004000,-0.097000,0.039000
946686516414,946686516.282274604,1121,19968,0.099950790,99.517,13987,5981,-0.366783,-0.995728,1.253132,0.106174,-0.006000,-0.106000,0.001000,0.124294,0.016000,-0.123000,0.008000
946686516514,946686516.381544232,1122,20064,0.099269629,100.405,14129,5935,-0.314205,-1.032599,1.257746,0.103894,-0.088000,-0.055000,0.005000,0.244978,0.038000,-0.219000,0.103000
946686516612,946686516.482268929,1123,19968,0.100724697,99.691,14062,5906,-0.298820,-0.971517,1.251623,0.120872,-0.115000,-0.037000,-0.004000,0.183633,0.023000,-0.174000,0.054000
946686516713,946686516.582242131,1124,19968,0.099973202,99.586,14064,5904,-0.293443,-1.002215,1.249243,0.113331,-0.078000,-0.082000,0.006000,0.147973,0.006000,-0.128000,0.074000
946686516815,946686516.681577325,1125,19968,0.099335194,100.207,14036,5932,-0.269825,-1.004397,1.267585,0.105214,-0.006000,-0.105000,0.003000,0.106283,0.036000,-0.100000,0.000000
946686516914,946686516.781529784,1126,20160,0.099952459,101.134,14009,6151,-0.274152,-0.959187,1.252957,0.100846,0.015000,-0.096000,0.027000,0.100846,0.015000,-0.096000,0.027000
946686517013,946686516.882420063,1127,19968,0.100890279,99.548,14036,5932,-0.309456,-0.953272,1.251353,0.099298,-0.032000,-0.094000,0.000000,0.103097,0.008000,-0.097000,0.034000
946686517113,946686516.982370019,1128,19968,0.099949956,99.556,13937,6031,-0.338820,-0.951709,1.263895,0.114346,-0.045000,-0.105000,0.005000,0.237836,0.021000,-0.235000,0.030000
946686517212,946686517.082294106,1129,19872,0.099924088,99.468,13991,5881,-0.291423,-0.975694,1.272312,0.104077,-0.040000,-0.096000,0.004000,0.114756,0.020000,-0.113000,0.000000
946686517312,946686517.181479812,1130,20064,0.099185705,100.356,14205,5859,-0.357919,-0.933141,1.261435,0.100170,0.023000,-0.096000,0.017000,0.100170,0.023000,-0.096000,0.017000
946686517413,946686517.281570911,1131,20064,0.100091100,100.377,14160,5904,-0.359684,-1.042346,1.255229,0.109362,-0.102000,-0.034000,0.020000,0.130142,0.056000,-0.115000,0.024000
946686517513,946686517.382312179,1132,19872,0.100741267,99.441,13875,5997,-0.308253,-0.987766,1.264853,0.100110,-0.037000,-0.093000,0.002000,0.102074,0.031000,-0.097000,0.007000
946686517613,946686517.481484532,1133,20064,0.099172354,100.355,13997,6067,-0.295508,-1.004114,1.265198,0.099333,-0.085000,-0.041000,0.031000,0.135742,0.055000,-0.124000,0.005000
946686517715,946686517.581594706,1134,19968,0.100110173,100.162,14078,5890,-0.255955,-0.994380,1.256794,0.103082,-0.004000,-0.103000,-0.001000,0.121219,0.002000,-0.119000,0.023000
946686517812,946686517.681497812,1135,20064,0.099903107,100.367,14008,6056,-0.295609,-0.975729,1.273259,0.100020,0.000000,-0.098000,0.020000,0.191144,0.006000,-0.188000,0.034000
946686517912,946686517.781627417,1136,20064,0.100129604,100.345,13949,6115,-0.290488,-0.962992,1.271791,0.109494,-0.087000,-0.064000,0.018000,0.110910,0.014000,-0.099000,0.048000
946686518012,946686517.882339478,1137,19968,0.100712061,99.532,13969,5999,-0.315342,-0.970012,1.268581,0.107396,0.027000,-0.103000,0.014000,0.107396,0.027000,-0.103000,0.014000
946686518113,946686517.982314587,1138,19968,0.099975109,99.519,14036,5932,-0.346466,-0.941226,1.274689,0.102435,-0.099000,-0.026000,0.004000,0.110675,0.022000,-0.106000,0.023000
946686518213,946686518.082273841,1139,19968,0.099959254,99.529,14028,5940,-0.306700,-0.992670,1.268138,0.114826,-0.015000,-0.108000,0.036000,0.230348,0.004000,-0.212000,0.090000
946686518313,946686518.181529522,1140,19968,0.099255681,100.248,14063,5905,-0.299474,-0.969900,1.275879,0.099177,-0.070000,-0.070000,0.006000,0.127299,0.020000,-0.114000,0.053000
946686518413,946686518.281502724,1141,20064,0.099973202,100.349,14177,5887,-0.371154,-1.024526,1.259227,0.107778,0.004000,-0.100000,0.040000,0.107778,0.004000,-0.100000,0.040000
946686518512,946686518.381610394,1142,20064,0.100107670,100.383,14157,5907,-0.297139,-0.997156,1.254572,0.102776,0.019000,-0.101000,-0.001000,0.102776,0.019000,-0.101000,-0.001000
946686518611,946686518.482277870,1143,19968,0.100667477,99.593,13991,5977,-0.246037,-0.975099,1.283326,0.117427,-0.008000,-0.117000,0.006000,0.126542,0.008000,-0.125000,0.018000
946686518712,946686518.582349539,1144,19968,0.100071669,99.467,14010,5958,-0.306454,-0.968912,1.270991,0.107805,-0.014000,-0.101000,0.035000,0.111741,0.019000,-0.107000,0.026000
946686518811,946686518.681574941,1145,19968,0.099225402,100.209,13987,5981,-0.313871,-0.959781,1.270591,0.130177,-0.111000,-0.068000,0.001000,0.153525,0.037000,-0.140000,0.051000
946686518912,946686518.781524181,1146,20064,0.099949241,100.447,14065,5999,-0.314031,-0.948143,1.257923,0.099890,0.013000,-0.095000,0.028000,0.099890,0.013000,-0.095000,0.028000
946686519015,946686518.881734967,1147,19968,0.100210786,100.132,13953,6015,-0.313965,-0.972235,1.279181,0.099885,-0.070000,-0.071000,0.006000,0.112432,0.008000,-0.111000,0.016000
946686519116,946686518.981620908,1148,19968,0.099885941,100.156,14121,5847,-0.324490,-0.949312,1.257293,0.109444,-0.037000,-0.103000,0.000000,0.109522,0.021000,-0.105000,0.023000
946686519213,946686519.081518412,1149,20064,0.099897504,100.440,14141,5923,-0.352553,-0.957464,1.254932,0.108014,-0.007000,-0.097000,0.047000,0.244348,0.105000,-0.216000,0.045000
946686519312,946686519.182273626,1150,19968,0.100755215,99.616,14029,5939,-0.344333,-1.004679,1.273382,0.106794,-0.075000,-0.044000,0.062000,0.163006,0.017000,-0.161000,0.019000
946686519412,946686519.281637669,1151,19968,0.099364042,100.157,14037,5931,-0.308759,-1.001979,1.270132,0.103136,0.043000,-0.092000,0.018000,0.103136,0.043000,-0.092000,0.018000
946686519514,946686519.381546617,1152,19968,0.099908948,100.297,14092,5876,-0.319073,-0.999831,1.253918,0.105024,-0.055000,-0.081000,0.038000,0.110041,0.002000,-0.108000,0.021000
946686519613,946686519.481585145,1153,20064,0.100038528,100.285,14179,5885,-0.274302,-0.974108,1.261438,0.104062,-0.093000,-0.046000,0.008000,0.120208,0.015000,-0.119000,0.008000
946686519713,946686519.581623554,1154,19968,0.100038409,100.163,13929,6039,-0.264306,-0.956860,1.269752,0.100065,-0.090000,-0.043000,0.008000,0.130096,0.014000,-0.123000,0.040000
946686519813,946686519.681534767,1155,20064,0.099911213,100.344,14079,5985,-0.324251,-0.971731,1.264079,0.126376,-0.091000,-0.087000,0.011000,0.128666,0.003000,-0.111000,0.065000
946686519913,946686519.782325149,1156,19968,0.100790381,99.535,13972,5996,-0.319064,-0.968790,1.265932,0.101843,-0.034000,-0.096000,0.000000,0.120938,0.001000,-0.111000,0.048000
946686520015,946686519.881609440,1157,19968,0.099284291,100.154,13962,6006,-0.295102,-0.959683,1.260766,0.106757,-0.095000,-0.046000,0.016000,0.114481,0.009000,-0.113000,0.016000
946686520111,946686519.981509924,1158,20064,0.099900484,100.348,14154,5910,-0.324353,-0.946942,1.261701,0.099464,-0.098000,-0.017000,0.000000,0.150113,0.003000,-0.138000,0.059000
946686520212,946686520.082436442,1159,19872,0.100926518,99.361,14017,5855,-0.327854,-0.962190,1.261376,0.103412,-0.063000,-0.082000,0.001000,0.253442,0.052000,-0.248000,-0.005000
946686520309,946686520.181514859,1160,20064,0.099078417,100.326,14025,6039,-0.347957,-1.025710,1.264076,0.102903,-0.098000,-0.027000,0.016000,0.123843,0.018000,-0.118000,0.033000
946686520416,946686520.281588793,1161,20064,0.100073934,100.386,14096,5968,-0.279478,-1.029477,1.262204,0.103976,-0.099000,-0.031000,0.007000,0.110693,0.024000,-0.106000,0.021000
946686520513,946686520.382339478,1162,19968,0.100750685,99.561,14025,5943,-0.291007,-0.996213,1.254071,0.101242,0.021000,-0.097000,0.020000,0.101242,0.021000,-0.097000,0.020000
946686520612,946686520.481654286,1163,19968,0.099314809,100.214,13997,5971,-0.302617,-0.985017,1.271630,0.105740,-0.091000,-0.046000,0.028000,0.214807,0.011000,-0.214000,0.015000
946686520713,946686520.581621289,1164,20064,0.099967003,100.241,13879,6185,-0.289767,-0.981830,1.270162,0.107037,-0.082000,-0.058000,0.037000,0.119537,0.013000,-0.118000,0.014000
946686520813,946686520.682290435,1165,19968,0.100669146,99.566,13855,6113,-0.318606,-0.980819,1.256604,0.107912,-0.091000,-0.058000,0.000000,0.108674,0.019000,-0.107000,0.000000
946686520913,946686520.781611800,1166,20064,0.099321365,100.361,13992,6072,-0.336391,-0.975980,1.264003,0.107606,0.023000,-0.103000,0.021000,0.107606,0.023000,-0.103000,0.021000
946686521015,946686520.882444859,1167,19968,0.100833058,99.447,13928,6040,-0.319922,-1.001496,1.264279,0.106273,0.010000,-0.105000,0.013000,0.106273,0.010000,-0.105000,0.013000
946686521112,946686520.982357740,1168,19968,0.099912882,99.539,13869,6099,-0.301778,-1.019673,1.264898,0.108250,0.010000,-0.107000,0.013000,0.108250,0.010000,-0.107000,0.013000
946686521213,946686521.081644893,1169,19968,0.099287152,100.225,13926,6042,-0.320744,-1.014562,1.261246,0.099202,0.006000,-0.093000,0.034000,0.099202,0.006000,-0.093000,0.034000
946686521312,946686521.181624889,1170,19968,0.099979997,100.149,13924,6044,-0.301736,-1.043205,1.268077,0.101000,0.016000,-0.096000,0.027000,0.101000,0.016000,-0.096000,0.027000
946686521413,946686521.281528831,1171,20064,0.099903941,100.386,13982,6082,-0.275330,-1.028532,1.261751,0.113362,0.051000,-0.101000,0.007000,0.113362,0.051000,-0.101000,0.007000
946686521516,946686521.382251978,1172,19968,0.100723147,99.646,13827,6141,-0.275242,-1.042471,1.263574,0.099905,0.038000,-0.091000,0.016000,0.099905,0.038000,-0.091000,0.016000
946686521613,946686521.481639624,1173,20064,0.099387646,100.329,13958,6106,-0.299387,-1.020164,1.258753,0.114865,0.005000,-0.113000,0.020000,0.114865,0.005000,-0.113000,0.020000
946686521711,946686521.582277298,1174,19968,0.100637674,99.524,13810,6158,-0.322916,-1.019334,1.255450,0.113956,0.023000,-0.109000,0.024000,0.113956,0.023000,-0.109000,0.024000
946686521813,946686521.682264090,1175,19968,0.099986792,99.517,13814,6154,-0.305670,-1.023379,1.263503,0.112490,-0.093000,-0.054000,0.033000,0.133304,0.060000,-0.119000,0.003000
946686521915,946686521.781531692,1176,20064,0.099267602,100.411,13975,6089,-0.345434,-0.988351,1.259926,0.111292,0.007000,-0.104000,0.039000,0.111292,0.007000,-0.104000,0.039000
946686522015,946686521.882360339,1177,19968,0.100828648,99.495,13803,6165,-0.327225,-1.026849,1.264165,0.108747,0.004000,-0.107000,0.019000,0.108747,0.004000,-0.107000,0.019000
946686522112,946686521.982269883,1178,19968,0.099909544,99.557,13842,6126,-0.314632,-1.024904,1.259567,0.099930,-0.001000,-0.097000,0.024000,0.118499,0.008000,-0.117000,0.017000
946686522213,946686522.081591249,1179,19968,0.099321365,100.291,13822,6146,-0.310746,-1.047066,1.254117,0.102025,-0.092000,-0.044000,0.003000,0.170159,0.033000,-0.163000,0.036000
946686522315,946686522.181631446,1180,20064,0.100040197,100.297,14034,6030,-0.302547,-1.062275,1.261023,0.099850,-0.013000,-0.099000,0.000000,0.121198,0.015000,-0.120000,0.008000
946686522415,946686522.282264948,1181,19968,0.100633502,99.581,13815,6153,-0.303733,-1.059892,1.265968,0.124824,-0.091000,-0.072000,0.046000,0.209724,0.008000,-0.204000,0.048000
946686522513,946686522.381592631,1182,19968,0.099327683,100.263,13837,6131,-0.280190,-1.030540,1.267373,0.099669,-0.093000,-0.031000,0.018000,0.114276,0.011000,-0.113000,0.013000
946686522611,946686522.481597304,1183,20064,0.100004673,100.333,13951,6113,-0.313953,-0.995680,1.248350,0.116593,-0.088000,-0.075000,0.015000,0.161830,0.013000,-0.152000,0.054000
946686522712,946686522.581678510,1184,19968,0.100081205,100.180,13778,6190,-0.329033,-1.046068,1.252759,0.102772,-0.073000,-0.072000,0.007000,0.111597,0.033000,-0.102000,0.031000
946686522812,946686522.681612968,1185,19968,0.099934459,100.236,13795,6173,-0.322855,-0.992792,1.263160,0.109192,0.021000,-0.099000,0.041000,0.109192,0.021000,-0.099000,0.041000
946686522913,946686522.781592011,1186,20064,0.099979043,100.268,13974,6090,-0.316207,-0.992477,1.261418,0.099207,-0.013000,-0.093000,0.032000,0.110336,0.013000,-0.098000,0.049000
946686523013,946686522.882248878,1187,19968,0.100656867,99.572,13913,6055,-0.335582,-1.048575,1.255348,0.102078,-0.004000,-0.102000,0.000000,0.106033,0.013000,-0.105000,0.007000
946686523113,946686522.981560707,1188,19968,0.099311829,100.269,13822,6146,-0.322472,-1.037406,1.255079,0.099644,-0.062000,-0.078000,-0.001000,0.111879,0.032000,-0.102000,0.033000
946686523213,946686523.081572294,1189,20064,0.100011587,100.310,13917,6147,-0.275352,-1.043658,1.248854,0.106226,-0.072000,-0.078000,0.004000,0.182085,0.025000,-0.173000,0.051000
946686523314,946686523.182269335,1190,19872,0.100697041,98.978,13884,5988,-0.333913,-1.032433,1.244264,0.099131,-0.077000,-0.053000,0.033000,0.143917,0.008000,-0.142000,0.022000
946686523413,946686523.281450272,1191,20064,0.099180937,100.326,13973,6091,-0.303647,-1.026335,1.268407,0.105071,-0.100000,-0.028000,0.016000,0.122788,0.002000,-0.113000,0.048000
946686523513,946686523.381517649,1192,20064,0.100067377,100.402,13968,6096,-0.292092,-0.987983,1.262600,0.101119,0.000000,-0.072000,0.071000,0.125352,0.016000,-0.119000,0.036000
946686523616,946686523.481669545,1193,19968,0.100151896,100.140,13872,6096,-0.317183,-1.003875,1.260885,0.100464,0.006000,-0.099000,0.016000,0.100464,0.006000,-0.099000,0.016000
946686523713,946686523.581564903,1194,19968,0.099895358,100.253,13971,5997,-0.352726,-1.028792,1.257610,0.099860,-0.084000,-0.054000,0.000000,0.113969,0.043000,-0.104000,0.018000
946686523812,946686523.681543469,1195,20064,0.099978566,100.403,13899,6165,-0.319827,-1.023347,1.250741,0.112201,-0.108000,-0.030000,0.005000,0.120843,0.005000,-0.093000,0.077000
946686523913,946686523.781686544,1196,20064,0.100143075,100.252,13881,6183,-0.299407,-1.026234,1.257236,0.104924,0.043000,-0.094000,0.018000,0.104924,0.043000,-0.094000,0.018000
946686524010,946686523.882478476,1197,19872,0.100791931,99.324,13892,5980,-0.305049,-1.026447,1.250559,0.099589,-0.009000,-0.099000,0.006000,0.106780,0.004000,-0.105000,0.019000
946686524115,946686523.981550574,1198,20064,0.099072099,100.341,13932,6132,-0.302541,-1.042195,1.256663,0.102840,0.000000,-0.100000,0.024000,0.170256,0.003000,-0.167000,0.033000
946686524211,946686524.082274675,1199,19968,0.100724101,99.638,13930,6038,-0.281981,-1.003742,1.259791,0.102176,-0.096000,-0.030000,0.018000,0.158679,0.023000,-0.151000,0.043000
946686524312,946686524.181584239,1200,19968,0.099309564,100.360,13942,6026,-0.300399,-1.018646,1.253609,0.122479,-0.018000,-0.114000,0.041000,0.136312,0.009000,-0.128000,0.046000
946686524412,946686524.281662464,1201,19968,0.100078225,100.135,13935,6033,-0.317671,-1.024085,1.246892,0.106160,-0.055000,-0.082000,0.039000,0.197256,0.007000,-0.194000,0.035000
946686524511,946686524.381530762,1202,20064,0.099868298,100.333,13920,6144,-0.297992,-0.989085,1.261545,0.102122,-0.005000,-0.102000,0.000000,0.103218,0.018000,-0.099000,0.023000
946686524613,946686524.481620908,1203,19968,0.100090146,100.210,13855,6113,-0.322890,-1.009924,1.259453,0.101872,-0.001000,-0.099000,0.024000,0.245076,0.023000,-0.237000,0.058000
946686524713,946686524.581550121,1204,19968,0.099929214,100.271,13941,6027,-0.321200,-1.019313,1.241546,0.099484,0.050000,-0.086000,-0.001000,0.099484,0.050000,-0.086000,-0.001000
946686524814,946686524.681548119,1205,20064,0.099997997,100.290,13943,6121,-0.330302,-1.021743,1.249217,0.099644,-0.081000,-0.058000,-0.002000,0.136004,0.008000,-0.127000,0.048000
946686524913,946686524.781584144,1206,20064,0.100036025,100.357,13939,6125,-0.307990,-1.033675,1.267312,0.100618,-0.018000,-0.098000,0.014000,0.170581,0.001000,-0.156000,0.069000
946686525014,946686524.882404566,1207,19872,0.100820422,99.381,13902,5970,-0.322712,-1.003505,1.249472,0.120491,-0.039000,-0.114000,-0.001000,0.190790,0.051000,-0.182000,0.026000
946686525113,946686524.981528878,1208,20064,0.099124312,100.347,14084,5980,-0.292913,-1.020230,1.260562,0.105802,-0.013000,-0.105000,0.000000,0.115139,0.002000,-0.113000,0.022000
946686525214,946686525.081625581,1209,20064,0.100096703,100.312,13874,6190,-0.296308,-1.006998,1.250722,0.104575,-0.090000,-0.044000,0.030000,0.208543,0.097000,-0.180000,0.041000
946686525312,946686525.182341576,1210,19968,0.100715995,99.572,13840,6128,-0.305427,-1.022234,1.258778,0.100568,-0.033000,-0.095000,0.000000,0.101651,0.027000,-0.098000,0.000000
946686525411,946686525.281661868,1211,19968,0.099320292,100.113,13957,6011,-0.325835,-0.996913,1.254308,0.099609,0.048000,-0.087000,0.007000,0.099609,0.048000,-0.087000,0.007000
946686525515,946686525.381532431,1212,20064,0.099870563,100.380,14016,6048,-0.346493,-0.982385,1.257472,0.114324,0.033000,-0.109000,0.010000,0.114324,0.033000,-0.109000,0.010000
946686525612,946686525.482456565,1213,19968,0.100924134,99.478,13947,6021,-0.316844,-0.996255,1.263773,0.101814,-0.039000,-0.094000,0.003000,0.106550,0.018000,-0.102000,0.025000
946686525713,946686525.581678033,1214,19968,0.099221468,100.154,13934,6034,-0.298437,-1.007690,1.258313,0.101124,0.013000,-0.096000,0.029000,0.101124,0.013000,-0.096000,0.029000
946686525814,946686525.681578040,1215,20064,0.099900007,100.411,14095,5969,-0.322796,-1.045189,1.263705,0.111261,-0.087000,-0.047000,0.051000,0.113969,0.002000,-0.112000,0.021000
946686525913,946686525.782378793,1216,19968,0.100800753,99.548,13939,6029,-0.298208,-1.021593,1.255757,0.106630,-0.103000,-0.020000,0.019000,0.237866,0.080000,-0.224000,0.002000
946686526016,946686525.881667018,1217,19968,0.099288225,100.240,13875,6093,-0.275390,-1.014518,1.263324,0.105726,0.021000,-0.096000,0.039000,0.105726,0.021000,-0.096000,0.039000
946686526115,946686525.981657267,1218,20064,0.099990249,100.241,13934,6130,-0.309455,-1.025839,1.253106,0.124234,-0.103000,-0.069000,0.008000,0.127377,0.030000,-0.122000,0.021000
946686526213,946686526.082412362,1219,19968,0.100755095,99.544,13876,6092,-0.324840,-0.997948,1.260062,0.100225,-0.090000,-0.044000,0.003000,0.106179,0.043000,-0.097000,0.004000
946686526313,946686526.181706309,1220,19968,0.099293947,100.117,13872,6096,-0.282638,-0.987553,1.264650,0.102440,-0.007000,-0.098000,0.029000,0.120839,0.021000,-0.119000,0.000000
946686526413,946686526.281570554,1221,20064,0.099864244,100.359,14101,5963,-0.326932,-0.950273,1.259759,0.117958,-0.012000,-0.117000,0.009000,0.118085,0.022000,-0.116000,-0.002000
946686526513,946686526.382378697,1222,19872,0.100808144,99.419,13939,5933,-0.329049,-1.002237,1.258198,0.105162,-0.095000,-0.045000,0.003000,0.107355,0.008000,-0.106000,0.015000
946686526615,946686526.481528759,1223,20064,0.099150062,100.400,14031,6033,-0.339947,-1.014642,1.267736,0.104393,-0.099000,-0.029000,0.016000,0.109225,0.023000,-0.099000,0.040000
946686526716,946686526.581679583,1224,20064,0.100150824,100.304,14006,6058,-0.302379,-1.028712,1.265496,0.106325,-0.045000,-0.096000,0.008000,0.191324,0.020000,-0.189000,0.022000
946686526813,946686526.682341576,1225,19872,0.100661993,99.487,13877,5995,-0.327437,-0.990449,1.261126,0.108176,-0.103000,-0.033000,0.002000,0.114695,0.005000,-0.113000,0.019000
946686526913,946686526.781557679,1226,20064,0.099216104,100.305,13946,6118,-0.233484,-1.030197,1.266081,0.100215,0.011000,-0.099000,0.011000,0.100215,0.011000,-0.099000,0.011000
946686527016,946686526.881616116,1227,19968,0.100058436,100.172,13830,6138,-0.290695,-1.011137,1.274199,0.116636,0.056000,-0.102000,0.008000,0.116636,0.056000,-0.102000,0.008000
946686527115,946686526.981536865,1228,20064,0.099920750,100.374,14005,6059,-0.289185,-0.972849,1.260364,0.110968,-0.017000,-0.096000,0.053000,0.209132,0.026000,-0.186000,0.092000
946686527213,946686527.081665397,1229,19968,0.100128531,100.176,13805,6163,-0.329292,-1.000394,1.272816,0.101099,-0.086000,-0.053000,0.004000,0.102966,0.001000,-0.101000,0.020000
946686527313,946686527.181591749,1230,20064,0.099926353,100.402,13971,6093,-0.321724,-0.941540,1.279062,0.102557,0.017000,-0.098000,0.025000,0.102557,0.017000,-0.098000,0.025000
946686527413,946686527.282364964,1231,19968,0.100773215,99.596,13972,5996,-0.325478,-0.991013,1.269574,0.102401,-0.075000,-0.069000,0.010000,0.237508,0.063000,-0.229000,0.000000
946686527512,946686527.381703258,1232,19968,0.099338293,100.169,13896,6072,-0.329528,-0.987805,1.280318,0.099373,0.021000,-0.085000,0.047000,0.099373,0.021000,-0.085000,0.047000
946686527613,946686527.481617808,1233,19968,0.099914551,100.170,13980,5988,-0.323302,-1.006317,1.279050,0.102294,-0.088000,-0.052000,0.004000,0.130511,0.014000,-0.126000,0.031000
946686527715,946686527.581534743,1234,20064,0.099916935,100.409,13984,6080,-0.307156,-1.033376,1.262982,0.098970,-0.017000,-0.091000,0.035000,0.107056,0.054000,-0.092000,0.009000
946686527815,946686527.681696773,1235,19968,0.100162029,100.189,13962,6006,-0.301197,-1.017275,1.273273,0.112294,-0.093000,-0.044000,0.045000,0.114132,0.043000,-0.104000,0.019000
946686527913,946686527.781627536,1236,20064,0.099930763,100.286,13988,6076,-0.265217,-1.003593,1.276995,0.102025,-0.068000,-0.076000,0.003000,0.113675,0.013000,-0.108000,0.033000
946686528013,946686527.882370234,1237,19968,0.100742698,99.549,13892,6076,-0.269327,-0.988132,1.286972,0.112112,-0.005000,-0.112000,0.000000,0.182392,0.023000,-0.173000,0.053000
946686528112,946686527.981671214,1238,19968,0.099300981,100.177,14042,5926,-0.298395,-0.979035,1.269313,0.102088,-0.071000,-0.034000,0.065000,0.127299,0.002000,-0.125000,0.024000
946686528213,946686528.081599712,1239,20064,0.099928498,100.332,13948,6116,-0.302159,-0.985410,1.269097,0.104144,-0.046000,-0.093000,0.009000,0.121926,0.005000,-0.120000,0.021000
946686528315,946686528.182343125,1240,19968,0.100743413,99.584,13934,6034,-0.328998,-0.970774,1.281585,0.106236,0.049000,-0.094000,0.007000,0.106236,0.049000,-0.094000,0.007000
946686528411,946686528.281678081,1241,19968,0.099334955,100.165,14015,5953,-0.308248,-0.977627,1.274190,0.101691,-0.079000,-0.016000,0.062000,0.104029,0.011000,-0.090000,0.051000
946686528513,946686528.381593704,1242,20064,0.099915624,100.366,14073,5991,-0.362643,-1.022937,1.263564,0.100534,-0.011000,-0.095000,0.031000,0.114145,0.014000,-0.113000,0.008000
946686528616,946686528.482355118,1243,19968,0.100761414,99.583,13938,6030,-0.295995,-1.023740,1.269296,0.099202,-0.020000,-0.096000,0.015000,0.100305,0.026000,-0.096000,0.013000
946686528715,946686528.581696987,1244,19968,0.099341869,100.156,13881,6087,-0.284764,-1.006872,1.279635,0.112045,0.003000,-0.103000,0.044000,0.112045,0.003000,-0.103000,0.044000
946686528816,946686528.681613564,1245,20064,0.099916577,100.328,13983,6081,-0.273388,-0.993011,1.271119,0.102528,-0.036000,-0.096000,0.000000,0.108582,0.034000,-0.103000,0.005000
946686528912,946686528.782339454,1246,19968,0.100725889,99.533,13983,5985,-0.291302,-0.994534,1.284987,0.115204,-0.082000,-0.062000,0.052000,0.157880,0.015000,-0.149000,0.050000
946686529012,946686528.882302523,1247,19968,0.099963069,99.532,13848,6120,-0.303604,-0.983328,1.286653,0.100045,-0.060000,-0.080000,-0.003000,0.105953,0.031000,-0.101000,0.008000
946686529113,946686528.981595278,1248,19968,0.099292755,100.233,13956,6012,-0.306869,-0.990096,1.278050,0.110431,-0.093000,-0.045000,0.039000,0.120412,0.055000,-0.107000,-0.005000
946686529213,946686529.081581831,1249,20064,0.099986553,100.331,13987,6077,-0.336379,-0.963203,1.262519,0.113539,-0.101000,-0.049000,0.017000,0.190444,0.036000,-0.187000,-0.002000
946686529315,946686529.181655765,1250,19968,0.100073934,100.222,13895,6073,-0.302217,-0.984939,1.281457,0.103658,-0.004000,-0.100000,0.027000,0.180461,0.021000,-0.178000,0.021000
946686529413,946686529.281615734,1251,19968,0.099959970,100.246,13942,6026,-0.312799,-1.002052,1.277827,0.102922,-0.082000,-0.062000,-0.005000,0.108337,0.012000,-0.107000,0.012000
946686529512,946686529.381592751,1252,20064,0.099977016,100.314,14099,5965,-0.376688,-1.033722,1.260821,0.104508,-0.081000,-0.056000,0.035000,0.120420,0.001000,-0.118000,0.024000
946686529612,946686529.482347727,1253,19968,0.100754976,99.502,13932,6036,-0.295934,-1.015321,1.275615,0.107745,0.026000,-0.103000,0.018000,0.107745,0.026000,-0.103000,0.018000
946686529715,946686529.581600785,1254,19968,0.099253058,100.296,13907,6061,-0.284324,-0.995033,1.268670,0.099539,-0.096000,-0.026000,0.004000,0.249227,0.043000,-0.237000,0.064000
946686529813,946686529.681636095,1255,19968,0.100035310,100.190,13904,6064,-0.265513,-1.019054,1.276717,0.110454,-0.090000,-0.064000,-0.002000,0.114743,0.006000,-0.113000,0.019000
946686529913,946686529.781562328,1256,20064,0.099926233,100.258,13970,6094,-0.286440,-0.978935,1.260984,0.100732,-0.087000,-0.043000,0.027000,0.101848,0.039000,-0.094000,-0.004000
946686530013,946686529.881582856,1257,19968,0.100020528,100.265,13899,6069,-0.319179,-1.003292,1.279624,0.101578,-0.009000,-0.101000,0.006000,0.109900,0.027000,-0.105000,0.018000
946686530113,946686529.981584430,1258,20064,0.100001574,100.291,13847,6217,-0.292168,-0.973260,1.271740,0.113287,-0.009000,-0.108000,0.033000,0.187118,0.025000,-0.178000,0.052000
946686530212,946686530.082329869,1259,19968,0.100745440,99.521,13873,6095,-0.338495,-0.959895,1.273232,0.102655,0.040000,-0.093000,0.017000,0.102655,0.040000,-0.093000,0.017000
946686530312,946686530.181587815,1260,19968,0.099257946,100.299,13969,5999,-0.337618,-0.988731,1.260650,0.099025,-0.030000,-0.085000,0.041000,0.112120,0.013000,-0.111000,0.009000
946686530412,946686530.281609893,1261,19968,0.100022078,100.236,13906,6062,-0.315995,-0.986906,1.265750,0.098919,-0.082000,-0.055000,0.006000,0.196387,0.016000,-0.194000,0.026000
946686530513,946686530.381579757,1262,20064,0.099969864,100.286,14028,6036,-0.340254,-1.060172,1.265073,0.117482,-0.048000,-0.107000,0.007000,0.175263,0.010000,-0.164000,0.061000
946686530613,946686530.481614590,1263,19968,0.100034833,100.198,14008,5960,-0.309109,-1.005990,1.261043,0.099960,-0.034000,-0.094000,0.000000,0.128117,0.003000,-0.126000,0.023000
946686530714,946686530.581564426,1264,20064,0.099949837,100.420,14007,6057,-0.253550,-1.042857,1.265254,0.110291,-0.086000,-0.068000,0.012000,0.207952,0.062000,-0.198000,0.014000
946686530812,946686530.681719422,1265,19968,0.100154996,100.233,13884,6084,-0.287968,-0.976904,1.259409,0.099830,0.014000,-0.089000,0.043000,0.099830,0.014000,-0.089000,0.043000
946686530913,946686530.781707048,1266,20064,0.099987626,100.202,13926,6138,-0.310293,-0.986346,1.250372,0.117393,0.054000,-0.104000,0.007000,0.117393,0.054000,-0.104000,0.007000
946686531016,946686530.882439971,1267,19968,0.100732923,99.522,13975,5993,-0.336041,-1.004638,1.262902,0.098899,-0.031000,-0.084000,0.042000,0.223614,0.007000,-0.223000,0.015000
946686531112,946686530.981715679,1268,19968,0.099275708,100.121,13928,6040,-0.341651,-0.983249,1.251355,0.101247,0.017000,-0.091000,0.041000,0.101247,0.017000,-0.091000,0.041000
946686531213,946686531.081582308,1269,20064,0.099866629,100.409,14001,6063,-0.344509,-0.974123,1.268025,0.110612,-0.011000,-0.105000,0.033000,0.167251,0.024000,-0.159000,0.046000
946686531311,946686531.182408929,1270,19872,0.100826621,99.476,13850,6022,-0.299045,-1.007647,1.251283,0.102088,0.046000,-0.091000,-0.005000,0.102088,0.046000,-0.091000,-0.005000
946686531413,946686531.281612039,1271,20064,0.099203110,100.299,14025,6039,-0.335915,-1.014434,1.259205,0.109170,-0.006000,-0.109000,0.001000,0.155644,0.008000,-0.145000,0.056000
946686531513,946686531.381653190,1272,19968,0.100041151,100.242,13913,6055,-0.296056,-1.019305,1.260949,0.107415,-0.008000,-0.107000,0.005000,0.126357,0.022000,-0.121000,0.029000
946686531613,946686531.481630445,1273,20064,0.099977255,100.384,14007,6057,-0.283822,-1.026088,1.261043,0.102455,-0.046000,-0.085000,0.034000,0.113969,0.028000,-0.109000,0.018000
946686531712,946686531.581763387,1274,19968,0.100132942,100.176,14005,5963,-0.301870,-1.004758,1.255863,0.099081,-0.004000,-0.099000,0.000000,0.105925,0.002000,-0.104000,0.020000
946686531811,946686531.681686759,1275,20064,0.099923372,100.271,13826,6238,-0.323641,-1.005495,1.248576,0.099945,-0.088000,-0.047000,0.006000,0.116940,0.021000,-0.105000,0.047000
946686531913,946686531.782346249,1276,19968,0.100659490,99.519,13864,6104,-0.303997,-1.011537,1.255722,0.105646,-0.064000,-0.084000,-0.003000,0.111687,0.020000,-0.107000,0.025000
946686532015,946686531.882399917,1277,19968,0.100053668,99.421,13952,6016,-0.352061,-0.994319,1.249173,0.121116,-0.013000,-0.120000,0.010000,0.172899,0.050000,-0.165000,0.013000
946686532115,946686531.981571317,1278,20064,0.099171400,100.410,14028,6036,-0.321783,-0.983013,1.267858,0.099745,-0.036000,-0.093000,0.002000,0.104489,0.010000,-0.087000,0.057000
946686532213,946686532.082370162,1279,19968,0.100798845,99.590,13869,6099,-0.312828,-0.991124,1.265050,0.103426,-0.021000,-0.100000,0.016000,0.108503,0.018000,-0.107000,0.000000
946686532311,946686532.181718349,1280,19968,0.099348187,100.251,13809,6159,-0.328222,-1.010680,1.253804,0.100310,-0.085000,-0.041000,0.034000,0.100464,0.006000,-0.099000,0.016000
946686532415,946686532.281723857,1281,19968,0.100005507,100.205,13966,6002,-0.319046,-1.032851,1.251431,0.114342,0.001000,-0.112000,0.023000,0.114342,0.001000,-0.112000,0.023000
946686532513,946686532.381663561,1282,20064,0.099939704,100.335,13937,6127,-0.266773,-1.024358,1.254803,0.099544,-0.094000,-0.028000,0.017000,0.105314,0.001000,-0.097000,0.041000
946686532614,946686532.482305050,1283,19968,0.100641489,99.608,13879,6089,-0.265877,-0.980928,1.263698,0.111678,-0.094000,-0.060000,0.006000,0.116846,0.022000,-0.112000,0.025000
946686532713,946686532.581662893,1284,19968,0.099357843,100.248,13855,6113,-0.318955,-0.983151,1.242790,0.099267,-0.065000,-0.075000,0.002000,0.106457,0.020000,-0.102000,0.023000
946686532812,946686532.681644797,1285,20064,0.099981904,100.340,13899,6165,-0.324613,-0.956407,1.254673,0.099975,-0.089000,-0.043000,0.015000,0.190179,0.040000,-0.182000,0.038000
946686532913,946686532.781735420,1286,19968,0.100090623,100.141,13836,6132,-0.322324,-0.999104,1.252731,0.102127,-0.054000,-0.085000,0.017000,0.173750,0.028000,-0.166000,0.043000
946686533013,946686532.881629705,1287,20064,0.099894285,100.371,14040,6024,-0.348934,-0.985185,1.247225,0.117111,-0.013000,-0.111000,0.035000,0.123810,0.014000,-0.117000,0.038000
946686533116,946686532.982365489,1288,19968,0.100735784,99.583,13790,6178,-0.314331,-1.015037,1.254004,0.109018,-0.090000,-0.061000,0.008000,0.123171,0.023000,-0.121000,-0.001000
946686533212,946686533.081701756,1289,19968,0.099336267,100.205,13873,6095,-0.290529,-0.988199,1.251483,0.100941,-0.080000,-0.042000,0.045000,0.115503,0.050000,-0.104000,0.005000
946686533312,946686533.181655049,1290,20064,0.099953294,100.363,13924,6140,-0.333907,-1.015823,1.253091,0.109366,-0.044000,-0.100000,0.005000,0.203266,0.022000,-0.192000,0.063000
946686533414,946686533.282382846,1291,19968,0.100727797,99.584,13901,6067,-0.329598,-1.000426,1.249376,0.105432,-0.102000,-0.026000,0.006000,0.119971,0.052000,-0.108000,0.005000
946686533513,946686533.382321239,1292,19968,0.099938393,99.572,13915,6053,-0.288813,-0.965895,1.258258,0.100305,0.008000,-0.099000,0.014000,0.100305,0.008000,-0.099000,0.014000
946686533611,946686533.481649041,1293,19968,0.099327803,100.254,13973,5995,-0.319166,-0.963137,1.253022,0.103407,-0.090000,-0.048000,0.017000,0.123300,0.017000,-0.117000,0.035000
946686533711,946686533.581647515,1294,20064,0.099998474,100.322,14074,5990,-0.333916,-0.952171,1.257420,0.104274,-0.075000,-0.072000,0.008000,0.252690,0.022000,-0.238000,0.082000
946686533813,946686533.681717634,1295,19968,0.100070119,100.188,13917,6051,-0.335819,-0.978765,1.249975,0.110752,0.035000,-0.105000,0.004000,0.110752,0.035000,-0.105000,0.004000
946686533913,946686533.781656504,1296,20064,0.099938869,100.373,13990,6074,-0.323381,-0.959834,1.244664,0.102347,0.007000,-0.101000,0.015000,0.102347,0.007000,-0.101000,0.015000
946686534014,946686533.882327318,1297,19968,0.100670815,99.666,13968,6000,-0.335170,-0.970451,1.242801,0.098681,-0.075000,-0.063000,0.012000,0.137804,0.059000,-0.122000,0.025000
946686534114,946686533.981748343,1298,19968,0.099421024,100.131,13890,6078,-0.326595,-0.988907,1.245562,0.111180,-0.096000,-0.056000,0.003000,0.161062,0.044000,-0.154000,0.017000
946686534211,946686534.081628919,1299,19968,0.099880576,100.231,13893,6075,-0.307712,-0.986709,1.260438,0.107219,-0.002000,-0.104000,0.026000,0.243037,0.021000,-0.201000,0.135000
946686534315,946686534.181591153,1300,20064,0.099962234,100.368,14027,6037,-0.307534,-0.994029,1.253555,0.100703,-0.085000,-0.054000,0.000000,0.138806,0.005000,-0.129000,0.051000
946686534413,946686534.282372952,1301,19968,0.100781798,99.600,14022,5946,-0.322555,-0.987436,1.244224,0.129406,0.029000,-0.124000,0.023000,0.129406,0.029000,-0.124000,0.023000
946686534513,946686534.381722331,1302,19968,0.099349380,100.181,13842,6126,-0.331217,-0.969209,1.236915,0.101035,0.012000,-0.100000,0.008000,0.101035,0.012000,-0.100000,0.008000
946686534613,946686534.481650949,1303,19968,0.099928617,100.228,13849,6119,-0.315068,-0.972745,1.250117,0.112325,-0.014000,-0.111000,0.010000,0.160991,0.022000,-0.153000,0.045000
946686534712,946686534.581607223,1304,20064,0.099956274,100.253,14008,6056,-0.338525,-0.947742,1.257340,0.101079,-0.091000,-0.044000,0.000000,0.113952,0.036000,-0.108000,0.005000
946686534813,946686534.681603670,1305,19968,0.099996448,100.293,13940,6028,-0.371545,-0.980218,1.244306,0.102157,0.008000,-0.096000,0.034000,0.102157,0.008000,-0.096000,0.034000
946686534913,946686534.781626821,1306,20064,0.100023150,100.355,13909,6155,-0.344285,-0.982069,1.245887,0.103436,-0.093000,-0.045000,0.005000,0.247469,0.044000,-0.237000,0.056000
946686535014,946686534.881731153,1307,19968,0.100104332,100.152,14022,5946,-0.334714,-0.981253,1.248993,0.162422,-0.139000,-0.084000,0.002000,0.200252,0.058000,-0.191000,0.016000
946686535112,946686534.981631875,1308,19968,0.099900723,100.258,14042,5926,-0.336538,-1.004765,1.252821,0.099343,-0.010000,-0.088000,0.045000,0.107861,0.008000,-0.101000,0.037000
946686535215,946686535.081630349,1309,20064,0.099998474,100.404,14065,5999,-0.282020,-0.970087,1.258008,0.116228,-0.022000,-0.113000,0.016000,0.184158,0.007000,-0.171000,0.068000
946686535312,946686535.181774259,1310,19968,0.100143909,100.174,13943,6025,-0.289245,-0.973867,1.245278,0.099910,-0.071000,-0.054000,0.045000,0.123923,0.037000,-0.118000,0.008000
946686535412,946686535.281699896,1311,19968,0.099925637,100.192,14012,5956,-0.310890,-0.969145,1.243848,0.100703,0.004000,-0.099000,0.018000,0.100703,0.004000,-0.099000,0.018000
946686535514,946686535.381641626,1312,20064,0.099941730,100.282,13921,6143,-0.315549,-0.973733,1.246832,0.101789,-0.082000,-0.046000,0.039000,0.120420,0.001000,-0.118000,0.024000
946686535610,946686535.481679320,1313,19968,0.100037694,100.190,14018,5950,-0.307343,-0.950352,1.255612,0.109407,-0.059000,-0.092000,0.005000,0.150526,0.023000,-0.148000,0.015000
946686535712,946686535.581606269,1314,19968,0.099926949,100.285,14083,5885,-0.328085,-0.953014,1.253675,0.100095,0.013000,-0.099000,0.007000,0.100095,0.013000,-0.099000,0.007000
946686535816,946686535.681640267,1315,19968,0.100033998,100.247,14039,5929,-0.344835,-0.987578,1.246581,0.103889,0.010000,-0.098000,0.033000,0.103889,0.010000,-0.098000,0.033000
946686535913,946686535.781614900,1316,20064,0.099974632,100.242,14059,6005,-0.330118,-0.987713,1.260607,0.099413,-0.009000,-0.099000,0.001000,0.123633,0.020000,-0.118000,0.031000
946686536013,946686535.881607056,1317,20064,0.099992156,100.396,14054,6010,-0.285798,-0.998585,1.257310,0.099086,-0.095000,-0.028000,0.003000,0.179747,0.031000,-0.172000,0.042000
946686536113,946686535.982471347,1318,19968,0.100864291,99.540,14020,5948,-0.301015,-0.973751,1.255367,0.101366,-0.085000,-0.047000,0.029000,0.176114,0.046000,-0.170000,0.000000
946686536213,946686536.081758261,1319,19968,0.099286914,100.247,13911,6057,-0.308196,-0.950946,1.250148,0.102059,-0.004000,-0.076000,0.068000,0.102426,0.011000,-0.097000,0.031000
946686536313,946686536.181755781,1320,20064,0.099997520,100.215,13938,6126,-0.301873,-0.959140,1.265091,0.111158,-0.032000,-0.096000,0.046000,0.237226,0.040000,-0.226000,0.060000
946686536413,946686536.282439828,1321,19968,0.100684047,99.543,13969,5999,-0.304562,-0.953084,1.254619,0.120004,-0.091000,-0.066000,0.042000,0.129337,0.026000,-0.124000,0.026000
946686536513,946686536.381709099,1322,20064,0.099269271,100.328,14132,5932,-0.358668,-0.912526,1.250859,0.106179,-0.097000,-0.032000,0.029000,0.114564,0.046000,-0.103000,0.020000
946686536613,946686536.482560277,1323,19872,0.100851178,99.352,13918,5954,-0.295087,-0.975047,1.265271,0.104221,-0.010000,-0.099000,0.031000,0.185240,0.031000,-0.148000,0.107000
946686536713,946686536.581646442,1324,20064,0.099086165,100.387,14040,6024,-0.352608,-0.962198,1.261213,0.105048,0.045000,-0.093000,0.019000,0.105048,0.045000,-0.093000,0.019000
946686536813,946686536.682361841,1325,19968,0.100715399,99.619,14048,5920,-0.346174,-0.981306,1.256477,0.098889,-0.089000,-0.043000,0.003000,0.191241,0.035000,-0.188000,-0.002000
946686536913,946686536.781712294,1326,20064,0.099350452,100.344,14012,6052,-0.318521,-1.008327,1.255246,0.102927,-0.099000,-0.028000,0.003000,0.114158,0.022000,-0.112000,-0.002000
946686537013,946686536.882453561,1327,19872,0.100741267,99.422,13951,5921,-0.307900,-0.944691,1.270058,0.104096,0.020000,-0.094000,0.040000,0.104096,0.020000,-0.094000,0.040000
946686537113,946686536.981616735,1328,20064,0.099163175,100.350,14106,5958,-0.236742,-0.957216,1.256365,0.099669,-0.095000,-0.030000,-0.003000,0.118596,0.039000,-0.112000,0.000000
946686537213,946686537.081710458,1329,19968,0.100093722,100.187,13903,6065,-0.323506,-0.947769,1.266843,0.106118,-0.005000,-0.106000,0.000000,0.109366,0.006000,-0.102000,0.039000
946686537311,946686537.181636453,1330,20064,0.099925995,100.339,13973,6091,-0.318133,-0.942348,1.273158,0.105891,-0.005000,-0.102000,0.028000,0.106273,0.041000,-0.098000,0.003000
946686537411,946686537.281739593,1331,19968,0.100103140,100.170,13834,6134,-0.297471,-0.940825,1.272991,0.108540,-0.097000,-0.046000,0.016000,0.123373,0.042000,-0.116000,0.001000
946686537514,946686537.381657362,1332,19968,0.099917769,100.219,14032,5936,-0.345589,-0.932807,1.261500,0.099469,-0.017000,-0.098000,-0.001000,0.117852,0.005000,-0.110000,0.042000
946686537616,946686537.481617928,1333,20064,0.099960566,100.404,14040,6024,-0.355960,-0.929712,1.254206,0.101872,-0.001000,-0.099000,0.024000,0.120279,0.015000,-0.119000,0.009000
946686537716,946686537.581765175,1334,19968,0.100147247,100.179,14031,5937,-0.323853,-0.977415,1.279675,0.099448,-0.008000,-0.099000,0.005000,0.106701,0.050000,-0.094000,0.007000
946686537813,946686537.681673050,1335,19968,0.099907875,100.215,14035,5933,-0.332662,-0.975171,1.266006,0.101518,-0.033000,-0.096000,-0.001000,0.114088,0.004000,-0.106000,0.042000
946686537912,946686537.781632304,1336,20064,0.099959254,100.358,14026,6038,-0.328615,-1.009469,1.267842,0.100896,0.000000,-0.098000,0.024000,0.129692,0.038000,-0.124000,0.000000
946686538014,946686537.881734133,1337,19968,0.100101829,100.176,13977,5991,-0.277106,-0.967190,1.270861,0.100030,-0.009000,-0.095000,0.030000,0.112526,0.042000,-0.103000,0.017000
946686538113,946686537.981657743,1338,20064,0.099923611,100.354,13953,6111,-0.284987,-0.934240,1.277894,0.099830,-0.019000,-0.098000,-0.001000,0.158253,0.028000,-0.142000,0.064000
946686538213,946686538.082453728,1339,19968,0.100795984,99.518,14055,5913,-0.324954,-0.943501,1.274714,0.099141,-0.012000,-0.098000,0.009000,0.113974,0.025000,-0.109000,0.022000
946686538312,946686538.181727409,1340,19968,0.099273682,100.185,14018,5950,-0.298630,-0.955525,1.264237,0.109554,-0.097000,-0.048000,0.017000,0.125144,0.027000,-0.114000,0.044000
946686538412,946686538.281657696,1341,20064,0.099930286,100.341,13989,6075,-0.297090,-0.933616,1.273888,0.099524,-0.086000,-0.050000,0.003000,0.161152,0.025000,-0.153000,0.044000
946686538520,946686538.382428050,1342,19968,0.100770354,99.572,14005,5963,-0.313354,-0.939786,1.276160,0.099664,-0.083000,-0.040000,0.038000,0.182677,0.035000,-0.175000,0.039000
946686538611,946686538.481751800,1343,19968,0.099323750,100.175,14000,5968,-0.347022,-0.957592,1.262557,0.108591,0.024000,-0.104000,0.020000,0.108591,0.024000,-0.104000,0.020000
946686538714,946686538.581683397,1344,20064,0.099931598,100.317,14078,5986,-0.338405,-1.013208,1.266174,0.106555,-0.101000,-0.033000,0.008000,0.135056,0.016000,-0.128000,0.040000
946686538814,946686538.682432532,1345,19968,0.100749135,99.560,13995,5973,-0.292042,-0.969647,1.267854,0.100851,-0.057000,-0.081000,0.019000,0.162561,0.019000,-0.161000,0.012000
946686538913,946686538.781751156,1346,20064,0.099318624,100.317,14069,5995,-0.289135,-0.974919,1.268454,0.101242,-0.085000,-0.055000,0.000000,0.108789,0.005000,-0.107000,0.019000
946686539011,946686538.882536411,1347,19872,0.100785255,99.372,14017,5855,-0.315473,-0.957693,1.270359,0.108563,0.021000,-0.104000,0.023000,0.108563,0.021000,-0.104000,0.023000
946686539114,946686538.981626391,1348,20064,0.099089980,100.330,13942,6122,-0.297556,-0.966019,1.283462,0.116640,-0.010000,-0.116000,0.007000,0.208135,0.070000,-0.196000,0.002000
946686539213,946686539.081707239,1349,19968,0.100080848,100.248,13980,5988,-0.322722,-0.957102,1.275306,0.098737,-0.089000,-0.042000,0.008000,0.155753,0.003000,-0.153000,0.029000
946686539313,946686539.181705594,1350,19968,0.099998355,100.215,14006,5962,-0.308275,-0.944425,1.264948,0.100090,0.021000,-0.091000,0.036000,0.100090,0.021000,-0.091000,0.036000
946686539413,946686539.281665206,1351,20064,0.099959612,100.320,14090,5974,-0.335610,-0.924562,1.258985,0.105437,0.016000,-0.094000,0.045000,0.105437,0.016000,-0.094000,0.045000
946686539513,946686539.382373691,1352,19968,0.100708485,99.581,13981,5987,-0.315727,-0.926950,1.278400,0.100851,-0.057000,-0.081000,0.019000,0.131917,0.016000,-0.125000,0.039000
946686539612,946686539.481690407,1353,19968,0.099316716,100.200,13963,6005,-0.342500,-0.935467,1.265977,0.100110,-0.082000,-0.057000,0.007000,0.225608,0.007000,-0.225000,0.015000
946686539713,946686539.581621885,1354,20064,0.099931479,100.394,14159,5905,-0.357787,-0.954958,1.264771,0.110045,-0.093000,-0.050000,0.031000,0.154948,0.047000,-0.146000,0.022000
946686539815,946686539.681763411,1355,19968,0.100141525,100.211,13915,6053,-0.304549,-0.918847,1.268060,0.099177,-0.010000,-0.094000,0.030000,0.121450,0.061000,-0.105000,-0.002000
946686539915,946686539.781723261,1356,20064,0.099959850,100.363,14031,6033,-0.232330,-0.904023,1.262468,0.101297,-0.046000,-0.084000,0.033000,0.123150,0.053000,-0.111000,0.006000
946686540015,946686539.882400632,1357,19968,0.100677371,99.617,13975,5993,-0.318365,-0.878734,1.266480,0.099010,-0.079000,-0.059000,0.009000,0.111203,0.001000,-0.109000,0.022000
946686540116,946686539.981767416,1358,19968,0.099366784,100.124,13946,6022,-0.326873,-0.886453,1.274355,0.102113,0.011000,-0.091000,0.045000,0.102113,0.011000,-0.091000,0.045000
946686540213,946686540.081658483,1359,19968,0.099891067,100.275,13968,6000,-0.301169,-0.878728,1.267696,0.100613,-0.067000,-0.075000,0.003000,0.167159,0.031000,-0.134000,0.095000
946686540312,946686540.181668043,1360,20064,0.100009561,100.270,13988,6076,-0.330747,-0.889082,1.254680,0.123069,-0.099000,-0.073000,-0.004000,0.125817,0.005000,-0.117000,0.046000
946686540412,946686540.282401323,1361,19968,0.100733280,99.540,14028,5940,-0.370808,-0.879457,1.254832,0.103325,-0.088000,-0.054000,0.004000,0.115538,0.015000,-0.110000,0.032000
946686540513,946686540.381679058,1362,19968,0.099277735,100.214,13917,6051,-0.338759,-0.911447,1.260119,0.114346,0.033000,-0.105000,0.031000,0.114346,0.033000,-0.105000,0.031000
946686540615,946686540.481638432,1363,20064,0.099959373,100.413,14028,6036,-0.355253,-0.972703,1.258186,0.099091,-0.069000,-0.033000,0.063000,0.102786,0.034000,-0.097000,0.000000
946686540713,946686540.581796527,1364,19968,0.100158095,100.127,14077,5891,-0.324883,-0.915128,1.249926,0.102883,-0.048000,-0.084000,0.035000,0.105314,0.023000,-0.101000,0.019000
946686540813,946686540.681685686,1365,19968,0.099889159,100.312,14019,5949,-0.300326,-0.918923,1.260026,0.116538,-0.101000,-0.058000,0.004000,0.123203,0.061000,-0.107000,-0.003000
946686540913,946686540.781737566,1366,20064,0.100051880,100.319,14047,6017,-0.230376,-0.937850,1.253964,0.124720,-0.073000,-0.101000,-0.005000,0.240171,0.028000,-0.237000,0.027000
946686541014,946686540.881818891,1367,19968,0.100081325,100.125,13987,5981,-0.338077,-0.922187,1.247158,0.099131,0.021000,-0.095000,0.019000,0.099131,0.021000,-0.095000,0.019000
946686541112,946686540.981700301,1368,20064,0.099881411,100.287,14001,6063,-0.307949,-0.927583,1.248608,0.109083,-0.073000,-0.081000,0.003000,0.132959,0.035000,-0.127000,0.018000
946686541211,946686541.082498074,1369,19968,0.100797772,99.503,13958,6010,-0.311721,-0.918732,1.251523,0.113969,0.018000,-0.109000,0.028000,0.113969,0.018000,-0.109000,0.028000
946686541313,946686541.181754470,1370,19968,0.099256396,100.155,14040,5928,-0.336733,-0.895893,1.248907,0.105929,-0.095000,-0.030000,0.036000,0.195494,0.021000,-0.169000,0.096000
946686541413,946686541.281650424,1371,20064,0.099895954,100.431,14133,5931,-0.340588,-0.941187,1.249733,0.101912,0.009000,-0.096000,0.033000,0.101912,0.009000,-0.096000,0.033000
946686541513,946686541.382479668,1372,19968,0.100829244,99.564,14026,5942,-0.346962,-0.954500,1.247269,0.115070,-0.024000,-0.104000,0.043000,0.128884,0.011000,-0.107000,0.071000
946686541613,946686541.481794953,1373,19968,0.099315286,100.203,13993,5975,-0.297677,-0.976658,1.247606,0.113035,-0.019000,-0.104000,0.040000,0.158758,0.052000,-0.150000,0.000000
946686541713,946686541.581744909,1374,20064,0.099949956,100.340,14185,5879,-0.315656,-0.970451,1.247292,0.108162,-0.047000,-0.097000,0.009000,0.120814,0.040000,-0.114000,0.000000
946686541813,946686541.682514906,1375,19872,0.100769997,99.398,13885,5987,-0.301338,-0.966256,1.246856,0.102806,0.034000,-0.097000,0.002000,0.102806,0.034000,-0.097000,0.002000
946686541916,946686541.781644106,1376,20064,0.099129200,100.370,14070,5994,-0.257559,-0.955045,1.261238,0.118246,-0.081000,-0.086000,0.005000,0.246887,0.024000,-0.244000,0.029000
946686542016,946686541.881770968,1377,20064,0.100126863,100.252,13930,6134,-0.333528,-0.972504,1.234727,0.103155,0.014000,-0.098000,0.029000,0.103155,0.014000,-0.098000,0.029000
946686542113,946686541.982495666,1378,19968,0.100724697,99.489,14022,5946,-0.323283,-0.981299,1.246420,0.099499,-0.014000,-0.098000,0.010000,0.109444,0.037000,-0.103000,0.000000
946686542213,946686542.081723213,1379,19968,0.099227548,100.193,14038,5930,-0.327740,-0.968634,1.253500,0.101563,-0.091000,-0.045000,0.003000,0.106297,0.007000,-0.105000,0.015000
946686542313,946686542.181657076,1380,20064,0.099933863,100.400,14106,5958,-0.337152,-0.988921,1.247982,0.102088,-0.071000,-0.034000,0.065000,0.104757,0.002000,-0.103000,0.019000
946686542413,946686542.282504320,1381,19968,0.100847244,99.566,14042,5926,-0.341415,-1.004152,1.235140,0.106066,-0.012000,-0.105000,0.009000,0.132386,0.025000,-0.130000,-0.001000
946686542514,946686542.381810665,1382,19968,0.099306345,100.198,13944,6024,-0.320550,-0.998120,1.246338,0.103591,0.001000,-0.079000,0.067000,0.103591,0.001000,-0.079000,0.067000
946686542613,946686542.481758356,1383,20064,0.099947691,100.312,14041,6023,-0.307399,-1.000518,1.247327,0.100255,0.009000,-0.099000,0.013000,0.100255,0.009000,-0.099000,0.013000
946686542711,946686542.582490921,1384,19968,0.100732565,99.497,14028,5940,-0.326640,-0.981504,1.242056,0.100827,0.002000,-0.099000,0.019000,0.100827,0.002000,-0.099000,0.019000
946686542813,946686542.682383060,1385,19968,0.099892139,99.691,14045,5923,-0.315837,-1.017974,1.244571,0.099529,-0.040000,-0.091000,0.005000,0.124378,0.039000,-0.118000,0.005000
946686542916,946686542.781818032,1386,20064,0.099434972,100.244,14040,6024,-0.336290,-0.972932,1.246911,0.101213,0.010000,-0.100000,0.012000,0.101213,0.010000,-0.100000,0.012000
946686543013,946686542.882441998,1387,19968,0.100623965,99.577,13969,5999,-0.303937,-0.978671,1.253669,0.106250,0.011000,-0.092000,0.052000,0.106250,0.011000,-0.092000,0.052000
946686543114,946686542.981778979,1388,19968,0.099336982,100.187,13989,5979,-0.332594,-0.989351,1.245149,0.098995,0.038000,-0.090000,0.016000,0.098995,0.038000,-0.090000,0.016000
946686543213,946686543.081715941,1389,20064,0.099936962,100.351,13968,6096,-0.330278,-0.987196,1.241512,0.107299,-0.021000,-0.104000,0.016000,0.117563,0.011000,-0.098000,0.064000
946686543313,946686543.182433248,1390,19968,0.100717306,99.561,13998,5970,-0.326358,-0.999003,1.244402,0.106221,-0.073000,-0.077000,0.005000,0.123507,0.045000,-0.115000,0.002000
946686543413,946686543.281736016,1391,19968,0.099302769,100.232,14008,5960,-0.320262,-0.994817,1.245742,0.101262,-0.070000,-0.073000,0.005000,0.171213,0.012000,-0.161000,0.057000
946686543513,946686543.381717801,1392,20064,0.099981785,100.309,14121,5943,-0.320735,-1.021137,1.246509,0.107601,0.009000,-0.101000,0.036000,0.107601,0.009000,-0.101000,0.036000
946686543613,946686543.482571721,1393,19968,0.100853920,99.446,13895,6073,-0.314474,-1.010635,1.239056,0.106254,-0.065000,-0.084000,-0.003000,0.170106,0.024000,-0.162000,0.046000
946686543716,946686543.582397223,1394,19968,0.099825501,99.669,13901,6067,-0.309613,-1.009037,1.249289,0.104067,0.007000,-0.091000,0.050000,0.104067,0.007000,-0.091000,0.050000
946686543816,946686543.681807399,1395,19968,0.099410176,100.177,14043,5925,-0.336253,-1.010175,1.241631,0.102465,-0.089000,-0.043000,0.027000,0.110982,0.046000,-0.099000,0.020000
946686543914,946686543.781712413,1396,20064,0.099905014,100.256,13972,6092,-0.298571,-0.983279,1.250434,0.102435,-0.018000,-0.100000,0.013000,0.129391,0.043000,-0.122000,0.003000
946686544013,946686543.882451177,1397,19968,0.100738764,99.580,13918,6050,-0.316650,-0.982055,1.250828,0.099187,-0.069000,-0.071000,0.006000,0.202618,0.003000,-0.199000,0.038000
946686544111,946686543.981750727,1398,19968,0.099299550,100.204,13939,6029,-0.348060,-1.007942,1.238268,0.100005,-0.039000,-0.092000,0.004000,0.127428,0.025000,-0.122000,0.027000
946686544213,946686544.081698775,1399,20064,0.099948049,100.328,13899,6165,-0.339041,-1.012639,1.244701,0.100349,-0.013000,-0.099000,0.010000,0.114900,0.036000,-0.109000,0.005000
946686544315,946686544.181778193,1400,19968,0.100079417,100.195,13850,6118,-0.338291,-1.003852,1.246301,0.099484,-0.059000,-0.080000,-0.004000,0.118199,0.029000,-0.113000,0.019000
946686544415,946686544.281727910,1401,19968,0.099949718,100.210,14045,5923,-0.320213,-1.022280,1.235662,0.114337,0.000000,-0.112000,0.023000,0.132310,0.063000,-0.116000,0.009000
946686544513,946686544.381670952,1402,20064,0.099943042,100.358,13991,6073,-0.283637,-1.002761,1.256970,0.114324,-0.094000,-0.045000,0.047000,0.126590,0.022000,-0.121000,0.030000
946686544613,946686544.482380629,1403,19968,0.100709677,99.614,13874,6094,-0.307706,-0.991663,1.246545,0.100678,-0.066000,-0.076000,0.002000,0.191661,0.001000,-0.187000,0.042000
946686544715,946686544.581748843,1404,19968,0.099368215,100.248,13972,5996,-0.302931,-0.985576,1.240311,0.111844,-0.083000,-0.074000,0.012000,0.160860,0.066000,-0.144000,0.028000
946686544815,946686544.681744337,1405,20064,0.099995494,100.230,13931,6133,-0.311601,-0.977660,1.252421,0.100688,-0.009000,-0.096000,0.029000,0.111050,0.014000,-0.110000,0.006000
946686544916,946686544.782465577,1406,20064,0.100721240,99.647,13956,6108,-0.329252,-0.986381,1.253142,0.099950,-0.071000,-0.070000,0.007000,0.182477,0.013000,-0.180000,0.027000
946686545013,946686544.882620335,1407,19872,0.100154757,99.410,13852,6020,-0.304460,-0.991064,1.245988,0.102616,-0.063000,-0.081000,0.000000,0.136598,0.013000,-0.129000,0.043000
946686545115,946686544.981766820,1408,20064,0.099146485,100.238,14085,5979,-0.336095,-1.023602,1.245182,0.102830,-0.067000,-0.078000,0.001000,0.223488,0.005000,-0.181000,0.131000
946686545211,946686545.082455277,1409,19968,0.100688457,99.531,13977,5991,-0.310988,-0.983913,1.252674,0.098889,-0.093000,-0.029000,0.017000,0.145702,0.013000,-0.144000,0.018000
946686545315,946686545.181739450,1410,19968,0.099284172,100.197,13907,6061,-0.288874,-1.012567,1.257858,0.114948,-0.046000,-0.099000,0.036000,0.124173,0.027000,-0.119000,0.023000
946686545413,946686545.281686425,1411,19968,0.099946976,100.268,14012,5956,-0.284967,-1.006971,1.250413,0.107912,-0.014000,-0.107000,0.000000,0.120851,0.050000,-0.108000,0.021000
946686545516,946686545.381693721,1412,20064,0.100007296,100.252,13905,6159,-0.312493,-0.983146,1.258053,0.102284,-0.099000,-0.025000,0.006000,0.209019,0.013000,-0.208000,0.016000
946686545614,946686545.481703401,1413,19968,0.100009680,100.272,13859,6109,-0.302891,-0.952870,1.248697,0.120237,-0.103000,-0.062000,0.002000,0.120487,0.010000,-0.119000,0.016000
946686545715,946686545.581709027,1414,20064,0.100005627,100.247,14001,6063,-0.293567,-0.950362,1.255191,0.103620,-0.086000,-0.029000,0.050000,0.105948,0.035000,-0.100000,0.000000
946686545813,946686545.682469487,1415,19968,0.100760460,99.488,13983,5985,-0.350518,-0.959272,1.255670,0.105128,-0.046000,-0.094000,0.010000,0.111700,0.046000,-0.100000,0.019000
946686545911,946686545.781700373,1416,19968,0.099230886,100.318,13975,5993,-0.291215,-0.985063,1.255584,0.105119,0.032000,-0.099000,0.015000,0.105119,0.032000,-0.099000,0.015000
946686546014,946686545.881738424,1417,20064,0.100038052,100.285,13963,6101,-0.317050,-0.997938,1.261069,0.099649,-0.085000,-0.052000,0.001000,0.162607,0.018000,-0.154000,0.049000
946686546115,946686545.981773853,1418,19968,0.100035429,100.204,14008,5960,-0.308363,-1.010619,1.241138,0.098995,0.038000,-0.090000,0.016000,0.098995,0.038000,-0.090000,0.016000
946686546213,946686546.081735969,1419,19968,0.099962115,100.316,13996,5972,-0.292815,-0.980474,1.254567,0.102240,0.012000,-0.097000,0.030000,0.102240,0.012000,-0.097000,0.030000
946686546316,946686546.181782126,1420,20064,0.100046158,100.331,14048,6016,-0.225097,-0.976263,1.267262,0.100290,-0.059000,-0.081000,-0.004000,0.261457,0.042000,-0.250000,0.064000
946686546413,946686546.281856656,1421,19968,0.100074530,100.147,13919,6049,-0.301882,-0.971879,1.261800,0.102630,-0.017000,-0.088000,0.050000,0.115139,0.002000,-0.113000,0.022000
946686546513,946686546.381763816,1422,20064,0.099907160,100.274,13973,6091,-0.334796,-0.985153,1.251883,0.101730,0.038000,-0.093000,0.016000,0.101730,0.038000,-0.093000,0.016000
946686546613,946686546.482488155,1423,19968,0.100724339,99.533,13908,6060,-0.291963,-0.953842,1.255011,0.099745,-0.036000,-0.093000,0.002000,0.112876,0.046000,-0.103000,0.004000
946686546711,946686546.581767678,1424,19968,0.099279523,100.188,13946,6022,-0.306759,-0.936748,1.259201,0.117329,-0.006000,-0.113000,0.031000,0.184307,0.016000,-0.152000,0.103000
946686546813,946686546.681699634,1425,19968,0.099931955,100.314,14054,5914,-0.332594,-0.941492,1.254084,0.101755,-0.088000,-0.051000,0.003000,0.120258,0.046000,-0.111000,-0.005000
946686546913,946686546.781749725,1426,20064,0.100050092,100.296,14075,5989,-0.370747,-0.973655,1.255286,0.114630,-0.110000,-0.032000,0.004000,0.123560,0.001000,-0.121000,0.025000
946686547012,946686546.882462263,1427,19968,0.100712538,99.595,13927,6041,-0.307315,-0.991280,1.264016,0.111763,-0.099000,-0.049000,0.017000,0.167705,0.030000,-0.165000,0.000000
946686547113,946686546.981801748,1428,19968,0.099339485,100.212,14067,5901,-0.291734,-0.962547,1.262376,0.099945,-0.088000,-0.047000,0.006000,0.127287,0.024000,-0.115000,0.049000
946686547213,946686547.081751823,1429,20064,0.099950075,100.347,14167,5897,-0.268611,-1.002065,1.253106,0.099850,0.005000,-0.093000,0.036000,0.099850,0.005000,-0.093000,0.036000
946686547313,946686547.181834459,1430,19968,0.100082636,100.171,13902,6066,-0.273481,-0.950434,1.267986,0.101143,0.005000,-0.094000,0.037000,0.101143,0.005000,-0.094000,0.037000
946686547412,946686547.281755686,1431,20064,0.099921227,100.295,13978,6086,-0.297348,-0.938841,1.267786,0.105494,-0.072000,-0.077000,0.004000,0.198920,0.065000,-0.188000,0.000000
946686547515,946686547.382479429,1432,19968,0.100723743,99.540,13985,5983,-0.307907,-0.958451,1.264932,0.099403,-0.084000,-0.040000,0.035000,0.102557,0.017000,-0.098000,0.025000
946686547613,946686547.481775045,1433,19968,0.099295616,100.243,13959,6009,-0.318349,-0.959175,1.267741,0.108936,-0.027000,-0.103000,0.023000,0.267907,0.002000,-0.263000,0.051000
946686547713,946686547.581758618,1434,19968,0.099983573,100.203,13951,6017,-0.325826,-0.933176,1.272204,0.099121,0.010000,-0.098000,0.011000,0.099121,0.010000,-0.098000,0.011000
946686547813,946686547.681688309,1435,20064,0.099929690,100.382,14027,6037,-0.332693,-0.946439,1.269545,0.107173,-0.006000,-0.107000,0.001000,0.111319,0.016000,-0.106000,0.030000
946686547916,946686547.781821728,1436,19968,0.100133419,100.118,14033,5935,-0.331758,-0.987953,1.268728,0.108356,-0.076000,-0.077000,0.006000,0.196408,0.036000,-0.188000,0.044000
946686548014,946686547.881687045,1437,20064,0.099865317,100.413,14043,6021,-0.293811,-1.024560,1.260493,0.112823,-0.073000,-0.086000,0.002000,0.118903,0.025000,-0.108000,0.043000
946686548113,946686547.982525945,1438,19968,0.100838900,99.550,13953,6015,-0.276735,-0.953331,1.277941,0.127098,-0.092000,-0.087000,0.011000,0.202744,0.012000,-0.200000,0.031000
946686548211,946686548.081817746,1439,19968,0.099291801,100.185,13986,5982,-0.279223,-0.944247,1.270250,0.106250,-0.002000,-0.103000,0.026000,0.113952,0.036000,-0.108000,0.005000
946686548316,946686548.181731582,1440,19968,0.099913836,100.317,13952,6016,-0.297928,-0.961925,1.272926,0.099539,-0.096000,-0.026000,0.004000,0.106892,0.020000,-0.105000,-0.001000
946686548414,946686548.281763434,1441,20064,0.100031853,100.310,14056,6008,-0.289109,-0.949147,1.272690,0.120325,0.014000,-0.119000,0.011000,0.120325,0.014000,-0.119000,0.011000
946686548513,946686548.381828666,1442,19968,0.100065231,100.128,13848,6120,-0.276751,-0.952420,1.279663,0.109206,-0.039000,-0.102000,0.001000,0.196150,0.065000,-0.185000,0.005000
946686548613,946686548.481699586,1443,20064,0.099870920,100.387,14021,6043,-0.301240,-0.920806,1.272189,0.103735,-0.047000,-0.086000,0.034000,0.162096,0.045000,-0.155000,0.015000
946686548711,946686548.582507849,1444,19968,0.100808263,99.539,13980,5988,-0.328123,-0.946810,1.266784,0.107522,0.008000,-0.101000,0.036000,0.107522,0.008000,-0.101000,0.036000
946686548815,946686548.681773186,1445,19968,0.099265337,100.231,13946,6022,-0.277354,-0.950664,1.292217,0.111382,0.009000,-0.110000,0.015000,0.111382,0.009000,-0.110000,0.015000
946686548913,946686548.781760335,1446,20064,0.099987149,100.306,14125,5939,-0.318599,-1.001162,1.258653,0.100225,0.000000,-0.098000,0.021000,0.115464,0.046000,-0.104000,0.020000
946686549015,946686548.882538080,1447,19968,0.100777745,99.537,14000,5968,-0.292613,-0.962175,1.275201,0.101514,-0.033000,-0.096000,0.000000,0.167278,0.009000,-0.165000,0.026000
946686549111,946686548.981810331,1448,19968,0.099272251,100.171,13887,6081,-0.271202,-0.957418,1.282144,0.101163,-0.069000,-0.072000,0.017000,0.219732,0.029000,-0.196000,0.095000
946686549212,946686549.081723928,1449,20064,0.099913597,100.355,13996,6068,-0.238763,-0.951861,1.277008,0.105499,0.023000,-0.101000,0.020000,0.105499,0.023000,-0.101000,0.020000
946686549311,946686549.182541490,1450,19968,0.100817561,99.476,14001,5967,-0.305292,-0.930863,1.274500,0.100090,0.021000,-0.096000,0.019000,0.100090,0.021000,-0.096000,0.019000
946686549411,946686549.281775594,1451,19968,0.099234104,100.214,13932,6036,-0.288101,-0.945486,1.277929,0.104446,-0.090000,-0.045000,0.028000,0.123653,0.035000,-0.113000,0.036000
946686549513,946686549.381737709,1452,20064,0.099962115,100.301,13914,6150,-0.311969,-0.934113,1.265427,0.126969,-0.114000,-0.055000,0.010000,0.160717,0.055000,-0.151000,0.002000
946686549613,946686549.482538462,1453,19968,0.100800753,99.497,13965,6003,-0.310455,-0.940092,1.271877,0.101435,-0.100000,-0.017000,0.000000,0.106104,0.001000,-0.104000,0.021000
946686549715,946686549.581778049,1454,19968,0.099239588,100.260,13977,5991,-0.318471,-0.940404,1.271058,0.106386,-0.099000,-0.029000,0.026000,0.123669,0.007000,-0.122000,0.019000
946686549813,946686549.681789994,1455,19968,0.100011945,100.226,13905,6063,-0.325690,-0.975350,1.271434,0.117546,-0.101000,-0.060000,0.004000,0.250450,0.034000,-0.240000,0.063000
946686549913,946686549.781748533,1456,20064,0.099958539,100.294,14027,6037,-0.317109,-1.021668,1.269083,0.101361,-0.040000,-0.093000,0.005000,0.114394,0.011000,-0.113000,0.014000
946686550015,946686549.882477641,1457,19968,0.100729108,99.590,14004,5964,-0.313356,-0.968878,1.258738,0.106283,-0.036000,-0.100000,0.000000,0.132624,0.026000,-0.127000,0.028000
946686550113,946686549.981812716,1458,19968,0.099335074,100.153,13966,6002,-0.256198,-0.987746,1.268519,0.100509,-0.075000,-0.066000,0.011000,0.120208,0.021000,-0.115000,0.028000
946686550211,946686550.081703544,1459,20064,0.099890828,100.351,13925,6139,-0.258431,-0.936134,1.266099,0.102426,-0.079000,-0.055000,0.035000,0.158755,0.049000,-0.151000,-0.001000
946686550313,946686550.181807399,1460,19968,0.100103855,100.202,13888,6080,-0.316494,-0.960380,1.265577,0.101553,-0.092000,-0.043000,0.000000,0.114022,0.004000,-0.112000,0.021000
946686550413,946686550.281772375,1461,19968,0.099964976,100.180,13929,6039,-0.332304,-0.948906,1.261324,0.099850,-0.069000,-0.072000,0.005000,0.111844,0.022000,-0.107000,0.024000
946686550516,946686550.381694198,1462,20064,0.099921823,100.335,14006,6058,-0.347345,-0.930099,1.256770,0.101966,-0.086000,-0.051000,0.020000,0.120619,0.057000,-0.106000,0.008000
946686550613,946686550.482446432,1463,19968,0.100752234,99.620,13910,6058,-0.306135,-0.943867,1.261611,0.110209,-0.021000,-0.107000,0.016000,0.120037,0.016000,-0.107000,0.052000
946686550712,946686550.581811666,1464,20064,0.099365234,100.313,14097,5967,-0.349172,-0.972910,1.260902,0.123016,0.038000,-0.117000,0.000000,0.123016,0.038000,-0.117000,0.000000
946686550817,946686550.682517886,1465,19968,0.100706220,99.611,13959,6009,-0.320078,-0.985600,1.261663,0.110603,-0.106000,-0.031000,0.006000,0.111812,0.018000,-0.107000,0.027000
946686550912,946686550.781876206,1466,19968,0.099358320,100.144,13974,5994,-0.258427,-0.967800,1.259921,0.099705,0.009000,-0.094000,0.032000,0.099705,0.009000,-0.094000,0.032000
946686551013,946686550.881763697,1467,19968,0.099887490,100.236,13986,5982,-0.283645,-0.959544,1.246413,0.105095,-0.086000,-0.060000,0.007000,0.127102,0.023000,-0.125000,-0.001000
946686551113,946686550.981733799,1468,20064,0.099970102,100.379,14036,6028,-0.267513,-0.982212,1.263465,0.130541,-0.020000,-0.129000,0.000000,0.150483,0.001000,-0.138000,0.060000
946686551211,946686551.081867814,1469,19968,0.100134015,100.100,13878,6090,-0.301929,-0.955899,1.254217,0.109595,-0.095000,-0.031000,0.045000,0.172988,0.032000,-0.170000,-0.001000
946686551313,946686551.181724072,1470,20064,0.099856257,100.424,13898,6166,-0.307200,-0.938372,1.250460,0.099810,-0.067000,-0.072000,0.017000,0.179458,0.002000,-0.176000,0.035000
946686551413,946686551.282502174,1471,19968,0.100778103,99.498,14037,5931,-0.339274,-0.934962,1.243411,0.102220,-0.099000,-0.018000,0.018000,0.118296,0.023000,-0.116000,-0.003000
946686551514,946686551.382506728,1472,19968,0.100004554,99.466,13992,5976,-0.323369,-0.935824,1.252928,0.115464,-0.098000,-0.052000,0.032000,0.182165,0.060000,-0.172000,0.000000
946686551612,946686551.481711984,1473,19968,0.099205256,100.302,13959,6009,-0.294411,-0.940482,1.251033,0.106536,0.006000,-0.105000,0.017000,0.106536,0.006000,-0.105000,0.017000
946686551715,946686551.581747890,1474,20064,0.100035906,100.360,14045,6019,-0.311857,-0.964872,1.256836,0.104120,0.009000,-0.098000,0.034000,0.104120,0.009000,-0.098000,0.034000
946686551813,946686551.681853414,1475,19968,0.100105524,100.180,14115,5853,-0.326696,-0.963237,1.248748,0.100185,-0.006000,-0.100000,0.001000,0.127805,0.049000,-0.118000,0.003000
946686551913,946686551.781789899,1476,20064,0.099936485,100.353,14045,6019,-0.295329,-0.946143,1.259136,0.113177,-0.065000,-0.090000,0.022000,0.200050,0.028000,-0.190000,0.056000
946686552013,946686551.882586002,1477,19968,0.100796103,99.538,13924,6044,-0.298115,-0.949388,1.251631,0.104886,-0.011000,-0.104000,0.008000,0.132823,0.009000,-0.131000,0.020000
946686552113,946686551.981857777,1478,19968,0.099271774,100.148,13934,6034,-0.325210,-0.956224,1.246817,0.102206,-0.061000,-0.082000,0.001000,0.128756,0.007000,-0.127000,0.020000
946686552212,946686552.081769109,1479,20064,0.099911332,100.361,13919,6145,-0.309797,-0.948152,1.251825,0.127397,-0.031000,-0.113000,0.050000,0.158474,0.007000,-0.156000,0.027000
946686552315,946686552.182459354,1480,19968,0.100690246,99.590,13968,6000,-0.298002,-0.935247,1.253230,0.114778,-0.023000,-0.111000,0.018000,0.124403,0.016000,-0.118000,0.036000
946686552413,946686552.281792045,1481,19968,0.099332690,100.218,13987,5981,-0.334502,-0.944154,1.252142,0.100364,-0.088000,-0.048000,0.005000,0.119633,0.008000,-0.118000,0.018000
946686552513,946686552.381742120,1482,20064,0.099950075,100.405,14080,5984,-0.342595,-0.955589,1.248537,0.101597,-0.036000,-0.095000,0.001000,0.116396,0.034000,-0.106000,0.034000
946686552613,946686552.482470393,1483,19968,0.100728273,99.642,13868,6100,-0.315537,-0.951861,1.248847,0.103639,-0.087000,-0.056000,0.006000,0.125877,0.022000,-0.120000,0.031000
946686552715,946686552.581878901,1484,19968,0.099408507,100.257,13880,6088,-0.315129,-0.981634,1.254720,0.124720,-0.073000,-0.101000,-0.005000,0.132140,0.036000,-0.126000,0.017000
946686552814,946686552.681871653,1485,20064,0.099992752,100.252,14032,6032,-0.289059,-0.954039,1.243542,0.101247,-0.011000,-0.089000,0.047000,0.182934,0.020000,-0.173000,0.056000
946686552912,946686552.782514215,1486,19968,0.100642562,99.570,13873,6095,-0.287226,-0.952585,1.242858,0.104504,-0.054000,-0.081000,0.038000,0.120511,0.055000,-0.107000,0.007000
946686553013,946686552.881836057,1487,19968,0.099321842,100.237,13849,6119,-0.289749,-0.951123,1.253278,0.100170,0.017000,-0.096000,0.023000,0.100170,0.017000,-0.096000,0.023000
946686553114,946686552.981821179,1488,20064,0.099985123,100.356,14020,6044,-0.284688,-0.922278,1.254639,0.100941,-0.084000,-0.053000,0.018000,0.280733,0.021000,-0.279000,0.023000
946686553214,946686553.082496405,1489,19968,0.100675225,99.613,13946,6022,-0.334213,-0.948117,1.247846,0.100090,0.019000,-0.096000,0.021000,0.100090,0.019000,-0.096000,0.021000
946686553314,946686553.181848168,1490,19968,0.099351764,100.172,13931,6037,-0.318047,-0.946700,1.247603,0.110892,-0.092000,-0.053000,0.032000,0.148762,0.013000,-0.144000,0.035000
946686553414,946686553.281765461,1491,20064,0.099917293,100.330,13989,6075,-0.317468,-0.943793,1.246463,0.112272,-0.082000,-0.075000,0.016000,0.166160,0.023000,-0.158000,0.046000
946686553513,946686553.382522106,1492,19968,0.100756645,99.572,13907,6061,-0.338333,-0.975609,1.250962,0.101336,-0.013000,-0.100000,0.010000,0.106607,0.004000,-0.105000,0.018000
946686553611,946686553.481840849,1493,19968,0.099318743,100.187,13906,6062,-0.301290,-0.968101,1.258308,0.103213,0.011000,-0.086000,0.056000,0.103213,0.011000,-0.086000,0.056000
946686553715,946686553.581780791,1494,20064,0.099939942,100.335,13916,6148,-0.281751,-0.966948,1.263154,0.106236,0.049000,-0.094000,0.007000,0.106236,0.049000,-0.094000,0.007000
946686553811,946686553.682578683,1495,19968,0.100797892,99.524,14005,5963,-0.301220,-0.956488,1.252746,0.101568,-0.086000,-0.042000,0.034000,0.125901,0.013000,-0.119000,0.039000
946686553914,946686553.781853199,1496,19968,0.099274516,100.269,13920,6048,-0.316420,-0.951548,1.242592,0.102181,-0.006000,-0.102000,0.001000,0.248863,0.024000,-0.246000,0.029000
946686554013,946686553.881877899,1497,20064,0.100024700,100.273,13965,6099,-0.317593,-0.917744,1.257042,0.099136,-0.096000,-0.024000,-0.006000,0.109330,0.008000,-0.108000,0.015000
946686554113,946686553.982543707,1498,19968,0.100665808,99.546,13890,6078,-0.333205,-0.927501,1.263155,0.102078,-0.004000,-0.102000,0.000000,0.117184,0.054000,-0.104000,0.000000
946686554211,946686554.081839323,1499,19968,0.099295616,100.205,13928,6040,-0.347529,-0.947396,1.243677,0.099318,-0.096000,-0.018000,0.018000,0.103504,0.026000,-0.089000,0.046000
946686554315,946686554.181789160,1500,19968,0.099949837,100.269,13770,6198,-0.330036,-0.976190,1.243740,0.104183,-0.069000,-0.078000,0.003000,0.117903,0.016000,-0.099000,0.062000
946686554413,946686554.281795859,1501,20064,0.100006700,100.338,13902,6162,-0.330761,-0.994450,1.260467,0.100170,-0.073000,-0.068000,0.009000,0.164615,0.019000,-0.156000,0.049000
946686554513,946686554.381891847,1502,19968,0.100095987,100.088,13892,6076,-0.321104,-1.007453,1.245434,0.118262,0.001000,-0.116000,0.023000,0.118262,0.001000,-0.116000,0.023000
946686554613,946686554.481748462,1503,19968,0.099856615,100.314,13810,6158,-0.334803,-1.000713,1.250075,0.107019,0.000000,-0.098000,0.043000,0.159167,0.018000,-0.157000,0.019000
946686554713,946686554.581781864,1504,20064,0.100033402,100.340,13976,6088,-0.283701,-0.973601,1.256518,0.113230,-0.006000,-0.113000,0.004000,0.185216,0.025000,-0.176000,0.052000
946686554815,946686554.682523847,1505,19968,0.100741982,99.571,13976,5992,-0.298509,-0.986375,1.245006,0.102801,-0.010000,-0.102000,0.008000,0.104322,0.011000,-0.099000,0.031000
946686554914,946686554.781835675,1506,20064,0.099311829,100.302,13866,6198,-0.311368,-0.960186,1.246424,0.112112,-0.064000,-0.092000,0.003000,0.126531,0.035000,-0.121000,0.012000
946686555012,946686554.882570624,1507,19968,0.100734949,99.487,13915,6053,-0.335853,-0.970478,1.256127,0.106118,-0.005000,-0.106000,0.000000,0.190255,0.018000,-0.188000,0.023000
946686555113,946686554.982687235,1508,19968,0.100116611,99.411,13943,6025,-0.325495,-0.982909,1.254593,0.099930,-0.011000,-0.099000,0.008000,0.106104,0.001000,-0.104000,0.021000
946686555211,946686555.081837416,1509,19968,0.099150181,100.200,13946,6022,-0.333007,-1.007574,1.253845,0.104178,-0.006000,-0.104000,0.001000,0.118165,0.015000,-0.117000,0.007000
946686555312,946686555.181771755,1510,20064,0.099934340,100.350,14061,6003,-0.321745,-0.997222,1.259039,0.106363,0.012000,-0.105000,0.012000,0.106363,0.012000,-0.105000,0.012000
946686555414,946686555.281881094,1511,19968,0.100109339,100.220,13921,6047,-0.303214,-0.988836,1.259192,0.124185,-0.107000,-0.063000,0.002000,0.194170,0.027000,-0.163000,0.102000
946686555513,946686555.381846428,1512,20064,0.099965334,100.338,14069,5995,-0.300232,-0.997917,1.263496,0.105622,0.004000,-0.104000,0.018000,0.105622,0.004000,-0.104000,0.018000
946686555616,946686555.482532620,1513,19968,0.100686193,99.604,13859,6109,-0.315285,-0.968022,1.250837,0.100469,-0.087000,-0.043000,0.026000,0.120225,0.023000,-0.118000,-0.001000
946686555712,946686555.581876278,1514,19968,0.099343657,100.116,13846,6122,-0.314166,-0.968970,1.253054,0.100270,-0.003000,-0.091000,0.042000,0.264170,0.024000,-0.261000,0.033000
946686555813,946686555.681757689,1515,19968,0.099881411,100.239,13881,6087,-0.315650,-0.977974,1.250589,0.102791,-0.019000,-0.101000,-0.002000,0.102888,0.037000,-0.096000,0.001000
946686555913,946686555.781729102,1516,20064,0.099971414,100.306,14039,6025,-0.348879,-0.961920,1.251798,0.106790,0.030000,-0.102000,0.010000,0.106790,0.030000,-0.102000,0.010000
946686556013,946686555.882582068,1517,19968,0.100852966,99.547,14008,5960,-0.325476,-0.968043,1.256929,0.100509,-0.038000,-0.093000,0.003000,0.106273,0.010000,-0.105000,0.013000
946686556116,946686555.981854081,1518,19968,0.099272013,100.235,13920,6048,-0.328360,-0.963818,1.260873,0.106184,-0.013000,-0.105000,0.009000,0.135133,0.022000,-0.121000,0.056000
946686556212,946686556.081824422,1519,20064,0.099970341,100.267,14088,5976,-0.332384,-1.002493,1.258185,0.100200,-0.070000,-0.066000,0.028000,0.111319,0.034000,-0.106000,0.000000
946686556313,946686556.181847453,1520,19968,0.100023031,100.201,13961,6007,-0.322249,-1.000799,1.255479,0.106273,-0.085000,-0.063000,0.010000,0.123305,0.016000,-0.122000,0.008000
946686556414,946686556.281801462,1521,19968,0.099954009,100.271,14000,5968,-0.305499,-0.963767,1.257732,0.108494,-0.039000,-0.097000,0.029000,0.135577,0.013000,-0.134000,0.016000
946686556515,946686556.381809115,1522,19968,0.100007653,100.310,14036,5932,-0.266721,-0.956018,1.261780,0.099298,-0.032000,-0.094000,0.000000,0.112965,0.003000,-0.104000,0.044000
946686556616,946686556.481818676,1523,20064,0.100009561,100.194,13984,6080,-0.310629,-0.987732,1.255491,0.127322,-0.099000,-0.079000,0.013000,0.199151,0.013000,-0.174000,0.096000
946686556717,946686556.581768274,1524,20064,0.099949598,100.404,13958,6106,-0.290760,-0.949125,1.263843,0.109353,-0.097000,-0.050000,0.007000,0.197426,0.066000,-0.186000,0.005000
946686556816,946686556.682540417,1525,19968,0.100772142,99.540,14018,5950,-0.301997,-0.927954,1.269005,0.100802,-0.019000,-0.098000,0.014000,0.106550,0.025000,-0.102000,0.018000
946686556912,946686556.782553554,1526,19968,0.100013137,99.446,14006,5962,-0.341278,-0.945972,1.258745,0.110860,-0.047000,-0.100000,0.009000,0.252606,0.073000,-0.241000,0.020000
946686557013,946686556.881742001,1527,19968,0.099188447,100.297,13907,6061,-0.336090,-0.955846,1.265447,0.105133,0.010000,-0.093000,0.048000,0.105133,0.010000,-0.093000,0.048000
946686557116,946686556.981771231,1528,20064,0.100029230,100.366,14059,6005,-0.351221,-0.995998,1.268693,0.108287,0.009000,-0.107000,0.014000,0.108287,0.009000,-0.107000,0.014000
946686557213,946686557.082506776,1529,19968,0.100735545,99.578,13985,5983,-0.297609,-0.975346,1.265421,0.106118,-0.090000,-0.056000,0.005000,0.118562,0.012000,-0.112000,0.037000
946686557313,946686557.181834579,1530,19968,0.099327803,100.236,14051,5917,-0.312911,-0.999588,1.257387,0.106250,-0.007000,-0.106000,0.002000,0.117953,0.004000,-0.116000,0.021000
946686557421,946686557.281813383,1531,20064,0.099978805,100.382,14007,6057,-0.246464,-0.990278,1.269402,0.106005,-0.090000,-0.056000,0.001000,0.162293,0.049000,-0.153000,0.023000
946686557516,946686557.381944418,1532,19968,0.100131035,100.079,13803,6165,-0.288754,-0.970983,1.281229,0.102786,0.034000,-0.097000,0.000000,0.102786,0.034000,-0.097000,0.000000
946686557617,946686557.481772661,1533,20064,0.099828243,100.430,14031,6033,-0.298622,-0.950062,1.265344,0.122858,-0.098000,-0.063000,0.039000,0.155917,0.006000,-0.145000,0.057000
946686557714,946686557.582575560,1534,19968,0.100802898,99.497,13918,6050,-0.330262,-0.970017,1.265959,0.100205,-0.076000,-0.064000,0.013000,0.145523,0.006000,-0.135000,0.054000
946686557811,946686557.682546020,1535,19968,0.099970460,99.516,14067,5901,-0.300977,-0.917760,1.292254,0.100170,-0.073000,-0.068000,0.009000,0.108669,0.021000,-0.098000,0.042000
946686557913,946686557.781796813,1536,20064,0.099250793,100.412,14116,5948,-0.345587,-0.929323,1.268466,0.104676,-0.034000,-0.099000,0.000000,0.196769,0.011000,-0.194000,0.031000
946686558012,946686557.882508755,1537,19968,0.100711942,99.634,13972,5996,-0.363735,-0.993533,1.269760,0.133180,0.024000,-0.131000,0.000000,0.133180,0.024000,-0.131000,0.000000
946686558113,946686557.981889367,1538,19968,0.099380612,100.124,13976,5992,-0.298616,-0.990678,1.269899,0.114708,-0.011000,-0.109000,0.034000,0.233985,0.042000,-0.224000,0.053000
946686558214,946686558.081778049,1539,20064,0.099888682,100.416,13948,6116,-0.280042,-0.991717,1.258045,0.101183,-0.006000,-0.101000,0.001000,0.102303,0.011000,-0.101000,0.012000
946686558314,946686558.182516098,1540,19968,0.100738049,99.599,13968,6000,-0.263272,-0.963302,1.270328,0.099373,-0.035000,-0.093000,0.001000,0.100529,0.004000,-0.099000,0.017000
946686558413,946686558.281859994,1541,19872,0.099343896,99.605,13949,5923,-0.335124,-0.955448,1.271108,0.099745,-0.036000,-0.093000,0.002000,0.100310,0.006000,-0.099000,0.015000
946686558512,946686558.381583571,1542,20160,0.099723577,100.499,14025,6135,-0.261452,-0.949286,1.278236,0.113956,-0.009000,-0.109000,0.032000,0.125455,0.013000,-0.111000,0.057000
946686558611,946686558.482561707,1543,19968,0.100978136,99.609,13987,5981,-0.331948,-0.963434,1.277446,0.101509,-0.096000,-0.032000,0.008000,0.104029,0.011000,-0.090000,0.051000
946686558714,946686558.581912279,1544,19968,0.099350572,100.121,13913,6055,-0.324144,-0.974708,1.259985,0.100130,-0.005000,-0.100000,0.001000,0.123215,0.023000,-0.118000,0.027000
946686558816,946686558.681810379,1545,20064,0.099898100,100.327,14009,6055,-0.336511,-0.938935,1.274086,0.099373,-0.035000,-0.089000,0.027000,0.155499,0.040000,-0.134000,0.068000
946686558913,946686558.782554507,1546,19968,0.100744128,99.495,14002,5966,-0.319431,-0.951075,1.270356,0.106518,-0.085000,-0.064000,-0.005000,0.114743,0.014000,-0.109000,0.033000
946686559014,946686558.881806135,1547,19968,0.099251628,100.254,14059,5909,-0.356138,-0.979238,1.263743,0.100125,-0.005000,-0.100000,0.000000,0.107592,0.004000,-0.106000,0.018000
946686559116,946686558.981811881,1548,20064,0.100005746,100.335,14106,5958,-0.324128,-1.024247,1.256533,0.099247,0.009000,-0.088000,0.045000,0.099247,0.009000,-0.088000,0.045000
946686559212,946686559.082553506,1549,19968,0.100741625,99.601,13898,6070,-0.312305,-0.973062,1.278005,0.101361,-0.072000,-0.071000,0.007000,0.194080,0.075000,-0.169000,0.059000
946686559313,946686559.181907296,1550,19968,0.099353790,100.191,13939,6029,-0.296035,-0.985289,1.278460,0.114495,-0.103000,-0.050000,0.000000,0.262994,0.001000,-0.258000,0.051000
946686559413,946686559.281846404,1551,20064,0.099939108,100.329,13975,6089,-0.318734,-0.963355,1.275911,0.100846,-0.076000,-0.065000,0.013000,0.108821,0.012000,-0.103000,0.033000
946686559513,946686559.382607460,1552,19968,0.100761056,99.509,13955,6013,-0.294807,-0.956071,1.277033,0.128569,-0.116000,-0.055000,0.007000,0.182392,0.023000,-0.173000,0.053000
946686559613,946686559.481861234,1553,19968,0.099253774,100.249,13940,6028,-0.322641,-0.984537,1.273630,0.106179,-0.092000,-0.043000,0.031000,0.126131,0.002000,-0.124000,0.023000
946686559714,946686559.581857920,1554,20064,0.099996686,100.233,14035,6029,-0.365741,-0.935908,1.256938,0.114394,-0.098000,-0.059000,0.001000,0.118474,0.024000,-0.116000,-0.002000
946686559816,946686559.682689548,1555,19968,0.100831628,99.469,13996,5972,-0.328301,-0.948615,1.273926,0.115784,-0.094000,-0.067000,0.009000,0.162348,0.009000,-0.160000,0.026000
946686559912,946686559.781899691,1556,19968,0.099210143,100.160,13942,6026,-0.320664,-0.953712,1.273379,0.116679,-0.023000,-0.106000,0.043000,0.163481,0.001000,-0.150000,0.065000
946686560013,946686559.881810188,1557,19968,0.099910498,100.255,13922,6046,-0.355316,-0.988275,1.265115,0.098929,0.007000,-0.093000,0.033000,0.098929,0.007000,-0.093000,0.033000
946686560114,946686559.981807113,1558,20064,0.099996924,100.326,14060,6004,-0.319779,-1.005334,1.257663,0.103179,-0.006000,-0.103000,0.001000,0.109485,0.029000,-0.105000,0.011000
946686560213,946686560.081886053,1559,19968,0.100078940,100.265,13878,6090,-0.303440,-0.971643,1.265520,0.099664,-0.083000,-0.040000,0.038000,0.109604,0.005000,-0.108000,0.018000
946686560313,946686560.181889653,1560,19968,0.100003600,100.139,13900,6068,-0.267741,-0.993241,1.270405,0.100310,-0.070000,-0.041000,0.059000,0.116151,0.033000,-0.111000,0.009000
946686560413,946686560.281776309,1561,20064,0.099886656,100.352,13914,6150,-0.319653,-0.952829,1.259461,0.111221,-0.093000,-0.061000,0.000000,0.145430,0.025000,-0.131000,0.058000
946686560513,946686560.381885290,1562,19968,0.100108981,100.193,13931,6037,-0.319492,-0.958560,1.258089,0.106033,-0.009000,-0.101000,0.031000,0.199667,0.055000,-0.191000,0.019000
946686560614,946686560.481824160,1563,20064,0.099938869,100.328,13981,6083,-0.314025,-0.946098,1.260984,0.101262,-0.083000,-0.058000,-0.001000,0.163893,0.006000,-0.152000,0.061000
946686560713,946686560.582602978,1564,19968,0.100778818,99.501,13902,6066,-0.342310,-0.944301,1.258653,0.099624,0.030000,-0.095000,0.000000,0.099624,0.030000,-0.095000,0.000000
946686560816,946686560.682587862,1565,19968,0.099984884,99.592,14056,5912,-0.342982,-0.986762,1.262702,0.101995,-0.011000,-0.101000,0.009000,0.140460,0.003000,-0.138000,0.026000
946686560916,946686560.781928182,1566,20064,0.099340320,100.286,14020,6044,-0.332380,-1.000428,1.254034,0.110263,-0.007000,-0.110000,0.003000,0.114830,0.039000,-0.108000,0.001000
946686561013,946686560.882572889,1567,19968,0.100644708,99.597,13921,6047,-0.315000,-0.993810,1.259687,0.121206,-0.103000,-0.049000,0.041000,0.121367,0.005000,-0.113000,0.044000
946686561113,946686560.981916904,1568,19968,0.099344015,100.161,14020,5948,-0.311457,-0.979269,1.259214,0.103484,0.004000,-0.102000,0.017000,0.103484,0.004000,-0.102000,0.017000
946686561212,946686561.081822157,1569,19968,0.099905252,100.235,13969,5999,-0.274019,-0.981675,1.262941,0.101469,-0.086000,-0.046000,0.028000,0.167245,0.011000,-0.165000,0.025000
946686561313,946686561.181788921,1570,20064,0.099966764,100.307,13957,6107,-0.300817,-0.960840,1.260259,0.101848,-0.039000,-0.094000,0.004000,0.109659,0.018000,-0.105000,0.026000
946686561413,946686561.281846285,1571,20064,0.100057364,100.355,13870,6194,-0.334403,-0.980149,1.241459,0.098762,-0.072000,-0.067000,0.009000,0.107084,0.001000,-0.105000,0.021000
946686561516,946686561.382711053,1572,19968,0.100864768,99.491,14029,5939,-0.316126,-0.959330,1.252915,0.099584,-0.072000,-0.058000,0.037000,0.111870,0.025000,-0.107000,0.021000
946686561613,946686561.482588887,1573,19968,0.099877834,99.527,13937,6031,-0.344470,-0.950848,1.257340,0.104523,-0.090000,-0.053000,0.004000,0.114756,0.008000,-0.089000,0.072000
946686561714,946686561.582526565,1574,19968,0.099937677,99.614,13929,6039,-0.339390,-0.992596,1.249703,0.099830,0.001000,-0.098000,0.019000,0.099830,0.001000,-0.098000,0.019000
946686561812,946686561.681883693,1575,19968,0.099357128,100.142,13934,6034,-0.354522,-0.985351,1.246735,0.103774,-0.033000,-0.088000,0.044000,0.108301,0.010000,-0.102000,0.035000
946686561911,946686561.781778216,1576,20064,0.099894524,100.335,14054,6010,-0.320309,-0.993759,1.265991,0.102108,-0.012000,-0.101000,0.009000,0.137182,0.021000,-0.123000,0.057000
946686562013,946686561.881862164,1577,19968,0.100083947,100.203,13875,6093,-0.317452,-0.989748,1.264212,0.106099,-0.039000,-0.094000,0.030000,0.223526,0.042000,-0.202000,0.086000
946686562116,946686561.981809139,1578,20064,0.099946976,100.384,14064,6000,-0.286560,-0.984628,1.249135,0.120275,0.013000,-0.104000,0.059000,0.120275,0.013000,-0.104000,0.059000
946686562213,946686562.082571387,1579,19968,0.100762248,99.626,13918,6050,-0.338949,-0.977312,1.245875,0.100484,-0.014000,-0.099000,0.010000,0.219661,0.019000,-0.207000,0.071000
946686562313,946686562.181951046,1580,19968,0.099379659,100.154,13888,6080,-0.336174,-0.975328,1.245375,0.101971,-0.037000,-0.095000,0.002000,0.201579,0.003000,-0.185000,0.080000
946686562412,946686562.281862617,1581,20064,0.099911571,100.351,13938,6126,-0.317782,-0.964504,1.248504,0.111517,-0.094000,-0.060000,0.000000,0.169591,0.022000,-0.151000,0.074000
946686562513,946686562.382552505,1582,19968,0.100689888,99.621,13953,6015,-0.358587,-0.969016,1.244790,0.121149,-0.041000,-0.114000,0.000000,0.274350,0.008000,-0.270000,0.048000
946686562613,946686562.481904507,1583,19968,0.099352002,100.207,13895,6073,-0.350280,-0.993372,1.248367,0.106888,-0.096000,-0.047000,0.000000,0.244896,0.018000,-0.237000,0.059000
946686562713,946686562.581856489,1584,20064,0.099951982,100.338,13951,6113,-0.315076,-0.985388,1.256474,0.110458,-0.020000,-0.101000,0.040000,0.111633,0.002000,-0.103000,0.043000
946686562812,946686562.682589412,1585,19968,0.100732923,99.599,13917,6051,-0.342073,-1.005622,1.243659,0.103015,0.012000,-0.102000,0.008000,0.103015,0.012000,-0.102000,0.008000
946686562913,946686562.781929612,1586,20064,0.099340200,100.302,14035,6029,-0.317356,-0.985740,1.251560,0.104790,-0.009000,-0.100000,0.030000,0.208149,0.050000,-0.199000,0.035000
946686563014,946686562.882704854,1587,19968,0.100775242,99.485,13947,6021,-0.319556,-0.968683,1.252111,0.100926,-0.039000,-0.093000,0.004000,0.120046,0.031000,-0.115000,0.015000
946686563113,946686562.982644677,1588,19968,0.099939823,99.570,13993,5975,-0.324858,-0.971034,1.245197,0.102694,-0.099000,-0.027000,0.004000,0.158937,0.024000,-0.157000,0.006000
946686563212,946686563.081968427,1589,19968,0.099323750,100.148,13968,6000,-0.326777,-0.993199,1.239726,0.100469,-0.089000,-0.043000,0.018000,0.120669,0.011000,-0.114000,0.038000
946686563317,946686563.181872606,1590,19968,0.099904180,100.293,13873,6095,-0.328491,-0.999714,1.238437,0.103019,0.015000,-0.098000,0.028000,0.103019,0.015000,-0.098000,0.028000
946686563414,946686563.281821012,1591,20064,0.099948406,100.364,14024,6040,-0.338767,-0.960709,1.255983,0.099690,-0.044000,-0.089000,0.009000,0.102034,0.021000,-0.087000,0.049000
946686563514,946686563.381927371,1592,19968,0.100106359,100.155,13960,6008,-0.335416,-1.002090,1.239392,0.112116,-0.019000,-0.103000,0.040000,0.131689,0.009000,-0.130000,0.019000
946686563613,946686563.481838942,1593,20064,0.099911571,100.327,13920,6144,-0.324881,-0.986581,1.253415,0.109220,0.011000,-0.108000,0.012000,0.109220,0.011000,-0.108000,0.012000
946686563713,946686563.582580328,1594,19968,0.100741386,99.600,13939,6029,-0.303440,-0.992197,1.247119,0.102259,-0.020000,-0.099000,0.016000,0.170135,0.044000,-0.163000,0.021000
946686563814,946686563.681932449,1595,19968,0.099352121,100.155,13998,5970,-0.329219,-0.997204,1.248224,0.105650,0.031000,-0.101000,0.000000,0.105650,0.031000,-0.101000,0.000000
946686563912,946686563.781838417,1596,20064,0.099905968,100.322,14047,6017,-0.299289,-0.997090,1.247513,0.109115,0.021000,-0.088000,0.061000,0.109115,0.021000,-0.088000,0.061000
946686564013,946686563.882685900,1597,19872,0.100847483,99.439,13843,6029,-0.317031,-0.972112,1.243718,0.108079,-0.091000,-0.050000,0.030000,0.166030,0.029000,-0.159000,0.038000
946686564116,946686563.981856346,1598,20064,0.099170446,100.294,13973,6091,-0.295016,-0.959031,1.256105,0.101158,-0.086000,-0.041000,0.034000,0.258726,0.053000,-0.253000,-0.011000
946686564213,946686564.081899405,1599,20064,0.100043058,100.313,14077,5987,-0.337299,-0.951333,1.250110,0.099091,-0.007000,-0.089000,0.043000,0.127428,0.025000,-0.122000,0.027000
946686564313,946686564.182589412,1600,19968,0.100690007,99.587,13872,6096,-0.318550,-0.959203,1.246930,0.106311,0.009000,-0.105000,0.014000,0.106311,0.009000,-0.105000,0.014000
946686564415,946686564.281915903,1601,19968,0.099326491,100.254,13940,6028,-0.299201,-0.964811,1.249840,0.107299,-0.091000,-0.044000,0.036000,0.196515,0.028000,-0.165000,0.103000
946686564514,946686564.381914258,1602,20064,0.099998355,100.272,14136,5928,-0.343347,-0.982490,1.250619,0.102460,-0.021000,-0.099000,0.016000,0.102499,0.004000,-0.101000,0.017000
946686564615,946686564.482625484,1603,19968,0.100711226,99.547,14015,5953,-0.335815,-0.984640,1.249324,0.099020,-0.069000,-0.060000,0.038000,0.110481,0.006000,-0.109000,0.017000
946686564712,946686564.581922531,1604,19968,0.099297047,100.244,13876,6092,-0.330047,-0.987638,1.241162,0.112823,-0.094000,-0.062000,0.007000,0.117175,0.035000,-0.101000,0.048000
946686564813,946686564.681896448,1605,20064,0.099973917,100.405,13962,6102,-0.295269,-0.993764,1.262397,0.106367,0.051000,-0.093000,0.008000,0.106367,0.051000,-0.093000,0.008000
946686564912,946686564.782637239,1606,19968,0.100740790,99.531,13996,5972,-0.322490,-0.971011,1.238038,0.098742,-0.077000,-0.061000,0.010000,0.111131,0.013000,-0.105000,0.034000
946686565015,946686564.881921053,1607,19968,0.099283814,100.230,13936,6032,-0.316645,-0.971074,1.258140,0.099644,0.033000,-0.094000,0.002000,0.099644,0.033000,-0.094000,0.002000
946686565113,946686564.981900573,1608,20064,0.099979520,100.252,13911,6153,-0.335921,-0.961348,1.259542,0.102235,-0.040000,-0.094000,0.004000,0.106099,0.014000,-0.105000,0.006000
946686565218,946686565.082637906,1609,19968,0.100737333,99.531,13993,5975,-0.337814,-0.966957,1.250013,0.105943,-0.100000,-0.030000,0.018000,0.178286,0.024000,-0.159000,0.077000
946686565313,946686565.181914330,1610,19968,0.099276423,100.269,13977,5991,-0.340632,-1.020540,1.244193,0.109709,-0.106000,-0.028000,0.004000,0.132197,0.024000,-0.130000,0.000000
946686565412,946686565.281930447,1611,20064,0.100016117,100.267,14070,5994,-0.311631,-1.016875,1.257608,0.099328,0.029000,-0.095000,0.000000,0.099328,0.029000,-0.095000,0.000000
946686565513,946686565.382638335,1612,19968,0.100707889,99.540,13955,6013,-0.297908,-1.012207,1.262120,0.111113,-0.005000,-0.111000,0.000000,0.196138,0.025000,-0.186000,0.057000
946686565617,946686565.482555985,1613,19968,0.099917650,99.660,14035,5933,-0.314627,-1.028744,1.246174,0.100040,0.020000,-0.098000,-0.002000,0.100040,0.020000,-0.098000,-0.002000
946686565712,946686565.581955910,1614,20064,0.099399924,100.295,13987,6077,-0.263773,-0.993448,1.257162,0.099730,-0.036000,-0.093000,0.001000,0.103097,0.009000,-0.102000,0.012000
946686565813,946686565.682008743,1615,19968,0.100052834,100.142,13862,6106,-0.288981,-0.996857,1.249441,0.103894,-0.055000,-0.088000,0.005000,0.137335,0.026000,-0.124000,0.053000
946686565913,946686565.781910896,1616,19968,0.099902153,100.217,13956,6012,-0.321842,-0.991362,1.253034,0.102206,-0.086000,-0.055000,0.005000,0.107889,0.002000,-0.106000,0.020000
946686566016,946686565.881884575,1617,20064,0.099973679,100.272,14021,6043,-0.352255,-0.989693,1.250062,0.116116,0.009000,-0.109000,0.039000,0.116116,0.009000,-0.109000,0.039000
946686566111,946686565.982637048,1618,19968,0.100752473,99.569,13944,6024,-0.343271,-0.959250,1.266927,0.101912,-0.091000,-0.013000,0.044000,0.150107,0.030000,-0.136000,0.056000
946686566213,946686566.082706571,1619,19968,0.100069523,99.541,13887,6081,-0.325345,-1.002281,1.259282,0.113362,-0.109000,-0.031000,0.003000,0.123649,0.009000,-0.122000,0.018000
946686566316,946686566.181973815,1620,19968,0.099267244,100.150,13988,5980,-0.353531,-1.001760,1.246936,0.104547,-0.093000,-0.045000,0.016000,0.109192,0.021000,-0.099000,0.041000
946686566413,946686566.281869054,1621,20064,0.099895239,100.350,14068,5996,-0.331982,-1.052357,1.274006,0.111463,-0.072000,-0.034000,0.078000,0.111803,0.020000,-0.110000,0.000000
946686566512,946686566.381972909,1622,19968,0.100103855,100.203,13942,6026,-0.304750,-1.007179,1.261064,0.103349,0.041000,-0.090000,0.030000,0.103349,0.041000,-0.090000,0.030000
946686566612,946686566.481920481,1623,19968,0.099947572,100.162,14038,5930,-0.276245,-1.001999,1.263145,0.113111,0.013000,-0.112000,0.009000,0.113111,0.013000,-0.112000,0.009000
946686566713,946686566.581808925,1624,20064,0.099888444,100.340,13981,6083,-0.274917,-1.005014,1.263564,0.103499,-0.068000,-0.078000,0.002000,0.127679,0.001000,-0.125000,0.026000
946686566816,946686566.681905031,1625,19968,0.100096107,100.232,13882,6086,-0.284016,-0.977090,1.261360,0.100623,-0.085000,-0.046000,0.028000,0.183186,0.002000,-0.168000,0.073000
946686566914,946686566.781872988,1626,20064,0.099967957,100.243,14005,6059,-0.303736,-0.962964,1.262262,0.102083,0.050000,-0.089000,0.000000,0.102083,0.050000,-0.089000,0.000000
946686567015,946686566.882740736,1627,19968,0.100867748,99.404,13994,5974,-0.348647,-0.988808,1.262620,0.098914,0.012000,-0.098000,0.006000,0.098914,0.012000,-0.098000,0.006000
946686567113,946686566.982669115,1628,19968,0.099928379,99.514,13925,6043,-0.330664,-0.980638,1.266834,0.114839,-0.008000,-0.110000,0.032000,0.123325,0.027000,-0.112000,0.044000
946686567214,946686567.081927419,1629,19968,0.099258304,100.158,13925,6043,-0.304437,-0.990627,1.272971,0.102343,-0.077000,-0.057000,0.036000,0.124439,0.010000,-0.123000,0.016000
946686567314,946686567.181833029,1630,20064,0.099905610,100.402,14151,5913,-0.344003,-1.032470,1.266811,0.099624,0.030000,-0.095000,0.000000,0.099624,0.030000,-0.095000,0.000000
946686567412,946686567.282002568,1631,19968,0.100169539,100.184,13957,6011,-0.330376,-1.002650,1.266547,0.101985,0.001000,-0.100000,0.020000,0.101985,0.001000,-0.100000,0.020000
946686567513,946686567.381935596,1632,20064,0.099933028,100.337,14029,6035,-0.236148,-1.024926,1.267689,0.105266,0.043000,-0.096000,0.004000,0.105266,0.043000,-0.096000,0.004000
946686567616,946686567.482022643,1633,19968,0.100087047,100.239,13963,6005,-0.299535,-0.972514,1.270288,0.107009,-0.019000,-0.091000,0.053000,0.161397,0.043000,-0.154000,0.022000
946686567713,946686567.582000732,1634,19968,0.099978089,100.097,13898,6070,-0.351026,-0.999749,1.276110,0.102391,0.000000,-0.100000,0.022000,0.123085,0.005000,-0.121000,0.022000
946686567814,946686567.681857586,1635,20064,0.099856853,100.412,13973,6091,-0.300150,-0.979605,1.279775,0.106033,-0.095000,-0.047000,0.003000,0.121791,0.012000,-0.108000,0.055000
946686567913,946686567.782623768,1636,19968,0.100766182,99.533,13977,5991,-0.309224,-0.944566,1.274226,0.099161,-0.068000,-0.072000,0.005000,0.108194,0.016000,-0.103000,0.029000
946686568013,946686567.881897092,1637,19872,0.099273324,99.892,13900,5972,-0.326528,-0.980567,1.280156,0.110359,-0.087000,-0.067000,0.011000,0.171785,0.011000,-0.150000,0.083000
946686568114,946686567.981658101,1638,20160,0.099761009,100.579,14196,5964,-0.376296,-0.957449,1.260070,0.102738,-0.005000,-0.099000,0.027000,0.126768,0.055000,-0.114000,0.007000
946686568212,946686568.082601428,1639,19968,0.100943327,99.597,13930,6038,-0.317801,-1.022544,1.270886,0.118025,-0.099000,-0.060000,0.023000,0.184600,0.019000,-0.154000,0.100000
946686568315,946686568.181948900,1640,19968,0.099347472,100.221,14071,5897,-0.288481,-1.008749,1.267704,0.100205,0.007000,-0.094000,0.034000,0.100205,0.007000,-0.094000,0.034000
946686568412,946686568.281897426,1641,20064,0.099948525,100.358,14050,6014,-0.300840,-1.033497,1.257317,0.100040,0.020000,-0.098000,-0.002000,0.100040,0.020000,-0.098000,-0.002000
946686568517,946686568.382624269,1642,19968,0.100726843,99.592,13958,6010,-0.267999,-0.968720,1.286767,0.103557,-0.074000,-0.072000,0.008000,0.114743,0.014000,-0.109000,0.033000
946686568613,946686568.481944442,1643,20064,0.099320173,100.313,14049,6015,-0.264335,-0.975219,1.269989,0.106649,-0.031000,-0.102000,-0.003000,0.159568,0.003000,-0.147000,0.062000
946686568712,946686568.582693577,1644,19968,0.100749135,99.493,14092,5876,-0.336967,-0.970689,1.261357,0.101079,-0.091000,-0.044000,0.000000,0.118444,0.012000,-0.117000,0.014000
946686568812,946686568.682674289,1645,19968,0.099980712,99.506,13912,6056,-0.305185,-0.980652,1.287069,0.100583,0.026000,-0.096000,0.015000,0.100583,0.026000,-0.096000,0.015000
946686568912,946686568.781936288,1646,20064,0.099261999,100.329,14059,6005,-0.330222,-0.939284,1.271293,0.098762,-0.012000,-0.093000,0.031000,0.117051,0.034000,-0.112000,-0.001000
946686569013,946686568.882731915,1647,19968,0.100795627,99.517,14010,5958,-0.340135,-0.971452,1.268630,0.100404,0.028000,-0.096000,0.009000,0.100404,0.028000,-0.096000,0.009000
946686569113,946686568.982569337,1648,19968,0.099837422,99.629,13997,5971,-0.329320,-0.989054,1.264559,0.101892,-0.081000,-0.061000,0.010000,0.123041,0.037000,-0.117000,0.009000
946686569211,946686569.081959605,1649,19968,0.099390268,100.166,13953,6015,-0.337185,-1.036934,1.276022,0.104259,-0.094000,-0.045000,0.003000,0.188666,0.023000,-0.179000,0.055000
946686569313,946686569.181857586,1650,20064,0.099897981,100.413,14076,5988,-0.294130,-1.041671,1.271455,0.107112,0.012000,-0.095000,0.048000,0.107112,0.012000,-0.095000,0.048000
946686569413,946686569.282653093,1651,19968,0.100795507,99.586,14069,5899,-0.285418,-0.970786,1.268786,0.114079,-0.003000,-0.114000,-0.003000,0.115048,0.022000,-0.104000,0.044000
946686569513,946686569.381992221,1652,20064,0.099339128,100.272,14014,6050,-0.262270,-0.983586,1.269470,0.107369,-0.078000,-0.062000,0.040000,0.107522,0.006000,-0.106000,0.017000
946686569612,946686569.482697725,1653,19968,0.100705504,99.503,13898,6070,-0.303237,-0.964820,1.272039,0.120271,-0.007000,-0.120000,0.004000,0.159091,0.038000,-0.129000,0.085000
946686569713,946686569.582631707,1654,19968,0.099933982,99.595,13877,6091,-0.305424,-0.976332,1.277707,0.099293,-0.047000,-0.081000,0.033000,0.107084,0.001000,-0.105000,0.021000
946686569813,946686569.681960225,1655,19968,0.099328518,100.121,13910,6058,-0.312025,-0.972142,1.259227,0.099161,0.022000,-0.095000,0.018000,0.099161,0.022000,-0.095000,0.018000
946686569913,946686569.781831384,1656,20064,0.099871159,100.320,13984,6080,-0.341755,-0.973415,1.267424,0.099975,-0.089000,-0.045000,0.007000,0.158559,0.024000,-0.151000,0.042000
946686570013,946686569.882776022,1657,19968,0.100944638,99.438,13969,5999,-0.311842,-0.974345,1.273019,0.119670,-0.083000,-0.086000,0.006000,0.125260,0.005000,-0.116000,0.047000
946686570113,946686569.981964946,1658,19968,0.099188924,100.184,13998,5970,-0.349333,-0.996253,1.263669,0.103368,0.022000,-0.099000,0.020000,0.103368,0.022000,-0.099000,0.020000
946686570214,946686570.081895828,1659,19968,0.099930882,100.222,14034,5934,-0.320621,-1.008528,1.259863,0.104561,-0.009000,-0.104000,0.006000,0.124483,0.054000,-0.112000,0.006000
946686570314,946686570.181876183,1660,20064,0.099980354,100.371,14077,5987,-0.293611,-1.011494,1.261275,0.099750,-0.031000,-0.085000,0.042000,0.109238,0.010000,-0.108000,0.013000
946686570414,946686570.282628059,1661,19872,0.100751877,99.139,13818,6054,-0.309181,-1.009925,1.270720,0.102543,0.005000,-0.101000,0.017000,0.102543,0.005000,-0.101000,0.017000
946686570515,946686570.381715894,1662,19968,0.099087834,100.036,13996,5972,-0.275482,-1.001157,1.255495,0.099624,-0.033000,-0.094000,0.000000,0.176706,0.030000,-0.169000,0.042000
946686570614,946686570.481355548,1663,20160,0.099639654,100.846,13988,6172,-0.295159,-0.992927,1.264895,0.101129,-0.005000,-0.101000,0.001000,0.155647,0.027000,-0.149000,0.036000
946686570714,946686570.581952810,1664,20064,0.100597262,100.294,13973,6091,-0.294695,-0.952920,1.256782,0.126542,-0.013000,-0.120000,0.038000,0.196189,0.080000,-0.179000,0.007000
946686570813,946686570.682736754,1665,19968,0.100783944,99.477,13973,5995,-0.326490,-0.975371,1.267993,0.103155,-0.040000,-0.095000,0.004000,0.123081,0.021000,-0.118000,0.028000
946686570913,946686570.782717705,1666,19968,0.099980950,99.511,14013,5955,-0.353887,-0.999568,1.250943,0.099705,0.009000,-0.094000,0.032000,0.099705,0.009000,-0.094000,0.032000
946686571013,946686570.881976962,1667,19968,0.099259257,100.311,13933,6035,-0.338489,-1.020542,1.261136,0.122033,-0.106000,-0.034000,0.050000,0.132284,0.023000,-0.119000,0.053000
946686571114,946686570.982022285,1668,20064,0.100045323,100.291,13976,6088,-0.330958,-1.042399,1.262457,0.101592,-0.076000,-0.057000,0.036000,0.114110,0.018000,-0.096000,0.059000
946686571213,946686571.082654595,1669,19968,0.100632310,99.599,13946,6022,-0.315447,-1.029745,1.257204,0.099855,0.045000,-0.089000,-0.005000,0.099855,0.045000,-0.089000,-0.005000
946686571313,946686571.182008505,1670,19968,0.099353909,100.216,14065,5903,-0.286969,-1.003234,1.259554,0.113111,0.017000,-0.101000,0.048000,0.113111,0.017000,-0.101000,0.048000
946686571416,946686571.281969190,1671,20064,0.099960685,100.272,13928,6136,-0.270324,-0.983950,1.262456,0.108153,-0.041000,-0.100000,0.004000,0.188478,0.012000,-0.186000,0.028000
946686571516,946686571.382628918,1672,19968,0.100659728,99.551,13919,6049,-0.282041,-0.998393,1.255908,0.111521,-0.022000,-0.108000,0.017000,0.145293,0.003000,-0.125000,0.074000
946686571615,946686571.481930852,1673,19872,0.099301934,99.737,13915,5957,-0.335096,-1.014068,1.251496,0.114206,-0.069000,-0.091000,0.001000,0.205458,0.095000,-0.182000,-0.008000
946686571717,946686571.581720591,1674,20160,0.099789739,100.513,13997,6163,-0.362399,-0.965296,1.263637,0.099950,-0.095000,-0.031000,0.002000,0.113969,0.028000,-0.109000,0.018000
946686571813,946686571.682639837,1675,19968,0.100919247,99.556,13872,6096,-0.339275,-1.009044,1.250295,0.102391,-0.084000,-0.058000,0.008000,0.121008,0.005000,-0.113000,0.043000
946686571913,946686571.781940937,1676,19968,0.099301100,100.264,13923,6045,-0.312465,-1.013326,1.247958,0.111014,0.032000,-0.106000,0.008000,0.111014,0.032000,-0.106000,0.008000
946686572012,946686571.881953120,1677,19968,0.100012183,100.178,13926,6042,-0.315970,-1.001726,1.259226,0.102127,0.050000,-0.089000,-0.003000,0.102127,0.050000,-0.089000,-0.003000
946686572113,946686571.981868267,1678,20064,0.099915147,100.296,14038,6026,-0.322115,-1.028760,1.262209,0.100175,-0.085000,-0.053000,0.001000,0.106118,0.004000,-0.099000,0.038000
946686572212,946686572.082637191,1679,19968,0.100768924,99.515,13969,5999,-0.297095,-1.016900,1.251033,0.102186,0.015000,-0.091000,0.044000,0.102186,0.015000,-0.091000,0.044000
946686572313,946686572.181900263,1680,19968,0.099263072,99.920,13976,5992,-0.300791,-1.029242,1.252784,0.109110,0.036000,-0.103000,0.000000,0.109110,0.036000,-0.103000,0.000000
946686572413,946686572.281813145,1681,19968,0.099912882,100.347,13859,6109,-0.304860,-1.024600,1.254268,0.116885,-0.101000,-0.050000,0.031000,0.161527,0.029000,-0.145000,0.065000
946686572516,946686572.381894946,1682,20064,0.100081801,100.328,13926,6138,-0.310350,-0.976767,1.256399,0.105167,-0.080000,-0.058000,0.036000,0.113890,0.019000,-0.109000,0.027000
946686572613,946686572.481982827,1683,20064,0.100087881,100.242,13996,6068,-0.359843,-0.988847,1.255728,0.104995,0.012000,-0.104000,0.008000,0.104995,0.012000,-0.104000,0.008000
946686572715,946686572.582704425,1684,19872,0.100721598,99.284,13836,6036,-0.328356,-1.009194,1.245931,0.104513,0.005000,-0.103000,0.017000,0.104513,0.005000,-0.103000,0.017000
946686572814,946686572.681768775,1685,20064,0.099064350,100.435,13908,6156,-0.340581,-1.008245,1.240757,0.100732,-0.097000,-0.027000,0.003000,0.131567,0.005000,-0.122000,0.049000
946686572920,946686572.781957865,1686,19968,0.100189090,99.746,13877,6091,-0.343652,-1.029197,1.245923,0.112183,0.001000,-0.110000,0.022000,0.112183,0.001000,-0.110000,0.022000
946686573015,946686572.881800890,1687,20064,0.099843025,100.404,13968,6096,-0.339113,-1.045158,1.253464,0.103189,-0.012000,-0.102000,0.010000,0.127487,0.011000,-0.126000,0.016000
946686573116,946686572.981953621,1688,19968,0.100152731,100.180,13899,6069,-0.308650,-0.997354,1.248484,0.110716,-0.016000,-0.109000,0.011000,0.145513,0.019000,-0.122000,0.077000
946686573212,946686573.081881046,1689,19968,0.099927425,100.244,13914,6054,-0.287341,-1.007421,1.253322,0.107791,0.007000,-0.101000,0.037000,0.107791,0.007000,-0.101000,0.037000
946686573316,946686573.181868672,1690,20064,0.099987626,100.415,14066,5998,-0.315389,-1.008955,1.248628,0.099131,-0.069000,-0.071000,0.005000,0.114407,0.008000,-0.113000,0.016000
946686573415,946686573.282028198,1691,19968,0.100159526,100.110,13849,6119,-0.313124,-1.003151,1.244625,0.103267,-0.038000,-0.096000,0.002000,0.109362,0.010000,-0.108000,0.014000
946686573513,946686573.381884933,1692,20064,0.099856734,100.356,13982,6082,-0.294433,-0.974901,1.271721,0.099529,-0.040000,-0.091000,0.005000,0.105925,0.002000,-0.104000,0.020000
946686573615,946686573.482674837,1693,19968,0.100789905,99.586,13887,6081,-0.286916,-0.977459,1.253502,0.099408,-0.059000,-0.080000,0.001000,0.101715,0.005000,-0.095000,0.036000
946686573711,946686573.581997037,1694,19968,0.099322200,100.125,13788,6180,-0.262017,-0.971482,1.255046,0.136635,-0.013000,-0.136000,0.002000,0.224691,0.009000,-0.209000,0.082000
946686573813,946686573.681869626,1695,20064,0.099872589,100.389,13896,6168,-0.220337,-0.956044,1.254444,0.107620,-0.019000,-0.105000,0.014000,0.182135,0.017000,-0.180000,0.022000
946686573913,946686573.782654285,1696,19968,0.100784659,99.513,13896,6072,-0.219898,-0.936299,1.250273,0.100941,-0.053000,-0.078000,0.036000,0.190790,0.051000,-0.182000,0.026000
946686574013,946686573.882640243,1697,19968,0.099985957,99.528,13940,6028,-0.240595,-0.967934,1.239566,0.100050,0.012000,-0.095000,0.029000,0.100050,0.012000,-0.095000,0.029000
946686574113,946686573.981903911,1698,20064,0.099263668,100.399,14021,6043,-0.223232,-0.942793,1.256019,0.099202,-0.066000,-0.074000,0.003000,0.190990,0.074000,-0.176000,0.005000
946686574212,946686574.082670927,1699,19872,0.100767016,99.503,13828,6044,-0.253140,-0.977930,1.252741,0.136180,-0.007000,-0.136000,0.000000,0.145894,0.015000,-0.126000,0.072000
946686574313,946686574.181916595,1700,20064,0.099245667,100.304,14013,6051,-0.250155,-0.952426,1.245809,0.104120,0.009000,-0.098000,0.034000,0.104120,0.009000,-0.098000,0.034000
946686574412,946686574.281965137,1701,20064,0.100048542,100.332,13978,6086,-0.288655,-0.927113,1.262593,0.106033,0.031000,-0.101000,0.009000,0.106033,0.031000,-0.101000,0.009000
946686574516,946686574.382680416,1702,19968,0.100715280,99.575,13889,6079,-0.258792,-0.951579,1.244317,0.099267,-0.065000,-0.075000,0.002000,0.174453,0.011000,-0.172000,0.027000
946686574613,946686574.482002854,1703,19968,0.099322438,100.192,13857,6111,-0.251051,-0.962879,1.244791,0.121433,-0.015000,-0.120000,0.011000,0.132340,0.057000,-0.117000,0.024000
946686574716,946686574.581940055,1704,20064,0.099937201,100.331,13936,6128,-0.272208,-0.968698,1.257353,0.111360,-0.010000,-0.099000,0.050000,0.122756,0.037000,-0.112000,0.034000
946686574815,946686574.682680011,1705,19968,0.100739956,99.545,13851,6117,-0.233965,-0.977561,1.243644,0.123236,-0.115000,-0.021000,0.039000,0.142246,0.028000,-0.129000,0.053000
946686574916,946686574.781968236,1706,19968,0.099288225,100.219,13925,6043,-0.239354,-0.944457,1.261002,0.102616,-0.063000,-0.081000,0.000000,0.146854,0.011000,-0.138000,0.049000
946686575014,946686574.881920338,1707,19968,0.099952102,100.255,14024,5944,-0.218446,-0.953418,1.242456,0.106273,0.041000,-0.098000,0.003000,0.106273,0.041000,-0.098000,0.003000
946686575116,946686574.981911302,1708,20064,0.099990964,100.313,13963,6101,-0.244158,-0.921008,1.254995,0.112419,-0.101000,-0.049000,0.006000,0.120545,0.009000,-0.119000,0.017000
946686575213,946686575.081987381,1709,20064,0.100076079,100.306,13824,6240,-0.277802,-0.926650,1.261019,0.114826,0.004000,-0.113000,0.020000,0.114826,0.004000,-0.113000,0.020000
946686575314,946686575.182783604,1710,19968,0.100796223,99.437,13975,5993,-0.293096,-0.949827,1.251350,0.100230,0.007000,-0.099000,0.014000,0.100230,0.007000,-0.099000,0.014000
946686575412,946686575.282727599,1711,19968,0.099943995,99.511,13932,6036,-0.251767,-0.936365,1.241551,0.106118,-0.005000,-0.106000,0.000000,0.117690,0.039000,-0.111000,0.003000
946686575515,946686575.381983280,1712,19968,0.099255681,100.261,13867,6101,-0.259795,-0.960381,1.255914,0.101297,-0.089000,-0.048000,0.006000,0.109073,0.007000,-0.102000,0.038000
946686575613,946686575.481981874,1713,19872,0.099998593,99.808,13997,5875,-0.270724,-0.938951,1.248001,0.111432,-0.040000,-0.104000,0.001000,0.112801,0.022000,-0.108000,0.024000
946686575714,946686575.581393719,1714,20160,0.099411845,100.856,14052,6108,-0.279693,-1.005753,1.262648,0.102269,0.039000,-0.093000,0.017000,0.102269,0.039000,-0.093000,0.017000
946686575813,946686575.682684422,1715,19968,0.101290703,99.522,13964,6004,-0.222806,-0.928646,1.247339,0.099549,-0.091000,-0.030000,0.027000,0.102591,0.018000,-0.101000,0.000000
946686575916,946686575.781945109,1716,20064,0.099260688,100.321,14028,6036,-0.242867,-0.940990,1.255618,0.100030,-0.009000,-0.095000,0.030000,0.106494,0.024000,-0.102000,0.019000
946686576014,946686575.882690787,1717,19968,0.100745678,99.538,13856,6112,-0.273503,-0.964392,1.249395,0.115113,-0.095000,-0.065000,-0.001000,0.120433,0.024000,-0.118000,-0.002000
946686576117,946686575.981981993,1718,19968,0.099291205,100.272,13932,6036,-0.234554,-0.939387,1.260434,0.109900,0.018000,-0.105000,0.027000,0.109900,0.018000,-0.105000,0.027000
946686576212,946686576.081966281,1719,20064,0.099984288,100.254,14086,5978,-0.268838,-0.919726,1.266009,0.107856,-0.002000,-0.098000,0.045000,0.132412,0.019000,-0.126000,0.036000
946686576314,946686576.182707071,1720,19968,0.100740790,99.573,14057,5911,-0.303717,-0.944157,1.244954,0.118224,-0.093000,-0.072000,0.012000,0.119021,0.027000,-0.114000,0.021000
946686576413,946686576.282026529,1721,19968,0.099319458,100.152,13920,6048,-0.268102,-0.956231,1.257546,0.102323,-0.013000,-0.101000,0.010000,0.143725,0.015000,-0.136000,0.044000
946686576513,946686576.381922603,1722,19968,0.099896073,100.239,13960,6008,-0.262672,-0.938767,1.263657,0.102245,-0.077000,-0.066000,0.013000,0.190234,0.019000,-0.188000,0.022000
946686576615,946686576.481892467,1723,20064,0.099969864,100.433,14016,6048,-0.271577,-0.995209,1.264300,0.113442,-0.098000,-0.057000,0.004000,0.130763,0.011000,-0.123000,0.043000
946686576713,946686576.582071900,1724,19968,0.100179434,100.203,13949,6019,-0.267028,-0.966683,1.248626,0.099850,-0.085000,-0.048000,0.021000,0.154344,0.011000,-0.135000,0.074000
946686576817,946686576.682017922,1725,19968,0.099946022,100.151,13986,5982,-0.223215,-0.956217,1.278569,0.101720,-0.089000,-0.049000,0.005000,0.176196,0.012000,-0.174000,0.025000
946686576916,946686576.781914830,1726,20064,0.099896908,100.302,13891,6173,-0.264333,-0.954576,1.274923,0.101917,-0.019000,-0.099000,0.015000,0.155554,0.023000,-0.148000,0.042000
946686577015,946686576.881975889,1727,19968,0.100061059,100.186,14024,5944,-0.315110,-0.982572,1.255439,0.101843,-0.034000,-0.096000,0.000000,0.122201,0.002000,-0.120000,0.023000
946686577116,946686576.981920242,1728,20064,0.099944353,100.388,13897,6167,-0.323128,-0.977580,1.263081,0.099448,-0.095000,-0.017000,0.024000,0.178424,0.037000,-0.171000,0.035000
946686577214,946686577.082710028,1729,19968,0.100789785,99.532,13956,6012,-0.326660,-0.954498,1.269634,0.101774,-0.019000,-0.099000,0.014000,0.120524,0.023000,-0.109000,0.046000
946686577314,946686577.181978226,1730,19968,0.099268198,100.236,13976,5992,-0.310745,-0.964886,1.272963,0.111848,-0.063000,-0.090000,0.021000,0.122756,0.013000,-0.116000,0.038000
946686577412,946686577.281954408,1731,20064,0.099976182,100.336,14037,6027,-0.364823,-1.044686,1.270715,0.109572,-0.086000,-0.067000,0.011000,0.191431,0.021000,-0.189000,0.022000
946686577514,946686577.382755041,1732,19968,0.100800633,99.547,13977,5991,-0.311275,-1.005195,1.272128,0.100250,0.020000,-0.091000,0.037000,0.100250,0.020000,-0.091000,0.037000
946686577616,946686577.482055426,1733,19968,0.099300385,100.183,13940,6028,-0.294883,-0.997742,1.276926,0.100250,-0.085000,-0.053000,0.004000,0.109334,0.033000,-0.104000,0.007000
946686577714,946686577.581982493,1734,20064,0.099927068,100.339,14010,6054,-0.250719,-1.028209,1.258700,0.119269,-0.100000,-0.065000,0.000000,0.135374,0.017000,-0.134000,0.009000
946686577814,946686577.682077408,1735,19968,0.100094914,100.164,13915,6053,-0.291010,-0.980035,1.276479,0.103083,-0.001000,-0.100000,0.025000,0.108577,0.004000,-0.107000,0.018000
946686577912,946686577.782000661,1736,19968,0.099923253,99.802,13883,6085,-0.313346,-0.983529,1.282645,0.102347,0.013000,-0.091000,0.045000,0.102347,0.013000,-0.091000,0.045000
946686578013,946686577.881835103,1737,20064,0.099834442,100.441,14043,6021,-0.311324,-0.946547,1.275579,0.102791,0.002000,-0.101000,0.019000,0.102791,0.002000,-0.101000,0.019000
946686578118,946686577.982670546,1738,19968,0.100835443,99.512,14032,5936,-0.335738,-0.966504,1.269713,0.099604,-0.086000,-0.043000,0.026000,0.110481,0.023000,-0.106000,0.021000
946686578214,946686578.081926942,1739,19968,0.099256396,100.258,13993,5975,-0.328290,-0.985434,1.268667,0.098889,-0.089000,-0.043000,0.003000,0.122188,0.045000,-0.112000,0.019000
946686578318,946686578.181917429,1740,20064,0.099990487,100.411,14036,6028,-0.342466,-0.983522,1.266188,0.100504,-0.004000,-0.097000,0.026000,0.240687,0.071000,-0.220000,0.067000
946686578415,946686578.282082081,1741,19968,0.100164652,100.130,13985,5983,-0.328710,-1.021016,1.274054,0.109936,-0.010000,-0.085000,0.069000,0.145894,0.015000,-0.126000,0.072000
946686578518,946686578.381966352,1742,19968,0.099884272,99.800,14055,5913,-0.285875,-1.012175,1.264215,0.109115,-0.005000,-0.109000,0.000000,0.139775,0.006000,-0.130000,0.051000
946686578616,946686578.481872916,1743,20064,0.099906564,100.378,14004,6060,-0.247143,-1.019002,1.272175,0.108853,-0.088000,-0.064000,-0.003000,0.111414,0.053000,-0.098000,0.000000
946686578723,946686578.582709551,1744,19872,0.100836635,99.440,13943,5929,-0.317159,-0.979401,1.283941,0.104480,-0.062000,-0.084000,-0.004000,0.205275,0.061000,-0.196000,-0.001000
946686578816,946686578.681811213,1745,20064,0.099101663,100.357,13999,6065,-0.305301,-0.983499,1.274938,0.105953,0.031000,-0.101000,0.008000,0.105953,0.031000,-0.101000,0.008000
946686578918,946686578.781917334,1746,20064,0.100106120,100.426,13964,6100,-0.299606,-0.972244,1.269322,0.107601,-0.033000,-0.092000,0.045000,0.155541,0.028000,-0.153000,0.000000
946686579015,946686578.882094026,1747,19968,0.100176692,100.172,13996,5972,-0.292873,-0.972416,1.282392,0.100230,-0.087000,-0.019000,0.046000,0.194589,0.034000,-0.175000,0.078000
946686579119,946686578.982010961,1748,19968,0.099916935,100.184,14017,5951,-0.333553,-0.961331,1.269108,0.100080,-0.004000,-0.100000,0.000000,0.114061,0.053000,-0.101000,0.000000
946686579212,946686579.081926942,1749,20064,0.099915981,100.394,14057,6007,-0.358706,-0.979387,1.256120,0.101592,0.009000,-0.096000,0.032000,0.101592,0.009000,-0.096000,0.032000
946686579315,946686579.182700634,1750,19968,0.100773692,99.541,13907,6061,-0.336262,-1.012563,1.284805,0.100165,-0.084000,-0.041000,0.036000,0.106184,0.009000,-0.105000,0.013000
946686579413,946686579.281987071,1751,19968,0.099286437,100.204,13964,6004,-0.315345,-1.002201,1.274842,0.099790,-0.090000,-0.043000,0.003000,0.107522,0.014000,-0.102000,0.031000
946686579512,946686579.381939173,1752,19968,0.099952102,100.233,14004,5964,-0.305105,-1.008876,1.269790,0.108337,-0.100000,-0.021000,0.036000,0.220629,0.104000,-0.194000,0.015000
946686579613,946686579.481917024,1753,20064,0.099977851,100.385,14115,5949,-0.248595,-1.007455,1.264709,0.104461,-0.012000,-0.092000,0.048000,0.120071,0.003000,-0.118000,0.022000
946686579713,946686579.582049489,1754,19968,0.100132465,100.129,13861,6107,-0.285136,-0.978243,1.280649,0.103310,-0.087000,-0.052000,0.020000,0.166823,0.029000,-0.150000,0.067000
946686579815,946686579.681927919,1755,19872,0.099878430,99.916,13850,6022,-0.306857,-1.002640,1.275331,0.101124,-0.005000,-0.101000,0.000000,0.102269,0.039000,-0.093000,0.017000
946686579914,946686579.781452060,1756,20160,0.099524140,100.772,13988,6172,-0.320949,-0.964626,1.263181,0.102010,0.031000,-0.097000,0.006000,0.102010,0.031000,-0.097000,0.006000
946686580012,946686579.881973982,1757,19968,0.100521922,99.789,13901,6067,-0.323939,-0.991602,1.271900,0.099081,-0.004000,-0.099000,0.000000,0.114743,0.014000,-0.109000,0.033000
946686580113,946686579.981877089,1758,20064,0.099903107,100.473,14033,6031,-0.347872,-0.941170,1.264851,0.111879,-0.023000,-0.108000,0.018000,0.123300,0.017000,-0.117000,0.035000
946686580213,946686580.082678199,1759,19968,0.100801110,99.646,13948,6020,-0.346542,-0.995469,1.269535,0.102147,-0.083000,-0.059000,0.008000,0.113952,0.036000,-0.108000,0.005000
946686580313,946686580.182077289,1760,19968,0.099399090,100.154,14042,5926,-0.343802,-1.001965,1.267512,0.099333,-0.091000,-0.025000,0.031000,0.116940,0.003000,-0.115000,0.021000
946686580413,946686580.281972170,1761,20064,0.099894881,100.359,14024,6040,-0.292035,-1.027795,1.271274,0.099950,-0.095000,-0.031000,0.002000,0.114276,0.053000,-0.101000,0.007000
946686580514,946686580.382749557,1762,19968,0.100777388,99.542,13908,6060,-0.280863,-1.002144,1.272912,0.102220,-0.098000,-0.029000,0.002000,0.193773,0.002000,-0.190000,0.038000
946686580614,946686580.482028723,1763,19968,0.099279165,100.220,13969,5999,-0.282464,-0.978671,1.262704,0.099025,-0.086000,-0.049000,0.003000,0.110928,0.050000,-0.099000,0.002000
946686580715,946686580.581998706,1764,19968,0.099969983,99.724,13903,6065,-0.316405,-0.972058,1.269334,0.109142,0.014000,-0.104000,0.030000,0.109142,0.014000,-0.104000,0.030000
946686580812,946686580.681835175,1765,19968,0.099836469,100.020,13930,6038,-0.298532,-0.960803,1.261331,0.106546,-0.014000,-0.100000,0.034000,0.247582,0.024000,-0.239000,0.060000
946686580914,946686580.781813383,1766,20064,0.099978209,100.007,13852,6212,-0.319898,-0.971722,1.253121,0.110923,-0.100000,-0.048000,0.000000,0.115139,0.022000,-0.113000,-0.002000
946686581016,946686580.881860375,1767,20064,0.100046992,100.396,14186,5878,-0.365789,-0.931904,1.262316,0.126317,-0.008000,-0.126000,0.004000,0.133469,0.017000,-0.119000,0.058000
946686581116,946686580.982784271,1768,19968,0.100923896,99.578,13945,6023,-0.327030,-0.966020,1.262507,0.099207,-0.037000,-0.092000,0.003000,0.102528,0.052000,-0.088000,0.008000
946686581212,946686581.082102656,1769,19968,0.099318385,100.203,14003,5965,-0.324798,-0.971394,1.256165,0.100374,0.007000,-0.099000,0.015000,0.100374,0.007000,-0.099000,0.015000
946686581315,946686581.182045937,1770,19968,0.099943280,100.172,14088,5880,-0.327787,-0.998313,1.251568,0.100125,-0.005000,-0.100000,0.000000,0.105925,0.002000,-0.104000,0.020000
946686581413,946686581.281945944,1771,20064,0.099900007,100.374,14074,5990,-0.296280,-1.011077,1.252128,0.100025,-0.058000,-0.079000,0.020000,0.114652,0.035000,-0.108000,0.016000
946686581520,946686581.382068872,1772,19968,0.100122929,100.257,14029,5939,-0.284081,-0.967994,1.250873,0.102465,-0.033000,-0.097000,-0.001000,0.111741,0.019000,-0.107000,0.026000
946686581614,946686581.482072830,1773,20064,0.100003958,100.298,14028,6036,-0.342975,-0.968528,1.246536,0.103407,-0.017000,-0.102000,0.000000,0.161388,0.051000,-0.153000,0.006000
946686581713,946686581.582117796,1774,19872,0.100044966,99.668,13865,6007,-0.333478,-0.976887,1.248193,0.106696,0.028000,-0.102000,0.014000,0.106696,0.028000,-0.102000,0.014000
946686581812,946686581.681770921,1775,19968,0.099653125,100.041,13844,6124,-0.349321,-0.980276,1.243398,0.113956,0.017000,-0.096000,0.059000,0.113956,0.017000,-0.096000,0.059000
946686581917,946686581.781410933,1776,20160,0.099640012,100.918,14125,6035,-0.390120,-0.952096,1.244255,0.105499,-0.088000,-0.055000,0.019000,0.109522,0.023000,-0.105000,0.021000
946686582013,946686581.882689714,1777,19968,0.101278782,99.585,13948,6020,-0.350448,-0.993510,1.245006,0.104235,-0.046000,-0.093000,0.010000,0.109804,0.035000,-0.104000,0.004000
946686582113,946686581.982014418,1778,19968,0.099324703,100.169,13927,6041,-0.317642,-0.985582,1.249625,0.105038,-0.046000,-0.094000,0.009000,0.120445,0.021000,-0.115000,0.029000
946686582215,946686582.081938267,1779,19968,0.099923849,100.337,13961,6007,-0.353457,-1.013782,1.245655,0.112716,-0.080000,-0.079000,0.008000,0.178589,0.023000,-0.159000,0.078000
946686582316,946686582.181999326,1780,20064,0.100061059,100.277,14060,6004,-0.328367,-1.030896,1.252833,0.100454,-0.025000,-0.095000,0.021000,0.162019,0.011000,-0.160000,0.023000
946686582415,946686582.282022238,1781,19968,0.100022912,100.202,13946,6022,-0.317470,-1.009224,1.246219,0.100588,-0.067000,-0.075000,0.002000,0.102533,0.036000,-0.096000,-0.001000
946686582514,946686582.381960988,1782,19968,0.099938750,100.294,13884,6084,-0.300393,-1.015738,1.259065,0.106141,-0.049000,-0.087000,0.036000,0.164335,0.041000,-0.157000,0.026000
946686582616,946686582.481990695,1783,20064,0.100029707,100.344,13894,6170,-0.327748,-0.999266,1.252463,0.103465,0.051000,-0.090000,-0.002000,0.103465,0.051000,-0.090000,-0.002000
946686582714,946686582.582085729,1784,19968,0.100095034,100.159,13830,6138,-0.332766,-1.013937,1.249311,0.099810,-0.028000,-0.093000,0.023000,0.136938,0.008000,-0.128000,0.048000
946686582813,946686582.681990623,1785,19968,0.099904895,100.247,13906,6062,-0.321999,-1.011565,1.256836,0.104048,-0.020000,-0.101000,0.015000,0.114035,0.042000,-0.106000,0.002000
946686582912,946686582.781978726,1786,20064,0.099988103,100.243,13974,6090,-0.330669,-1.011254,1.245825,0.102245,-0.077000,-0.066000,0.013000,0.104038,0.008000,-0.098000,0.034000
946686583014,946686582.881978154,1787,19968,0.099999428,100.220,13811,6157,-0.336768,-1.041654,1.243395,0.107490,0.000000,-0.105000,0.023000,0.144838,0.007000,-0.135000,0.052000
946686583116,946686582.981942177,1788,19968,0.099964023,100.290,13879,6089,-0.307975,-1.034321,1.245258,0.099785,-0.095000,-0.026000,0.016000,0.106626,0.001000,-0.098000,0.042000
946686583213,946686583.081956387,1789,20064,0.100014210,100.305,13985,6079,-0.306617,-1.016761,1.253177,0.099298,-0.032000,-0.094000,0.000000,0.109110,0.033000,-0.104000,0.000000
946686583313,946686583.182003021,1790,19968,0.100046635,100.213,13974,5994,-0.315293,-1.029135,1.252616,0.098833,-0.058000,-0.080000,0.002000,0.106977,0.028000,-0.102000,0.016000
946686583418,946686583.281957984,1791,19968,0.099954963,100.372,13871,6097,-0.318999,-1.019155,1.247128,0.118157,-0.024000,-0.107000,0.044000,0.120058,0.035000,-0.110000,0.033000
946686583516,946686583.382069111,1792,20064,0.100111127,100.276,13952,6112,-0.318235,-0.992723,1.243455,0.100429,0.010000,-0.095000,0.031000,0.100429,0.010000,-0.095000,0.031000
946686583614,946686583.482090473,1793,19968,0.100021362,100.093,13976,5992,-0.353926,-0.988045,1.248845,0.099825,-0.010000,-0.099000,0.008000,0.100643,0.002000,-0.099000,0.018000
946686583712,946686583.581934571,1794,20064,0.099844098,100.458,13965,6099,-0.349187,-0.993522,1.268539,0.100225,-0.006000,-0.100000,0.003000,0.102435,0.006000,-0.101000,0.016000
946686583814,946686583.682124496,1795,19968,0.100189924,100.187,13892,6076,-0.296186,-1.005081,1.243399,0.102220,-0.006000,-0.102000,0.003000,0.108858,0.001000,-0.100000,0.043000
946686583914,946686583.782061100,1796,19968,0.099936604,99.768,13919,6049,-0.323331,-1.023906,1.248664,0.102942,-0.015000,-0.096000,0.034000,0.106104,0.001000,-0.104000,0.021000
946686584013,946686583.881885529,1797,19968,0.099824429,100.308,13877,6091,-0.340846,-1.030760,1.239540,0.119783,-0.098000,-0.030000,0.062000,0.129070,0.033000,-0.111000,0.057000
946686584113,946686583.981951594,1798,20064,0.100066066,100.356,13945,6119,-0.290168,-1.028206,1.260782,0.101356,-0.090000,-0.043000,0.018000,0.146458,0.025000,-0.140000,0.035000
946686584214,946686584.082057118,1799,19968,0.100105524,100.177,13872,6096,-0.298472,-1.023874,1.267700,0.106179,-0.101000,-0.028000,0.017000,0.170980,0.012000,-0.149000,0.083000
946686584312,946686584.181978703,1800,19968,0.099921584,100.306,13982,5986,-0.303684,-1.012001,1.242324,0.106457,0.020000,-0.102000,0.023000,0.106457,0.020000,-0.102000,0.023000
946686584413,946686584.282025099,1801,20064,0.100046396,100.359,13855,6209,-0.288836,-0.987841,1.254582,0.102391,0.000000,-0.100000,0.022000,0.127487,0.011000,-0.126000,0.016000
946686584514,946686584.382132530,1802,19968,0.100107431,99.684,13787,6181,-0.298509,-0.989289,1.252937,0.112973,-0.093000,-0.055000,0.033000,0.134406,0.044000,-0.127000,0.000000
946686584613,946686584.481911898,1803,19968,0.099779367,99.840,13973,5995,-0.320089,-0.997182,1.258376,0.101774,-0.097000,-0.030000,0.007000,0.191927,0.024000,-0.182000,0.056000
946686584714,946686584.581855059,1804,20064,0.099943161,100.529,13958,6106,-0.322210,-1.008853,1.258973,0.102927,-0.087000,-0.055000,0.000000,0.110390,0.007000,-0.109000,0.016000
946686584813,946686584.682118893,1805,19968,0.100263834,100.091,13865,6103,-0.349363,-1.022731,1.243286,0.122548,-0.085000,-0.088000,0.007000,0.122850,0.058000,-0.108000,0.008000
946686584913,946686584.781961441,1806,19968,0.099842548,99.821,13873,6095,-0.298995,-1.042307,1.253763,0.118038,-0.096000,-0.046000,0.051000,0.244782,0.027000,-0.217000,0.110000
946686585013,946686584.881824255,1807,19968,0.099862814,100.067,13956,6012,-0.324236,-1.030813,1.250930,0.103668,-0.075000,-0.071000,0.009000,0.117652,0.005000,-0.116000,0.019000
946686585116,946686584.981903791,1808,20064,0.100079536,100.339,14066,5998,-0.271729,-1.016825,1.261266,0.103368,-0.070000,-0.076000,0.003000,0.126499,0.011000,-0.125000,0.016000
946686585213,946686585.081998587,1809,19968,0.100094795,99.696,13851,6117,-0.295213,-0.999981,1.256477,0.113393,-0.109000,-0.031000,0.004000,0.115195,0.015000,-0.114000,0.007000
946686585313,946686585.181870580,1810,20064,0.099871993,100.422,13931,6133,-0.311184,-1.006390,1.241736,0.113947,-0.098000,-0.058000,0.004000,0.155035,0.044000,-0.148000,0.014000
946686585414,946686585.282041669,1811,19968,0.100171089,99.743,13881,6087,-0.311291,-0.997894,1.248937,0.109005,0.023000,-0.093000,0.052000,0.109005,0.023000,-0.093000,0.052000
946686585512,946686585.381955981,1812,19968,0.099914312,99.820,13960,6008,-0.322955,-0.949490,1.257192,0.099448,0.040000,-0.091000,0.003000,0.099448,0.040000,-0.091000,0.003000
946686585617,946686585.481833696,1813,20064,0.099877715,100.593,14123,5941,-0.340357,-0.972376,1.254909,0.099609,-0.079000,-0.060000,0.009000,0.124089,0.029000,-0.101000,0.066000
946686585713,946686585.582164407,1814,19968,0.100330710,100.050,14019,5949,-0.341232,-1.011538,1.248963,0.104202,-0.084000,-0.061000,0.009000,0.191379,0.065000,-0.180000,0.001000
946686585816,946686585.681963086,1815,20064,0.099798679,100.376,14098,5966,-0.301587,-1.029007,1.256238,0.113671,-0.083000,-0.076000,0.016000,0.128476,0.011000,-0.127000,0.016000
946686585917,946686585.782738209,1816,19968,0.100775123,99.571,13995,5973,-0.288169,-1.005235,1.251993,0.100030,-0.009000,-0.095000,0.030000,0.162929,0.015000,-0.161000,0.020000
946686586017,946686585.882056952,1817,19968,0.099318743,100.238,14031,5937,-0.288690,-1.015690,1.253833,0.106170,-0.006000,-0.106000,0.000000,0.165306,0.009000,-0.163000,0.026000
946686586115,946686585.982044578,1818,20064,0.099987626,100.290,13923,6141,-0.291287,-0.983548,1.257447,0.102108,-0.020000,-0.099000,0.015000,0.104523,0.027000,-0.100000,0.014000
946686586212,946686586.082690001,1819,19968,0.100645423,99.593,13896,6072,-0.311961,-0.998236,1.263089,0.102474,-0.096000,-0.031000,0.018000,0.120851,0.040000,-0.114000,0.003000
946686586311,946686586.182035923,1820,19968,0.099345922,99.784,13802,6166,-0.311237,-1.010212,1.260243,0.099343,-0.082000,-0.048000,0.029000,0.128864,0.006000,-0.127000,0.021000
946686586413,946686586.281925201,1821,20064,0.099889278,100.430,14092,5972,-0.373487,-0.959212,1.250477,0.099644,-0.046000,-0.082000,0.033000,0.100668,0.003000,-0.099000,0.018000
946686586513,946686586.382817149,1822,19968,0.100891948,99.562,13886,6082,-0.346655,-0.972161,1.258302,0.111238,-0.103000,-0.026000,0.033000,0.190405,0.077000,-0.174000,0.007000
946686586612,946686586.482132196,1823,19968,0.099315047,100.146,13901,6067,-0.311110,-1.000105,1.265787,0.106536,-0.090000,-0.057000,0.001000,0.124756,0.014000,-0.118000,0.038000
946686586711,946686586.582027078,1824,20064,0.099894881,100.320,14093,5971,-0.321247,-1.047227,1.263491,0.101064,-0.003000,-0.101000,-0.002000,0.107912,0.053000,-0.094000,0.000000
946686586814,946686586.682782650,1825,19968,0.100755572,99.591,13978,5990,-0.300924,-1.021052,1.252871,0.101143,0.007000,-0.095000,0.034000,0.101143,0.007000,-0.095000,0.034000
946686586913,946686586.782119155,1826,19968,0.099336505,100.161,13939,6029,-0.249197,-1.004366,1.271251,0.103121,0.040000,-0.095000,0.003000,0.103121,0.040000,-0.095000,0.003000
946686587012,946686586.882023454,1827,19968,0.099904299,100.273,13813,6155,-0.279539,-0.987924,1.271688,0.115590,-0.111000,-0.032000,0.004000,0.120843,0.017000,-0.115000,0.033000
946686587111,946686586.981998682,1828,20064,0.099975228,100.266,13971,6093,-0.311919,-0.975022,1.260712,0.099343,0.020000,-0.090000,0.037000,0.099343,0.020000,-0.090000,0.037000
946686587213,946686587.082027912,1829,19968,0.100029230,99.755,13901,6067,-0.292759,-0.969800,1.271772,0.098985,-0.097000,-0.017000,0.010000,0.122805,0.056000,-0.109000,0.008000
946686587313,946686587.181974173,1830,20064,0.099946260,100.421,13950,6114,-0.326578,-0.941259,1.267091,0.102772,-0.039000,-0.095000,0.004000,0.116073,0.046000,-0.101000,0.034000
